subject	run	trial	syllable	wav_file	syllable_number	onset_sec	offset_sec
sub-05	2	1	imah	sub-05_run-02_trial-01.wav	1	0.5725	0.8325
sub-05	2	1	imah	sub-05_run-02_trial-01.wav	2	0.8325	1.0725
sub-05	2	1	imah	sub-05_run-02_trial-01.wav	3	1.0725	1.3325
sub-05	2	1	imah	sub-05_run-02_trial-01.wav	4	1.3325	1.5925
sub-05	2	1	imah	sub-05_run-02_trial-01.wav	5	1.5925	1.8325
sub-05	2	1	imah	sub-05_run-02_trial-01.wav	6	1.8325	2.0725
sub-05	2	1	imah	sub-05_run-02_trial-01.wav	7	2.0725	2.2725
sub-05	2	1	imah	sub-05_run-02_trial-01.wav	8	2.2725	2.5325
sub-05	2	1	imah	sub-05_run-02_trial-01.wav	9	2.5325	2.8325
sub-05	2	1	imah	sub-05_run-02_trial-01.wav	10	2.8325	3.0525
sub-05	2	1	imah	sub-05_run-02_trial-01.wav	11	3.0525	3.3525
sub-05	2	1	imah	sub-05_run-02_trial-01.wav	12	3.3525	3.6925
sub-05	2	1	imah	sub-05_run-02_trial-01.wav	13	3.6925	3.9725
sub-05	2	1	imah	sub-05_run-02_trial-01.wav	14	3.9725	4.2325
sub-05	2	1	imah	sub-05_run-02_trial-01.wav	15	4.2325	4.3325
sub-05	2	1	imah	sub-05_run-02_trial-01.wav	16	4.3325	4.5325
sub-05	2	2	how	sub-05_run-02_trial-02.wav	1	0.3725	0.5525
sub-05	2	2	how	sub-05_run-02_trial-02.wav	2	0.5525	0.7125
sub-05	2	2	how	sub-05_run-02_trial-02.wav	3	0.7125	0.8925
sub-05	2	2	how	sub-05_run-02_trial-02.wav	4	0.8925	1.0725
sub-05	2	2	how	sub-05_run-02_trial-02.wav	5	1.0725	1.2725
sub-05	2	2	how	sub-05_run-02_trial-02.wav	6	1.2725	1.5125
sub-05	2	2	how	sub-05_run-02_trial-02.wav	7	1.5125	1.6725
sub-05	2	2	how	sub-05_run-02_trial-02.wav	8	1.6725	1.8125
sub-05	2	2	how	sub-05_run-02_trial-02.wav	9	1.8125	2.0325
sub-05	2	2	how	sub-05_run-02_trial-02.wav	10	2.0325	2.2125
sub-05	2	2	how	sub-05_run-02_trial-02.wav	11	2.2125	2.3925
sub-05	2	2	how	sub-05_run-02_trial-02.wav	12	2.3925	2.6325
sub-05	2	2	how	sub-05_run-02_trial-02.wav	13	2.6325	2.8125
sub-05	2	2	how	sub-05_run-02_trial-02.wav	14	2.8125	3.0125
sub-05	2	2	how	sub-05_run-02_trial-02.wav	15	3.0125	3.2125
sub-05	2	2	how	sub-05_run-02_trial-02.wav	16	3.2125	3.4125
sub-05	2	2	how	sub-05_run-02_trial-02.wav	17	3.4125	3.6125
sub-05	2	2	how	sub-05_run-02_trial-02.wav	18	3.6125	3.8325
sub-05	2	2	how	sub-05_run-02_trial-02.wav	19	3.8325	4.0125
sub-05	2	2	how	sub-05_run-02_trial-02.wav	20	4.0125	4.2125
sub-05	2	2	how	sub-05_run-02_trial-02.wav	21	4.2125	4.4925
sub-05	2	3	thought	sub-05_run-02_trial-03.wav	1	0.3125	0.4725
sub-05	2	3	thought	sub-05_run-02_trial-03.wav	2	0.5525	0.6325
sub-05	2	3	thought	sub-05_run-02_trial-03.wav	3	0.7325	0.9125
sub-05	2	3	thought	sub-05_run-02_trial-03.wav	4	0.9125	1.1125
sub-05	2	3	thought	sub-05_run-02_trial-03.wav	5	1.1125	1.2925
sub-05	2	3	thought	sub-05_run-02_trial-03.wav	6	1.2925	1.4925
sub-05	2	3	thought	sub-05_run-02_trial-03.wav	7	1.4925	1.6925
sub-05	2	3	thought	sub-05_run-02_trial-03.wav	8	1.6925	1.9125
sub-05	2	3	thought	sub-05_run-02_trial-03.wav	9	1.9125	2.1125
sub-05	2	3	thought	sub-05_run-02_trial-03.wav	10	2.1125	2.2325
sub-05	2	3	thought	sub-05_run-02_trial-03.wav	11	2.3125	2.5125
sub-05	2	3	thought	sub-05_run-02_trial-03.wav	12	2.5125	2.6925
sub-05	2	3	thought	sub-05_run-02_trial-03.wav	13	2.6925	2.8125
sub-05	2	3	thought	sub-05_run-02_trial-03.wav	14	2.8925	3.0725
sub-05	2	3	thought	sub-05_run-02_trial-03.wav	15	3.0725	3.2725
sub-05	2	3	thought	sub-05_run-02_trial-03.wav	16	3.2725	3.4525
sub-05	2	3	thought	sub-05_run-02_trial-03.wav	17	3.4525	3.6725
sub-05	2	3	thought	sub-05_run-02_trial-03.wav	18	3.6725	3.8525
sub-05	2	3	thought	sub-05_run-02_trial-03.wav	19	3.8525	4.0525
sub-05	2	3	thought	sub-05_run-02_trial-03.wav	20	4.0525	4.2325
sub-05	2	3	thought	sub-05_run-02_trial-03.wav	21	4.2325	4.4125
sub-05	2	3	thought	sub-05_run-02_trial-03.wav	22	4.4125	4.5725
sub-05	2	4	mih	sub-05_run-02_trial-04.wav	1	0.4725	0.6725
sub-05	2	4	mih	sub-05_run-02_trial-04.wav	2	0.6725	0.8325
sub-05	2	4	mih	sub-05_run-02_trial-04.wav	3	0.8325	1.0125
sub-05	2	4	mih	sub-05_run-02_trial-04.wav	4	1.0125	1.2125
sub-05	2	4	mih	sub-05_run-02_trial-04.wav	5	1.2125	1.3925
sub-05	2	4	mih	sub-05_run-02_trial-04.wav	6	1.3925	1.5725
sub-05	2	4	mih	sub-05_run-02_trial-04.wav	7	1.5725	1.7525
sub-05	2	4	mih	sub-05_run-02_trial-04.wav	8	1.7525	1.9525
sub-05	2	4	mih	sub-05_run-02_trial-04.wav	9	1.9525	2.1325
sub-05	2	4	mih	sub-05_run-02_trial-04.wav	10	2.1325	2.3325
sub-05	2	4	mih	sub-05_run-02_trial-04.wav	11	2.3325	2.5325
sub-05	2	4	mih	sub-05_run-02_trial-04.wav	12	2.5325	2.7125
sub-05	2	4	mih	sub-05_run-02_trial-04.wav	13	2.7125	2.8925
sub-05	2	4	mih	sub-05_run-02_trial-04.wav	14	2.8925	3.0925
sub-05	2	4	mih	sub-05_run-02_trial-04.wav	15	3.0925	3.2725
sub-05	2	4	mih	sub-05_run-02_trial-04.wav	16	3.2725	3.4725
sub-05	2	4	mih	sub-05_run-02_trial-04.wav	17	3.4725	3.6725
sub-05	2	4	mih	sub-05_run-02_trial-04.wav	18	3.6725	3.8525
sub-05	2	4	mih	sub-05_run-02_trial-04.wav	19	3.8525	4.0525
sub-05	2	4	mih	sub-05_run-02_trial-04.wav	20	4.0525	4.2325
sub-05	2	4	mih	sub-05_run-02_trial-04.wav	21	4.2325	4.4525
sub-05	2	5	throne	sub-05_run-02_trial-05.wav	1	0.4125	0.7925
sub-05	2	5	throne	sub-05_run-02_trial-05.wav	2	0.7925	1.0125
sub-05	2	5	throne	sub-05_run-02_trial-05.wav	3	1.0125	1.2325
sub-05	2	5	throne	sub-05_run-02_trial-05.wav	4	1.2325	1.4525
sub-05	2	5	throne	sub-05_run-02_trial-05.wav	5	1.4525	1.6925
sub-05	2	5	throne	sub-05_run-02_trial-05.wav	6	1.7525	1.9925
sub-05	2	5	throne	sub-05_run-02_trial-05.wav	7	1.9925	2.2525
sub-05	2	5	throne	sub-05_run-02_trial-05.wav	8	2.2525	2.5325
sub-05	2	5	throne	sub-05_run-02_trial-05.wav	9	2.5325	2.8125
sub-05	2	5	throne	sub-05_run-02_trial-05.wav	10	2.8125	3.0925
sub-05	2	5	throne	sub-05_run-02_trial-05.wav	11	3.0925	3.3325
sub-05	2	5	throne	sub-05_run-02_trial-05.wav	12	3.3325	3.5725
sub-05	2	5	throne	sub-05_run-02_trial-05.wav	13	3.5725	3.8725
sub-05	2	5	throne	sub-05_run-02_trial-05.wav	14	3.8725	4.1325
sub-05	2	5	throne	sub-05_run-02_trial-05.wav	15	4.1325	4.3725
sub-05	2	5	throne	sub-05_run-02_trial-05.wav	16	4.3725	4.6525
sub-05	2	5	throne	sub-05_run-02_trial-05.wav	17	4.6525	4.9325
sub-05	2	6	neh	sub-05_run-02_trial-06.wav	1	0.1725	0.6125
sub-05	2	6	neh	sub-05_run-02_trial-06.wav	2	0.6125	0.7325
sub-05	2	6	neh	sub-05_run-02_trial-06.wav	3	0.7325	0.8725
sub-05	2	6	neh	sub-05_run-02_trial-06.wav	4	0.8725	1.0125
sub-05	2	6	neh	sub-05_run-02_trial-06.wav	5	1.0125	1.1525
sub-05	2	6	neh	sub-05_run-02_trial-06.wav	6	1.1525	1.2725
sub-05	2	6	neh	sub-05_run-02_trial-06.wav	7	1.2725	1.4325
sub-05	2	6	neh	sub-05_run-02_trial-06.wav	8	1.4325	1.5725
sub-05	2	6	neh	sub-05_run-02_trial-06.wav	9	1.5725	1.7325
sub-05	2	6	neh	sub-05_run-02_trial-06.wav	10	1.7325	1.8525
sub-05	2	6	neh	sub-05_run-02_trial-06.wav	11	1.8525	2.0125
sub-05	2	6	neh	sub-05_run-02_trial-06.wav	12	2.0125	2.1325
sub-05	2	6	neh	sub-05_run-02_trial-06.wav	13	2.1325	2.2925
sub-05	2	6	neh	sub-05_run-02_trial-06.wav	14	2.2925	2.4325
sub-05	2	6	neh	sub-05_run-02_trial-06.wav	15	2.4325	2.5725
sub-05	2	6	neh	sub-05_run-02_trial-06.wav	16	2.5725	2.7325
sub-05	2	6	neh	sub-05_run-02_trial-06.wav	17	2.7325	2.8725
sub-05	2	6	neh	sub-05_run-02_trial-06.wav	18	2.8725	3.0125
sub-05	2	6	neh	sub-05_run-02_trial-06.wav	19	3.0125	3.1325
sub-05	2	6	neh	sub-05_run-02_trial-06.wav	20	3.1325	3.2925
sub-05	2	6	neh	sub-05_run-02_trial-06.wav	21	3.2925	3.4325
sub-05	2	6	neh	sub-05_run-02_trial-06.wav	22	3.4325	3.5725
sub-05	2	6	neh	sub-05_run-02_trial-06.wav	23	3.5725	3.7125
sub-05	2	6	neh	sub-05_run-02_trial-06.wav	24	3.7125	3.8925
sub-05	2	6	neh	sub-05_run-02_trial-06.wav	25	3.8925	4.0325
sub-05	2	6	neh	sub-05_run-02_trial-06.wav	26	4.0325	4.1725
sub-05	2	6	neh	sub-05_run-02_trial-06.wav	27	4.1725	4.6925
sub-05	2	7	per	sub-05_run-02_trial-07.wav	1	0.2925	0.4725
sub-05	2	7	per	sub-05_run-02_trial-07.wav	2	0.4725	0.6125
sub-05	2	7	per	sub-05_run-02_trial-07.wav	3	0.6125	0.7325
sub-05	2	7	per	sub-05_run-02_trial-07.wav	4	0.7925	0.8725
sub-05	2	7	per	sub-05_run-02_trial-07.wav	5	0.9525	1.1325
sub-05	2	7	per	sub-05_run-02_trial-07.wav	6	1.1325	1.2925
sub-05	2	7	per	sub-05_run-02_trial-07.wav	7	1.2925	1.3725
sub-05	2	7	per	sub-05_run-02_trial-07.wav	8	1.4525	1.5325
sub-05	2	7	per	sub-05_run-02_trial-07.wav	9	1.6125	1.7925
sub-05	2	7	per	sub-05_run-02_trial-07.wav	10	1.7925	1.8725
sub-05	2	7	per	sub-05_run-02_trial-07.wav	11	1.9525	2.0525
sub-05	2	7	per	sub-05_run-02_trial-07.wav	12	2.1325	2.2925
sub-05	2	7	per	sub-05_run-02_trial-07.wav	13	2.2925	2.3925
sub-05	2	7	per	sub-05_run-02_trial-07.wav	14	2.4725	2.6325
sub-05	2	7	per	sub-05_run-02_trial-07.wav	15	2.6325	2.8125
sub-05	2	7	per	sub-05_run-02_trial-07.wav	16	2.8125	2.9725
sub-05	2	7	per	sub-05_run-02_trial-07.wav	17	2.9725	3.0925
sub-05	2	7	per	sub-05_run-02_trial-07.wav	18	3.1525	3.2525
sub-05	2	7	per	sub-05_run-02_trial-07.wav	19	3.3325	3.4925
sub-05	2	7	per	sub-05_run-02_trial-07.wav	20	3.4925	3.6725
sub-05	2	7	per	sub-05_run-02_trial-07.wav	21	3.6725	3.7725
sub-05	2	7	per	sub-05_run-02_trial-07.wav	22	3.8525	4.0325
sub-05	2	7	per	sub-05_run-02_trial-07.wav	23	4.0325	4.1325
sub-05	2	7	per	sub-05_run-02_trial-07.wav	24	4.1925	4.3725
sub-05	2	7	per	sub-05_run-02_trial-07.wav	25	4.3725	4.5325
sub-05	2	7	per	sub-05_run-02_trial-07.wav	26	4.5325	4.7325
sub-05	2	8	peck	sub-05_run-02_trial-08.wav	1	0.5325	0.6525
sub-05	2	8	peck	sub-05_run-02_trial-08.wav	2	0.6925	0.8125
sub-05	2	8	peck	sub-05_run-02_trial-08.wav	3	0.8725	0.9925
sub-05	2	8	peck	sub-05_run-02_trial-08.wav	4	1.0725	1.1925
sub-05	2	8	peck	sub-05_run-02_trial-08.wav	5	1.2525	1.3525
sub-05	2	8	peck	sub-05_run-02_trial-08.wav	6	1.4125	1.5325
sub-05	2	8	peck	sub-05_run-02_trial-08.wav	7	1.5925	1.7125
sub-05	2	8	peck	sub-05_run-02_trial-08.wav	8	1.7925	1.8925
sub-05	2	8	peck	sub-05_run-02_trial-08.wav	9	1.9525	2.0725
sub-05	2	8	peck	sub-05_run-02_trial-08.wav	10	2.1525	2.2725
sub-05	2	8	peck	sub-05_run-02_trial-08.wav	11	2.3325	2.4525
sub-05	2	8	peck	sub-05_run-02_trial-08.wav	12	2.5325	2.6925
sub-05	2	8	peck	sub-05_run-02_trial-08.wav	13	2.6925	2.8325
sub-05	2	8	peck	sub-05_run-02_trial-08.wav	14	2.8925	2.9925
sub-05	2	8	peck	sub-05_run-02_trial-08.wav	15	3.0725	3.1925
sub-05	2	8	peck	sub-05_run-02_trial-08.wav	16	3.2925	3.3925
sub-05	2	8	peck	sub-05_run-02_trial-08.wav	17	3.4725	3.5725
sub-05	2	8	peck	sub-05_run-02_trial-08.wav	18	3.6525	3.8125
sub-05	2	8	peck	sub-05_run-02_trial-08.wav	19	3.8525	3.9925
sub-05	2	8	peck	sub-05_run-02_trial-08.wav	20	4.0325	4.1325
sub-05	2	8	peck	sub-05_run-02_trial-08.wav	21	4.1925	4.3125
sub-05	2	8	peck	sub-05_run-02_trial-08.wav	22	4.3525	4.4325
sub-05	2	9	much	sub-05_run-02_trial-09.wav	1	0.3525	0.5325
sub-05	2	9	much	sub-05_run-02_trial-09.wav	2	0.5325	0.6925
sub-05	2	9	much	sub-05_run-02_trial-09.wav	3	0.6925	0.8525
sub-05	2	9	much	sub-05_run-02_trial-09.wav	4	0.8525	1.0125
sub-05	2	9	much	sub-05_run-02_trial-09.wav	5	1.0125	1.2125
sub-05	2	9	much	sub-05_run-02_trial-09.wav	6	1.2125	1.3725
sub-05	2	9	much	sub-05_run-02_trial-09.wav	7	1.3725	1.5925
sub-05	2	9	much	sub-05_run-02_trial-09.wav	8	1.5925	1.7725
sub-05	2	9	much	sub-05_run-02_trial-09.wav	9	1.7725	1.9325
sub-05	2	9	much	sub-05_run-02_trial-09.wav	10	1.9325	2.1325
sub-05	2	9	much	sub-05_run-02_trial-09.wav	11	2.1325	2.3325
sub-05	2	9	much	sub-05_run-02_trial-09.wav	12	2.3325	2.5325
sub-05	2	9	much	sub-05_run-02_trial-09.wav	13	2.5325	2.7125
sub-05	2	9	much	sub-05_run-02_trial-09.wav	14	2.7125	2.8725
sub-05	2	9	much	sub-05_run-02_trial-09.wav	15	2.8725	3.0525
sub-05	2	9	much	sub-05_run-02_trial-09.wav	16	3.0525	3.2925
sub-05	2	9	much	sub-05_run-02_trial-09.wav	17	3.2925	3.4925
sub-05	2	9	much	sub-05_run-02_trial-09.wav	18	3.4925	3.6925
sub-05	2	9	much	sub-05_run-02_trial-09.wav	19	3.6925	3.8725
sub-05	2	9	much	sub-05_run-02_trial-09.wav	20	3.8725	4.0525
sub-05	2	9	much	sub-05_run-02_trial-09.wav	21	4.0525	4.2325
sub-05	2	9	much	sub-05_run-02_trial-09.wav	22	4.2325	4.4325
sub-05	2	9	much	sub-05_run-02_trial-09.wav	23	4.4725	4.6925
sub-05	2	10	juh	sub-05_run-02_trial-10.wav	1	0.4725	0.6525
sub-05	2	10	juh	sub-05_run-02_trial-10.wav	2	0.6525	0.8325
sub-05	2	10	juh	sub-05_run-02_trial-10.wav	3	0.8325	0.9925
sub-05	2	10	juh	sub-05_run-02_trial-10.wav	4	0.9925	1.1725
sub-05	2	10	juh	sub-05_run-02_trial-10.wav	5	1.1725	1.3525
sub-05	2	10	juh	sub-05_run-02_trial-10.wav	6	1.3525	1.5325
sub-05	2	10	juh	sub-05_run-02_trial-10.wav	7	1.5325	1.7125
sub-05	2	10	juh	sub-05_run-02_trial-10.wav	8	1.7125	1.8925
sub-05	2	10	juh	sub-05_run-02_trial-10.wav	9	1.8925	2.0725
sub-05	2	10	juh	sub-05_run-02_trial-10.wav	10	2.0725	2.2325
sub-05	2	10	juh	sub-05_run-02_trial-10.wav	11	2.2325	2.4125
sub-05	2	10	juh	sub-05_run-02_trial-10.wav	12	2.4125	2.6125
sub-05	2	10	juh	sub-05_run-02_trial-10.wav	13	2.6125	2.7725
sub-05	2	10	juh	sub-05_run-02_trial-10.wav	14	2.7725	2.9325
sub-05	2	10	juh	sub-05_run-02_trial-10.wav	15	2.9325	3.1125
sub-05	2	10	juh	sub-05_run-02_trial-10.wav	16	3.1125	3.2925
sub-05	2	10	juh	sub-05_run-02_trial-10.wav	17	3.2925	3.4925
sub-05	2	10	juh	sub-05_run-02_trial-10.wav	18	3.4925	3.6725
sub-05	2	10	juh	sub-05_run-02_trial-10.wav	19	3.6725	3.8525
sub-05	2	10	juh	sub-05_run-02_trial-10.wav	20	3.8525	4.0525
sub-05	2	10	juh	sub-05_run-02_trial-10.wav	21	4.0525	4.2125
sub-05	2	10	juh	sub-05_run-02_trial-10.wav	22	4.2125	4.4325
sub-05	2	11	picked	sub-05_run-02_trial-11.wav	1	0.2125	0.3525
sub-05	2	11	picked	sub-05_run-02_trial-11.wav	2	0.4125	0.5525
sub-05	2	11	picked	sub-05_run-02_trial-11.wav	3	0.6525	0.8925
sub-05	2	11	picked	sub-05_run-02_trial-11.wav	4	0.8925	1.0525
sub-05	2	11	picked	sub-05_run-02_trial-11.wav	5	1.1725	1.3125
sub-05	2	11	picked	sub-05_run-02_trial-11.wav	6	1.4125	1.5525
sub-05	2	11	picked	sub-05_run-02_trial-11.wav	7	1.6725	1.8125
sub-05	2	11	picked	sub-05_run-02_trial-11.wav	8	1.9125	2.0525
sub-05	2	11	picked	sub-05_run-02_trial-11.wav	9	2.1525	2.3925
sub-05	2	11	picked	sub-05_run-02_trial-11.wav	10	2.3925	3.0325
sub-05	2	11	picked	sub-05_run-02_trial-11.wav	11	3.1325	3.3325
sub-05	2	11	picked	sub-05_run-02_trial-11.wav	12	3.3925	3.5725
sub-05	2	11	picked	sub-05_run-02_trial-11.wav	13	3.6325	3.7925
sub-05	2	11	picked	sub-05_run-02_trial-11.wav	14	3.8725	4.0325
sub-05	2	11	picked	sub-05_run-02_trial-11.wav	15	4.1125	4.2125
sub-05	2	12	thrilled	sub-05_run-02_trial-12.wav	1	0.5525	0.7725
sub-05	2	12	thrilled	sub-05_run-02_trial-12.wav	2	0.8325	0.9725
sub-05	2	12	thrilled	sub-05_run-02_trial-12.wav	3	1.0325	1.2525
sub-05	2	12	thrilled	sub-05_run-02_trial-12.wav	4	1.2525	1.5125
sub-05	2	12	thrilled	sub-05_run-02_trial-12.wav	5	1.5125	1.5925
sub-05	2	12	thrilled	sub-05_run-02_trial-12.wav	6	1.5925	1.8925
sub-05	2	12	thrilled	sub-05_run-02_trial-12.wav	7	1.8925	2.2125
sub-05	2	12	thrilled	sub-05_run-02_trial-12.wav	8	2.2125	2.6725
sub-05	2	12	thrilled	sub-05_run-02_trial-12.wav	9	2.7125	3.0525
sub-05	2	12	thrilled	sub-05_run-02_trial-12.wav	10	3.1525	3.4325
sub-05	2	12	thrilled	sub-05_run-02_trial-12.wav	11	3.5325	3.9125
sub-05	2	12	thrilled	sub-05_run-02_trial-12.wav	12	4.0525	4.1125
sub-05	2	12	thrilled	sub-05_run-02_trial-12.wav	13	4.2125	4.6925
sub-05	2	13	thir	sub-05_run-02_trial-13.wav	1	0.2725	0.5725
sub-05	2	13	thir	sub-05_run-02_trial-13.wav	2	0.5725	0.7525
sub-05	2	13	thir	sub-05_run-02_trial-13.wav	3	0.7525	0.9925
sub-05	2	13	thir	sub-05_run-02_trial-13.wav	4	0.9925	1.1925
sub-05	2	13	thir	sub-05_run-02_trial-13.wav	5	1.1925	1.4125
sub-05	2	13	thir	sub-05_run-02_trial-13.wav	6	1.4125	1.6325
sub-05	2	13	thir	sub-05_run-02_trial-13.wav	7	1.6325	1.7325
sub-05	2	13	thir	sub-05_run-02_trial-13.wav	8	1.7325	1.8525
sub-05	2	13	thir	sub-05_run-02_trial-13.wav	9	1.8525	2.1125
sub-05	2	13	thir	sub-05_run-02_trial-13.wav	10	2.1125	2.3325
sub-05	2	13	thir	sub-05_run-02_trial-13.wav	11	2.3325	2.5725
sub-05	2	13	thir	sub-05_run-02_trial-13.wav	12	2.5725	2.7925
sub-05	2	13	thir	sub-05_run-02_trial-13.wav	13	2.7925	3.0325
sub-05	2	13	thir	sub-05_run-02_trial-13.wav	14	3.0325	3.2725
sub-05	2	13	thir	sub-05_run-02_trial-13.wav	15	3.3325	3.5325
sub-05	2	13	thir	sub-05_run-02_trial-13.wav	16	3.5325	3.7725
sub-05	2	13	thir	sub-05_run-02_trial-13.wav	17	3.8525	4.0525
sub-05	2	13	thir	sub-05_run-02_trial-13.wav	18	4.0525	4.3125
sub-05	2	13	thir	sub-05_run-02_trial-13.wav	19	4.3125	4.6325
sub-05	2	14	fee	sub-05_run-02_trial-14.wav	1	0.1125	0.2525
sub-05	2	14	fee	sub-05_run-02_trial-14.wav	2	0.2525	0.4125
sub-05	2	14	fee	sub-05_run-02_trial-14.wav	3	0.4125	0.5725
sub-05	2	14	fee	sub-05_run-02_trial-14.wav	4	0.5725	0.7525
sub-05	2	14	fee	sub-05_run-02_trial-14.wav	5	0.7525	0.9125
sub-05	2	14	fee	sub-05_run-02_trial-14.wav	6	0.9125	1.0725
sub-05	2	14	fee	sub-05_run-02_trial-14.wav	7	1.0725	1.2525
sub-05	2	14	fee	sub-05_run-02_trial-14.wav	8	1.2525	1.4325
sub-05	2	14	fee	sub-05_run-02_trial-14.wav	9	1.4325	1.6125
sub-05	2	14	fee	sub-05_run-02_trial-14.wav	10	1.6125	1.7925
sub-05	2	14	fee	sub-05_run-02_trial-14.wav	11	1.7925	1.9725
sub-05	2	14	fee	sub-05_run-02_trial-14.wav	12	1.9725	2.1525
sub-05	2	14	fee	sub-05_run-02_trial-14.wav	13	2.1525	2.3325
sub-05	2	14	fee	sub-05_run-02_trial-14.wav	14	2.3325	2.5325
sub-05	2	14	fee	sub-05_run-02_trial-14.wav	15	2.5325	2.7125
sub-05	2	14	fee	sub-05_run-02_trial-14.wav	16	2.7125	2.8925
sub-05	2	14	fee	sub-05_run-02_trial-14.wav	17	2.8925	3.1325
sub-05	2	14	fee	sub-05_run-02_trial-14.wav	18	3.1325	3.3125
sub-05	2	14	fee	sub-05_run-02_trial-14.wav	19	3.3125	3.4925
sub-05	2	14	fee	sub-05_run-02_trial-14.wav	20	3.4925	3.7125
sub-05	2	14	fee	sub-05_run-02_trial-14.wav	21	3.7125	3.8925
sub-05	2	14	fee	sub-05_run-02_trial-14.wav	22	3.8925	4.0925
sub-05	2	14	fee	sub-05_run-02_trial-14.wav	23	4.0925	4.3125
sub-05	2	14	fee	sub-05_run-02_trial-14.wav	24	4.3125	4.5725
sub-05	2	15	ti	sub-05_run-02_trial-15.wav	1	0.1525	0.2525
sub-05	2	15	ti	sub-05_run-02_trial-15.wav	2	0.2525	0.3925
sub-05	2	15	ti	sub-05_run-02_trial-15.wav	3	0.3925	0.5325
sub-05	2	15	ti	sub-05_run-02_trial-15.wav	4	0.5325	0.6725
sub-05	2	15	ti	sub-05_run-02_trial-15.wav	5	0.7125	0.8525
sub-05	2	15	ti	sub-05_run-02_trial-15.wav	6	0.8525	1.0125
sub-05	2	15	ti	sub-05_run-02_trial-15.wav	7	1.0125	1.1525
sub-05	2	15	ti	sub-05_run-02_trial-15.wav	8	1.1925	1.3325
sub-05	2	15	ti	sub-05_run-02_trial-15.wav	9	1.3325	1.4925
sub-05	2	15	ti	sub-05_run-02_trial-15.wav	10	1.4925	1.6525
sub-05	2	15	ti	sub-05_run-02_trial-15.wav	11	1.6525	1.8125
sub-05	2	15	ti	sub-05_run-02_trial-15.wav	12	1.8125	1.9725
sub-05	2	15	ti	sub-05_run-02_trial-15.wav	13	1.9725	2.1525
sub-05	2	15	ti	sub-05_run-02_trial-15.wav	14	2.1525	2.2925
sub-05	2	15	ti	sub-05_run-02_trial-15.wav	15	2.2925	2.4325
sub-05	2	15	ti	sub-05_run-02_trial-15.wav	16	2.4325	2.6125
sub-05	2	15	ti	sub-05_run-02_trial-15.wav	17	2.6125	2.7725
sub-05	2	15	ti	sub-05_run-02_trial-15.wav	18	2.7725	2.9325
sub-05	2	15	ti	sub-05_run-02_trial-15.wav	19	2.9325	3.0925
sub-05	2	15	ti	sub-05_run-02_trial-15.wav	20	3.0925	3.2725
sub-05	2	15	ti	sub-05_run-02_trial-15.wav	21	3.2725	3.4325
sub-05	2	15	ti	sub-05_run-02_trial-15.wav	22	3.4325	3.5725
sub-05	2	15	ti	sub-05_run-02_trial-15.wav	23	3.5725	3.7525
sub-05	2	15	ti	sub-05_run-02_trial-15.wav	24	3.7525	3.9325
sub-05	2	15	ti	sub-05_run-02_trial-15.wav	25	3.9325	4.0525
sub-05	2	15	ti	sub-05_run-02_trial-15.wav	26	4.0525	4.2125
sub-05	2	15	ti	sub-05_run-02_trial-15.wav	27	4.2125	4.4725
sub-05	2	16	per	sub-05_run-02_trial-16.wav	1	0.2525	0.3725
sub-05	2	16	per	sub-05_run-02_trial-16.wav	2	0.3725	0.5125
sub-05	2	16	per	sub-05_run-02_trial-16.wav	3	0.5125	0.5925
sub-05	2	16	per	sub-05_run-02_trial-16.wav	4	0.6725	0.8125
sub-05	2	16	per	sub-05_run-02_trial-16.wav	5	0.8125	0.9125
sub-05	2	16	per	sub-05_run-02_trial-16.wav	6	0.9125	1.0325
sub-05	2	16	per	sub-05_run-02_trial-16.wav	7	1.0925	1.1725
sub-05	2	16	per	sub-05_run-02_trial-16.wav	8	1.2525	1.3925
sub-05	2	16	per	sub-05_run-02_trial-16.wav	9	1.3925	1.4725
sub-05	2	16	per	sub-05_run-02_trial-16.wav	10	1.5525	1.7125
sub-05	2	16	per	sub-05_run-02_trial-16.wav	11	1.7125	1.8725
sub-05	2	16	per	sub-05_run-02_trial-16.wav	12	1.8725	2.0325
sub-05	2	16	per	sub-05_run-02_trial-16.wav	13	2.0325	2.1925
sub-05	2	16	per	sub-05_run-02_trial-16.wav	14	2.1925	2.3525
sub-05	2	16	per	sub-05_run-02_trial-16.wav	15	2.3525	2.5325
sub-05	2	16	per	sub-05_run-02_trial-16.wav	16	2.5325	2.6725
sub-05	2	16	per	sub-05_run-02_trial-16.wav	17	2.6725	2.8325
sub-05	2	16	per	sub-05_run-02_trial-16.wav	18	2.8325	2.9925
sub-05	2	16	per	sub-05_run-02_trial-16.wav	19	2.9925	3.0925
sub-05	2	16	per	sub-05_run-02_trial-16.wav	20	3.1725	3.3325
sub-05	2	16	per	sub-05_run-02_trial-16.wav	21	3.3325	3.4325
sub-05	2	16	per	sub-05_run-02_trial-16.wav	22	3.5125	3.6725
sub-05	2	16	per	sub-05_run-02_trial-16.wav	23	3.6725	3.8325
sub-05	2	16	per	sub-05_run-02_trial-16.wav	24	3.8325	4.0125
sub-05	2	16	per	sub-05_run-02_trial-16.wav	25	4.0125	4.1725
sub-05	2	16	per	sub-05_run-02_trial-16.wav	26	4.1725	4.3525
sub-05	2	17	through	sub-05_run-02_trial-17.wav	1	0.1925	0.4525
sub-05	2	17	through	sub-05_run-02_trial-17.wav	2	0.4525	0.6525
sub-05	2	17	through	sub-05_run-02_trial-17.wav	3	0.6525	0.9125
sub-05	2	17	through	sub-05_run-02_trial-17.wav	4	0.9125	1.1925
sub-05	2	17	through	sub-05_run-02_trial-17.wav	5	1.1925	1.4725
sub-05	2	17	through	sub-05_run-02_trial-17.wav	6	1.4725	1.5725
sub-05	2	17	through	sub-05_run-02_trial-17.wav	7	1.5725	1.7125
sub-05	2	17	through	sub-05_run-02_trial-17.wav	8	1.7125	2.0125
sub-05	2	17	through	sub-05_run-02_trial-17.wav	9	2.0125	2.0925
sub-05	2	17	through	sub-05_run-02_trial-17.wav	10	2.0925	2.2325
sub-05	2	17	through	sub-05_run-02_trial-17.wav	11	2.2325	2.5125
sub-05	2	17	through	sub-05_run-02_trial-17.wav	12	2.5125	2.5925
sub-05	2	17	through	sub-05_run-02_trial-17.wav	13	2.5925	2.8325
sub-05	2	17	through	sub-05_run-02_trial-17.wav	14	2.8325	3.1325
sub-05	2	17	through	sub-05_run-02_trial-17.wav	15	3.1325	3.4525
sub-05	2	17	through	sub-05_run-02_trial-17.wav	16	3.4525	3.7325
sub-05	2	17	through	sub-05_run-02_trial-17.wav	17	3.7325	4.0925
sub-05	2	17	through	sub-05_run-02_trial-17.wav	18	4.0925	4.4525
sub-05	2	18	thurs	sub-05_run-02_trial-18.wav	1	0.3125	0.5525
sub-05	2	18	thurs	sub-05_run-02_trial-18.wav	2	0.5525	0.8725
sub-05	2	18	thurs	sub-05_run-02_trial-18.wav	3	0.8725	1.2125
sub-05	2	18	thurs	sub-05_run-02_trial-18.wav	4	1.2125	1.5725
sub-05	2	18	thurs	sub-05_run-02_trial-18.wav	5	1.5725	1.9125
sub-05	2	18	thurs	sub-05_run-02_trial-18.wav	6	1.9125	2.3325
sub-05	2	18	thurs	sub-05_run-02_trial-18.wav	7	2.3325	2.6525
sub-05	2	18	thurs	sub-05_run-02_trial-18.wav	8	2.6525	3.0925
sub-05	2	18	thurs	sub-05_run-02_trial-18.wav	9	3.0925	3.6325
sub-05	2	18	thurs	sub-05_run-02_trial-18.wav	10	3.6325	4.3325
sub-05	2	18	thurs	sub-05_run-02_trial-18.wav	11	4.3325	4.9716
sub-05	2	19	airy	sub-05_run-02_trial-19.wav	1	0.3525	0.4525
sub-05	2	19	airy	sub-05_run-02_trial-19.wav	2	0.4525	0.6125
sub-05	2	19	airy	sub-05_run-02_trial-19.wav	3	0.6125	0.8925
sub-05	2	19	airy	sub-05_run-02_trial-19.wav	4	0.8925	1.0925
sub-05	2	19	airy	sub-05_run-02_trial-19.wav	5	1.0925	1.2325
sub-05	2	19	airy	sub-05_run-02_trial-19.wav	6	1.2325	1.5725
sub-05	2	19	airy	sub-05_run-02_trial-19.wav	7	1.5725	1.7525
sub-05	2	19	airy	sub-05_run-02_trial-19.wav	8	1.7525	1.9125
sub-05	2	19	airy	sub-05_run-02_trial-19.wav	9	1.9125	2.2725
sub-05	2	19	airy	sub-05_run-02_trial-19.wav	10	2.2725	2.6325
sub-05	2	19	airy	sub-05_run-02_trial-19.wav	11	2.6325	3.0125
sub-05	2	19	airy	sub-05_run-02_trial-19.wav	12	3.0125	3.4525
sub-05	2	19	airy	sub-05_run-02_trial-19.wav	13	3.4525	3.8325
sub-05	2	19	airy	sub-05_run-02_trial-19.wav	14	3.8325	4.2525
sub-05	2	20	out	sub-05_run-02_trial-20.wav	1	0.3125	0.4525
sub-05	2	20	out	sub-05_run-02_trial-20.wav	2	0.4525	0.6125
sub-05	2	20	out	sub-05_run-02_trial-20.wav	3	0.6125	0.7325
sub-05	2	20	out	sub-05_run-02_trial-20.wav	4	0.7325	0.8925
sub-05	2	20	out	sub-05_run-02_trial-20.wav	5	0.8925	1.0125
sub-05	2	20	out	sub-05_run-02_trial-20.wav	6	1.0725	1.1725
sub-05	2	20	out	sub-05_run-02_trial-20.wav	7	1.2325	1.3325
sub-05	2	20	out	sub-05_run-02_trial-20.wav	8	1.4125	1.5125
sub-05	2	20	out	sub-05_run-02_trial-20.wav	9	1.5525	1.6525
sub-05	2	20	out	sub-05_run-02_trial-20.wav	10	1.7125	1.8125
sub-05	2	20	out	sub-05_run-02_trial-20.wav	11	1.8925	1.9925
sub-05	2	20	out	sub-05_run-02_trial-20.wav	12	2.0725	2.1925
sub-05	2	20	out	sub-05_run-02_trial-20.wav	13	2.2525	2.3725
sub-05	2	20	out	sub-05_run-02_trial-20.wav	14	2.4325	2.5725
sub-05	2	20	out	sub-05_run-02_trial-20.wav	15	2.5725	2.7125
sub-05	2	20	out	sub-05_run-02_trial-20.wav	16	2.7725	2.8925
sub-05	2	20	out	sub-05_run-02_trial-20.wav	17	2.9725	3.0725
sub-05	2	20	out	sub-05_run-02_trial-20.wav	18	3.1325	3.2525
sub-05	2	20	out	sub-05_run-02_trial-20.wav	19	3.3325	3.4925
sub-05	2	20	out	sub-05_run-02_trial-20.wav	20	3.6525	3.9125
sub-05	2	20	out	sub-05_run-02_trial-20.wav	21	3.9125	4.0125
sub-05	2	20	out	sub-05_run-02_trial-20.wav	22	4.0125	4.1925
sub-05	2	21	jin	sub-05_run-02_trial-21.wav	1	0.4525	0.6125
sub-05	2	21	jin	sub-05_run-02_trial-21.wav	2	0.6125	0.7725
sub-05	2	21	jin	sub-05_run-02_trial-21.wav	3	0.7725	0.9525
sub-05	2	21	jin	sub-05_run-02_trial-21.wav	4	0.9525	1.1325
sub-05	2	21	jin	sub-05_run-02_trial-21.wav	5	1.1325	1.2925
sub-05	2	21	jin	sub-05_run-02_trial-21.wav	6	1.2925	1.4925
sub-05	2	21	jin	sub-05_run-02_trial-21.wav	7	1.4925	1.6725
sub-05	2	21	jin	sub-05_run-02_trial-21.wav	8	1.6725	1.8325
sub-05	2	21	jin	sub-05_run-02_trial-21.wav	9	1.8325	2.0125
sub-05	2	21	jin	sub-05_run-02_trial-21.wav	10	2.0125	2.2125
sub-05	2	21	jin	sub-05_run-02_trial-21.wav	11	2.2125	2.3925
sub-05	2	21	jin	sub-05_run-02_trial-21.wav	12	2.3925	2.5725
sub-05	2	21	jin	sub-05_run-02_trial-21.wav	13	2.5725	2.7525
sub-05	2	21	jin	sub-05_run-02_trial-21.wav	14	2.7525	2.9325
sub-05	2	21	jin	sub-05_run-02_trial-21.wav	15	2.9325	3.1325
sub-05	2	21	jin	sub-05_run-02_trial-21.wav	16	3.1325	3.3125
sub-05	2	21	jin	sub-05_run-02_trial-21.wav	17	3.3125	3.4925
sub-05	2	21	jin	sub-05_run-02_trial-21.wav	18	3.4925	3.6925
sub-05	2	21	jin	sub-05_run-02_trial-21.wav	19	3.6925	3.8725
sub-05	2	21	jin	sub-05_run-02_trial-21.wav	20	3.8725	4.0725
sub-05	2	21	jin	sub-05_run-02_trial-21.wav	21	4.0725	4.2525
sub-05	2	21	jin	sub-05_run-02_trial-21.wav	22	4.2525	4.4725
sub-05	2	22	pie	sub-05_run-02_trial-22.wav	1	0.3925	0.5125
sub-05	2	22	pie	sub-05_run-02_trial-22.wav	2	0.5525	0.6525
sub-05	2	22	pie	sub-05_run-02_trial-22.wav	3	0.6525	0.8125
sub-05	2	22	pie	sub-05_run-02_trial-22.wav	4	0.8125	0.9325
sub-05	2	22	pie	sub-05_run-02_trial-22.wav	5	0.9725	1.0925
sub-05	2	22	pie	sub-05_run-02_trial-22.wav	6	1.1525	1.2525
sub-05	2	22	pie	sub-05_run-02_trial-22.wav	7	1.3125	1.4125
sub-05	2	22	pie	sub-05_run-02_trial-22.wav	8	1.4525	1.5525
sub-05	2	22	pie	sub-05_run-02_trial-22.wav	9	1.6125	1.7125
sub-05	2	22	pie	sub-05_run-02_trial-22.wav	10	1.7725	1.8725
sub-05	2	22	pie	sub-05_run-02_trial-22.wav	11	1.9325	2.0525
sub-05	2	22	pie	sub-05_run-02_trial-22.wav	12	2.1125	2.2125
sub-05	2	22	pie	sub-05_run-02_trial-22.wav	13	2.2925	2.3925
sub-05	2	22	pie	sub-05_run-02_trial-22.wav	14	2.4525	2.5725
sub-05	2	22	pie	sub-05_run-02_trial-22.wav	15	2.6325	2.7325
sub-05	2	22	pie	sub-05_run-02_trial-22.wav	16	2.7925	2.8925
sub-05	2	22	pie	sub-05_run-02_trial-22.wav	17	2.9525	3.0925
sub-05	2	22	pie	sub-05_run-02_trial-22.wav	18	3.0925	3.2125
sub-05	2	22	pie	sub-05_run-02_trial-22.wav	19	3.2725	3.3725
sub-05	2	22	pie	sub-05_run-02_trial-22.wav	20	3.4325	3.5125
sub-05	2	22	pie	sub-05_run-02_trial-22.wav	21	3.5925	3.6725
sub-05	2	22	pie	sub-05_run-02_trial-22.wav	22	3.7525	3.8325
sub-05	2	22	pie	sub-05_run-02_trial-22.wav	23	3.8925	3.9925
sub-05	2	22	pie	sub-05_run-02_trial-22.wav	24	4.0525	4.1525
sub-05	2	22	pie	sub-05_run-02_trial-22.wav	25	4.2125	4.3125
sub-05	2	22	pie	sub-05_run-02_trial-22.wav	26	4.3725	4.6125
sub-05	2	23	ser	sub-05_run-02_trial-23.wav	1	0.2325	0.4325
sub-05	2	23	ser	sub-05_run-02_trial-23.wav	2	0.4325	0.5925
sub-05	2	23	ser	sub-05_run-02_trial-23.wav	3	0.5925	0.7525
sub-05	2	23	ser	sub-05_run-02_trial-23.wav	4	0.7525	0.9325
sub-05	2	23	ser	sub-05_run-02_trial-23.wav	5	0.9325	1.1125
sub-05	2	23	ser	sub-05_run-02_trial-23.wav	6	1.1125	1.3325
sub-05	2	23	ser	sub-05_run-02_trial-23.wav	7	1.3325	1.5925
sub-05	2	23	ser	sub-05_run-02_trial-23.wav	8	1.5925	1.8125
sub-05	2	23	ser	sub-05_run-02_trial-23.wav	9	1.8125	2.0125
sub-05	2	23	ser	sub-05_run-02_trial-23.wav	10	2.0125	2.1925
sub-05	2	23	ser	sub-05_run-02_trial-23.wav	11	2.1925	2.3725
sub-05	2	23	ser	sub-05_run-02_trial-23.wav	12	2.3725	2.5525
sub-05	2	23	ser	sub-05_run-02_trial-23.wav	13	2.5525	2.6525
sub-05	2	23	ser	sub-05_run-02_trial-23.wav	14	2.6525	2.7325
sub-05	2	23	ser	sub-05_run-02_trial-23.wav	15	2.7325	2.9125
sub-05	2	23	ser	sub-05_run-02_trial-23.wav	16	2.9125	3.1125
sub-05	2	23	ser	sub-05_run-02_trial-23.wav	17	3.1125	3.3325
sub-05	2	23	ser	sub-05_run-02_trial-23.wav	18	3.3325	3.4525
sub-05	2	23	ser	sub-05_run-02_trial-23.wav	19	3.4525	3.5525
sub-05	2	23	ser	sub-05_run-02_trial-23.wav	20	3.5525	3.8125
sub-05	2	23	ser	sub-05_run-02_trial-23.wav	21	3.8125	4.0325
sub-05	2	23	ser	sub-05_run-02_trial-23.wav	22	4.0325	4.2525
sub-05	2	23	ser	sub-05_run-02_trial-23.wav	23	4.2525	4.6125
sub-05	2	24	pi	sub-05_run-02_trial-24.wav	1	0.3325	0.4125
sub-05	2	24	pi	sub-05_run-02_trial-24.wav	2	0.4125	0.5325
sub-05	2	24	pi	sub-05_run-02_trial-24.wav	3	0.5925	0.6525
sub-05	2	24	pi	sub-05_run-02_trial-24.wav	4	0.6925	0.7925
sub-05	2	24	pi	sub-05_run-02_trial-24.wav	5	0.8525	0.9325
sub-05	2	24	pi	sub-05_run-02_trial-24.wav	6	1.0125	1.0725
sub-05	2	24	pi	sub-05_run-02_trial-24.wav	7	1.1525	1.2125
sub-05	2	24	pi	sub-05_run-02_trial-24.wav	8	1.2925	1.3725
sub-05	2	24	pi	sub-05_run-02_trial-24.wav	9	1.4325	1.4925
sub-05	2	24	pi	sub-05_run-02_trial-24.wav	10	1.5725	1.6525
sub-05	2	24	pi	sub-05_run-02_trial-24.wav	11	1.7125	1.7925
sub-05	2	24	pi	sub-05_run-02_trial-24.wav	12	1.8525	1.9325
sub-05	2	24	pi	sub-05_run-02_trial-24.wav	13	1.9925	2.0925
sub-05	2	24	pi	sub-05_run-02_trial-24.wav	14	2.0925	2.1925
sub-05	2	24	pi	sub-05_run-02_trial-24.wav	15	2.2725	2.4325
sub-05	2	24	pi	sub-05_run-02_trial-24.wav	16	2.4325	2.5125
sub-05	2	24	pi	sub-05_run-02_trial-24.wav	17	2.5725	2.6525
sub-05	2	24	pi	sub-05_run-02_trial-24.wav	18	2.7325	2.7925
sub-05	2	24	pi	sub-05_run-02_trial-24.wav	19	2.8725	2.9525
sub-05	2	24	pi	sub-05_run-02_trial-24.wav	20	3.0325	3.1125
sub-05	2	24	pi	sub-05_run-02_trial-24.wav	21	3.1925	3.2725
sub-05	2	24	pi	sub-05_run-02_trial-24.wav	22	3.3325	3.4125
sub-05	2	24	pi	sub-05_run-02_trial-24.wav	23	3.4925	3.5725
sub-05	2	24	pi	sub-05_run-02_trial-24.wav	24	3.6725	3.7325
sub-05	2	24	pi	sub-05_run-02_trial-24.wav	25	3.8125	3.8925
sub-05	2	24	pi	sub-05_run-02_trial-24.wav	26	3.9725	4.0525
sub-05	2	24	pi	sub-05_run-02_trial-24.wav	27	4.1325	4.2125
sub-05	2	24	pi	sub-05_run-02_trial-24.wav	28	4.2925	4.3925
sub-05	2	25	jur	sub-05_run-02_trial-25.wav	1	0.3525	0.4725
sub-05	2	25	jur	sub-05_run-02_trial-25.wav	2	0.4725	0.6125
sub-05	2	25	jur	sub-05_run-02_trial-25.wav	3	0.6125	0.7325
sub-05	2	25	jur	sub-05_run-02_trial-25.wav	4	0.7325	0.8925
sub-05	2	25	jur	sub-05_run-02_trial-25.wav	5	0.8925	1.0525
sub-05	2	25	jur	sub-05_run-02_trial-25.wav	6	1.0525	1.2125
sub-05	2	25	jur	sub-05_run-02_trial-25.wav	7	1.2125	1.3725
sub-05	2	25	jur	sub-05_run-02_trial-25.wav	8	1.3725	1.4925
sub-05	2	25	jur	sub-05_run-02_trial-25.wav	9	1.4925	1.6525
sub-05	2	25	jur	sub-05_run-02_trial-25.wav	10	1.6525	1.8125
sub-05	2	25	jur	sub-05_run-02_trial-25.wav	11	1.8125	1.9725
sub-05	2	25	jur	sub-05_run-02_trial-25.wav	12	1.9725	2.1325
sub-05	2	25	jur	sub-05_run-02_trial-25.wav	13	2.1325	2.2925
sub-05	2	25	jur	sub-05_run-02_trial-25.wav	14	2.2925	2.4525
sub-05	2	25	jur	sub-05_run-02_trial-25.wav	15	2.4525	2.6125
sub-05	2	25	jur	sub-05_run-02_trial-25.wav	16	2.6125	2.7725
sub-05	2	25	jur	sub-05_run-02_trial-25.wav	17	2.7725	2.8925
sub-05	2	25	jur	sub-05_run-02_trial-25.wav	18	2.9525	3.0525
sub-05	2	25	jur	sub-05_run-02_trial-25.wav	19	3.0525	3.2125
sub-05	2	25	jur	sub-05_run-02_trial-25.wav	20	3.2125	3.3725
sub-05	2	25	jur	sub-05_run-02_trial-25.wav	21	3.3725	3.5325
sub-05	2	25	jur	sub-05_run-02_trial-25.wav	22	3.5325	3.7325
sub-05	2	25	jur	sub-05_run-02_trial-25.wav	23	3.7325	3.8725
sub-05	2	25	jur	sub-05_run-02_trial-25.wav	24	3.9325	4.0525
sub-05	2	25	jur	sub-05_run-02_trial-25.wav	25	4.0525	4.2125
sub-05	2	25	jur	sub-05_run-02_trial-25.wav	26	4.2125	4.3725
sub-05	2	25	jur	sub-05_run-02_trial-25.wav	27	4.3725	4.5125
sub-05	2	26	chuck	sub-05_run-02_trial-26.wav	1	0.4525	0.6125
sub-05	2	26	chuck	sub-05_run-02_trial-26.wav	2	0.6125	0.7725
sub-05	2	26	chuck	sub-05_run-02_trial-26.wav	3	0.7725	0.9325
sub-05	2	26	chuck	sub-05_run-02_trial-26.wav	4	0.9925	1.1325
sub-05	2	26	chuck	sub-05_run-02_trial-26.wav	5	1.1725	1.3325
sub-05	2	26	chuck	sub-05_run-02_trial-26.wav	6	1.3925	1.5325
sub-05	2	26	chuck	sub-05_run-02_trial-26.wav	7	1.5925	1.7125
sub-05	2	26	chuck	sub-05_run-02_trial-26.wav	8	1.7725	1.8925
sub-05	2	26	chuck	sub-05_run-02_trial-26.wav	9	1.9725	2.1125
sub-05	2	26	chuck	sub-05_run-02_trial-26.wav	10	2.1725	2.2925
sub-05	2	26	chuck	sub-05_run-02_trial-26.wav	11	2.3525	2.4925
sub-05	2	26	chuck	sub-05_run-02_trial-26.wav	12	2.5525	2.6925
sub-05	2	26	chuck	sub-05_run-02_trial-26.wav	13	2.7725	2.8925
sub-05	2	26	chuck	sub-05_run-02_trial-26.wav	14	2.9325	3.0925
sub-05	2	26	chuck	sub-05_run-02_trial-26.wav	15	3.1525	3.2925
sub-05	2	26	chuck	sub-05_run-02_trial-26.wav	16	3.3725	3.4925
sub-05	2	26	chuck	sub-05_run-02_trial-26.wav	17	3.5525	3.7325
sub-05	2	26	chuck	sub-05_run-02_trial-26.wav	18	3.7325	3.8925
sub-05	2	26	chuck	sub-05_run-02_trial-26.wav	19	3.9725	4.1125
sub-05	2	26	chuck	sub-05_run-02_trial-26.wav	20	4.1725	4.2925
sub-05	2	26	chuck	sub-05_run-02_trial-26.wav	21	4.3725	4.4725
sub-05	2	27	naw	sub-05_run-02_trial-27.wav	1	0.2725	0.4525
sub-05	2	27	naw	sub-05_run-02_trial-27.wav	2	0.4525	0.5725
sub-05	2	27	naw	sub-05_run-02_trial-27.wav	3	0.5725	0.6925
sub-05	2	27	naw	sub-05_run-02_trial-27.wav	4	0.6925	0.8325
sub-05	2	27	naw	sub-05_run-02_trial-27.wav	5	0.8325	0.9725
sub-05	2	27	naw	sub-05_run-02_trial-27.wav	6	0.9725	1.1125
sub-05	2	27	naw	sub-05_run-02_trial-27.wav	7	1.1125	1.2525
sub-05	2	27	naw	sub-05_run-02_trial-27.wav	8	1.2525	1.4125
sub-05	2	27	naw	sub-05_run-02_trial-27.wav	9	1.4125	1.5525
sub-05	2	27	naw	sub-05_run-02_trial-27.wav	10	1.5525	1.7125
sub-05	2	27	naw	sub-05_run-02_trial-27.wav	11	1.7125	1.8725
sub-05	2	27	naw	sub-05_run-02_trial-27.wav	12	1.8725	2.0125
sub-05	2	27	naw	sub-05_run-02_trial-27.wav	13	2.0125	2.1525
sub-05	2	27	naw	sub-05_run-02_trial-27.wav	14	2.1525	2.3125
sub-05	2	27	naw	sub-05_run-02_trial-27.wav	15	2.3125	2.4725
sub-05	2	27	naw	sub-05_run-02_trial-27.wav	16	2.4725	2.6125
sub-05	2	27	naw	sub-05_run-02_trial-27.wav	17	2.6125	2.7725
sub-05	2	27	naw	sub-05_run-02_trial-27.wav	18	2.7725	2.9325
sub-05	2	27	naw	sub-05_run-02_trial-27.wav	19	2.9325	3.0925
sub-05	2	27	naw	sub-05_run-02_trial-27.wav	20	3.0925	3.2325
sub-05	2	27	naw	sub-05_run-02_trial-27.wav	21	3.2325	3.4125
sub-05	2	27	naw	sub-05_run-02_trial-27.wav	22	3.4125	3.5525
sub-05	2	27	naw	sub-05_run-02_trial-27.wav	23	3.5525	3.6925
sub-05	2	27	naw	sub-05_run-02_trial-27.wav	24	3.6925	3.8325
sub-05	2	27	naw	sub-05_run-02_trial-27.wav	25	3.8325	3.9925
sub-05	2	27	naw	sub-05_run-02_trial-27.wav	26	3.9925	4.1525
sub-05	2	27	naw	sub-05_run-02_trial-27.wav	27	4.1525	4.2925
sub-05	2	27	naw	sub-05_run-02_trial-27.wav	28	4.2925	4.4925
sub-05	2	28	if	sub-05_run-02_trial-28.wav	1	0.0725	0.1725
sub-05	2	28	if	sub-05_run-02_trial-28.wav	2	0.1725	0.3125
sub-05	2	28	if	sub-05_run-02_trial-28.wav	3	0.3125	0.4525
sub-05	2	28	if	sub-05_run-02_trial-28.wav	4	0.4525	0.6125
sub-05	2	28	if	sub-05_run-02_trial-28.wav	5	0.6125	0.7325
sub-05	2	28	if	sub-05_run-02_trial-28.wav	6	0.7325	0.8925
sub-05	2	28	if	sub-05_run-02_trial-28.wav	7	0.8925	1.0525
sub-05	2	28	if	sub-05_run-02_trial-28.wav	8	1.0525	1.2125
sub-05	2	28	if	sub-05_run-02_trial-28.wav	9	1.2125	1.3725
sub-05	2	28	if	sub-05_run-02_trial-28.wav	10	1.3725	1.5325
sub-05	2	28	if	sub-05_run-02_trial-28.wav	11	1.5325	1.7325
sub-05	2	28	if	sub-05_run-02_trial-28.wav	12	1.7325	1.8925
sub-05	2	28	if	sub-05_run-02_trial-28.wav	13	1.8925	2.0325
sub-05	2	28	if	sub-05_run-02_trial-28.wav	14	2.0325	2.2125
sub-05	2	28	if	sub-05_run-02_trial-28.wav	15	2.2125	2.3525
sub-05	2	28	if	sub-05_run-02_trial-28.wav	16	2.3525	2.5325
sub-05	2	28	if	sub-05_run-02_trial-28.wav	17	2.5325	2.6725
sub-05	2	28	if	sub-05_run-02_trial-28.wav	18	2.6725	2.8325
sub-05	2	28	if	sub-05_run-02_trial-28.wav	19	2.8325	3.0125
sub-05	2	28	if	sub-05_run-02_trial-28.wav	20	3.0125	3.1725
sub-05	2	28	if	sub-05_run-02_trial-28.wav	21	3.1725	3.3525
sub-05	2	28	if	sub-05_run-02_trial-28.wav	22	3.3525	3.5525
sub-05	2	28	if	sub-05_run-02_trial-28.wav	23	3.5525	3.7325
sub-05	2	28	if	sub-05_run-02_trial-28.wav	24	3.7325	3.8925
sub-05	2	28	if	sub-05_run-02_trial-28.wav	25	3.8925	4.0525
sub-05	2	28	if	sub-05_run-02_trial-28.wav	26	4.0525	4.2325
sub-05	2	28	if	sub-05_run-02_trial-28.wav	27	4.2325	4.9716
sub-05	2	29	would	sub-05_run-02_trial-29.wav	1	0.0925	0.1725
sub-05	2	29	would	sub-05_run-02_trial-29.wav	2	0.1725	0.3325
sub-05	2	29	would	sub-05_run-02_trial-29.wav	3	0.3325	0.4925
sub-05	2	29	would	sub-05_run-02_trial-29.wav	4	0.4925	0.6525
sub-05	2	29	would	sub-05_run-02_trial-29.wav	5	0.6525	0.8125
sub-05	2	29	would	sub-05_run-02_trial-29.wav	6	0.8125	0.9725
sub-05	2	29	would	sub-05_run-02_trial-29.wav	7	0.9725	1.0925
sub-05	2	29	would	sub-05_run-02_trial-29.wav	8	1.0925	1.2925
sub-05	2	29	would	sub-05_run-02_trial-29.wav	9	1.3725	1.4525
sub-05	2	29	would	sub-05_run-02_trial-29.wav	10	1.4925	1.6125
sub-05	2	29	would	sub-05_run-02_trial-29.wav	11	1.6925	1.8125
sub-05	2	29	would	sub-05_run-02_trial-29.wav	12	1.8125	1.9725
sub-05	2	29	would	sub-05_run-02_trial-29.wav	13	1.9725	2.1525
sub-05	2	29	would	sub-05_run-02_trial-29.wav	14	2.1925	2.3725
sub-05	2	29	would	sub-05_run-02_trial-29.wav	15	2.3725	2.5325
sub-05	2	29	would	sub-05_run-02_trial-29.wav	16	2.5325	2.6925
sub-05	2	29	would	sub-05_run-02_trial-29.wav	17	2.6925	2.8925
sub-05	2	29	would	sub-05_run-02_trial-29.wav	18	2.8925	3.0325
sub-05	2	29	would	sub-05_run-02_trial-29.wav	19	3.0925	3.2525
sub-05	2	29	would	sub-05_run-02_trial-29.wav	20	3.2525	3.4125
sub-05	2	29	would	sub-05_run-02_trial-29.wav	21	3.4125	3.6125
sub-05	2	29	would	sub-05_run-02_trial-29.wav	22	3.6125	3.7725
sub-05	2	29	would	sub-05_run-02_trial-29.wav	23	3.8125	3.9725
sub-05	2	29	would	sub-05_run-02_trial-29.wav	24	3.9725	4.1725
sub-05	2	29	would	sub-05_run-02_trial-29.wav	25	4.1725	4.6125
sub-05	2	30	a	sub-05_run-02_trial-30.wav	1	0.2725	0.3525
sub-05	2	30	a	sub-05_run-02_trial-30.wav	2	0.4125	0.5325
sub-05	2	30	a	sub-05_run-02_trial-30.wav	3	0.5325	0.6925
sub-05	2	30	a	sub-05_run-02_trial-30.wav	4	0.6925	0.8325
sub-05	2	30	a	sub-05_run-02_trial-30.wav	5	0.9125	1.0325
sub-05	2	30	a	sub-05_run-02_trial-30.wav	6	1.0925	1.2125
sub-05	2	30	a	sub-05_run-02_trial-30.wav	7	1.2725	1.4125
sub-05	2	30	a	sub-05_run-02_trial-30.wav	8	1.4125	1.5725
sub-05	2	30	a	sub-05_run-02_trial-30.wav	9	1.5725	1.7325
sub-05	2	30	a	sub-05_run-02_trial-30.wav	10	1.7325	1.8725
sub-05	2	30	a	sub-05_run-02_trial-30.wav	11	1.8725	2.0525
sub-05	2	30	a	sub-05_run-02_trial-30.wav	12	2.0525	2.2325
sub-05	2	30	a	sub-05_run-02_trial-30.wav	13	2.2325	2.3925
sub-05	2	30	a	sub-05_run-02_trial-30.wav	14	2.3925	2.5525
sub-05	2	30	a	sub-05_run-02_trial-30.wav	15	2.5525	2.8925
sub-05	2	30	a	sub-05_run-02_trial-30.wav	16	2.8925	3.1125
sub-05	2	30	a	sub-05_run-02_trial-30.wav	17	3.1125	3.2925
sub-05	2	30	a	sub-05_run-02_trial-30.wav	18	3.2925	3.4525
sub-05	2	30	a	sub-05_run-02_trial-30.wav	19	3.4525	3.7325
sub-05	2	30	a	sub-05_run-02_trial-30.wav	20	3.8725	3.9725
sub-05	2	30	a	sub-05_run-02_trial-30.wav	21	4.0525	4.2125
sub-05	2	30	a	sub-05_run-02_trial-30.wav	22	4.2125	4.3525
sub-05	2	30	a	sub-05_run-02_trial-30.wav	23	4.3525	4.4725
sub-05	2	31	ver	sub-05_run-02_trial-31.wav	1	0.2125	0.3925
sub-05	2	31	ver	sub-05_run-02_trial-31.wav	2	0.3925	0.5325
sub-05	2	31	ver	sub-05_run-02_trial-31.wav	3	0.5325	0.6925
sub-05	2	31	ver	sub-05_run-02_trial-31.wav	4	0.6925	0.8325
sub-05	2	31	ver	sub-05_run-02_trial-31.wav	5	0.8325	0.9725
sub-05	2	31	ver	sub-05_run-02_trial-31.wav	6	0.9725	1.1325
sub-05	2	31	ver	sub-05_run-02_trial-31.wav	7	1.1325	1.3325
sub-05	2	31	ver	sub-05_run-02_trial-31.wav	8	1.3325	1.4925
sub-05	2	31	ver	sub-05_run-02_trial-31.wav	9	1.4925	1.6525
sub-05	2	31	ver	sub-05_run-02_trial-31.wav	10	1.6525	1.8325
sub-05	2	31	ver	sub-05_run-02_trial-31.wav	11	1.8325	2.0125
sub-05	2	31	ver	sub-05_run-02_trial-31.wav	12	2.0125	2.2325
sub-05	2	31	ver	sub-05_run-02_trial-31.wav	13	2.2325	2.3925
sub-05	2	31	ver	sub-05_run-02_trial-31.wav	14	2.3925	2.5725
sub-05	2	31	ver	sub-05_run-02_trial-31.wav	15	2.5725	2.7325
sub-05	2	31	ver	sub-05_run-02_trial-31.wav	16	2.7325	2.8925
sub-05	2	31	ver	sub-05_run-02_trial-31.wav	17	2.8925	3.0925
sub-05	2	31	ver	sub-05_run-02_trial-31.wav	18	3.0925	3.2525
sub-05	2	31	ver	sub-05_run-02_trial-31.wav	19	3.2525	3.4525
sub-05	2	31	ver	sub-05_run-02_trial-31.wav	20	3.4525	3.6725
sub-05	2	31	ver	sub-05_run-02_trial-31.wav	21	3.6725	3.8525
sub-05	2	31	ver	sub-05_run-02_trial-31.wav	22	3.8525	4.0125
sub-05	2	31	ver	sub-05_run-02_trial-31.wav	23	4.0125	4.1925
sub-05	2	31	ver	sub-05_run-02_trial-31.wav	24	4.1925	4.5125
sub-05	2	32	leh	sub-05_run-02_trial-32.wav	1	0.2925	0.4925
sub-05	2	32	leh	sub-05_run-02_trial-32.wav	2	0.4925	0.6525
sub-05	2	32	leh	sub-05_run-02_trial-32.wav	3	0.6525	0.8125
sub-05	2	32	leh	sub-05_run-02_trial-32.wav	4	0.8125	0.9525
sub-05	2	32	leh	sub-05_run-02_trial-32.wav	5	0.9525	1.1125
sub-05	2	32	leh	sub-05_run-02_trial-32.wav	6	1.1125	1.2525
sub-05	2	32	leh	sub-05_run-02_trial-32.wav	7	1.2525	1.4125
sub-05	2	32	leh	sub-05_run-02_trial-32.wav	8	1.4125	1.5925
sub-05	2	32	leh	sub-05_run-02_trial-32.wav	9	1.5925	1.7525
sub-05	2	32	leh	sub-05_run-02_trial-32.wav	10	1.7525	1.9325
sub-05	2	32	leh	sub-05_run-02_trial-32.wav	11	1.9325	2.1125
sub-05	2	32	leh	sub-05_run-02_trial-32.wav	12	2.1125	2.2925
sub-05	2	32	leh	sub-05_run-02_trial-32.wav	13	2.2925	2.4325
sub-05	2	32	leh	sub-05_run-02_trial-32.wav	14	2.4325	2.6125
sub-05	2	32	leh	sub-05_run-02_trial-32.wav	15	2.6125	2.7925
sub-05	2	32	leh	sub-05_run-02_trial-32.wav	16	2.7925	2.9725
sub-05	2	32	leh	sub-05_run-02_trial-32.wav	17	2.9725	3.1325
sub-05	2	32	leh	sub-05_run-02_trial-32.wav	18	3.1325	3.2925
sub-05	2	32	leh	sub-05_run-02_trial-32.wav	19	3.2925	3.4725
sub-05	2	32	leh	sub-05_run-02_trial-32.wav	20	3.4725	3.6325
sub-05	2	32	leh	sub-05_run-02_trial-32.wav	21	3.6325	3.8125
sub-05	2	32	leh	sub-05_run-02_trial-32.wav	22	3.8125	3.9925
sub-05	2	32	leh	sub-05_run-02_trial-32.wav	23	3.9925	4.1725
sub-05	2	32	leh	sub-05_run-02_trial-32.wav	24	4.1725	4.3925
sub-05	2	33	the	sub-05_run-02_trial-33.wav	1	0.4125	0.5725
sub-05	2	33	the	sub-05_run-02_trial-33.wav	2	0.5725	0.7125
sub-05	2	33	the	sub-05_run-02_trial-33.wav	3	0.7125	0.8325
sub-05	2	33	the	sub-05_run-02_trial-33.wav	4	0.8325	0.9525
sub-05	2	33	the	sub-05_run-02_trial-33.wav	5	0.9525	1.1725
sub-05	2	33	the	sub-05_run-02_trial-33.wav	6	1.1725	1.3325
sub-05	2	33	the	sub-05_run-02_trial-33.wav	7	1.3925	1.5325
sub-05	2	33	the	sub-05_run-02_trial-33.wav	8	1.5325	1.6925
sub-05	2	33	the	sub-05_run-02_trial-33.wav	9	1.6925	1.8525
sub-05	2	33	the	sub-05_run-02_trial-33.wav	10	1.8525	2.0125
sub-05	2	33	the	sub-05_run-02_trial-33.wav	11	2.0125	2.1525
sub-05	2	33	the	sub-05_run-02_trial-33.wav	12	2.1925	2.3125
sub-05	2	33	the	sub-05_run-02_trial-33.wav	13	2.3725	2.4725
sub-05	2	33	the	sub-05_run-02_trial-33.wav	14	2.5525	2.6525
sub-05	2	33	the	sub-05_run-02_trial-33.wav	15	2.7125	2.8325
sub-05	2	33	the	sub-05_run-02_trial-33.wav	16	2.8725	2.9925
sub-05	2	33	the	sub-05_run-02_trial-33.wav	17	3.0525	3.1725
sub-05	2	33	the	sub-05_run-02_trial-33.wav	18	3.2325	3.3725
sub-05	2	33	the	sub-05_run-02_trial-33.wav	19	3.3725	3.5325
sub-05	2	33	the	sub-05_run-02_trial-33.wav	20	3.5925	3.7125
sub-05	2	33	the	sub-05_run-02_trial-33.wav	21	3.7125	3.9325
sub-05	2	33	the	sub-05_run-02_trial-33.wav	22	3.9925	4.1325
sub-05	2	33	the	sub-05_run-02_trial-33.wav	23	4.1325	4.2925
sub-05	2	33	the	sub-05_run-02_trial-33.wav	24	4.2925	4.5125
sub-05	2	34	caw	sub-05_run-02_trial-34.wav	1	0.2725	0.4125
sub-05	2	34	caw	sub-05_run-02_trial-34.wav	2	0.4125	0.5125
sub-05	2	34	caw	sub-05_run-02_trial-34.wav	3	0.5725	0.6925
sub-05	2	34	caw	sub-05_run-02_trial-34.wav	4	0.6925	0.8525
sub-05	2	34	caw	sub-05_run-02_trial-34.wav	5	0.8525	1.0125
sub-05	2	34	caw	sub-05_run-02_trial-34.wav	6	1.0125	1.1725
sub-05	2	34	caw	sub-05_run-02_trial-34.wav	7	1.1725	1.3525
sub-05	2	34	caw	sub-05_run-02_trial-34.wav	8	1.3525	1.4925
sub-05	2	34	caw	sub-05_run-02_trial-34.wav	9	1.4925	1.6925
sub-05	2	34	caw	sub-05_run-02_trial-34.wav	10	1.6925	1.8325
sub-05	2	34	caw	sub-05_run-02_trial-34.wav	11	1.8725	1.9925
sub-05	2	34	caw	sub-05_run-02_trial-34.wav	12	2.0325	2.1525
sub-05	2	34	caw	sub-05_run-02_trial-34.wav	13	2.2125	2.3525
sub-05	2	34	caw	sub-05_run-02_trial-34.wav	14	2.4125	2.5325
sub-05	2	34	caw	sub-05_run-02_trial-34.wav	15	2.5725	2.7325
sub-05	2	34	caw	sub-05_run-02_trial-34.wav	16	2.7325	2.8925
sub-05	2	34	caw	sub-05_run-02_trial-34.wav	17	2.8925	3.0525
sub-05	2	34	caw	sub-05_run-02_trial-34.wav	18	3.0525	3.2125
sub-05	2	34	caw	sub-05_run-02_trial-34.wav	19	3.2725	3.3925
sub-05	2	34	caw	sub-05_run-02_trial-34.wav	20	3.4525	3.5725
sub-05	2	34	caw	sub-05_run-02_trial-34.wav	21	3.5725	3.7725
sub-05	2	34	caw	sub-05_run-02_trial-34.wav	22	3.7725	3.9125
sub-05	2	34	caw	sub-05_run-02_trial-34.wav	23	3.9525	4.0925
sub-05	2	34	caw	sub-05_run-02_trial-34.wav	24	4.0925	4.2925
sub-05	2	34	caw	sub-05_run-02_trial-34.wav	25	4.2925	4.4725
sub-05	2	35	ther	sub-05_run-02_trial-35.wav	1	0.0925	0.2725
sub-05	2	35	ther	sub-05_run-02_trial-35.wav	2	0.2725	0.4925
sub-05	2	35	ther	sub-05_run-02_trial-35.wav	3	0.4925	0.6925
sub-05	2	35	ther	sub-05_run-02_trial-35.wav	4	0.6925	0.8525
sub-05	2	35	ther	sub-05_run-02_trial-35.wav	5	0.8525	1.0725
sub-05	2	35	ther	sub-05_run-02_trial-35.wav	6	1.0725	1.2325
sub-05	2	35	ther	sub-05_run-02_trial-35.wav	7	1.2925	1.4525
sub-05	2	35	ther	sub-05_run-02_trial-35.wav	8	1.4525	1.6725
sub-05	2	35	ther	sub-05_run-02_trial-35.wav	9	1.6725	1.8925
sub-05	2	35	ther	sub-05_run-02_trial-35.wav	10	1.8925	2.1125
sub-05	2	35	ther	sub-05_run-02_trial-35.wav	11	2.1925	2.3525
sub-05	2	35	ther	sub-05_run-02_trial-35.wav	12	2.4325	2.5725
sub-05	2	35	ther	sub-05_run-02_trial-35.wav	13	2.6525	2.7725
sub-05	2	35	ther	sub-05_run-02_trial-35.wav	14	2.8325	2.9925
sub-05	2	35	ther	sub-05_run-02_trial-35.wav	15	3.0525	3.1725
sub-05	2	35	ther	sub-05_run-02_trial-35.wav	16	3.2525	3.3925
sub-05	2	35	ther	sub-05_run-02_trial-35.wav	17	3.4725	3.6125
sub-05	2	35	ther	sub-05_run-02_trial-35.wav	18	3.6925	3.8325
sub-05	2	35	ther	sub-05_run-02_trial-35.wav	19	3.8925	4.0325
sub-05	2	35	ther	sub-05_run-02_trial-35.wav	20	4.0925	4.2525
sub-05	2	35	ther	sub-05_run-02_trial-35.wav	21	4.3125	4.5125
sub-05	2	36	pot	sub-05_run-02_trial-36.wav	1	0.2525	0.4125
sub-05	2	36	pot	sub-05_run-02_trial-36.wav	2	0.4125	0.5725
sub-05	2	36	pot	sub-05_run-02_trial-36.wav	3	0.5725	0.7525
sub-05	2	36	pot	sub-05_run-02_trial-36.wav	4	0.7525	0.9325
sub-05	2	36	pot	sub-05_run-02_trial-36.wav	5	0.9325	1.0925
sub-05	2	36	pot	sub-05_run-02_trial-36.wav	6	1.0925	1.2925
sub-05	2	36	pot	sub-05_run-02_trial-36.wav	7	1.2925	1.4725
sub-05	2	36	pot	sub-05_run-02_trial-36.wav	8	1.4725	1.5725
sub-05	2	36	pot	sub-05_run-02_trial-36.wav	9	1.6725	1.8525
sub-05	2	36	pot	sub-05_run-02_trial-36.wav	10	1.8525	2.0325
sub-05	2	36	pot	sub-05_run-02_trial-36.wav	11	2.0325	2.2325
sub-05	2	36	pot	sub-05_run-02_trial-36.wav	12	2.2325	2.4125
sub-05	2	36	pot	sub-05_run-02_trial-36.wav	13	2.4125	2.5925
sub-05	2	36	pot	sub-05_run-02_trial-36.wav	14	2.5925	2.7925
sub-05	2	36	pot	sub-05_run-02_trial-36.wav	15	2.7925	2.9725
sub-05	2	36	pot	sub-05_run-02_trial-36.wav	16	2.9725	3.1525
sub-05	2	36	pot	sub-05_run-02_trial-36.wav	17	3.1525	3.3525
sub-05	2	36	pot	sub-05_run-02_trial-36.wav	18	3.3525	3.5525
sub-05	2	36	pot	sub-05_run-02_trial-36.wav	19	3.5525	3.7725
sub-05	2	36	pot	sub-05_run-02_trial-36.wav	20	3.7725	3.9725
sub-05	2	36	pot	sub-05_run-02_trial-36.wav	21	3.9725	4.1725
sub-05	2	36	pot	sub-05_run-02_trial-36.wav	22	4.1725	4.3725
sub-05	2	36	pot	sub-05_run-02_trial-36.wav	23	4.3725	4.4725
sub-05	2	37	pro	sub-05_run-02_trial-37.wav	1	0.3125	0.4325
sub-05	2	37	pro	sub-05_run-02_trial-37.wav	2	0.4925	0.6725
sub-05	2	37	pro	sub-05_run-02_trial-37.wav	3	0.6725	0.8325
sub-05	2	37	pro	sub-05_run-02_trial-37.wav	4	0.8325	0.9925
sub-05	2	37	pro	sub-05_run-02_trial-37.wav	5	0.9925	1.1725
sub-05	2	37	pro	sub-05_run-02_trial-37.wav	6	1.1725	1.3525
sub-05	2	37	pro	sub-05_run-02_trial-37.wav	7	1.3525	1.5125
sub-05	2	37	pro	sub-05_run-02_trial-37.wav	8	1.5125	1.6925
sub-05	2	37	pro	sub-05_run-02_trial-37.wav	9	1.6925	1.8725
sub-05	2	37	pro	sub-05_run-02_trial-37.wav	10	1.8725	2.0725
sub-05	2	37	pro	sub-05_run-02_trial-37.wav	11	2.0725	2.2525
sub-05	2	37	pro	sub-05_run-02_trial-37.wav	12	2.2525	2.4525
sub-05	2	37	pro	sub-05_run-02_trial-37.wav	13	2.4525	2.6125
sub-05	2	37	pro	sub-05_run-02_trial-37.wav	14	2.6125	2.7925
sub-05	2	37	pro	sub-05_run-02_trial-37.wav	15	2.7925	2.9925
sub-05	2	37	pro	sub-05_run-02_trial-37.wav	16	2.9925	3.1725
sub-05	2	37	pro	sub-05_run-02_trial-37.wav	17	3.1725	3.3725
sub-05	2	37	pro	sub-05_run-02_trial-37.wav	18	3.3725	3.5325
sub-05	2	37	pro	sub-05_run-02_trial-37.wav	19	3.5325	3.7325
sub-05	2	37	pro	sub-05_run-02_trial-37.wav	20	3.7325	3.9125
sub-05	2	37	pro	sub-05_run-02_trial-37.wav	21	3.9125	4.0925
sub-05	2	37	pro	sub-05_run-02_trial-37.wav	22	4.0925	4.2725
sub-05	2	37	pro	sub-05_run-02_trial-37.wav	23	4.2725	4.5325
sub-05	2	37	pro	sub-05_run-02_trial-37.wav	24	4.5325	4.6725
sub-05	2	37	pro	sub-05_run-02_trial-37.wav	25	4.6725	4.8325
sub-05	2	38	three	sub-05_run-02_trial-38.wav	1	0.1125	0.2325
sub-05	2	38	three	sub-05_run-02_trial-38.wav	2	0.2325	0.4325
sub-05	2	38	three	sub-05_run-02_trial-38.wav	3	0.4325	0.6125
sub-05	2	38	three	sub-05_run-02_trial-38.wav	4	0.6925	0.9325
sub-05	2	38	three	sub-05_run-02_trial-38.wav	5	0.9325	1.0925
sub-05	2	38	three	sub-05_run-02_trial-38.wav	6	1.0925	1.2925
sub-05	2	38	three	sub-05_run-02_trial-38.wav	7	1.3325	1.5125
sub-05	2	38	three	sub-05_run-02_trial-38.wav	8	1.5125	1.7325
sub-05	2	38	three	sub-05_run-02_trial-38.wav	9	1.7325	1.9125
sub-05	2	38	three	sub-05_run-02_trial-38.wav	10	1.9125	2.0125
sub-05	2	38	three	sub-05_run-02_trial-38.wav	11	2.0125	2.1325
sub-05	2	38	three	sub-05_run-02_trial-38.wav	12	2.2325	2.3725
sub-05	2	38	three	sub-05_run-02_trial-38.wav	13	2.3725	2.5925
sub-05	2	38	three	sub-05_run-02_trial-38.wav	14	2.5925	2.8125
sub-05	2	38	three	sub-05_run-02_trial-38.wav	15	2.8125	3.0925
sub-05	2	38	three	sub-05_run-02_trial-38.wav	16	3.0925	3.2525
sub-05	2	38	three	sub-05_run-02_trial-38.wav	17	3.2525	3.4725
sub-05	2	38	three	sub-05_run-02_trial-38.wav	18	3.4725	3.7125
sub-05	2	38	three	sub-05_run-02_trial-38.wav	19	3.7125	3.7925
sub-05	2	38	three	sub-05_run-02_trial-38.wav	20	3.7925	4.0325
sub-05	2	38	three	sub-05_run-02_trial-38.wav	21	4.0325	4.1925
sub-05	2	38	three	sub-05_run-02_trial-38.wav	22	4.1925	4.4125
sub-05	2	38	three	sub-05_run-02_trial-38.wav	23	4.4125	4.5325
sub-05	2	39	less	sub-05_run-02_trial-39.wav	1	0.1725	0.3325
sub-05	2	39	less	sub-05_run-02_trial-39.wav	2	0.3325	0.4925
sub-05	2	39	less	sub-05_run-02_trial-39.wav	3	0.4925	0.6525
sub-05	2	39	less	sub-05_run-02_trial-39.wav	4	0.6525	0.7325
sub-05	2	39	less	sub-05_run-02_trial-39.wav	5	0.7325	0.8125
sub-05	2	39	less	sub-05_run-02_trial-39.wav	6	0.8125	0.9125
sub-05	2	39	less	sub-05_run-02_trial-39.wav	7	0.9125	1.0125
sub-05	2	39	less	sub-05_run-02_trial-39.wav	8	1.0125	1.2125
sub-05	2	39	less	sub-05_run-02_trial-39.wav	9	1.2125	1.2925
sub-05	2	39	less	sub-05_run-02_trial-39.wav	10	1.2925	1.3925
sub-05	2	39	less	sub-05_run-02_trial-39.wav	11	1.3925	1.5925
sub-05	2	39	less	sub-05_run-02_trial-39.wav	12	1.5925	1.7925
sub-05	2	39	less	sub-05_run-02_trial-39.wav	13	1.7925	1.9725
sub-05	2	39	less	sub-05_run-02_trial-39.wav	14	1.9725	2.1525
sub-05	2	39	less	sub-05_run-02_trial-39.wav	15	2.1525	2.2325
sub-05	2	39	less	sub-05_run-02_trial-39.wav	16	2.2325	2.3325
sub-05	2	39	less	sub-05_run-02_trial-39.wav	17	2.3325	2.4125
sub-05	2	39	less	sub-05_run-02_trial-39.wav	18	2.4125	2.5125
sub-05	2	39	less	sub-05_run-02_trial-39.wav	19	2.5125	2.6125
sub-05	2	39	less	sub-05_run-02_trial-39.wav	20	2.6125	2.6925
sub-05	2	39	less	sub-05_run-02_trial-39.wav	21	2.6925	2.8725
sub-05	2	39	less	sub-05_run-02_trial-39.wav	22	2.8725	3.0525
sub-05	2	39	less	sub-05_run-02_trial-39.wav	23	3.0525	3.2525
sub-05	2	39	less	sub-05_run-02_trial-39.wav	24	3.2525	3.4525
sub-05	2	39	less	sub-05_run-02_trial-39.wav	25	3.4525	3.6725
sub-05	2	39	less	sub-05_run-02_trial-39.wav	26	3.6725	3.8525
sub-05	2	39	less	sub-05_run-02_trial-39.wav	27	3.8525	4.0525
sub-05	2	39	less	sub-05_run-02_trial-39.wav	28	4.0525	4.2525
sub-05	2	39	less	sub-05_run-02_trial-39.wav	29	4.2525	4.4525
sub-05	2	39	less	sub-05_run-02_trial-39.wav	30	4.4525	4.9716
sub-05	2	40	thieves	sub-05_run-02_trial-40.wav	1	0.1325	0.4125
sub-05	2	40	thieves	sub-05_run-02_trial-40.wav	2	0.4125	0.6525
sub-05	2	40	thieves	sub-05_run-02_trial-40.wav	3	0.6525	0.9325
sub-05	2	40	thieves	sub-05_run-02_trial-40.wav	4	0.9325	1.2125
sub-05	2	40	thieves	sub-05_run-02_trial-40.wav	5	1.2125	1.6125
sub-05	2	40	thieves	sub-05_run-02_trial-40.wav	6	1.6125	2.0125
sub-05	2	40	thieves	sub-05_run-02_trial-40.wav	7	2.0125	2.3725
sub-05	2	40	thieves	sub-05_run-02_trial-40.wav	8	2.3725	2.4725
sub-05	2	40	thieves	sub-05_run-02_trial-40.wav	9	2.5725	2.7325
sub-05	2	40	thieves	sub-05_run-02_trial-40.wav	10	2.7325	3.0525
sub-05	2	40	thieves	sub-05_run-02_trial-40.wav	11	3.0525	3.5325
sub-05	2	40	thieves	sub-05_run-02_trial-40.wav	12	3.5325	3.7325
sub-05	2	40	thieves	sub-05_run-02_trial-40.wav	13	3.8525	4.0525
sub-05	2	40	thieves	sub-05_run-02_trial-40.wav	14	4.0525	4.9716
sub-05	2	41	ter	sub-05_run-02_trial-41.wav	1	0.2525	0.3725
sub-05	2	41	ter	sub-05_run-02_trial-41.wav	2	0.3725	0.4725
sub-05	2	41	ter	sub-05_run-02_trial-41.wav	3	0.5325	0.6525
sub-05	2	41	ter	sub-05_run-02_trial-41.wav	4	0.6525	0.7725
sub-05	2	41	ter	sub-05_run-02_trial-41.wav	5	0.7725	0.9325
sub-05	2	41	ter	sub-05_run-02_trial-41.wav	6	0.9325	1.0325
sub-05	2	41	ter	sub-05_run-02_trial-41.wav	7	1.0925	1.1925
sub-05	2	41	ter	sub-05_run-02_trial-41.wav	8	1.2525	1.3725
sub-05	2	41	ter	sub-05_run-02_trial-41.wav	9	1.3725	1.5325
sub-05	2	41	ter	sub-05_run-02_trial-41.wav	10	1.5325	1.6525
sub-05	2	41	ter	sub-05_run-02_trial-41.wav	11	1.7125	1.8325
sub-05	2	41	ter	sub-05_run-02_trial-41.wav	12	1.8925	2.0125
sub-05	2	41	ter	sub-05_run-02_trial-41.wav	13	2.0125	2.1925
sub-05	2	41	ter	sub-05_run-02_trial-41.wav	14	2.2325	2.3725
sub-05	2	41	ter	sub-05_run-02_trial-41.wav	15	2.3725	2.5325
sub-05	2	41	ter	sub-05_run-02_trial-41.wav	16	2.5325	2.6725
sub-05	2	41	ter	sub-05_run-02_trial-41.wav	17	2.7325	2.8525
sub-05	2	41	ter	sub-05_run-02_trial-41.wav	18	2.9125	3.0125
sub-05	2	41	ter	sub-05_run-02_trial-41.wav	19	3.0725	3.1925
sub-05	2	41	ter	sub-05_run-02_trial-41.wav	20	3.2325	3.3325
sub-05	2	41	ter	sub-05_run-02_trial-41.wav	21	3.3925	3.4925
sub-05	2	41	ter	sub-05_run-02_trial-41.wav	22	3.5525	3.6525
sub-05	2	41	ter	sub-05_run-02_trial-41.wav	23	3.7125	3.8325
sub-05	2	41	ter	sub-05_run-02_trial-41.wav	24	3.8925	3.9925
sub-05	2	41	ter	sub-05_run-02_trial-41.wav	25	4.0525	4.1725
sub-05	2	41	ter	sub-05_run-02_trial-41.wav	26	4.2125	4.3325
sub-05	2	41	ter	sub-05_run-02_trial-41.wav	27	4.3325	4.6325
sub-05	2	42	day	sub-05_run-02_trial-42.wav	1	0.4725	0.6125
sub-05	2	42	day	sub-05_run-02_trial-42.wav	2	0.6125	0.7325
sub-05	2	42	day	sub-05_run-02_trial-42.wav	3	0.7325	0.8925
sub-05	2	42	day	sub-05_run-02_trial-42.wav	4	0.8925	1.0525
sub-05	2	42	day	sub-05_run-02_trial-42.wav	5	1.0525	1.2125
sub-05	2	42	day	sub-05_run-02_trial-42.wav	6	1.2125	1.3725
sub-05	2	42	day	sub-05_run-02_trial-42.wav	7	1.3725	1.5325
sub-05	2	42	day	sub-05_run-02_trial-42.wav	8	1.5325	1.7325
sub-05	2	42	day	sub-05_run-02_trial-42.wav	9	1.7325	1.8925
sub-05	2	42	day	sub-05_run-02_trial-42.wav	10	1.8925	2.0525
sub-05	2	42	day	sub-05_run-02_trial-42.wav	11	2.0525	2.2125
sub-05	2	42	day	sub-05_run-02_trial-42.wav	12	2.2125	2.3725
sub-05	2	42	day	sub-05_run-02_trial-42.wav	13	2.3725	2.5725
sub-05	2	42	day	sub-05_run-02_trial-42.wav	14	2.5725	2.7325
sub-05	2	42	day	sub-05_run-02_trial-42.wav	15	2.7325	2.8925
sub-05	2	42	day	sub-05_run-02_trial-42.wav	16	2.8925	3.0525
sub-05	2	42	day	sub-05_run-02_trial-42.wav	17	3.0525	3.2525
sub-05	2	42	day	sub-05_run-02_trial-42.wav	18	3.2525	3.4125
sub-05	2	42	day	sub-05_run-02_trial-42.wav	19	3.4125	3.5725
sub-05	2	42	day	sub-05_run-02_trial-42.wav	20	3.5725	3.7725
sub-05	2	42	day	sub-05_run-02_trial-42.wav	21	3.7725	3.9325
sub-05	2	42	day	sub-05_run-02_trial-42.wav	22	3.9325	4.1325
sub-05	2	42	day	sub-05_run-02_trial-42.wav	23	4.1325	4.3325
sub-05	2	42	day	sub-05_run-02_trial-42.wav	24	4.3325	4.6525
sub-05	3	1	juh	sub-05_run-03_trial-01.wav	1	0.3325	0.4925
sub-05	3	1	juh	sub-05_run-03_trial-01.wav	2	0.4925	0.6325
sub-05	3	1	juh	sub-05_run-03_trial-01.wav	3	0.6325	0.7725
sub-05	3	1	juh	sub-05_run-03_trial-01.wav	4	0.7725	0.9325
sub-05	3	1	juh	sub-05_run-03_trial-01.wav	5	0.9325	1.0725
sub-05	3	1	juh	sub-05_run-03_trial-01.wav	6	1.0725	1.2325
sub-05	3	1	juh	sub-05_run-03_trial-01.wav	7	1.2325	1.3925
sub-05	3	1	juh	sub-05_run-03_trial-01.wav	8	1.3925	1.5325
sub-05	3	1	juh	sub-05_run-03_trial-01.wav	9	1.5325	1.6925
sub-05	3	1	juh	sub-05_run-03_trial-01.wav	10	1.6925	1.8525
sub-05	3	1	juh	sub-05_run-03_trial-01.wav	11	1.8525	1.9925
sub-05	3	1	juh	sub-05_run-03_trial-01.wav	12	1.9925	2.1725
sub-05	3	1	juh	sub-05_run-03_trial-01.wav	13	2.1725	2.3325
sub-05	3	1	juh	sub-05_run-03_trial-01.wav	14	2.3325	2.5125
sub-05	3	1	juh	sub-05_run-03_trial-01.wav	15	2.5125	2.6725
sub-05	3	1	juh	sub-05_run-03_trial-01.wav	16	2.6725	2.8525
sub-05	3	1	juh	sub-05_run-03_trial-01.wav	17	2.8525	3.0325
sub-05	3	1	juh	sub-05_run-03_trial-01.wav	18	3.0325	3.1925
sub-05	3	1	juh	sub-05_run-03_trial-01.wav	19	3.1925	3.3525
sub-05	3	1	juh	sub-05_run-03_trial-01.wav	20	3.3525	3.5325
sub-05	3	1	juh	sub-05_run-03_trial-01.wav	21	3.5325	3.6925
sub-05	3	1	juh	sub-05_run-03_trial-01.wav	22	3.6925	3.8525
sub-05	3	1	juh	sub-05_run-03_trial-01.wav	23	3.8525	4.0325
sub-05	3	1	juh	sub-05_run-03_trial-01.wav	24	4.0325	4.2125
sub-05	3	1	juh	sub-05_run-03_trial-01.wav	25	4.2125	4.3725
sub-05	3	1	juh	sub-05_run-03_trial-01.wav	26	4.3725	4.6125
sub-05	3	2	per	sub-05_run-03_trial-02.wav	1	0.4125	0.4925
sub-05	3	2	per	sub-05_run-03_trial-02.wav	2	0.5525	0.6325
sub-05	3	2	per	sub-05_run-03_trial-02.wav	3	0.6925	0.8525
sub-05	3	2	per	sub-05_run-03_trial-02.wav	4	0.8525	1.0325
sub-05	3	2	per	sub-05_run-03_trial-02.wav	5	1.0325	1.1125
sub-05	3	2	per	sub-05_run-03_trial-02.wav	6	1.1925	1.3725
sub-05	3	2	per	sub-05_run-03_trial-02.wav	7	1.3725	1.5525
sub-05	3	2	per	sub-05_run-03_trial-02.wav	8	1.5525	1.7125
sub-05	3	2	per	sub-05_run-03_trial-02.wav	9	1.7125	1.8125
sub-05	3	2	per	sub-05_run-03_trial-02.wav	10	1.8925	2.0725
sub-05	3	2	per	sub-05_run-03_trial-02.wav	11	2.0725	2.1525
sub-05	3	2	per	sub-05_run-03_trial-02.wav	12	2.2325	2.4125
sub-05	3	2	per	sub-05_run-03_trial-02.wav	13	2.4125	2.5725
sub-05	3	2	per	sub-05_run-03_trial-02.wav	14	2.5725	2.7325
sub-05	3	2	per	sub-05_run-03_trial-02.wav	15	2.7325	2.9125
sub-05	3	2	per	sub-05_run-03_trial-02.wav	16	2.9125	3.0925
sub-05	3	2	per	sub-05_run-03_trial-02.wav	17	3.0925	3.2525
sub-05	3	2	per	sub-05_run-03_trial-02.wav	18	3.2525	3.4525
sub-05	3	2	per	sub-05_run-03_trial-02.wav	19	3.4525	3.6325
sub-05	3	2	per	sub-05_run-03_trial-02.wav	20	3.6325	3.8125
sub-05	3	2	per	sub-05_run-03_trial-02.wav	21	3.8125	3.9725
sub-05	3	2	per	sub-05_run-03_trial-02.wav	22	3.9725	4.1525
sub-05	3	2	per	sub-05_run-03_trial-02.wav	23	4.1525	4.2525
sub-05	3	2	per	sub-05_run-03_trial-02.wav	24	4.3325	4.4925
sub-05	3	2	per	sub-05_run-03_trial-02.wav	25	4.4925	4.6925
sub-05	3	3	jin	sub-05_run-03_trial-03.wav	1	0.3125	0.4525
sub-05	3	3	jin	sub-05_run-03_trial-03.wav	2	0.4525	0.6325
sub-05	3	3	jin	sub-05_run-03_trial-03.wav	3	0.6325	0.7925
sub-05	3	3	jin	sub-05_run-03_trial-03.wav	4	0.7925	0.9725
sub-05	3	3	jin	sub-05_run-03_trial-03.wav	5	0.9725	1.1525
sub-05	3	3	jin	sub-05_run-03_trial-03.wav	6	1.1525	1.3325
sub-05	3	3	jin	sub-05_run-03_trial-03.wav	7	1.3325	1.4925
sub-05	3	3	jin	sub-05_run-03_trial-03.wav	8	1.4925	1.6725
sub-05	3	3	jin	sub-05_run-03_trial-03.wav	9	1.6725	1.8525
sub-05	3	3	jin	sub-05_run-03_trial-03.wav	10	1.8525	2.0325
sub-05	3	3	jin	sub-05_run-03_trial-03.wav	11	2.0325	2.2125
sub-05	3	3	jin	sub-05_run-03_trial-03.wav	12	2.2125	2.4125
sub-05	3	3	jin	sub-05_run-03_trial-03.wav	13	2.4125	2.5925
sub-05	3	3	jin	sub-05_run-03_trial-03.wav	14	2.5925	2.7525
sub-05	3	3	jin	sub-05_run-03_trial-03.wav	15	2.7525	2.9325
sub-05	3	3	jin	sub-05_run-03_trial-03.wav	16	2.9325	3.0925
sub-05	3	3	jin	sub-05_run-03_trial-03.wav	17	3.0925	3.2725
sub-05	3	3	jin	sub-05_run-03_trial-03.wav	18	3.2725	3.4525
sub-05	3	3	jin	sub-05_run-03_trial-03.wav	19	3.4525	3.6525
sub-05	3	3	jin	sub-05_run-03_trial-03.wav	20	3.6525	3.8125
sub-05	3	3	jin	sub-05_run-03_trial-03.wav	21	3.8125	3.9925
sub-05	3	3	jin	sub-05_run-03_trial-03.wav	22	3.9925	4.1525
sub-05	3	3	jin	sub-05_run-03_trial-03.wav	23	4.1525	4.3325
sub-05	3	3	jin	sub-05_run-03_trial-03.wav	24	4.3325	4.5725
sub-05	3	4	imah	sub-05_run-03_trial-04.wav	1	0.2525	0.5325
sub-05	3	4	imah	sub-05_run-03_trial-04.wav	2	0.5325	0.7525
sub-05	3	4	imah	sub-05_run-03_trial-04.wav	3	0.7525	1.0125
sub-05	3	4	imah	sub-05_run-03_trial-04.wav	4	1.0125	1.2525
sub-05	3	4	imah	sub-05_run-03_trial-04.wav	5	1.2525	1.5525
sub-05	3	4	imah	sub-05_run-03_trial-04.wav	6	1.5525	2.0125
sub-05	3	4	imah	sub-05_run-03_trial-04.wav	7	2.0125	2.2925
sub-05	3	4	imah	sub-05_run-03_trial-04.wav	8	2.2925	2.5525
sub-05	3	4	imah	sub-05_run-03_trial-04.wav	9	2.5525	2.8925
sub-05	3	4	imah	sub-05_run-03_trial-04.wav	10	2.8925	3.1525
sub-05	3	4	imah	sub-05_run-03_trial-04.wav	11	3.1525	3.4925
sub-05	3	4	imah	sub-05_run-03_trial-04.wav	12	3.4925	3.8525
sub-05	3	4	imah	sub-05_run-03_trial-04.wav	13	3.8525	4.1725
sub-05	3	4	imah	sub-05_run-03_trial-04.wav	14	4.1725	4.4925
sub-05	3	5	less	sub-05_run-03_trial-05.wav	1	0.2725	0.3925
sub-05	3	5	less	sub-05_run-03_trial-05.wav	2	0.3925	0.5725
sub-05	3	5	less	sub-05_run-03_trial-05.wav	3	0.5725	0.6525
sub-05	3	5	less	sub-05_run-03_trial-05.wav	4	0.6525	0.7525
sub-05	3	5	less	sub-05_run-03_trial-05.wav	5	0.7525	0.9325
sub-05	3	5	less	sub-05_run-03_trial-05.wav	6	0.9325	1.1325
sub-05	3	5	less	sub-05_run-03_trial-05.wav	7	1.1325	1.2325
sub-05	3	5	less	sub-05_run-03_trial-05.wav	8	1.2325	1.3525
sub-05	3	5	less	sub-05_run-03_trial-05.wav	9	1.3525	1.5525
sub-05	3	5	less	sub-05_run-03_trial-05.wav	10	1.5525	1.6325
sub-05	3	5	less	sub-05_run-03_trial-05.wav	11	1.6325	1.7525
sub-05	3	5	less	sub-05_run-03_trial-05.wav	12	1.7525	1.8925
sub-05	3	5	less	sub-05_run-03_trial-05.wav	13	1.8925	2.0325
sub-05	3	5	less	sub-05_run-03_trial-05.wav	14	2.0325	2.1725
sub-05	3	5	less	sub-05_run-03_trial-05.wav	15	2.1725	2.2925
sub-05	3	5	less	sub-05_run-03_trial-05.wav	16	2.2925	2.4325
sub-05	3	5	less	sub-05_run-03_trial-05.wav	17	2.4325	2.5525
sub-05	3	5	less	sub-05_run-03_trial-05.wav	18	2.5525	2.7525
sub-05	3	5	less	sub-05_run-03_trial-05.wav	19	2.7525	2.9525
sub-05	3	5	less	sub-05_run-03_trial-05.wav	20	2.9525	3.1325
sub-05	3	5	less	sub-05_run-03_trial-05.wav	21	3.1325	3.3125
sub-05	3	5	less	sub-05_run-03_trial-05.wav	22	3.3125	3.4925
sub-05	3	5	less	sub-05_run-03_trial-05.wav	23	3.4925	3.6925
sub-05	3	5	less	sub-05_run-03_trial-05.wav	24	3.6925	3.8925
sub-05	3	5	less	sub-05_run-03_trial-05.wav	25	3.8925	3.9725
sub-05	3	5	less	sub-05_run-03_trial-05.wav	26	3.9725	4.0525
sub-05	3	5	less	sub-05_run-03_trial-05.wav	27	4.0525	4.2525
sub-05	3	5	less	sub-05_run-03_trial-05.wav	28	4.2525	4.4725
sub-05	3	5	less	sub-05_run-03_trial-05.wav	29	4.4725	4.9974
sub-05	3	6	ver	sub-05_run-03_trial-06.wav	1	0.2525	0.4125
sub-05	3	6	ver	sub-05_run-03_trial-06.wav	2	0.4125	0.5325
sub-05	3	6	ver	sub-05_run-03_trial-06.wav	3	0.5325	0.7125
sub-05	3	6	ver	sub-05_run-03_trial-06.wav	4	0.7125	0.8925
sub-05	3	6	ver	sub-05_run-03_trial-06.wav	5	0.8925	1.0525
sub-05	3	6	ver	sub-05_run-03_trial-06.wav	6	1.0525	1.2125
sub-05	3	6	ver	sub-05_run-03_trial-06.wav	7	1.2125	1.3925
sub-05	3	6	ver	sub-05_run-03_trial-06.wav	8	1.3925	1.5925
sub-05	3	6	ver	sub-05_run-03_trial-06.wav	9	1.5925	1.7925
sub-05	3	6	ver	sub-05_run-03_trial-06.wav	10	1.7925	1.9725
sub-05	3	6	ver	sub-05_run-03_trial-06.wav	11	1.9725	2.1525
sub-05	3	6	ver	sub-05_run-03_trial-06.wav	12	2.1525	2.3325
sub-05	3	6	ver	sub-05_run-03_trial-06.wav	13	2.3325	2.4925
sub-05	3	6	ver	sub-05_run-03_trial-06.wav	14	2.4925	2.7125
sub-05	3	6	ver	sub-05_run-03_trial-06.wav	15	2.7125	2.9125
sub-05	3	6	ver	sub-05_run-03_trial-06.wav	16	2.9125	3.1125
sub-05	3	6	ver	sub-05_run-03_trial-06.wav	17	3.1125	3.2925
sub-05	3	6	ver	sub-05_run-03_trial-06.wav	18	3.2925	3.4525
sub-05	3	6	ver	sub-05_run-03_trial-06.wav	19	3.4525	3.6525
sub-05	3	6	ver	sub-05_run-03_trial-06.wav	20	3.6525	3.8125
sub-05	3	6	ver	sub-05_run-03_trial-06.wav	21	3.8125	3.9925
sub-05	3	6	ver	sub-05_run-03_trial-06.wav	22	3.9925	4.1725
sub-05	3	6	ver	sub-05_run-03_trial-06.wav	23	4.1725	4.3525
sub-05	3	6	ver	sub-05_run-03_trial-06.wav	24	4.3525	4.4525
sub-05	3	7	jur	sub-05_run-03_trial-07.wav	1	0.4125	0.5725
sub-05	3	7	jur	sub-05_run-03_trial-07.wav	2	0.5725	0.6925
sub-05	3	7	jur	sub-05_run-03_trial-07.wav	3	0.6925	0.8525
sub-05	3	7	jur	sub-05_run-03_trial-07.wav	4	0.8525	1.0125
sub-05	3	7	jur	sub-05_run-03_trial-07.wav	5	1.0125	1.1725
sub-05	3	7	jur	sub-05_run-03_trial-07.wav	6	1.2325	1.3325
sub-05	3	7	jur	sub-05_run-03_trial-07.wav	7	1.3925	1.4925
sub-05	3	7	jur	sub-05_run-03_trial-07.wav	8	1.4925	1.6925
sub-05	3	7	jur	sub-05_run-03_trial-07.wav	9	1.6925	1.8725
sub-05	3	7	jur	sub-05_run-03_trial-07.wav	10	1.9325	2.0525
sub-05	3	7	jur	sub-05_run-03_trial-07.wav	11	2.0525	2.2125
sub-05	3	7	jur	sub-05_run-03_trial-07.wav	12	2.2125	2.3925
sub-05	3	7	jur	sub-05_run-03_trial-07.wav	13	2.3925	2.5725
sub-05	3	7	jur	sub-05_run-03_trial-07.wav	14	2.6325	2.7525
sub-05	3	7	jur	sub-05_run-03_trial-07.wav	15	2.8125	2.9525
sub-05	3	7	jur	sub-05_run-03_trial-07.wav	16	3.0125	3.1525
sub-05	3	7	jur	sub-05_run-03_trial-07.wav	17	3.1925	3.3525
sub-05	3	7	jur	sub-05_run-03_trial-07.wav	18	3.3525	3.5725
sub-05	3	7	jur	sub-05_run-03_trial-07.wav	19	3.5725	3.7725
sub-05	3	7	jur	sub-05_run-03_trial-07.wav	20	3.8325	3.9725
sub-05	3	7	jur	sub-05_run-03_trial-07.wav	21	4.0125	4.1525
sub-05	3	7	jur	sub-05_run-03_trial-07.wav	22	4.2125	4.3525
sub-05	3	7	jur	sub-05_run-03_trial-07.wav	23	4.4125	4.6925
sub-05	3	8	pie	sub-05_run-03_trial-08.wav	1	0.4325	0.5725
sub-05	3	8	pie	sub-05_run-03_trial-08.wav	2	0.5725	0.6925
sub-05	3	8	pie	sub-05_run-03_trial-08.wav	3	0.7525	0.8525
sub-05	3	8	pie	sub-05_run-03_trial-08.wav	4	0.9125	1.0125
sub-05	3	8	pie	sub-05_run-03_trial-08.wav	5	1.0725	1.1725
sub-05	3	8	pie	sub-05_run-03_trial-08.wav	6	1.2525	1.3525
sub-05	3	8	pie	sub-05_run-03_trial-08.wav	7	1.4325	1.5125
sub-05	3	8	pie	sub-05_run-03_trial-08.wav	8	1.5925	1.6925
sub-05	3	8	pie	sub-05_run-03_trial-08.wav	9	1.7525	1.8525
sub-05	3	8	pie	sub-05_run-03_trial-08.wav	10	1.9325	2.0525
sub-05	3	8	pie	sub-05_run-03_trial-08.wav	11	2.1125	2.2325
sub-05	3	8	pie	sub-05_run-03_trial-08.wav	12	2.2925	2.4125
sub-05	3	8	pie	sub-05_run-03_trial-08.wav	13	2.4925	2.5925
sub-05	3	8	pie	sub-05_run-03_trial-08.wav	14	2.6725	2.7525
sub-05	3	8	pie	sub-05_run-03_trial-08.wav	15	2.8325	2.9525
sub-05	3	8	pie	sub-05_run-03_trial-08.wav	16	3.0325	3.1325
sub-05	3	8	pie	sub-05_run-03_trial-08.wav	17	3.1925	3.2925
sub-05	3	8	pie	sub-05_run-03_trial-08.wav	18	3.3925	3.4925
sub-05	3	8	pie	sub-05_run-03_trial-08.wav	19	3.5725	3.6525
sub-05	3	8	pie	sub-05_run-03_trial-08.wav	20	3.7325	3.8325
sub-05	3	8	pie	sub-05_run-03_trial-08.wav	21	3.9125	4.0125
sub-05	3	8	pie	sub-05_run-03_trial-08.wav	22	4.0925	4.1925
sub-05	3	8	pie	sub-05_run-03_trial-08.wav	23	4.2725	4.4725
sub-05	3	9	pi	sub-05_run-03_trial-09.wav	1	0.3125	0.4125
sub-05	3	9	pi	sub-05_run-03_trial-09.wav	2	0.4125	0.5125
sub-05	3	9	pi	sub-05_run-03_trial-09.wav	3	0.5725	0.6525
sub-05	3	9	pi	sub-05_run-03_trial-09.wav	4	0.7125	0.8125
sub-05	3	9	pi	sub-05_run-03_trial-09.wav	5	0.8725	0.9525
sub-05	3	9	pi	sub-05_run-03_trial-09.wav	6	1.0325	1.0925
sub-05	3	9	pi	sub-05_run-03_trial-09.wav	7	1.1525	1.2325
sub-05	3	9	pi	sub-05_run-03_trial-09.wav	8	1.3125	1.3925
sub-05	3	9	pi	sub-05_run-03_trial-09.wav	9	1.4725	1.5525
sub-05	3	9	pi	sub-05_run-03_trial-09.wav	10	1.6325	1.6925
sub-05	3	9	pi	sub-05_run-03_trial-09.wav	11	1.7725	1.8525
sub-05	3	9	pi	sub-05_run-03_trial-09.wav	12	1.9325	1.9925
sub-05	3	9	pi	sub-05_run-03_trial-09.wav	13	2.0725	2.1525
sub-05	3	9	pi	sub-05_run-03_trial-09.wav	14	2.2125	2.2925
sub-05	3	9	pi	sub-05_run-03_trial-09.wav	15	2.3725	2.4525
sub-05	3	9	pi	sub-05_run-03_trial-09.wav	16	2.5125	2.6125
sub-05	3	9	pi	sub-05_run-03_trial-09.wav	17	2.6725	2.7525
sub-05	3	9	pi	sub-05_run-03_trial-09.wav	18	2.8325	2.9125
sub-05	3	9	pi	sub-05_run-03_trial-09.wav	19	2.9925	3.0725
sub-05	3	9	pi	sub-05_run-03_trial-09.wav	20	3.1525	3.2325
sub-05	3	9	pi	sub-05_run-03_trial-09.wav	21	3.3125	3.3725
sub-05	3	9	pi	sub-05_run-03_trial-09.wav	22	3.4525	3.5525
sub-05	3	9	pi	sub-05_run-03_trial-09.wav	23	3.6325	3.7125
sub-05	3	9	pi	sub-05_run-03_trial-09.wav	24	3.7725	3.8525
sub-05	3	9	pi	sub-05_run-03_trial-09.wav	25	3.9325	4.0125
sub-05	3	9	pi	sub-05_run-03_trial-09.wav	26	4.0925	4.1725
sub-05	3	9	pi	sub-05_run-03_trial-09.wav	27	4.2525	4.3325
sub-05	3	9	pi	sub-05_run-03_trial-09.wav	28	4.4125	4.5525
sub-05	3	10	would	sub-05_run-03_trial-10.wav	1	0.2125	0.2925
sub-05	3	10	would	sub-05_run-03_trial-10.wav	2	0.2925	0.4325
sub-05	3	10	would	sub-05_run-03_trial-10.wav	3	0.4325	0.5725
sub-05	3	10	would	sub-05_run-03_trial-10.wav	4	0.5725	0.7325
sub-05	3	10	would	sub-05_run-03_trial-10.wav	5	0.7325	0.8525
sub-05	3	10	would	sub-05_run-03_trial-10.wav	6	0.8525	1.0125
sub-05	3	10	would	sub-05_run-03_trial-10.wav	7	1.0125	1.1325
sub-05	3	10	would	sub-05_run-03_trial-10.wav	8	1.1325	1.2925
sub-05	3	10	would	sub-05_run-03_trial-10.wav	9	1.2925	1.4125
sub-05	3	10	would	sub-05_run-03_trial-10.wav	10	1.4125	1.5725
sub-05	3	10	would	sub-05_run-03_trial-10.wav	11	1.5725	1.6725
sub-05	3	10	would	sub-05_run-03_trial-10.wav	12	1.7125	1.8125
sub-05	3	10	would	sub-05_run-03_trial-10.wav	13	1.8525	1.9725
sub-05	3	10	would	sub-05_run-03_trial-10.wav	14	1.9725	2.1325
sub-05	3	10	would	sub-05_run-03_trial-10.wav	15	2.1325	2.2525
sub-05	3	10	would	sub-05_run-03_trial-10.wav	16	2.2525	2.4125
sub-05	3	10	would	sub-05_run-03_trial-10.wav	17	2.4125	2.5325
sub-05	3	10	would	sub-05_run-03_trial-10.wav	18	2.5925	2.6925
sub-05	3	10	would	sub-05_run-03_trial-10.wav	19	2.6925	2.8525
sub-05	3	10	would	sub-05_run-03_trial-10.wav	20	2.8525	3.0125
sub-05	3	10	would	sub-05_run-03_trial-10.wav	21	3.0125	3.1725
sub-05	3	10	would	sub-05_run-03_trial-10.wav	22	3.1725	3.3325
sub-05	3	10	would	sub-05_run-03_trial-10.wav	23	3.3325	3.4725
sub-05	3	10	would	sub-05_run-03_trial-10.wav	24	3.4725	3.5725
sub-05	3	10	would	sub-05_run-03_trial-10.wav	25	3.5725	3.7325
sub-05	3	10	would	sub-05_run-03_trial-10.wav	26	3.7725	3.8925
sub-05	3	10	would	sub-05_run-03_trial-10.wav	27	3.8925	4.0525
sub-05	3	10	would	sub-05_run-03_trial-10.wav	28	4.0525	4.2125
sub-05	3	10	would	sub-05_run-03_trial-10.wav	29	4.2125	4.3725
sub-05	3	11	the	sub-05_run-03_trial-11.wav	1	0.1125	0.2125
sub-05	3	11	the	sub-05_run-03_trial-11.wav	2	0.2125	0.3525
sub-05	3	11	the	sub-05_run-03_trial-11.wav	3	0.3525	0.4325
sub-05	3	11	the	sub-05_run-03_trial-11.wav	4	0.4325	0.6325
sub-05	3	11	the	sub-05_run-03_trial-11.wav	5	0.6325	0.7725
sub-05	3	11	the	sub-05_run-03_trial-11.wav	6	0.7725	0.9325
sub-05	3	11	the	sub-05_run-03_trial-11.wav	7	0.9325	1.0925
sub-05	3	11	the	sub-05_run-03_trial-11.wav	8	1.0925	1.2725
sub-05	3	11	the	sub-05_run-03_trial-11.wav	9	1.2725	1.4325
sub-05	3	11	the	sub-05_run-03_trial-11.wav	10	1.4325	1.6125
sub-05	3	11	the	sub-05_run-03_trial-11.wav	11	1.6125	1.7725
sub-05	3	11	the	sub-05_run-03_trial-11.wav	12	1.7725	1.9325
sub-05	3	11	the	sub-05_run-03_trial-11.wav	13	1.9325	2.1325
sub-05	3	11	the	sub-05_run-03_trial-11.wav	14	2.1325	2.3725
sub-05	3	11	the	sub-05_run-03_trial-11.wav	15	2.3725	2.4725
sub-05	3	11	the	sub-05_run-03_trial-11.wav	16	2.4725	2.6525
sub-05	3	11	the	sub-05_run-03_trial-11.wav	17	2.6525	2.8125
sub-05	3	11	the	sub-05_run-03_trial-11.wav	18	2.8725	2.9725
sub-05	3	11	the	sub-05_run-03_trial-11.wav	19	2.9725	3.1525
sub-05	3	11	the	sub-05_run-03_trial-11.wav	20	3.1525	3.3525
sub-05	3	11	the	sub-05_run-03_trial-11.wav	21	3.3525	3.5325
sub-05	3	11	the	sub-05_run-03_trial-11.wav	22	3.5325	3.6725
sub-05	3	11	the	sub-05_run-03_trial-11.wav	23	3.6725	3.7925
sub-05	3	11	the	sub-05_run-03_trial-11.wav	24	3.7925	3.9925
sub-05	3	11	the	sub-05_run-03_trial-11.wav	25	3.9925	4.1925
sub-05	3	11	the	sub-05_run-03_trial-11.wav	26	4.1925	4.4125
sub-05	3	12	thurs	sub-05_run-03_trial-12.wav	1	0.3125	0.4525
sub-05	3	12	thurs	sub-05_run-03_trial-12.wav	2	0.4525	0.7325
sub-05	3	12	thurs	sub-05_run-03_trial-12.wav	3	0.7325	0.8525
sub-05	3	12	thurs	sub-05_run-03_trial-12.wav	4	0.8525	1.0125
sub-05	3	12	thurs	sub-05_run-03_trial-12.wav	5	1.0125	1.3525
sub-05	3	12	thurs	sub-05_run-03_trial-12.wav	6	1.3525	1.4925
sub-05	3	12	thurs	sub-05_run-03_trial-12.wav	7	1.4925	1.6725
sub-05	3	12	thurs	sub-05_run-03_trial-12.wav	8	1.6725	2.0125
sub-05	3	12	thurs	sub-05_run-03_trial-12.wav	9	2.0125	2.3525
sub-05	3	12	thurs	sub-05_run-03_trial-12.wav	10	2.3525	2.7325
sub-05	3	12	thurs	sub-05_run-03_trial-12.wav	11	2.7325	3.1525
sub-05	3	12	thurs	sub-05_run-03_trial-12.wav	12	3.1525	3.5325
sub-05	3	12	thurs	sub-05_run-03_trial-12.wav	13	3.5325	3.9525
sub-05	3	12	thurs	sub-05_run-03_trial-12.wav	14	3.9525	4.7125
sub-05	3	13	thir	sub-05_run-03_trial-13.wav	1	0.5525	0.6925
sub-05	3	13	thir	sub-05_run-03_trial-13.wav	2	0.6925	0.9325
sub-05	3	13	thir	sub-05_run-03_trial-13.wav	3	0.9325	1.1325
sub-05	3	13	thir	sub-05_run-03_trial-13.wav	4	1.1325	1.3325
sub-05	3	13	thir	sub-05_run-03_trial-13.wav	5	1.4125	1.6725
sub-05	3	13	thir	sub-05_run-03_trial-13.wav	6	1.6725	1.8325
sub-05	3	13	thir	sub-05_run-03_trial-13.wav	7	1.8325	2.0325
sub-05	3	13	thir	sub-05_run-03_trial-13.wav	8	2.0325	2.2525
sub-05	3	13	thir	sub-05_run-03_trial-13.wav	9	2.2525	2.4525
sub-05	3	13	thir	sub-05_run-03_trial-13.wav	10	2.4525	2.7125
sub-05	3	13	thir	sub-05_run-03_trial-13.wav	11	2.7125	2.9525
sub-05	3	13	thir	sub-05_run-03_trial-13.wav	12	2.9525	3.0325
sub-05	3	13	thir	sub-05_run-03_trial-13.wav	13	3.0325	3.1725
sub-05	3	13	thir	sub-05_run-03_trial-13.wav	14	3.1725	3.4325
sub-05	3	13	thir	sub-05_run-03_trial-13.wav	15	3.4325	3.5325
sub-05	3	13	thir	sub-05_run-03_trial-13.wav	16	3.5325	3.6725
sub-05	3	13	thir	sub-05_run-03_trial-13.wav	17	3.6725	3.9125
sub-05	3	13	thir	sub-05_run-03_trial-13.wav	18	3.9125	4.1725
sub-05	3	13	thir	sub-05_run-03_trial-13.wav	19	4.1725	4.4925
sub-05	3	14	through	sub-05_run-03_trial-14.wav	1	0.4725	0.6325
sub-05	3	14	through	sub-05_run-03_trial-14.wav	2	0.6325	0.8525
sub-05	3	14	through	sub-05_run-03_trial-14.wav	3	0.8525	0.9925
sub-05	3	14	through	sub-05_run-03_trial-14.wav	4	1.0525	1.2725
sub-05	3	14	through	sub-05_run-03_trial-14.wav	5	1.2725	1.4725
sub-05	3	14	through	sub-05_run-03_trial-14.wav	6	1.4725	1.6725
sub-05	3	14	through	sub-05_run-03_trial-14.wav	7	1.6725	1.8925
sub-05	3	14	through	sub-05_run-03_trial-14.wav	8	1.8925	2.0325
sub-05	3	14	through	sub-05_run-03_trial-14.wav	9	2.0325	2.2925
sub-05	3	14	through	sub-05_run-03_trial-14.wav	10	2.2925	2.4925
sub-05	3	14	through	sub-05_run-03_trial-14.wav	11	2.4925	2.7325
sub-05	3	14	through	sub-05_run-03_trial-14.wav	12	2.7325	2.9725
sub-05	3	14	through	sub-05_run-03_trial-14.wav	13	2.9725	3.0925
sub-05	3	14	through	sub-05_run-03_trial-14.wav	14	3.1725	3.3325
sub-05	3	14	through	sub-05_run-03_trial-14.wav	15	3.3325	3.5725
sub-05	3	14	through	sub-05_run-03_trial-14.wav	16	3.5725	3.9125
sub-05	3	14	through	sub-05_run-03_trial-14.wav	17	3.9125	4.2725
sub-05	3	14	through	sub-05_run-03_trial-14.wav	18	4.2725	4.5525
sub-05	3	15	if	sub-05_run-03_trial-15.wav	1	0.3525	0.4325
sub-05	3	15	if	sub-05_run-03_trial-15.wav	2	0.4325	0.5925
sub-05	3	15	if	sub-05_run-03_trial-15.wav	3	0.5925	0.7325
sub-05	3	15	if	sub-05_run-03_trial-15.wav	4	0.7325	0.8725
sub-05	3	15	if	sub-05_run-03_trial-15.wav	5	0.8725	1.0125
sub-05	3	15	if	sub-05_run-03_trial-15.wav	6	1.0125	1.1725
sub-05	3	15	if	sub-05_run-03_trial-15.wav	7	1.1725	1.3325
sub-05	3	15	if	sub-05_run-03_trial-15.wav	8	1.3325	1.4725
sub-05	3	15	if	sub-05_run-03_trial-15.wav	9	1.4725	1.6125
sub-05	3	15	if	sub-05_run-03_trial-15.wav	10	1.6125	1.7725
sub-05	3	15	if	sub-05_run-03_trial-15.wav	11	1.7725	1.9325
sub-05	3	15	if	sub-05_run-03_trial-15.wav	12	1.9325	2.0725
sub-05	3	15	if	sub-05_run-03_trial-15.wav	13	2.0725	2.2725
sub-05	3	15	if	sub-05_run-03_trial-15.wav	14	2.2725	2.4125
sub-05	3	15	if	sub-05_run-03_trial-15.wav	15	2.4125	2.5925
sub-05	3	15	if	sub-05_run-03_trial-15.wav	16	2.5925	2.8325
sub-05	3	15	if	sub-05_run-03_trial-15.wav	17	2.8325	2.9725
sub-05	3	15	if	sub-05_run-03_trial-15.wav	18	2.9725	3.1325
sub-05	3	15	if	sub-05_run-03_trial-15.wav	19	3.1325	3.3325
sub-05	3	15	if	sub-05_run-03_trial-15.wav	20	3.3325	3.5125
sub-05	3	15	if	sub-05_run-03_trial-15.wav	21	3.5125	3.6925
sub-05	3	15	if	sub-05_run-03_trial-15.wav	22	3.6925	3.8725
sub-05	3	15	if	sub-05_run-03_trial-15.wav	23	3.8725	4.0525
sub-05	3	15	if	sub-05_run-03_trial-15.wav	24	4.0525	4.2325
sub-05	3	15	if	sub-05_run-03_trial-15.wav	25	4.2325	4.9716
sub-05	3	16	mih	sub-05_run-03_trial-16.wav	1	0.0925	0.2525
sub-05	3	16	mih	sub-05_run-03_trial-16.wav	2	0.2525	0.3725
sub-05	3	16	mih	sub-05_run-03_trial-16.wav	3	0.3725	0.5125
sub-05	3	16	mih	sub-05_run-03_trial-16.wav	4	0.5125	0.6525
sub-05	3	16	mih	sub-05_run-03_trial-16.wav	5	0.6525	0.8125
sub-05	3	16	mih	sub-05_run-03_trial-16.wav	6	0.8125	0.9725
sub-05	3	16	mih	sub-05_run-03_trial-16.wav	7	0.9725	1.1125
sub-05	3	16	mih	sub-05_run-03_trial-16.wav	8	1.1125	1.2925
sub-05	3	16	mih	sub-05_run-03_trial-16.wav	9	1.2925	1.4525
sub-05	3	16	mih	sub-05_run-03_trial-16.wav	10	1.4525	1.6125
sub-05	3	16	mih	sub-05_run-03_trial-16.wav	11	1.6125	1.7525
sub-05	3	16	mih	sub-05_run-03_trial-16.wav	12	1.7525	1.9325
sub-05	3	16	mih	sub-05_run-03_trial-16.wav	13	1.9325	2.0925
sub-05	3	16	mih	sub-05_run-03_trial-16.wav	14	2.0925	2.2525
sub-05	3	16	mih	sub-05_run-03_trial-16.wav	15	2.2525	2.4125
sub-05	3	16	mih	sub-05_run-03_trial-16.wav	16	2.4125	2.5925
sub-05	3	16	mih	sub-05_run-03_trial-16.wav	17	2.5925	2.7525
sub-05	3	16	mih	sub-05_run-03_trial-16.wav	18	2.7525	2.9325
sub-05	3	16	mih	sub-05_run-03_trial-16.wav	19	2.9325	3.1125
sub-05	3	16	mih	sub-05_run-03_trial-16.wav	20	3.1125	3.2725
sub-05	3	16	mih	sub-05_run-03_trial-16.wav	21	3.2725	3.4125
sub-05	3	16	mih	sub-05_run-03_trial-16.wav	22	3.4125	3.5925
sub-05	3	16	mih	sub-05_run-03_trial-16.wav	23	3.5925	3.8325
sub-05	3	17	neh	sub-05_run-03_trial-17.wav	1	0.2925	0.5725
sub-05	3	17	neh	sub-05_run-03_trial-17.wav	2	0.5725	0.7125
sub-05	3	17	neh	sub-05_run-03_trial-17.wav	3	0.7125	0.8525
sub-05	3	17	neh	sub-05_run-03_trial-17.wav	4	0.8525	0.9925
sub-05	3	17	neh	sub-05_run-03_trial-17.wav	5	0.9925	1.1325
sub-05	3	17	neh	sub-05_run-03_trial-17.wav	6	1.1325	1.2725
sub-05	3	17	neh	sub-05_run-03_trial-17.wav	7	1.2725	1.4325
sub-05	3	17	neh	sub-05_run-03_trial-17.wav	8	1.4325	1.5725
sub-05	3	17	neh	sub-05_run-03_trial-17.wav	9	1.5725	1.7325
sub-05	3	17	neh	sub-05_run-03_trial-17.wav	10	1.7325	1.8725
sub-05	3	17	neh	sub-05_run-03_trial-17.wav	11	1.8725	2.0325
sub-05	3	17	neh	sub-05_run-03_trial-17.wav	12	2.0325	2.1925
sub-05	3	17	neh	sub-05_run-03_trial-17.wav	13	2.1925	2.3725
sub-05	3	17	neh	sub-05_run-03_trial-17.wav	14	2.3725	2.5125
sub-05	3	17	neh	sub-05_run-03_trial-17.wav	15	2.5125	2.6525
sub-05	3	17	neh	sub-05_run-03_trial-17.wav	16	2.6525	2.8125
sub-05	3	17	neh	sub-05_run-03_trial-17.wav	17	2.8125	2.9725
sub-05	3	17	neh	sub-05_run-03_trial-17.wav	18	2.9725	3.1325
sub-05	3	17	neh	sub-05_run-03_trial-17.wav	19	3.1325	3.2925
sub-05	3	17	neh	sub-05_run-03_trial-17.wav	20	3.2925	3.4525
sub-05	3	17	neh	sub-05_run-03_trial-17.wav	21	3.4525	3.6325
sub-05	3	17	neh	sub-05_run-03_trial-17.wav	22	3.6325	3.8125
sub-05	3	17	neh	sub-05_run-03_trial-17.wav	23	3.8125	3.9725
sub-05	3	17	neh	sub-05_run-03_trial-17.wav	24	3.9725	4.1525
sub-05	3	17	neh	sub-05_run-03_trial-17.wav	25	4.1525	4.4125
sub-05	3	18	much	sub-05_run-03_trial-18.wav	1	0.2925	0.5325
sub-05	3	18	much	sub-05_run-03_trial-18.wav	2	0.5325	0.7325
sub-05	3	18	much	sub-05_run-03_trial-18.wav	3	0.7325	0.9325
sub-05	3	18	much	sub-05_run-03_trial-18.wav	4	0.9325	1.0925
sub-05	3	18	much	sub-05_run-03_trial-18.wav	5	1.1325	1.2925
sub-05	3	18	much	sub-05_run-03_trial-18.wav	6	1.2925	1.4525
sub-05	3	18	much	sub-05_run-03_trial-18.wav	7	1.4925	1.6525
sub-05	3	18	much	sub-05_run-03_trial-18.wav	8	1.6525	1.8125
sub-05	3	18	much	sub-05_run-03_trial-18.wav	9	1.8125	2.0125
sub-05	3	18	much	sub-05_run-03_trial-18.wav	10	2.0725	2.2525
sub-05	3	18	much	sub-05_run-03_trial-18.wav	11	2.2525	2.4325
sub-05	3	18	much	sub-05_run-03_trial-18.wav	12	2.4325	2.6125
sub-05	3	18	much	sub-05_run-03_trial-18.wav	13	2.6125	2.7925
sub-05	3	18	much	sub-05_run-03_trial-18.wav	14	2.7925	2.9725
sub-05	3	18	much	sub-05_run-03_trial-18.wav	15	2.9725	3.1525
sub-05	3	18	much	sub-05_run-03_trial-18.wav	16	3.2125	3.3325
sub-05	3	18	much	sub-05_run-03_trial-18.wav	17	3.3325	3.5525
sub-05	3	18	much	sub-05_run-03_trial-18.wav	18	3.6125	3.7525
sub-05	3	18	much	sub-05_run-03_trial-18.wav	19	3.7525	3.9725
sub-05	3	18	much	sub-05_run-03_trial-18.wav	20	3.9725	4.1525
sub-05	3	18	much	sub-05_run-03_trial-18.wav	21	4.1525	4.9716
sub-05	3	19	thrilled	sub-05_run-03_trial-19.wav	1	0.1525	0.4125
sub-05	3	19	thrilled	sub-05_run-03_trial-19.wav	2	0.4925	0.6725
sub-05	3	19	thrilled	sub-05_run-03_trial-19.wav	3	0.7125	1.0125
sub-05	3	19	thrilled	sub-05_run-03_trial-19.wav	4	1.0125	1.2125
sub-05	3	19	thrilled	sub-05_run-03_trial-19.wav	5	1.2925	1.7125
sub-05	3	19	thrilled	sub-05_run-03_trial-19.wav	6	1.7125	1.9525
sub-05	3	19	thrilled	sub-05_run-03_trial-19.wav	7	1.9525	2.0725
sub-05	3	19	thrilled	sub-05_run-03_trial-19.wav	8	2.0725	2.2725
sub-05	3	19	thrilled	sub-05_run-03_trial-19.wav	9	2.2725	2.3925
sub-05	3	19	thrilled	sub-05_run-03_trial-19.wav	10	2.3925	2.6725
sub-05	3	19	thrilled	sub-05_run-03_trial-19.wav	11	2.7525	2.9125
sub-05	3	19	thrilled	sub-05_run-03_trial-19.wav	12	2.9125	3.1725
sub-05	3	19	thrilled	sub-05_run-03_trial-19.wav	13	3.2725	3.4925
sub-05	3	19	thrilled	sub-05_run-03_trial-19.wav	14	3.5725	3.9725
sub-05	3	19	thrilled	sub-05_run-03_trial-19.wav	15	4.0725	4.6525
sub-05	3	20	pot	sub-05_run-03_trial-20.wav	1	0.2125	0.4125
sub-05	3	20	pot	sub-05_run-03_trial-20.wav	2	0.4125	0.5125
sub-05	3	20	pot	sub-05_run-03_trial-20.wav	3	0.6125	0.7125
sub-05	3	20	pot	sub-05_run-03_trial-20.wav	4	0.7925	1.0125
sub-05	3	20	pot	sub-05_run-03_trial-20.wav	5	1.0125	1.2125
sub-05	3	20	pot	sub-05_run-03_trial-20.wav	6	1.2125	1.3925
sub-05	3	20	pot	sub-05_run-03_trial-20.wav	7	1.3925	1.6125
sub-05	3	20	pot	sub-05_run-03_trial-20.wav	8	1.6125	1.7125
sub-05	3	20	pot	sub-05_run-03_trial-20.wav	9	1.8125	1.9925
sub-05	3	20	pot	sub-05_run-03_trial-20.wav	10	1.9925	2.2125
sub-05	3	20	pot	sub-05_run-03_trial-20.wav	11	2.2125	2.3925
sub-05	3	20	pot	sub-05_run-03_trial-20.wav	12	2.3925	2.5725
sub-05	3	20	pot	sub-05_run-03_trial-20.wav	13	2.5725	2.6725
sub-05	3	20	pot	sub-05_run-03_trial-20.wav	14	2.7725	2.9525
sub-05	3	20	pot	sub-05_run-03_trial-20.wav	15	2.9525	3.1525
sub-05	3	20	pot	sub-05_run-03_trial-20.wav	16	3.1525	3.2525
sub-05	3	20	pot	sub-05_run-03_trial-20.wav	17	3.3525	3.5525
sub-05	3	20	pot	sub-05_run-03_trial-20.wav	18	3.5525	3.7325
sub-05	3	20	pot	sub-05_run-03_trial-20.wav	19	3.7325	3.9325
sub-05	3	20	pot	sub-05_run-03_trial-20.wav	20	3.9325	4.1325
sub-05	3	20	pot	sub-05_run-03_trial-20.wav	21	4.1325	4.2325
sub-05	3	21	a	sub-05_run-03_trial-21.wav	1	0.2725	0.3925
sub-05	3	21	a	sub-05_run-03_trial-21.wav	2	0.3925	0.5125
sub-05	3	21	a	sub-05_run-03_trial-21.wav	3	0.5725	0.6925
sub-05	3	21	a	sub-05_run-03_trial-21.wav	4	0.7525	0.8725
sub-05	3	21	a	sub-05_run-03_trial-21.wav	5	0.9325	1.0725
sub-05	3	21	a	sub-05_run-03_trial-21.wav	6	1.0725	1.2925
sub-05	3	21	a	sub-05_run-03_trial-21.wav	7	1.2925	1.4325
sub-05	3	21	a	sub-05_run-03_trial-21.wav	8	1.4725	1.6525
sub-05	3	21	a	sub-05_run-03_trial-21.wav	9	1.6525	1.8525
sub-05	3	21	a	sub-05_run-03_trial-21.wav	10	1.8525	2.0525
sub-05	3	21	a	sub-05_run-03_trial-21.wav	11	2.0525	2.2325
sub-05	3	21	a	sub-05_run-03_trial-21.wav	12	2.3125	2.4525
sub-05	3	21	a	sub-05_run-03_trial-21.wav	13	2.4525	2.6325
sub-05	3	21	a	sub-05_run-03_trial-21.wav	14	2.6925	2.8525
sub-05	3	21	a	sub-05_run-03_trial-21.wav	15	2.8525	3.0725
sub-05	3	21	a	sub-05_run-03_trial-21.wav	16	3.0725	3.2525
sub-05	3	21	a	sub-05_run-03_trial-21.wav	17	3.2525	3.4525
sub-05	3	21	a	sub-05_run-03_trial-21.wav	18	3.4525	3.6325
sub-05	3	21	a	sub-05_run-03_trial-21.wav	19	3.6325	3.8325
sub-05	3	21	a	sub-05_run-03_trial-21.wav	20	3.8325	4.0125
sub-05	3	21	a	sub-05_run-03_trial-21.wav	21	4.0125	4.2125
sub-05	3	21	a	sub-05_run-03_trial-21.wav	22	4.2125	4.4325
sub-05	3	22	pro	sub-05_run-03_trial-22.wav	1	0.5525	0.7325
sub-05	3	22	pro	sub-05_run-03_trial-22.wav	2	0.7325	0.8325
sub-05	3	22	pro	sub-05_run-03_trial-22.wav	3	0.8925	0.9725
sub-05	3	22	pro	sub-05_run-03_trial-22.wav	4	1.0525	1.2125
sub-05	3	22	pro	sub-05_run-03_trial-22.wav	5	1.2125	1.3725
sub-05	3	22	pro	sub-05_run-03_trial-22.wav	6	1.3725	1.5325
sub-05	3	22	pro	sub-05_run-03_trial-22.wav	7	1.5325	1.6925
sub-05	3	22	pro	sub-05_run-03_trial-22.wav	8	1.6925	1.8725
sub-05	3	22	pro	sub-05_run-03_trial-22.wav	9	1.8725	1.9725
sub-05	3	22	pro	sub-05_run-03_trial-22.wav	10	2.0325	2.2125
sub-05	3	22	pro	sub-05_run-03_trial-22.wav	11	2.2125	2.3925
sub-05	3	22	pro	sub-05_run-03_trial-22.wav	12	2.3925	2.5725
sub-05	3	22	pro	sub-05_run-03_trial-22.wav	13	2.5725	2.7325
sub-05	3	22	pro	sub-05_run-03_trial-22.wav	14	2.7325	2.9325
sub-05	3	22	pro	sub-05_run-03_trial-22.wav	15	2.9325	3.0925
sub-05	3	22	pro	sub-05_run-03_trial-22.wav	16	3.0925	3.2925
sub-05	3	22	pro	sub-05_run-03_trial-22.wav	17	3.2925	3.4525
sub-05	3	22	pro	sub-05_run-03_trial-22.wav	18	3.4525	3.5525
sub-05	3	22	pro	sub-05_run-03_trial-22.wav	19	3.6125	3.8125
sub-05	3	22	pro	sub-05_run-03_trial-22.wav	20	3.8125	3.9925
sub-05	3	22	pro	sub-05_run-03_trial-22.wav	21	3.9925	4.1725
sub-05	3	22	pro	sub-05_run-03_trial-22.wav	22	4.1725	4.2725
sub-05	3	22	pro	sub-05_run-03_trial-22.wav	23	4.3525	4.5725
sub-05	3	23	per	sub-05_run-03_trial-23.wav	1	0.3325	0.4125
sub-05	3	23	per	sub-05_run-03_trial-23.wav	2	0.4725	0.6325
sub-05	3	23	per	sub-05_run-03_trial-23.wav	3	0.6325	0.7325
sub-05	3	23	per	sub-05_run-03_trial-23.wav	4	0.7925	0.8925
sub-05	3	23	per	sub-05_run-03_trial-23.wav	5	0.9725	1.0725
sub-05	3	23	per	sub-05_run-03_trial-23.wav	6	1.1325	1.3325
sub-05	3	23	per	sub-05_run-03_trial-23.wav	7	1.3325	1.4325
sub-05	3	23	per	sub-05_run-03_trial-23.wav	8	1.5125	1.6325
sub-05	3	23	per	sub-05_run-03_trial-23.wav	9	1.6925	1.7925
sub-05	3	23	per	sub-05_run-03_trial-23.wav	10	1.8725	2.0725
sub-05	3	23	per	sub-05_run-03_trial-23.wav	11	2.0725	2.2525
sub-05	3	23	per	sub-05_run-03_trial-23.wav	12	2.2525	2.3525
sub-05	3	23	per	sub-05_run-03_trial-23.wav	13	2.4325	2.6125
sub-05	3	23	per	sub-05_run-03_trial-23.wav	14	2.6125	2.7125
sub-05	3	23	per	sub-05_run-03_trial-23.wav	15	2.7925	2.8725
sub-05	3	23	per	sub-05_run-03_trial-23.wav	16	2.9525	3.0925
sub-05	3	23	per	sub-05_run-03_trial-23.wav	17	3.0925	3.2525
sub-05	3	23	per	sub-05_run-03_trial-23.wav	18	3.3325	3.4325
sub-05	3	23	per	sub-05_run-03_trial-23.wav	19	3.5125	3.6125
sub-05	3	23	per	sub-05_run-03_trial-23.wav	20	3.6925	3.8525
sub-05	3	23	per	sub-05_run-03_trial-23.wav	21	3.9325	4.0525
sub-05	3	23	per	sub-05_run-03_trial-23.wav	22	4.1325	4.2725
sub-05	3	23	per	sub-05_run-03_trial-23.wav	23	4.2725	4.4925
sub-05	3	24	naw	sub-05_run-03_trial-24.wav	1	0.1525	0.4325
sub-05	3	24	naw	sub-05_run-03_trial-24.wav	2	0.4325	0.5725
sub-05	3	24	naw	sub-05_run-03_trial-24.wav	3	0.5725	0.7325
sub-05	3	24	naw	sub-05_run-03_trial-24.wav	4	0.7325	0.8925
sub-05	3	24	naw	sub-05_run-03_trial-24.wav	5	0.8925	1.0525
sub-05	3	24	naw	sub-05_run-03_trial-24.wav	6	1.0525	1.2125
sub-05	3	24	naw	sub-05_run-03_trial-24.wav	7	1.2125	1.3725
sub-05	3	24	naw	sub-05_run-03_trial-24.wav	8	1.3725	1.5325
sub-05	3	24	naw	sub-05_run-03_trial-24.wav	9	1.5325	1.6925
sub-05	3	24	naw	sub-05_run-03_trial-24.wav	10	1.6925	1.8525
sub-05	3	24	naw	sub-05_run-03_trial-24.wav	11	1.8525	2.0325
sub-05	3	24	naw	sub-05_run-03_trial-24.wav	12	2.0325	2.1925
sub-05	3	24	naw	sub-05_run-03_trial-24.wav	13	2.1925	2.3525
sub-05	3	24	naw	sub-05_run-03_trial-24.wav	14	2.3525	2.4925
sub-05	3	24	naw	sub-05_run-03_trial-24.wav	15	2.4925	2.6725
sub-05	3	24	naw	sub-05_run-03_trial-24.wav	16	2.6725	2.8325
sub-05	3	24	naw	sub-05_run-03_trial-24.wav	17	2.8325	3.0125
sub-05	3	24	naw	sub-05_run-03_trial-24.wav	18	3.0125	3.1725
sub-05	3	24	naw	sub-05_run-03_trial-24.wav	19	3.1725	3.3325
sub-05	3	24	naw	sub-05_run-03_trial-24.wav	20	3.3325	3.4925
sub-05	3	24	naw	sub-05_run-03_trial-24.wav	21	3.4925	3.6725
sub-05	3	24	naw	sub-05_run-03_trial-24.wav	22	3.6725	3.8125
sub-05	3	24	naw	sub-05_run-03_trial-24.wav	23	3.8125	3.9925
sub-05	3	24	naw	sub-05_run-03_trial-24.wav	24	3.9925	4.1525
sub-05	3	24	naw	sub-05_run-03_trial-24.wav	25	4.1525	4.3125
sub-05	3	24	naw	sub-05_run-03_trial-24.wav	26	4.3125	4.5925
sub-05	3	25	ser	sub-05_run-03_trial-25.wav	1	0.1925	0.4325
sub-05	3	25	ser	sub-05_run-03_trial-25.wav	2	0.4325	0.6125
sub-05	3	25	ser	sub-05_run-03_trial-25.wav	3	0.6125	0.7725
sub-05	3	25	ser	sub-05_run-03_trial-25.wav	4	0.7725	0.9525
sub-05	3	25	ser	sub-05_run-03_trial-25.wav	5	0.9525	1.1525
sub-05	3	25	ser	sub-05_run-03_trial-25.wav	6	1.1525	1.2325
sub-05	3	25	ser	sub-05_run-03_trial-25.wav	7	1.2325	1.3525
sub-05	3	25	ser	sub-05_run-03_trial-25.wav	8	1.3525	1.5525
sub-05	3	25	ser	sub-05_run-03_trial-25.wav	9	1.5525	1.7325
sub-05	3	25	ser	sub-05_run-03_trial-25.wav	10	1.7325	1.9125
sub-05	3	25	ser	sub-05_run-03_trial-25.wav	11	1.9125	2.1125
sub-05	3	25	ser	sub-05_run-03_trial-25.wav	12	2.1125	2.4325
sub-05	3	25	ser	sub-05_run-03_trial-25.wav	13	2.4325	2.6925
sub-05	3	25	ser	sub-05_run-03_trial-25.wav	14	2.6925	2.9325
sub-05	3	25	ser	sub-05_run-03_trial-25.wav	15	2.9325	3.1525
sub-05	3	25	ser	sub-05_run-03_trial-25.wav	16	3.1525	3.3525
sub-05	3	25	ser	sub-05_run-03_trial-25.wav	17	3.3525	3.5725
sub-05	3	25	ser	sub-05_run-03_trial-25.wav	18	3.5725	3.7725
sub-05	3	25	ser	sub-05_run-03_trial-25.wav	19	3.7725	3.9725
sub-05	3	25	ser	sub-05_run-03_trial-25.wav	20	3.9725	4.1725
sub-05	3	25	ser	sub-05_run-03_trial-25.wav	21	4.1725	4.4925
sub-05	3	26	caw	sub-05_run-03_trial-26.wav	1	0.3725	0.4925
sub-05	3	26	caw	sub-05_run-03_trial-26.wav	2	0.4925	0.6125
sub-05	3	26	caw	sub-05_run-03_trial-26.wav	3	0.6525	0.7925
sub-05	3	26	caw	sub-05_run-03_trial-26.wav	4	0.7925	0.9325
sub-05	3	26	caw	sub-05_run-03_trial-26.wav	5	0.9925	1.1325
sub-05	3	26	caw	sub-05_run-03_trial-26.wav	6	1.1325	1.2525
sub-05	3	26	caw	sub-05_run-03_trial-26.wav	7	1.3125	1.4325
sub-05	3	26	caw	sub-05_run-03_trial-26.wav	8	1.4925	1.6125
sub-05	3	26	caw	sub-05_run-03_trial-26.wav	9	1.6725	1.8125
sub-05	3	26	caw	sub-05_run-03_trial-26.wav	10	1.8125	1.9725
sub-05	3	26	caw	sub-05_run-03_trial-26.wav	11	2.0325	2.1525
sub-05	3	26	caw	sub-05_run-03_trial-26.wav	12	2.1925	2.3325
sub-05	3	26	caw	sub-05_run-03_trial-26.wav	13	2.3925	2.5125
sub-05	3	26	caw	sub-05_run-03_trial-26.wav	14	2.5525	2.6725
sub-05	3	26	caw	sub-05_run-03_trial-26.wav	15	2.7125	2.8725
sub-05	3	26	caw	sub-05_run-03_trial-26.wav	16	2.8725	3.0525
sub-05	3	26	caw	sub-05_run-03_trial-26.wav	17	3.0525	3.1725
sub-05	3	26	caw	sub-05_run-03_trial-26.wav	18	3.1725	3.3725
sub-05	3	26	caw	sub-05_run-03_trial-26.wav	19	3.3725	3.5725
sub-05	3	26	caw	sub-05_run-03_trial-26.wav	20	3.5725	3.7125
sub-05	3	26	caw	sub-05_run-03_trial-26.wav	21	3.7125	3.8925
sub-05	3	26	caw	sub-05_run-03_trial-26.wav	22	3.8925	4.0525
sub-05	3	26	caw	sub-05_run-03_trial-26.wav	23	4.0925	4.2525
sub-05	3	26	caw	sub-05_run-03_trial-26.wav	24	4.2525	4.5125
sub-05	3	27	thought	sub-05_run-03_trial-27.wav	1	0.0525	0.1525
sub-05	3	27	thought	sub-05_run-03_trial-27.wav	2	0.2125	0.3325
sub-05	3	27	thought	sub-05_run-03_trial-27.wav	3	0.3925	0.4725
sub-05	3	27	thought	sub-05_run-03_trial-27.wav	4	0.5325	0.6925
sub-05	3	27	thought	sub-05_run-03_trial-27.wav	5	0.6925	0.8525
sub-05	3	27	thought	sub-05_run-03_trial-27.wav	6	0.8525	0.9525
sub-05	3	27	thought	sub-05_run-03_trial-27.wav	7	1.0325	1.1125
sub-05	3	27	thought	sub-05_run-03_trial-27.wav	8	1.1725	1.3325
sub-05	3	27	thought	sub-05_run-03_trial-27.wav	9	1.3325	1.5125
sub-05	3	27	thought	sub-05_run-03_trial-27.wav	10	1.5125	1.5925
sub-05	3	27	thought	sub-05_run-03_trial-27.wav	11	1.6725	1.7725
sub-05	3	27	thought	sub-05_run-03_trial-27.wav	12	1.8325	1.9325
sub-05	3	27	thought	sub-05_run-03_trial-27.wav	13	1.9925	2.0925
sub-05	3	27	thought	sub-05_run-03_trial-27.wav	14	2.1525	2.3325
sub-05	3	27	thought	sub-05_run-03_trial-27.wav	15	2.3325	2.5125
sub-05	3	27	thought	sub-05_run-03_trial-27.wav	16	2.5125	2.6125
sub-05	3	27	thought	sub-05_run-03_trial-27.wav	17	2.6525	2.7525
sub-05	3	27	thought	sub-05_run-03_trial-27.wav	18	2.8325	2.9925
sub-05	3	27	thought	sub-05_run-03_trial-27.wav	19	2.9925	3.0925
sub-05	3	27	thought	sub-05_run-03_trial-27.wav	20	3.1725	3.2725
sub-05	3	27	thought	sub-05_run-03_trial-27.wav	21	3.3525	3.4525
sub-05	3	27	thought	sub-05_run-03_trial-27.wav	22	3.5325	3.6325
sub-05	3	27	thought	sub-05_run-03_trial-27.wav	23	3.7125	3.8325
sub-05	3	27	thought	sub-05_run-03_trial-27.wav	24	3.9125	4.0525
sub-05	3	28	ther	sub-05_run-03_trial-28.wav	1	0.1125	0.2925
sub-05	3	28	ther	sub-05_run-03_trial-28.wav	2	0.2925	0.4925
sub-05	3	28	ther	sub-05_run-03_trial-28.wav	3	0.4925	0.6725
sub-05	3	28	ther	sub-05_run-03_trial-28.wav	4	0.6725	0.9125
sub-05	3	28	ther	sub-05_run-03_trial-28.wav	5	0.9125	1.1125
sub-05	3	28	ther	sub-05_run-03_trial-28.wav	6	1.1125	1.2925
sub-05	3	28	ther	sub-05_run-03_trial-28.wav	7	1.2925	1.4925
sub-05	3	28	ther	sub-05_run-03_trial-28.wav	8	1.4925	1.7325
sub-05	3	28	ther	sub-05_run-03_trial-28.wav	9	1.7325	1.9525
sub-05	3	28	ther	sub-05_run-03_trial-28.wav	10	1.9525	2.1725
sub-05	3	28	ther	sub-05_run-03_trial-28.wav	11	2.1725	2.4325
sub-05	3	28	ther	sub-05_run-03_trial-28.wav	12	2.4325	2.6925
sub-05	3	28	ther	sub-05_run-03_trial-28.wav	13	2.7925	3.0325
sub-05	3	28	ther	sub-05_run-03_trial-28.wav	14	3.0925	3.2725
sub-05	3	28	ther	sub-05_run-03_trial-28.wav	15	3.3525	3.6125
sub-05	3	28	ther	sub-05_run-03_trial-28.wav	16	3.7525	3.9925
sub-05	3	28	ther	sub-05_run-03_trial-28.wav	17	4.0925	4.2925
sub-05	3	28	ther	sub-05_run-03_trial-28.wav	18	4.2925	4.4925
sub-05	3	29	fee	sub-05_run-03_trial-29.wav	1	0.2125	0.4325
sub-05	3	29	fee	sub-05_run-03_trial-29.wav	2	0.4325	0.5725
sub-05	3	29	fee	sub-05_run-03_trial-29.wav	3	0.5725	0.7325
sub-05	3	29	fee	sub-05_run-03_trial-29.wav	4	0.7325	0.8925
sub-05	3	29	fee	sub-05_run-03_trial-29.wav	5	0.8925	1.0325
sub-05	3	29	fee	sub-05_run-03_trial-29.wav	6	1.0325	1.1925
sub-05	3	29	fee	sub-05_run-03_trial-29.wav	7	1.1925	1.3525
sub-05	3	29	fee	sub-05_run-03_trial-29.wav	8	1.3525	1.5125
sub-05	3	29	fee	sub-05_run-03_trial-29.wav	9	1.5125	1.6725
sub-05	3	29	fee	sub-05_run-03_trial-29.wav	10	1.6725	1.8125
sub-05	3	29	fee	sub-05_run-03_trial-29.wav	11	1.8125	1.9725
sub-05	3	29	fee	sub-05_run-03_trial-29.wav	12	1.9725	2.1725
sub-05	3	29	fee	sub-05_run-03_trial-29.wav	13	2.1725	2.3525
sub-05	3	29	fee	sub-05_run-03_trial-29.wav	14	2.3525	2.5325
sub-05	3	29	fee	sub-05_run-03_trial-29.wav	15	2.5325	2.6925
sub-05	3	29	fee	sub-05_run-03_trial-29.wav	16	2.6925	2.8525
sub-05	3	29	fee	sub-05_run-03_trial-29.wav	17	2.8525	3.0325
sub-05	3	29	fee	sub-05_run-03_trial-29.wav	18	3.0325	3.2125
sub-05	3	29	fee	sub-05_run-03_trial-29.wav	19	3.2125	3.3925
sub-05	3	29	fee	sub-05_run-03_trial-29.wav	20	3.3925	3.5925
sub-05	3	29	fee	sub-05_run-03_trial-29.wav	21	3.5925	3.7725
sub-05	3	29	fee	sub-05_run-03_trial-29.wav	22	3.7725	3.9725
sub-05	3	29	fee	sub-05_run-03_trial-29.wav	23	3.9725	4.1725
sub-05	3	29	fee	sub-05_run-03_trial-29.wav	24	4.1725	4.3925
sub-05	3	29	fee	sub-05_run-03_trial-29.wav	25	4.3925	4.9716
sub-05	3	30	airy	sub-05_run-03_trial-30.wav	1	0.1325	0.2925
sub-05	3	30	airy	sub-05_run-03_trial-30.wav	2	0.2925	0.4525
sub-05	3	30	airy	sub-05_run-03_trial-30.wav	3	0.4525	0.6125
sub-05	3	30	airy	sub-05_run-03_trial-30.wav	4	0.6125	0.7925
sub-05	3	30	airy	sub-05_run-03_trial-30.wav	5	0.7925	0.9925
sub-05	3	30	airy	sub-05_run-03_trial-30.wav	6	0.9925	1.1125
sub-05	3	30	airy	sub-05_run-03_trial-30.wav	7	1.1125	1.3325
sub-05	3	30	airy	sub-05_run-03_trial-30.wav	8	1.3325	1.6725
sub-05	3	30	airy	sub-05_run-03_trial-30.wav	9	1.6725	2.0125
sub-05	3	30	airy	sub-05_run-03_trial-30.wav	10	2.0125	2.4125
sub-05	3	30	airy	sub-05_run-03_trial-30.wav	11	2.4125	2.6125
sub-05	3	30	airy	sub-05_run-03_trial-30.wav	12	2.6125	2.7925
sub-05	3	30	airy	sub-05_run-03_trial-30.wav	13	2.7925	3.0125
sub-05	3	30	airy	sub-05_run-03_trial-30.wav	14	3.0125	3.1725
sub-05	3	30	airy	sub-05_run-03_trial-30.wav	15	3.1725	3.5325
sub-05	3	30	airy	sub-05_run-03_trial-30.wav	16	3.5325	3.6525
sub-05	3	30	airy	sub-05_run-03_trial-30.wav	17	3.6525	3.9725
sub-05	3	30	airy	sub-05_run-03_trial-30.wav	18	3.9725	4.1925
sub-05	3	30	airy	sub-05_run-03_trial-30.wav	19	4.1925	4.4525
sub-05	3	31	day	sub-05_run-03_trial-31.wav	1	0.3325	0.4525
sub-05	3	31	day	sub-05_run-03_trial-31.wav	2	0.4525	0.5725
sub-05	3	31	day	sub-05_run-03_trial-31.wav	3	0.5725	0.7325
sub-05	3	31	day	sub-05_run-03_trial-31.wav	4	0.7325	0.8525
sub-05	3	31	day	sub-05_run-03_trial-31.wav	5	0.8525	1.0125
sub-05	3	31	day	sub-05_run-03_trial-31.wav	6	1.0125	1.1525
sub-05	3	31	day	sub-05_run-03_trial-31.wav	7	1.1525	1.3125
sub-05	3	31	day	sub-05_run-03_trial-31.wav	8	1.3125	1.4525
sub-05	3	31	day	sub-05_run-03_trial-31.wav	9	1.4525	1.6125
sub-05	3	31	day	sub-05_run-03_trial-31.wav	10	1.6125	1.7725
sub-05	3	31	day	sub-05_run-03_trial-31.wav	11	1.7725	1.9125
sub-05	3	31	day	sub-05_run-03_trial-31.wav	12	1.9125	2.0925
sub-05	3	31	day	sub-05_run-03_trial-31.wav	13	2.0925	2.2525
sub-05	3	31	day	sub-05_run-03_trial-31.wav	14	2.2525	2.3925
sub-05	3	31	day	sub-05_run-03_trial-31.wav	15	2.3925	2.5725
sub-05	3	31	day	sub-05_run-03_trial-31.wav	16	2.5725	2.7325
sub-05	3	31	day	sub-05_run-03_trial-31.wav	17	2.7325	2.8925
sub-05	3	31	day	sub-05_run-03_trial-31.wav	18	2.8925	3.0325
sub-05	3	31	day	sub-05_run-03_trial-31.wav	19	3.0325	3.1725
sub-05	3	31	day	sub-05_run-03_trial-31.wav	20	3.1725	3.3325
sub-05	3	31	day	sub-05_run-03_trial-31.wav	21	3.3325	3.5925
sub-05	3	32	ter	sub-05_run-03_trial-32.wav	1	0.1725	0.2925
sub-05	3	32	ter	sub-05_run-03_trial-32.wav	2	0.3325	0.4525
sub-05	3	32	ter	sub-05_run-03_trial-32.wav	3	0.4925	0.6125
sub-05	3	32	ter	sub-05_run-03_trial-32.wav	4	0.6725	0.7725
sub-05	3	32	ter	sub-05_run-03_trial-32.wav	5	0.8325	0.9125
sub-05	3	32	ter	sub-05_run-03_trial-32.wav	6	0.9725	1.0725
sub-05	3	32	ter	sub-05_run-03_trial-32.wav	7	1.1325	1.2525
sub-05	3	32	ter	sub-05_run-03_trial-32.wav	8	1.3125	1.4125
sub-05	3	32	ter	sub-05_run-03_trial-32.wav	9	1.4725	1.5725
sub-05	3	32	ter	sub-05_run-03_trial-32.wav	10	1.6525	1.7525
sub-05	3	32	ter	sub-05_run-03_trial-32.wav	11	1.8125	1.9125
sub-05	3	32	ter	sub-05_run-03_trial-32.wav	12	1.9925	2.1125
sub-05	3	32	ter	sub-05_run-03_trial-32.wav	13	2.1725	2.2925
sub-05	3	32	ter	sub-05_run-03_trial-32.wav	14	2.2925	2.4525
sub-05	3	32	ter	sub-05_run-03_trial-32.wav	15	2.5125	2.6325
sub-05	3	32	ter	sub-05_run-03_trial-32.wav	16	2.6925	2.7925
sub-05	3	32	ter	sub-05_run-03_trial-32.wav	17	2.8725	2.9725
sub-05	3	32	ter	sub-05_run-03_trial-32.wav	18	3.0325	3.1525
sub-05	3	32	ter	sub-05_run-03_trial-32.wav	19	3.2125	3.3525
sub-05	3	32	ter	sub-05_run-03_trial-32.wav	20	3.4125	3.5325
sub-05	3	32	ter	sub-05_run-03_trial-32.wav	21	3.5925	3.7325
sub-05	3	32	ter	sub-05_run-03_trial-32.wav	22	3.7325	3.8925
sub-05	3	32	ter	sub-05_run-03_trial-32.wav	23	3.9725	4.0925
sub-05	3	32	ter	sub-05_run-03_trial-32.wav	24	4.1525	4.3925
sub-05	3	33	peck	sub-05_run-03_trial-33.wav	1	0.2925	0.3925
sub-05	3	33	peck	sub-05_run-03_trial-33.wav	2	0.4525	0.5525
sub-05	3	33	peck	sub-05_run-03_trial-33.wav	3	0.5925	0.7125
sub-05	3	33	peck	sub-05_run-03_trial-33.wav	4	0.7725	0.8725
sub-05	3	33	peck	sub-05_run-03_trial-33.wav	5	0.9525	1.0525
sub-05	3	33	peck	sub-05_run-03_trial-33.wav	6	1.1125	1.2125
sub-05	3	33	peck	sub-05_run-03_trial-33.wav	7	1.2925	1.4125
sub-05	3	33	peck	sub-05_run-03_trial-33.wav	8	1.4925	1.5925
sub-05	3	33	peck	sub-05_run-03_trial-33.wav	9	1.6525	1.7525
sub-05	3	33	peck	sub-05_run-03_trial-33.wav	10	1.8325	1.9325
sub-05	3	33	peck	sub-05_run-03_trial-33.wav	11	1.9925	2.0925
sub-05	3	33	peck	sub-05_run-03_trial-33.wav	12	2.1725	2.2525
sub-05	3	33	peck	sub-05_run-03_trial-33.wav	13	2.3525	2.5325
sub-05	3	33	peck	sub-05_run-03_trial-33.wav	14	2.5325	2.6325
sub-05	3	33	peck	sub-05_run-03_trial-33.wav	15	2.7125	2.8125
sub-05	3	33	peck	sub-05_run-03_trial-33.wav	16	2.8925	2.9925
sub-05	3	33	peck	sub-05_run-03_trial-33.wav	17	3.0725	3.1925
sub-05	3	33	peck	sub-05_run-03_trial-33.wav	18	3.2325	3.3525
sub-05	3	33	peck	sub-05_run-03_trial-33.wav	19	3.4325	3.5325
sub-05	3	33	peck	sub-05_run-03_trial-33.wav	20	3.6125	3.7325
sub-05	3	33	peck	sub-05_run-03_trial-33.wav	21	3.7925	3.8925
sub-05	3	33	peck	sub-05_run-03_trial-33.wav	22	3.9725	4.0925
sub-05	3	33	peck	sub-05_run-03_trial-33.wav	23	4.1525	4.2725
sub-05	3	33	peck	sub-05_run-03_trial-33.wav	24	4.3325	4.4325
sub-05	3	33	peck	sub-05_run-03_trial-33.wav	25	4.4925	4.6725
sub-05	3	34	leh	sub-05_run-03_trial-34.wav	1	0.3925	0.5525
sub-05	3	34	leh	sub-05_run-03_trial-34.wav	2	0.5525	0.6925
sub-05	3	34	leh	sub-05_run-03_trial-34.wav	3	0.6925	0.8525
sub-05	3	34	leh	sub-05_run-03_trial-34.wav	4	0.8525	0.9925
sub-05	3	34	leh	sub-05_run-03_trial-34.wav	5	0.9925	1.1325
sub-05	3	34	leh	sub-05_run-03_trial-34.wav	6	1.1325	1.2925
sub-05	3	34	leh	sub-05_run-03_trial-34.wav	7	1.2925	1.4525
sub-05	3	34	leh	sub-05_run-03_trial-34.wav	8	1.4525	1.5925
sub-05	3	34	leh	sub-05_run-03_trial-34.wav	9	1.5925	1.7725
sub-05	3	34	leh	sub-05_run-03_trial-34.wav	10	1.7725	1.9525
sub-05	3	34	leh	sub-05_run-03_trial-34.wav	11	1.9525	2.0925
sub-05	3	34	leh	sub-05_run-03_trial-34.wav	12	2.0925	2.2725
sub-05	3	34	leh	sub-05_run-03_trial-34.wav	13	2.2725	2.4325
sub-05	3	34	leh	sub-05_run-03_trial-34.wav	14	2.4325	2.5925
sub-05	3	34	leh	sub-05_run-03_trial-34.wav	15	2.5925	2.7325
sub-05	3	34	leh	sub-05_run-03_trial-34.wav	16	2.7325	2.9125
sub-05	3	34	leh	sub-05_run-03_trial-34.wav	17	2.9125	3.0925
sub-05	3	34	leh	sub-05_run-03_trial-34.wav	18	3.0925	3.2525
sub-05	3	34	leh	sub-05_run-03_trial-34.wav	19	3.2525	3.4325
sub-05	3	34	leh	sub-05_run-03_trial-34.wav	20	3.4325	3.6325
sub-05	3	34	leh	sub-05_run-03_trial-34.wav	21	3.6325	3.8325
sub-05	3	34	leh	sub-05_run-03_trial-34.wav	22	3.8325	4.0125
sub-05	3	34	leh	sub-05_run-03_trial-34.wav	23	4.0125	4.2125
sub-05	3	34	leh	sub-05_run-03_trial-34.wav	24	4.2125	4.9716
sub-05	3	35	three	sub-05_run-03_trial-35.wav	1	0.1325	0.2925
sub-05	3	35	three	sub-05_run-03_trial-35.wav	2	0.2925	0.5325
sub-05	3	35	three	sub-05_run-03_trial-35.wav	3	0.5325	0.6125
sub-05	3	35	three	sub-05_run-03_trial-35.wav	4	0.6125	0.8125
sub-05	3	35	three	sub-05_run-03_trial-35.wav	5	0.8125	1.0725
sub-05	3	35	three	sub-05_run-03_trial-35.wav	6	1.0725	1.3525
sub-05	3	35	three	sub-05_run-03_trial-35.wav	7	1.3525	1.6125
sub-05	3	35	three	sub-05_run-03_trial-35.wav	8	1.6125	1.8725
sub-05	3	35	three	sub-05_run-03_trial-35.wav	9	1.8725	2.1325
sub-05	3	35	three	sub-05_run-03_trial-35.wav	10	2.1325	2.4125
sub-05	3	35	three	sub-05_run-03_trial-35.wav	11	2.4125	2.6925
sub-05	3	35	three	sub-05_run-03_trial-35.wav	12	2.6925	2.9925
sub-05	3	35	three	sub-05_run-03_trial-35.wav	13	2.9925	3.2325
sub-05	3	35	three	sub-05_run-03_trial-35.wav	14	3.2325	3.5125
sub-05	3	35	three	sub-05_run-03_trial-35.wav	15	3.5125	3.7725
sub-05	3	35	three	sub-05_run-03_trial-35.wav	16	3.7725	3.8925
sub-05	3	35	three	sub-05_run-03_trial-35.wav	17	3.8925	4.0725
sub-05	3	35	three	sub-05_run-03_trial-35.wav	18	4.0725	4.2525
sub-05	3	35	three	sub-05_run-03_trial-35.wav	19	4.2525	4.4525
sub-05	3	35	three	sub-05_run-03_trial-35.wav	20	4.4525	4.6325
sub-05	3	36	out	sub-05_run-03_trial-36.wav	1	0.1125	0.2125
sub-05	3	36	out	sub-05_run-03_trial-36.wav	2	0.2125	0.3725
sub-05	3	36	out	sub-05_run-03_trial-36.wav	3	0.3725	0.4925
sub-05	3	36	out	sub-05_run-03_trial-36.wav	4	0.4925	0.6125
sub-05	3	36	out	sub-05_run-03_trial-36.wav	5	0.6525	0.7525
sub-05	3	36	out	sub-05_run-03_trial-36.wav	6	0.7925	0.8925
sub-05	3	36	out	sub-05_run-03_trial-36.wav	7	0.9325	1.0125
sub-05	3	36	out	sub-05_run-03_trial-36.wav	8	1.0925	1.1725
sub-05	3	36	out	sub-05_run-03_trial-36.wav	9	1.2325	1.3325
sub-05	3	36	out	sub-05_run-03_trial-36.wav	10	1.3925	1.4925
sub-05	3	36	out	sub-05_run-03_trial-36.wav	11	1.5525	1.6525
sub-05	3	36	out	sub-05_run-03_trial-36.wav	12	1.6525	1.7925
sub-05	3	36	out	sub-05_run-03_trial-36.wav	13	1.8325	1.9325
sub-05	3	36	out	sub-05_run-03_trial-36.wav	14	1.9925	2.0925
sub-05	3	36	out	sub-05_run-03_trial-36.wav	15	2.1525	2.2525
sub-05	3	36	out	sub-05_run-03_trial-36.wav	16	2.3125	2.4125
sub-05	3	36	out	sub-05_run-03_trial-36.wav	17	2.4925	2.6125
sub-05	3	36	out	sub-05_run-03_trial-36.wav	18	2.6125	2.7525
sub-05	3	36	out	sub-05_run-03_trial-36.wav	19	2.8125	2.9325
sub-05	3	36	out	sub-05_run-03_trial-36.wav	20	2.9325	3.0925
sub-05	3	36	out	sub-05_run-03_trial-36.wav	21	3.1325	3.2525
sub-05	3	36	out	sub-05_run-03_trial-36.wav	22	3.2525	3.4325
sub-05	3	36	out	sub-05_run-03_trial-36.wav	23	3.4725	3.6525
sub-05	3	36	out	sub-05_run-03_trial-36.wav	24	3.6525	3.7925
sub-05	3	36	out	sub-05_run-03_trial-36.wav	25	3.8525	4.0525
sub-05	3	36	out	sub-05_run-03_trial-36.wav	26	4.0525	4.2125
sub-05	3	36	out	sub-05_run-03_trial-36.wav	27	4.2125	4.4525
sub-05	3	37	picked	sub-05_run-03_trial-37.wav	1	0.2125	0.3525
sub-05	3	37	picked	sub-05_run-03_trial-37.wav	2	0.4125	0.5325
sub-05	3	37	picked	sub-05_run-03_trial-37.wav	3	0.6325	0.7725
sub-05	3	37	picked	sub-05_run-03_trial-37.wav	4	0.8725	0.9725
sub-05	3	37	picked	sub-05_run-03_trial-37.wav	5	1.0925	1.2125
sub-05	3	37	picked	sub-05_run-03_trial-37.wav	6	1.3525	1.4525
sub-05	3	37	picked	sub-05_run-03_trial-37.wav	7	1.5725	1.6925
sub-05	3	37	picked	sub-05_run-03_trial-37.wav	8	1.8125	1.9725
sub-05	3	37	picked	sub-05_run-03_trial-37.wav	9	2.0525	2.1925
sub-05	3	37	picked	sub-05_run-03_trial-37.wav	10	2.3125	2.4725
sub-05	3	37	picked	sub-05_run-03_trial-37.wav	11	2.5725	2.7325
sub-05	3	37	picked	sub-05_run-03_trial-37.wav	12	2.8325	3.2525
sub-05	3	37	picked	sub-05_run-03_trial-37.wav	13	3.3525	3.5125
sub-05	3	37	picked	sub-05_run-03_trial-37.wav	14	3.6525	3.8125
sub-05	3	37	picked	sub-05_run-03_trial-37.wav	15	3.9325	4.1125
sub-05	3	38	thieves	sub-05_run-03_trial-38.wav	1	0.3325	0.4925
sub-05	3	38	thieves	sub-05_run-03_trial-38.wav	2	0.4925	0.7525
sub-05	3	38	thieves	sub-05_run-03_trial-38.wav	3	0.7525	1.0325
sub-05	3	38	thieves	sub-05_run-03_trial-38.wav	4	1.0325	1.3125
sub-05	3	38	thieves	sub-05_run-03_trial-38.wav	5	1.3125	1.6125
sub-05	3	38	thieves	sub-05_run-03_trial-38.wav	6	1.6125	1.9325
sub-05	3	38	thieves	sub-05_run-03_trial-38.wav	7	1.9325	2.2525
sub-05	3	38	thieves	sub-05_run-03_trial-38.wav	8	2.2525	2.5725
sub-05	3	38	thieves	sub-05_run-03_trial-38.wav	9	2.5725	2.9525
sub-05	3	38	thieves	sub-05_run-03_trial-38.wav	10	3.0125	3.3325
sub-05	3	38	thieves	sub-05_run-03_trial-38.wav	11	3.3325	3.8125
sub-05	3	38	thieves	sub-05_run-03_trial-38.wav	12	3.8125	4.3925
sub-05	3	39	how	sub-05_run-03_trial-39.wav	1	0.5525	0.7325
sub-05	3	39	how	sub-05_run-03_trial-39.wav	2	0.7325	0.8525
sub-05	3	39	how	sub-05_run-03_trial-39.wav	3	0.8525	1.0125
sub-05	3	39	how	sub-05_run-03_trial-39.wav	4	1.0125	1.1925
sub-05	3	39	how	sub-05_run-03_trial-39.wav	5	1.1925	1.3725
sub-05	3	39	how	sub-05_run-03_trial-39.wav	6	1.3725	1.5325
sub-05	3	39	how	sub-05_run-03_trial-39.wav	7	1.5925	1.6925
sub-05	3	39	how	sub-05_run-03_trial-39.wav	8	1.6925	1.8725
sub-05	3	39	how	sub-05_run-03_trial-39.wav	9	1.8725	2.0525
sub-05	3	39	how	sub-05_run-03_trial-39.wav	10	2.0525	2.2325
sub-05	3	39	how	sub-05_run-03_trial-39.wav	11	2.2325	2.4125
sub-05	3	39	how	sub-05_run-03_trial-39.wav	12	2.4125	2.6125
sub-05	3	39	how	sub-05_run-03_trial-39.wav	13	2.6125	2.7925
sub-05	3	39	how	sub-05_run-03_trial-39.wav	14	2.7925	2.9725
sub-05	3	39	how	sub-05_run-03_trial-39.wav	15	2.9725	3.1725
sub-05	3	39	how	sub-05_run-03_trial-39.wav	16	3.1725	3.3725
sub-05	3	39	how	sub-05_run-03_trial-39.wav	17	3.3725	3.5525
sub-05	3	39	how	sub-05_run-03_trial-39.wav	18	3.5525	3.7325
sub-05	3	39	how	sub-05_run-03_trial-39.wav	19	3.7325	4.0125
sub-05	3	40	throne	sub-05_run-03_trial-40.wav	1	0.3125	0.5325
sub-05	3	40	throne	sub-05_run-03_trial-40.wav	2	0.5325	0.7125
sub-05	3	40	throne	sub-05_run-03_trial-40.wav	3	0.7125	0.9125
sub-05	3	40	throne	sub-05_run-03_trial-40.wav	4	0.9125	1.0925
sub-05	3	40	throne	sub-05_run-03_trial-40.wav	5	1.0925	1.3125
sub-05	3	40	throne	sub-05_run-03_trial-40.wav	6	1.3125	1.5125
sub-05	3	40	throne	sub-05_run-03_trial-40.wav	7	1.5125	1.6925
sub-05	3	40	throne	sub-05_run-03_trial-40.wav	8	1.6925	1.8925
sub-05	3	40	throne	sub-05_run-03_trial-40.wav	9	1.8925	2.0725
sub-05	3	40	throne	sub-05_run-03_trial-40.wav	10	2.0725	2.2725
sub-05	3	40	throne	sub-05_run-03_trial-40.wav	11	2.2725	2.4325
sub-05	3	40	throne	sub-05_run-03_trial-40.wav	12	2.4925	2.6725
sub-05	3	40	throne	sub-05_run-03_trial-40.wav	13	2.6725	2.8925
sub-05	3	40	throne	sub-05_run-03_trial-40.wav	14	2.8925	3.0725
sub-05	3	40	throne	sub-05_run-03_trial-40.wav	15	3.0725	3.2725
sub-05	3	40	throne	sub-05_run-03_trial-40.wav	16	3.2725	3.4525
sub-05	3	40	throne	sub-05_run-03_trial-40.wav	17	3.4525	3.6725
sub-05	3	40	throne	sub-05_run-03_trial-40.wav	18	3.6725	3.8925
sub-05	3	40	throne	sub-05_run-03_trial-40.wav	19	3.8925	4.1125
sub-05	3	40	throne	sub-05_run-03_trial-40.wav	20	4.1125	4.2925
sub-05	3	40	throne	sub-05_run-03_trial-40.wav	21	4.2925	4.6125
sub-05	3	41	ti	sub-05_run-03_trial-41.wav	1	0.2925	0.4125
sub-05	3	41	ti	sub-05_run-03_trial-41.wav	2	0.4125	0.5325
sub-05	3	41	ti	sub-05_run-03_trial-41.wav	3	0.5325	0.6725
sub-05	3	41	ti	sub-05_run-03_trial-41.wav	4	0.6725	0.8325
sub-05	3	41	ti	sub-05_run-03_trial-41.wav	5	0.8325	0.9925
sub-05	3	41	ti	sub-05_run-03_trial-41.wav	6	0.9925	1.1325
sub-05	3	41	ti	sub-05_run-03_trial-41.wav	7	1.1325	1.2925
sub-05	3	41	ti	sub-05_run-03_trial-41.wav	8	1.2925	1.4525
sub-05	3	41	ti	sub-05_run-03_trial-41.wav	9	1.4525	1.6125
sub-05	3	41	ti	sub-05_run-03_trial-41.wav	10	1.6125	1.7725
sub-05	3	41	ti	sub-05_run-03_trial-41.wav	11	1.7725	1.9525
sub-05	3	41	ti	sub-05_run-03_trial-41.wav	12	1.9525	2.1325
sub-05	3	41	ti	sub-05_run-03_trial-41.wav	13	2.1325	2.2925
sub-05	3	41	ti	sub-05_run-03_trial-41.wav	14	2.2925	2.4525
sub-05	3	41	ti	sub-05_run-03_trial-41.wav	15	2.4525	2.5925
sub-05	3	41	ti	sub-05_run-03_trial-41.wav	16	2.6525	2.7725
sub-05	3	41	ti	sub-05_run-03_trial-41.wav	17	2.7725	2.9525
sub-05	3	41	ti	sub-05_run-03_trial-41.wav	18	2.9525	3.0925
sub-05	3	41	ti	sub-05_run-03_trial-41.wav	19	3.0925	3.2725
sub-05	3	41	ti	sub-05_run-03_trial-41.wav	20	3.2725	3.4725
sub-05	3	41	ti	sub-05_run-03_trial-41.wav	21	3.4725	3.6525
sub-05	3	41	ti	sub-05_run-03_trial-41.wav	22	3.6525	3.8125
sub-05	3	41	ti	sub-05_run-03_trial-41.wav	23	3.8125	3.9725
sub-05	3	41	ti	sub-05_run-03_trial-41.wav	24	3.9725	4.1725
sub-05	3	41	ti	sub-05_run-03_trial-41.wav	25	4.1725	4.3325
sub-05	3	41	ti	sub-05_run-03_trial-41.wav	26	4.3325	4.5525
sub-05	3	42	chuck	sub-05_run-03_trial-42.wav	1	0.1725	0.3325
sub-05	3	42	chuck	sub-05_run-03_trial-42.wav	2	0.3325	0.4525
sub-05	3	42	chuck	sub-05_run-03_trial-42.wav	3	0.5125	0.6125
sub-05	3	42	chuck	sub-05_run-03_trial-42.wav	4	0.6725	0.7925
sub-05	3	42	chuck	sub-05_run-03_trial-42.wav	5	0.8525	0.9525
sub-05	3	42	chuck	sub-05_run-03_trial-42.wav	6	0.9925	1.1525
sub-05	3	42	chuck	sub-05_run-03_trial-42.wav	7	1.1925	1.3125
sub-05	3	42	chuck	sub-05_run-03_trial-42.wav	8	1.3925	1.4925
sub-05	3	42	chuck	sub-05_run-03_trial-42.wav	9	1.5525	1.6725
sub-05	3	42	chuck	sub-05_run-03_trial-42.wav	10	1.7325	1.8925
sub-05	3	42	chuck	sub-05_run-03_trial-42.wav	11	1.8925	2.1125
sub-05	3	42	chuck	sub-05_run-03_trial-42.wav	12	2.1525	2.2925
sub-05	3	42	chuck	sub-05_run-03_trial-42.wav	13	2.2925	2.4725
sub-05	3	42	chuck	sub-05_run-03_trial-42.wav	14	2.5125	2.6925
sub-05	3	42	chuck	sub-05_run-03_trial-42.wav	15	2.6925	2.8925
sub-05	3	42	chuck	sub-05_run-03_trial-42.wav	16	2.8925	3.0125
sub-05	3	42	chuck	sub-05_run-03_trial-42.wav	17	3.0725	3.1925
sub-05	3	42	chuck	sub-05_run-03_trial-42.wav	18	3.2325	3.3725
sub-05	3	42	chuck	sub-05_run-03_trial-42.wav	19	3.4325	3.5725
sub-05	3	42	chuck	sub-05_run-03_trial-42.wav	20	3.6325	3.7525
sub-05	3	42	chuck	sub-05_run-03_trial-42.wav	21	3.8325	3.9325
sub-05	3	42	chuck	sub-05_run-03_trial-42.wav	22	4.0125	4.1525
sub-05	3	42	chuck	sub-05_run-03_trial-42.wav	23	4.2125	4.3725
sub-05	3	42	chuck	sub-05_run-03_trial-42.wav	24	4.3725	4.5125
sub-05	3	42	chuck	sub-05_run-03_trial-42.wav	25	4.5925	4.6525
sub-05	4	1	thieves	sub-05_run-04_trial-01.wav	1	0.3725	0.5525
sub-05	4	1	thieves	sub-05_run-04_trial-01.wav	2	0.5525	0.7925
sub-05	4	1	thieves	sub-05_run-04_trial-01.wav	3	0.7925	1.0925
sub-05	4	1	thieves	sub-05_run-04_trial-01.wav	4	1.0925	1.3925
sub-05	4	1	thieves	sub-05_run-04_trial-01.wav	5	1.4725	1.6925
sub-05	4	1	thieves	sub-05_run-04_trial-01.wav	6	1.6925	1.7725
sub-05	4	1	thieves	sub-05_run-04_trial-01.wav	7	1.8725	2.0525
sub-05	4	1	thieves	sub-05_run-04_trial-01.wav	8	2.0525	2.3925
sub-05	4	1	thieves	sub-05_run-04_trial-01.wav	9	2.4525	2.7125
sub-05	4	1	thieves	sub-05_run-04_trial-01.wav	10	2.8125	3.0325
sub-05	4	1	thieves	sub-05_run-04_trial-01.wav	11	3.0325	3.4525
sub-05	4	1	thieves	sub-05_run-04_trial-01.wav	12	3.4525	3.8725
sub-05	4	1	thieves	sub-05_run-04_trial-01.wav	13	3.8725	4.2925
sub-05	4	2	peck	sub-05_run-04_trial-02.wav	1	0.3125	0.4325
sub-05	4	2	peck	sub-05_run-04_trial-02.wav	2	0.5325	0.6525
sub-05	4	2	peck	sub-05_run-04_trial-02.wav	3	0.7125	0.8125
sub-05	4	2	peck	sub-05_run-04_trial-02.wav	4	0.8725	0.9725
sub-05	4	2	peck	sub-05_run-04_trial-02.wav	5	1.0525	1.1525
sub-05	4	2	peck	sub-05_run-04_trial-02.wav	6	1.2325	1.3125
sub-05	4	2	peck	sub-05_run-04_trial-02.wav	7	1.3925	1.4925
sub-05	4	2	peck	sub-05_run-04_trial-02.wav	8	1.5525	1.6525
sub-05	4	2	peck	sub-05_run-04_trial-02.wav	9	1.7325	1.8325
sub-05	4	2	peck	sub-05_run-04_trial-02.wav	10	1.8925	1.9925
sub-05	4	2	peck	sub-05_run-04_trial-02.wav	11	2.0725	2.2125
sub-05	4	2	peck	sub-05_run-04_trial-02.wav	12	2.2125	2.3525
sub-05	4	2	peck	sub-05_run-04_trial-02.wav	13	2.4125	2.5125
sub-05	4	2	peck	sub-05_run-04_trial-02.wav	14	2.5725	2.6925
sub-05	4	2	peck	sub-05_run-04_trial-02.wav	15	2.7525	2.8525
sub-05	4	2	peck	sub-05_run-04_trial-02.wav	16	2.9325	3.0325
sub-05	4	2	peck	sub-05_run-04_trial-02.wav	17	3.1125	3.2125
sub-05	4	2	peck	sub-05_run-04_trial-02.wav	18	3.2925	3.3725
sub-05	4	2	peck	sub-05_run-04_trial-02.wav	19	3.4525	3.5725
sub-05	4	2	peck	sub-05_run-04_trial-02.wav	20	3.6325	3.7525
sub-05	4	2	peck	sub-05_run-04_trial-02.wav	21	3.8125	3.9725
sub-05	4	2	peck	sub-05_run-04_trial-02.wav	22	3.9725	4.1325
sub-05	4	2	peck	sub-05_run-04_trial-02.wav	23	4.1725	4.3325
sub-05	4	2	peck	sub-05_run-04_trial-02.wav	24	4.3325	4.4725
sub-05	4	3	per	sub-05_run-04_trial-03.wav	1	0.2325	0.3925
sub-05	4	3	per	sub-05_run-04_trial-03.wav	2	0.3925	0.5525
sub-05	4	3	per	sub-05_run-04_trial-03.wav	3	0.5525	0.6925
sub-05	4	3	per	sub-05_run-04_trial-03.wav	4	0.6925	0.7925
sub-05	4	3	per	sub-05_run-04_trial-03.wav	5	0.8325	0.9725
sub-05	4	3	per	sub-05_run-04_trial-03.wav	6	0.9725	1.1325
sub-05	4	3	per	sub-05_run-04_trial-03.wav	7	1.1325	1.1925
sub-05	4	3	per	sub-05_run-04_trial-03.wav	8	1.2725	1.4125
sub-05	4	3	per	sub-05_run-04_trial-03.wav	9	1.4125	1.5525
sub-05	4	3	per	sub-05_run-04_trial-03.wav	10	1.5525	1.6925
sub-05	4	3	per	sub-05_run-04_trial-03.wav	11	1.6925	1.8525
sub-05	4	3	per	sub-05_run-04_trial-03.wav	12	1.8525	1.9325
sub-05	4	3	per	sub-05_run-04_trial-03.wav	13	2.0125	2.1725
sub-05	4	3	per	sub-05_run-04_trial-03.wav	14	2.1725	2.3325
sub-05	4	3	per	sub-05_run-04_trial-03.wav	15	2.3325	2.4925
sub-05	4	3	per	sub-05_run-04_trial-03.wav	16	2.4925	2.5525
sub-05	4	3	per	sub-05_run-04_trial-03.wav	17	2.6325	2.7925
sub-05	4	3	per	sub-05_run-04_trial-03.wav	18	2.7925	2.9525
sub-05	4	3	per	sub-05_run-04_trial-03.wav	19	2.9525	3.1125
sub-05	4	3	per	sub-05_run-04_trial-03.wav	20	3.1125	3.2125
sub-05	4	3	per	sub-05_run-04_trial-03.wav	21	3.2725	3.4325
sub-05	4	3	per	sub-05_run-04_trial-03.wav	22	3.4325	3.6125
sub-05	4	3	per	sub-05_run-04_trial-03.wav	23	3.6125	3.7725
sub-05	4	3	per	sub-05_run-04_trial-03.wav	24	4.1125	4.2525
sub-05	4	4	pro	sub-05_run-04_trial-04.wav	1	0.1525	0.2925
sub-05	4	4	pro	sub-05_run-04_trial-04.wav	2	0.2925	0.4525
sub-05	4	4	pro	sub-05_run-04_trial-04.wav	3	0.4525	0.5925
sub-05	4	4	pro	sub-05_run-04_trial-04.wav	4	0.5925	0.6725
sub-05	4	4	pro	sub-05_run-04_trial-04.wav	5	0.7525	0.8925
sub-05	4	4	pro	sub-05_run-04_trial-04.wav	6	0.8925	1.0525
sub-05	4	4	pro	sub-05_run-04_trial-04.wav	7	1.0525	1.1525
sub-05	4	4	pro	sub-05_run-04_trial-04.wav	8	1.2325	1.3725
sub-05	4	4	pro	sub-05_run-04_trial-04.wav	9	1.3725	1.5325
sub-05	4	4	pro	sub-05_run-04_trial-04.wav	10	1.5325	1.6925
sub-05	4	4	pro	sub-05_run-04_trial-04.wav	11	1.6925	1.8725
sub-05	4	4	pro	sub-05_run-04_trial-04.wav	12	1.8725	2.0325
sub-05	4	4	pro	sub-05_run-04_trial-04.wav	13	2.0325	2.2125
sub-05	4	4	pro	sub-05_run-04_trial-04.wav	14	2.2125	2.2925
sub-05	4	4	pro	sub-05_run-04_trial-04.wav	15	2.3925	2.5725
sub-05	4	4	pro	sub-05_run-04_trial-04.wav	16	2.5725	2.7525
sub-05	4	4	pro	sub-05_run-04_trial-04.wav	17	2.7525	2.8525
sub-05	4	4	pro	sub-05_run-04_trial-04.wav	18	2.9325	3.1125
sub-05	4	4	pro	sub-05_run-04_trial-04.wav	19	3.1125	3.2525
sub-05	4	4	pro	sub-05_run-04_trial-04.wav	20	3.2525	3.4125
sub-05	4	4	pro	sub-05_run-04_trial-04.wav	21	3.4125	3.5925
sub-05	4	4	pro	sub-05_run-04_trial-04.wav	22	3.5925	3.6525
sub-05	4	4	pro	sub-05_run-04_trial-04.wav	23	3.7525	3.8525
sub-05	4	4	pro	sub-05_run-04_trial-04.wav	24	3.9125	4.0125
sub-05	4	4	pro	sub-05_run-04_trial-04.wav	25	4.0725	4.2525
sub-05	4	4	pro	sub-05_run-04_trial-04.wav	26	4.2525	4.3325
sub-05	4	4	pro	sub-05_run-04_trial-04.wav	27	4.4125	4.6125
sub-05	4	5	ser	sub-05_run-04_trial-05.wav	1	0.0725	0.2125
sub-05	4	5	ser	sub-05_run-04_trial-05.wav	2	0.2125	0.3725
sub-05	4	5	ser	sub-05_run-04_trial-05.wav	3	0.3725	0.5525
sub-05	4	5	ser	sub-05_run-04_trial-05.wav	4	0.5525	0.7725
sub-05	4	5	ser	sub-05_run-04_trial-05.wav	5	0.7725	0.8325
sub-05	4	5	ser	sub-05_run-04_trial-05.wav	6	0.8325	0.9525
sub-05	4	5	ser	sub-05_run-04_trial-05.wav	7	0.9925	1.1125
sub-05	4	5	ser	sub-05_run-04_trial-05.wav	8	1.1125	1.2525
sub-05	4	5	ser	sub-05_run-04_trial-05.wav	9	1.2525	1.3325
sub-05	4	5	ser	sub-05_run-04_trial-05.wav	10	1.3325	1.4325
sub-05	4	5	ser	sub-05_run-04_trial-05.wav	11	1.4325	1.6125
sub-05	4	5	ser	sub-05_run-04_trial-05.wav	12	1.6125	1.8125
sub-05	4	5	ser	sub-05_run-04_trial-05.wav	13	1.8125	1.8725
sub-05	4	5	ser	sub-05_run-04_trial-05.wav	14	1.8725	2.0125
sub-05	4	5	ser	sub-05_run-04_trial-05.wav	15	2.0125	2.2125
sub-05	4	5	ser	sub-05_run-04_trial-05.wav	16	2.2125	2.4125
sub-05	4	5	ser	sub-05_run-04_trial-05.wav	17	2.4125	2.4925
sub-05	4	5	ser	sub-05_run-04_trial-05.wav	18	2.4925	2.6325
sub-05	4	5	ser	sub-05_run-04_trial-05.wav	19	2.6325	2.7525
sub-05	4	5	ser	sub-05_run-04_trial-05.wav	20	2.7525	2.9125
sub-05	4	5	ser	sub-05_run-04_trial-05.wav	21	2.9125	3.1325
sub-05	4	5	ser	sub-05_run-04_trial-05.wav	22	3.1325	3.2925
sub-05	4	5	ser	sub-05_run-04_trial-05.wav	23	3.2925	3.4925
sub-05	4	5	ser	sub-05_run-04_trial-05.wav	24	3.4925	3.6725
sub-05	4	5	ser	sub-05_run-04_trial-05.wav	25	3.6725	3.8725
sub-05	4	5	ser	sub-05_run-04_trial-05.wav	26	3.8725	3.9725
sub-05	4	5	ser	sub-05_run-04_trial-05.wav	27	3.9725	4.0925
sub-05	4	5	ser	sub-05_run-04_trial-05.wav	28	4.0925	4.3925
sub-05	4	6	naw	sub-05_run-04_trial-06.wav	1	0.1525	0.2925
sub-05	4	6	naw	sub-05_run-04_trial-06.wav	2	0.2925	0.4325
sub-05	4	6	naw	sub-05_run-04_trial-06.wav	3	0.4325	0.5725
sub-05	4	6	naw	sub-05_run-04_trial-06.wav	4	0.5725	0.7125
sub-05	4	6	naw	sub-05_run-04_trial-06.wav	5	0.7125	0.8525
sub-05	4	6	naw	sub-05_run-04_trial-06.wav	6	0.8525	1.0125
sub-05	4	6	naw	sub-05_run-04_trial-06.wav	7	1.0125	1.1525
sub-05	4	6	naw	sub-05_run-04_trial-06.wav	8	1.1525	1.2925
sub-05	4	6	naw	sub-05_run-04_trial-06.wav	9	1.2925	1.4525
sub-05	4	6	naw	sub-05_run-04_trial-06.wav	10	1.4525	1.6125
sub-05	4	6	naw	sub-05_run-04_trial-06.wav	11	1.6125	1.7525
sub-05	4	6	naw	sub-05_run-04_trial-06.wav	12	1.7525	1.8925
sub-05	4	6	naw	sub-05_run-04_trial-06.wav	13	1.8925	2.0525
sub-05	4	6	naw	sub-05_run-04_trial-06.wav	14	2.0525	2.1925
sub-05	4	6	naw	sub-05_run-04_trial-06.wav	15	2.1925	2.3525
sub-05	4	6	naw	sub-05_run-04_trial-06.wav	16	2.3525	2.5125
sub-05	4	6	naw	sub-05_run-04_trial-06.wav	17	2.5125	2.6325
sub-05	4	6	naw	sub-05_run-04_trial-06.wav	18	2.6325	2.7925
sub-05	4	6	naw	sub-05_run-04_trial-06.wav	19	2.7925	2.9325
sub-05	4	6	naw	sub-05_run-04_trial-06.wav	20	2.9325	3.0925
sub-05	4	6	naw	sub-05_run-04_trial-06.wav	21	3.0925	3.2325
sub-05	4	6	naw	sub-05_run-04_trial-06.wav	22	3.2325	3.3725
sub-05	4	6	naw	sub-05_run-04_trial-06.wav	23	3.3725	3.5325
sub-05	4	6	naw	sub-05_run-04_trial-06.wav	24	3.5325	3.6925
sub-05	4	6	naw	sub-05_run-04_trial-06.wav	25	3.6925	3.7925
sub-05	4	6	naw	sub-05_run-04_trial-06.wav	26	3.7925	3.9925
sub-05	4	6	naw	sub-05_run-04_trial-06.wav	27	3.9925	4.1525
sub-05	4	6	naw	sub-05_run-04_trial-06.wav	28	4.1525	4.3725
sub-05	4	7	if	sub-05_run-04_trial-07.wav	1	0.1725	0.3325
sub-05	4	7	if	sub-05_run-04_trial-07.wav	2	0.3325	0.4925
sub-05	4	7	if	sub-05_run-04_trial-07.wav	3	0.4925	0.6525
sub-05	4	7	if	sub-05_run-04_trial-07.wav	4	0.6525	0.8125
sub-05	4	7	if	sub-05_run-04_trial-07.wav	5	0.8125	0.9525
sub-05	4	7	if	sub-05_run-04_trial-07.wav	6	0.9525	1.1125
sub-05	4	7	if	sub-05_run-04_trial-07.wav	7	1.1125	1.2725
sub-05	4	7	if	sub-05_run-04_trial-07.wav	8	1.2725	1.4525
sub-05	4	7	if	sub-05_run-04_trial-07.wav	9	1.4525	1.6525
sub-05	4	7	if	sub-05_run-04_trial-07.wav	10	1.6525	1.7725
sub-05	4	7	if	sub-05_run-04_trial-07.wav	11	1.7725	1.9725
sub-05	4	7	if	sub-05_run-04_trial-07.wav	12	1.9725	2.0925
sub-05	4	7	if	sub-05_run-04_trial-07.wav	13	2.0925	2.2725
sub-05	4	7	if	sub-05_run-04_trial-07.wav	14	2.3325	2.4725
sub-05	4	7	if	sub-05_run-04_trial-07.wav	15	2.5525	2.6525
sub-05	4	7	if	sub-05_run-04_trial-07.wav	16	2.6525	2.8125
sub-05	4	7	if	sub-05_run-04_trial-07.wav	17	2.8125	2.9925
sub-05	4	7	if	sub-05_run-04_trial-07.wav	18	2.9925	3.2525
sub-05	4	7	if	sub-05_run-04_trial-07.wav	19	3.2525	3.3325
sub-05	4	7	if	sub-05_run-04_trial-07.wav	20	3.3325	3.5325
sub-05	4	7	if	sub-05_run-04_trial-07.wav	21	3.5325	3.7125
sub-05	4	7	if	sub-05_run-04_trial-07.wav	22	3.7125	3.8925
sub-05	4	7	if	sub-05_run-04_trial-07.wav	23	3.8925	4.0525
sub-05	4	7	if	sub-05_run-04_trial-07.wav	24	4.0525	4.2125
sub-05	4	7	if	sub-05_run-04_trial-07.wav	25	4.2125	4.3925
sub-05	4	8	three	sub-05_run-04_trial-08.wav	1	0.1125	0.3925
sub-05	4	8	three	sub-05_run-04_trial-08.wav	2	0.3925	0.5925
sub-05	4	8	three	sub-05_run-04_trial-08.wav	3	0.5925	0.8125
sub-05	4	8	three	sub-05_run-04_trial-08.wav	4	0.8125	1.0725
sub-05	4	8	three	sub-05_run-04_trial-08.wav	5	1.0725	1.3125
sub-05	4	8	three	sub-05_run-04_trial-08.wav	6	1.3725	1.4525
sub-05	4	8	three	sub-05_run-04_trial-08.wav	7	1.4525	1.8125
sub-05	4	8	three	sub-05_run-04_trial-08.wav	8	1.8125	1.9925
sub-05	4	8	three	sub-05_run-04_trial-08.wav	9	1.9925	2.2125
sub-05	4	8	three	sub-05_run-04_trial-08.wav	10	2.2125	2.4125
sub-05	4	8	three	sub-05_run-04_trial-08.wav	11	2.4125	2.6325
sub-05	4	8	three	sub-05_run-04_trial-08.wav	12	2.6325	2.8525
sub-05	4	8	three	sub-05_run-04_trial-08.wav	13	2.8525	2.9525
sub-05	4	8	three	sub-05_run-04_trial-08.wav	14	2.9525	3.1125
sub-05	4	8	three	sub-05_run-04_trial-08.wav	15	3.1125	3.3125
sub-05	4	8	three	sub-05_run-04_trial-08.wav	16	3.3125	3.5125
sub-05	4	8	three	sub-05_run-04_trial-08.wav	17	3.5125	3.7525
sub-05	4	8	three	sub-05_run-04_trial-08.wav	18	3.7525	3.8525
sub-05	4	8	three	sub-05_run-04_trial-08.wav	19	3.8525	4.0525
sub-05	4	8	three	sub-05_run-04_trial-08.wav	20	4.0525	4.2925
sub-05	4	8	three	sub-05_run-04_trial-08.wav	21	4.2925	4.5525
sub-05	4	9	caw	sub-05_run-04_trial-09.wav	1	0.1725	0.2925
sub-05	4	9	caw	sub-05_run-04_trial-09.wav	2	0.2925	0.4525
sub-05	4	9	caw	sub-05_run-04_trial-09.wav	3	0.4525	0.5525
sub-05	4	9	caw	sub-05_run-04_trial-09.wav	4	0.6125	0.7325
sub-05	4	9	caw	sub-05_run-04_trial-09.wav	5	0.7325	0.8725
sub-05	4	9	caw	sub-05_run-04_trial-09.wav	6	0.9125	1.0525
sub-05	4	9	caw	sub-05_run-04_trial-09.wav	7	1.0525	1.2125
sub-05	4	9	caw	sub-05_run-04_trial-09.wav	8	1.2125	1.3725
sub-05	4	9	caw	sub-05_run-04_trial-09.wav	9	1.3725	1.5325
sub-05	4	9	caw	sub-05_run-04_trial-09.wav	10	1.5925	1.7325
sub-05	4	9	caw	sub-05_run-04_trial-09.wav	11	1.7325	1.8925
sub-05	4	9	caw	sub-05_run-04_trial-09.wav	12	1.8925	2.0525
sub-05	4	9	caw	sub-05_run-04_trial-09.wav	13	2.0525	2.2125
sub-05	4	9	caw	sub-05_run-04_trial-09.wav	14	2.2125	2.3925
sub-05	4	9	caw	sub-05_run-04_trial-09.wav	15	2.3925	2.5325
sub-05	4	9	caw	sub-05_run-04_trial-09.wav	16	2.5325	2.6925
sub-05	4	9	caw	sub-05_run-04_trial-09.wav	17	2.7525	2.8725
sub-05	4	9	caw	sub-05_run-04_trial-09.wav	18	2.9325	3.0525
sub-05	4	9	caw	sub-05_run-04_trial-09.wav	19	3.0925	3.2325
sub-05	4	9	caw	sub-05_run-04_trial-09.wav	20	3.2725	3.4125
sub-05	4	9	caw	sub-05_run-04_trial-09.wav	21	3.4125	3.5725
sub-05	4	9	caw	sub-05_run-04_trial-09.wav	22	3.5725	3.7325
sub-05	4	9	caw	sub-05_run-04_trial-09.wav	23	3.7925	3.8925
sub-05	4	9	caw	sub-05_run-04_trial-09.wav	24	3.9525	4.0925
sub-05	4	9	caw	sub-05_run-04_trial-09.wav	25	4.0925	4.2725
sub-05	4	9	caw	sub-05_run-04_trial-09.wav	26	4.2725	4.4925
sub-05	4	10	much	sub-05_run-04_trial-10.wav	1	0.0525	0.2125
sub-05	4	10	much	sub-05_run-04_trial-10.wav	2	0.2125	0.3725
sub-05	4	10	much	sub-05_run-04_trial-10.wav	3	0.3725	0.5125
sub-05	4	10	much	sub-05_run-04_trial-10.wav	4	0.5125	0.6925
sub-05	4	10	much	sub-05_run-04_trial-10.wav	5	0.6925	0.8525
sub-05	4	10	much	sub-05_run-04_trial-10.wav	6	0.8525	1.0525
sub-05	4	10	much	sub-05_run-04_trial-10.wav	7	1.0525	1.2325
sub-05	4	10	much	sub-05_run-04_trial-10.wav	8	1.2325	1.4125
sub-05	4	10	much	sub-05_run-04_trial-10.wav	9	1.4125	1.5725
sub-05	4	10	much	sub-05_run-04_trial-10.wav	10	1.5725	1.7325
sub-05	4	10	much	sub-05_run-04_trial-10.wav	11	1.7325	1.9125
sub-05	4	10	much	sub-05_run-04_trial-10.wav	12	1.9125	2.0925
sub-05	4	10	much	sub-05_run-04_trial-10.wav	13	2.0925	2.2525
sub-05	4	10	much	sub-05_run-04_trial-10.wav	14	2.2525	2.4525
sub-05	4	10	much	sub-05_run-04_trial-10.wav	15	2.4525	2.6525
sub-05	4	10	much	sub-05_run-04_trial-10.wav	16	2.6525	2.8125
sub-05	4	10	much	sub-05_run-04_trial-10.wav	17	2.8125	2.9725
sub-05	4	10	much	sub-05_run-04_trial-10.wav	18	2.9725	3.1925
sub-05	4	10	much	sub-05_run-04_trial-10.wav	19	3.1925	3.3725
sub-05	4	10	much	sub-05_run-04_trial-10.wav	20	3.3725	3.5725
sub-05	4	10	much	sub-05_run-04_trial-10.wav	21	3.5725	3.7325
sub-05	4	10	much	sub-05_run-04_trial-10.wav	22	3.7325	3.8925
sub-05	4	10	much	sub-05_run-04_trial-10.wav	23	3.8925	4.1325
sub-05	4	10	much	sub-05_run-04_trial-10.wav	24	4.1325	4.2925
sub-05	4	11	out	sub-05_run-04_trial-11.wav	1	0.2525	0.3725
sub-05	4	11	out	sub-05_run-04_trial-11.wav	2	0.3725	0.4925
sub-05	4	11	out	sub-05_run-04_trial-11.wav	3	0.4925	0.6325
sub-05	4	11	out	sub-05_run-04_trial-11.wav	4	0.6725	0.7725
sub-05	4	11	out	sub-05_run-04_trial-11.wav	5	0.7725	0.9325
sub-05	4	11	out	sub-05_run-04_trial-11.wav	6	0.9325	1.0725
sub-05	4	11	out	sub-05_run-04_trial-11.wav	7	1.1125	1.2125
sub-05	4	11	out	sub-05_run-04_trial-11.wav	8	1.2525	1.3525
sub-05	4	11	out	sub-05_run-04_trial-11.wav	9	1.4125	1.5125
sub-05	4	11	out	sub-05_run-04_trial-11.wav	10	1.5725	1.6925
sub-05	4	11	out	sub-05_run-04_trial-11.wav	11	1.6925	1.8325
sub-05	4	11	out	sub-05_run-04_trial-11.wav	12	1.8725	1.9725
sub-05	4	11	out	sub-05_run-04_trial-11.wav	13	2.0525	2.1325
sub-05	4	11	out	sub-05_run-04_trial-11.wav	14	2.2125	2.2925
sub-05	4	11	out	sub-05_run-04_trial-11.wav	15	2.3725	2.4525
sub-05	4	11	out	sub-05_run-04_trial-11.wav	16	2.5125	2.6525
sub-05	4	11	out	sub-05_run-04_trial-11.wav	17	2.6525	2.8125
sub-05	4	11	out	sub-05_run-04_trial-11.wav	18	2.8125	2.9325
sub-05	4	11	out	sub-05_run-04_trial-11.wav	19	2.9725	3.0725
sub-05	4	11	out	sub-05_run-04_trial-11.wav	20	3.1325	3.2325
sub-05	4	11	out	sub-05_run-04_trial-11.wav	21	3.2925	3.4125
sub-05	4	11	out	sub-05_run-04_trial-11.wav	22	3.4525	3.5925
sub-05	4	11	out	sub-05_run-04_trial-11.wav	23	3.6325	3.7725
sub-05	4	11	out	sub-05_run-04_trial-11.wav	24	3.7725	3.9125
sub-05	4	11	out	sub-05_run-04_trial-11.wav	25	3.9525	4.0925
sub-05	4	11	out	sub-05_run-04_trial-11.wav	26	4.1525	4.2725
sub-05	4	11	out	sub-05_run-04_trial-11.wav	27	4.3125	4.4925
sub-05	4	12	pi	sub-05_run-04_trial-12.wav	1	0.2525	0.3325
sub-05	4	12	pi	sub-05_run-04_trial-12.wav	2	0.3325	0.4525
sub-05	4	12	pi	sub-05_run-04_trial-12.wav	3	0.4525	0.5725
sub-05	4	12	pi	sub-05_run-04_trial-12.wav	4	0.6525	0.7325
sub-05	4	12	pi	sub-05_run-04_trial-12.wav	5	0.7925	0.8725
sub-05	4	12	pi	sub-05_run-04_trial-12.wav	6	0.9325	1.0125
sub-05	4	12	pi	sub-05_run-04_trial-12.wav	7	1.0925	1.1725
sub-05	4	12	pi	sub-05_run-04_trial-12.wav	8	1.2325	1.2925
sub-05	4	12	pi	sub-05_run-04_trial-12.wav	9	1.3725	1.4525
sub-05	4	12	pi	sub-05_run-04_trial-12.wav	10	1.5125	1.5925
sub-05	4	12	pi	sub-05_run-04_trial-12.wav	11	1.6525	1.7525
sub-05	4	12	pi	sub-05_run-04_trial-12.wav	12	1.7525	1.8725
sub-05	4	12	pi	sub-05_run-04_trial-12.wav	13	1.9325	2.0125
sub-05	4	12	pi	sub-05_run-04_trial-12.wav	14	2.0925	2.1725
sub-05	4	12	pi	sub-05_run-04_trial-12.wav	15	2.2325	2.3125
sub-05	4	12	pi	sub-05_run-04_trial-12.wav	16	2.3725	2.4525
sub-05	4	12	pi	sub-05_run-04_trial-12.wav	17	2.5125	2.5925
sub-05	4	12	pi	sub-05_run-04_trial-12.wav	18	2.6725	2.7525
sub-05	4	12	pi	sub-05_run-04_trial-12.wav	19	2.7925	2.8925
sub-05	4	12	pi	sub-05_run-04_trial-12.wav	20	2.9525	3.0325
sub-05	4	12	pi	sub-05_run-04_trial-12.wav	21	3.0925	3.1925
sub-05	4	12	pi	sub-05_run-04_trial-12.wav	22	3.2525	3.3325
sub-05	4	12	pi	sub-05_run-04_trial-12.wav	23	3.3925	3.4725
sub-05	4	12	pi	sub-05_run-04_trial-12.wav	24	3.5525	3.6125
sub-05	4	12	pi	sub-05_run-04_trial-12.wav	25	3.6925	3.7725
sub-05	4	12	pi	sub-05_run-04_trial-12.wav	26	3.8325	3.9325
sub-05	4	12	pi	sub-05_run-04_trial-12.wav	27	3.9925	4.0925
sub-05	4	12	pi	sub-05_run-04_trial-12.wav	28	4.1525	4.2325
sub-05	4	12	pi	sub-05_run-04_trial-12.wav	29	4.3125	4.4725
sub-05	4	13	jur	sub-05_run-04_trial-13.wav	1	0.2925	0.4125
sub-05	4	13	jur	sub-05_run-04_trial-13.wav	2	0.4125	0.5525
sub-05	4	13	jur	sub-05_run-04_trial-13.wav	3	0.5525	0.7125
sub-05	4	13	jur	sub-05_run-04_trial-13.wav	4	0.7125	0.8525
sub-05	4	13	jur	sub-05_run-04_trial-13.wav	5	0.8525	0.9925
sub-05	4	13	jur	sub-05_run-04_trial-13.wav	6	1.0525	1.1725
sub-05	4	13	jur	sub-05_run-04_trial-13.wav	7	1.1725	1.2925
sub-05	4	13	jur	sub-05_run-04_trial-13.wav	8	1.2925	1.4925
sub-05	4	13	jur	sub-05_run-04_trial-13.wav	9	1.4925	1.6525
sub-05	4	13	jur	sub-05_run-04_trial-13.wav	10	1.6525	1.8125
sub-05	4	13	jur	sub-05_run-04_trial-13.wav	11	1.8125	1.9325
sub-05	4	13	jur	sub-05_run-04_trial-13.wav	12	1.9325	2.0725
sub-05	4	13	jur	sub-05_run-04_trial-13.wav	13	2.1125	2.2525
sub-05	4	13	jur	sub-05_run-04_trial-13.wav	14	2.2525	2.4125
sub-05	4	13	jur	sub-05_run-04_trial-13.wav	15	2.4125	2.5725
sub-05	4	13	jur	sub-05_run-04_trial-13.wav	16	2.5725	2.7325
sub-05	4	13	jur	sub-05_run-04_trial-13.wav	17	2.7325	2.8925
sub-05	4	13	jur	sub-05_run-04_trial-13.wav	18	2.8925	3.0525
sub-05	4	13	jur	sub-05_run-04_trial-13.wav	19	3.0525	3.1725
sub-05	4	13	jur	sub-05_run-04_trial-13.wav	20	3.1725	3.3325
sub-05	4	13	jur	sub-05_run-04_trial-13.wav	21	3.3725	3.4925
sub-05	4	13	jur	sub-05_run-04_trial-13.wav	22	3.5525	3.6925
sub-05	4	13	jur	sub-05_run-04_trial-13.wav	23	3.6925	3.8325
sub-05	4	13	jur	sub-05_run-04_trial-13.wav	24	3.8925	4.0125
sub-05	4	13	jur	sub-05_run-04_trial-13.wav	25	4.0125	4.1725
sub-05	4	13	jur	sub-05_run-04_trial-13.wav	26	4.1725	4.3325
sub-05	4	13	jur	sub-05_run-04_trial-13.wav	27	4.3325	4.4925
sub-05	4	14	ver	sub-05_run-04_trial-14.wav	1	0.4125	0.5325
sub-05	4	14	ver	sub-05_run-04_trial-14.wav	2	0.5325	0.6525
sub-05	4	14	ver	sub-05_run-04_trial-14.wav	3	0.6525	0.8125
sub-05	4	14	ver	sub-05_run-04_trial-14.wav	4	0.8125	0.9525
sub-05	4	14	ver	sub-05_run-04_trial-14.wav	5	0.9525	1.0925
sub-05	4	14	ver	sub-05_run-04_trial-14.wav	6	1.1325	1.2925
sub-05	4	14	ver	sub-05_run-04_trial-14.wav	7	1.2925	1.4725
sub-05	4	14	ver	sub-05_run-04_trial-14.wav	8	1.4725	1.6325
sub-05	4	14	ver	sub-05_run-04_trial-14.wav	9	1.6325	1.7925
sub-05	4	14	ver	sub-05_run-04_trial-14.wav	10	1.7925	1.9725
sub-05	4	14	ver	sub-05_run-04_trial-14.wav	11	1.9725	2.1325
sub-05	4	14	ver	sub-05_run-04_trial-14.wav	12	2.1325	2.2725
sub-05	4	14	ver	sub-05_run-04_trial-14.wav	13	2.2725	2.4725
sub-05	4	14	ver	sub-05_run-04_trial-14.wav	14	2.4725	2.6525
sub-05	4	14	ver	sub-05_run-04_trial-14.wav	15	2.6525	2.8125
sub-05	4	14	ver	sub-05_run-04_trial-14.wav	16	2.8125	2.9725
sub-05	4	14	ver	sub-05_run-04_trial-14.wav	17	2.9725	3.1525
sub-05	4	14	ver	sub-05_run-04_trial-14.wav	18	3.1525	3.3125
sub-05	4	14	ver	sub-05_run-04_trial-14.wav	19	3.3125	3.4725
sub-05	4	14	ver	sub-05_run-04_trial-14.wav	20	3.4725	3.6725
sub-05	4	14	ver	sub-05_run-04_trial-14.wav	21	3.6725	3.8525
sub-05	4	14	ver	sub-05_run-04_trial-14.wav	22	3.8525	4.0525
sub-05	4	14	ver	sub-05_run-04_trial-14.wav	23	4.0525	4.2325
sub-05	4	14	ver	sub-05_run-04_trial-14.wav	24	4.2925	4.5925
sub-05	4	15	ti	sub-05_run-04_trial-15.wav	1	0.0925	0.2125
sub-05	4	15	ti	sub-05_run-04_trial-15.wav	2	0.2125	0.3325
sub-05	4	15	ti	sub-05_run-04_trial-15.wav	3	0.3325	0.4725
sub-05	4	15	ti	sub-05_run-04_trial-15.wav	4	0.5125	0.6525
sub-05	4	15	ti	sub-05_run-04_trial-15.wav	5	0.6525	0.8125
sub-05	4	15	ti	sub-05_run-04_trial-15.wav	6	0.8125	0.9725
sub-05	4	15	ti	sub-05_run-04_trial-15.wav	7	0.9725	1.0925
sub-05	4	15	ti	sub-05_run-04_trial-15.wav	8	1.0925	1.2525
sub-05	4	15	ti	sub-05_run-04_trial-15.wav	9	1.2525	1.3925
sub-05	4	15	ti	sub-05_run-04_trial-15.wav	10	1.4725	1.5725
sub-05	4	15	ti	sub-05_run-04_trial-15.wav	11	1.6325	1.7325
sub-05	4	15	ti	sub-05_run-04_trial-15.wav	12	1.7325	1.8925
sub-05	4	15	ti	sub-05_run-04_trial-15.wav	13	1.9525	2.0525
sub-05	4	15	ti	sub-05_run-04_trial-15.wav	14	2.0525	2.2125
sub-05	4	15	ti	sub-05_run-04_trial-15.wav	15	2.2725	2.4125
sub-05	4	15	ti	sub-05_run-04_trial-15.wav	16	2.4125	2.5525
sub-05	4	15	ti	sub-05_run-04_trial-15.wav	17	2.6125	2.7325
sub-05	4	15	ti	sub-05_run-04_trial-15.wav	18	2.7325	2.8725
sub-05	4	15	ti	sub-05_run-04_trial-15.wav	19	2.9325	3.0925
sub-05	4	15	ti	sub-05_run-04_trial-15.wav	20	3.0925	3.2725
sub-05	4	15	ti	sub-05_run-04_trial-15.wav	21	3.2725	3.4725
sub-05	4	15	ti	sub-05_run-04_trial-15.wav	22	3.4725	3.6525
sub-05	4	15	ti	sub-05_run-04_trial-15.wav	23	3.6525	3.8125
sub-05	4	15	ti	sub-05_run-04_trial-15.wav	24	3.8125	3.9725
sub-05	4	15	ti	sub-05_run-04_trial-15.wav	25	4.0325	4.1725
sub-05	4	15	ti	sub-05_run-04_trial-15.wav	26	4.1725	4.3325
sub-05	4	15	ti	sub-05_run-04_trial-15.wav	27	4.3325	4.5525
sub-05	4	16	throne	sub-05_run-04_trial-16.wav	1	0.3925	0.6325
sub-05	4	16	throne	sub-05_run-04_trial-16.wav	2	0.6325	0.8525
sub-05	4	16	throne	sub-05_run-04_trial-16.wav	3	0.9125	1.1725
sub-05	4	16	throne	sub-05_run-04_trial-16.wav	4	1.1725	1.4125
sub-05	4	16	throne	sub-05_run-04_trial-16.wav	5	1.4725	1.6925
sub-05	4	16	throne	sub-05_run-04_trial-16.wav	6	1.6925	1.8925
sub-05	4	16	throne	sub-05_run-04_trial-16.wav	7	1.8925	2.0725
sub-05	4	16	throne	sub-05_run-04_trial-16.wav	8	2.1125	2.2925
sub-05	4	16	throne	sub-05_run-04_trial-16.wav	9	2.2925	2.4925
sub-05	4	16	throne	sub-05_run-04_trial-16.wav	10	2.4925	2.6725
sub-05	4	16	throne	sub-05_run-04_trial-16.wav	11	2.7325	2.8525
sub-05	4	16	throne	sub-05_run-04_trial-16.wav	12	2.8925	3.0325
sub-05	4	16	throne	sub-05_run-04_trial-16.wav	13	3.0925	3.2925
sub-05	4	16	throne	sub-05_run-04_trial-16.wav	14	3.2925	3.4725
sub-05	4	16	throne	sub-05_run-04_trial-16.wav	15	3.5325	3.7725
sub-05	4	16	throne	sub-05_run-04_trial-16.wav	16	3.7725	4.0325
sub-05	4	16	throne	sub-05_run-04_trial-16.wav	17	4.0325	4.2525
sub-05	4	16	throne	sub-05_run-04_trial-16.wav	18	4.2525	4.5925
sub-05	4	17	ter	sub-05_run-04_trial-17.wav	1	0.2125	0.3125
sub-05	4	17	ter	sub-05_run-04_trial-17.wav	2	0.3525	0.4525
sub-05	4	17	ter	sub-05_run-04_trial-17.wav	3	0.4525	0.6125
sub-05	4	17	ter	sub-05_run-04_trial-17.wav	4	0.6125	0.7325
sub-05	4	17	ter	sub-05_run-04_trial-17.wav	5	0.7325	0.8925
sub-05	4	17	ter	sub-05_run-04_trial-17.wav	6	0.8925	0.9925
sub-05	4	17	ter	sub-05_run-04_trial-17.wav	7	1.0525	1.1525
sub-05	4	17	ter	sub-05_run-04_trial-17.wav	8	1.2125	1.3125
sub-05	4	17	ter	sub-05_run-04_trial-17.wav	9	1.3725	1.4725
sub-05	4	17	ter	sub-05_run-04_trial-17.wav	10	1.5325	1.6525
sub-05	4	17	ter	sub-05_run-04_trial-17.wav	11	1.6525	1.8125
sub-05	4	17	ter	sub-05_run-04_trial-17.wav	12	1.8525	1.9925
sub-05	4	17	ter	sub-05_run-04_trial-17.wav	13	1.9925	2.1325
sub-05	4	17	ter	sub-05_run-04_trial-17.wav	14	2.1725	2.2925
sub-05	4	17	ter	sub-05_run-04_trial-17.wav	15	2.3325	2.4525
sub-05	4	17	ter	sub-05_run-04_trial-17.wav	16	2.4925	2.6125
sub-05	4	17	ter	sub-05_run-04_trial-17.wav	17	2.6125	2.8125
sub-05	4	17	ter	sub-05_run-04_trial-17.wav	18	2.8125	2.9725
sub-05	4	17	ter	sub-05_run-04_trial-17.wav	19	3.0325	3.1525
sub-05	4	17	ter	sub-05_run-04_trial-17.wav	20	3.1925	3.2925
sub-05	4	17	ter	sub-05_run-04_trial-17.wav	21	3.3525	3.4725
sub-05	4	17	ter	sub-05_run-04_trial-17.wav	22	3.5325	3.6525
sub-05	4	17	ter	sub-05_run-04_trial-17.wav	23	3.7125	3.8325
sub-05	4	17	ter	sub-05_run-04_trial-17.wav	24	3.9125	4.0525
sub-05	4	17	ter	sub-05_run-04_trial-17.wav	25	4.0525	4.2325
sub-05	4	17	ter	sub-05_run-04_trial-17.wav	26	4.2325	4.3525
sub-05	4	18	how	sub-05_run-04_trial-18.wav	1	0.1125	0.2725
sub-05	4	18	how	sub-05_run-04_trial-18.wav	2	0.2725	0.4325
sub-05	4	18	how	sub-05_run-04_trial-18.wav	3	0.4325	0.5725
sub-05	4	18	how	sub-05_run-04_trial-18.wav	4	0.5725	0.7325
sub-05	4	18	how	sub-05_run-04_trial-18.wav	5	0.7325	0.8925
sub-05	4	18	how	sub-05_run-04_trial-18.wav	6	0.8925	1.0525
sub-05	4	18	how	sub-05_run-04_trial-18.wav	7	1.0525	1.2925
sub-05	4	18	how	sub-05_run-04_trial-18.wav	8	1.2925	1.4925
sub-05	4	18	how	sub-05_run-04_trial-18.wav	9	1.4925	1.6325
sub-05	4	18	how	sub-05_run-04_trial-18.wav	10	1.6325	1.9125
sub-05	4	18	how	sub-05_run-04_trial-18.wav	11	1.9125	2.1325
sub-05	4	18	how	sub-05_run-04_trial-18.wav	12	2.1325	2.3325
sub-05	4	18	how	sub-05_run-04_trial-18.wav	13	2.3325	2.4925
sub-05	4	18	how	sub-05_run-04_trial-18.wav	14	2.4925	2.6725
sub-05	4	18	how	sub-05_run-04_trial-18.wav	15	2.6725	2.8925
sub-05	4	18	how	sub-05_run-04_trial-18.wav	16	2.8925	3.1125
sub-05	4	18	how	sub-05_run-04_trial-18.wav	17	3.1125	3.3125
sub-05	4	18	how	sub-05_run-04_trial-18.wav	18	3.3125	3.5525
sub-05	4	18	how	sub-05_run-04_trial-18.wav	19	3.5525	3.7525
sub-05	4	18	how	sub-05_run-04_trial-18.wav	20	3.7525	4.0125
sub-05	4	19	thought	sub-05_run-04_trial-19.wav	1	0.1325	0.2925
sub-05	4	19	thought	sub-05_run-04_trial-19.wav	2	0.2925	0.4525
sub-05	4	19	thought	sub-05_run-04_trial-19.wav	3	0.4525	0.6525
sub-05	4	19	thought	sub-05_run-04_trial-19.wav	4	0.6525	0.7325
sub-05	4	19	thought	sub-05_run-04_trial-19.wav	5	0.8125	1.0125
sub-05	4	19	thought	sub-05_run-04_trial-19.wav	6	1.0125	1.1725
sub-05	4	19	thought	sub-05_run-04_trial-19.wav	7	1.1725	1.3325
sub-05	4	19	thought	sub-05_run-04_trial-19.wav	8	1.3325	1.5125
sub-05	4	19	thought	sub-05_run-04_trial-19.wav	9	1.5125	1.6725
sub-05	4	19	thought	sub-05_run-04_trial-19.wav	10	1.6725	1.8525
sub-05	4	19	thought	sub-05_run-04_trial-19.wav	11	1.8525	2.0325
sub-05	4	19	thought	sub-05_run-04_trial-19.wav	12	2.0325	2.2125
sub-05	4	19	thought	sub-05_run-04_trial-19.wav	13	2.2125	2.4125
sub-05	4	19	thought	sub-05_run-04_trial-19.wav	14	2.4125	2.5125
sub-05	4	19	thought	sub-05_run-04_trial-19.wav	15	2.5725	2.6725
sub-05	4	19	thought	sub-05_run-04_trial-19.wav	16	2.7525	2.8525
sub-05	4	19	thought	sub-05_run-04_trial-19.wav	17	2.9325	3.1325
sub-05	4	19	thought	sub-05_run-04_trial-19.wav	18	3.1325	3.2125
sub-05	4	19	thought	sub-05_run-04_trial-19.wav	19	3.2925	3.3925
sub-05	4	19	thought	sub-05_run-04_trial-19.wav	20	3.4725	3.6925
sub-05	4	19	thought	sub-05_run-04_trial-19.wav	21	3.6925	3.8125
sub-05	4	19	thought	sub-05_run-04_trial-19.wav	22	3.8925	4.1325
sub-05	4	19	thought	sub-05_run-04_trial-19.wav	23	4.1325	4.3125
sub-05	4	19	thought	sub-05_run-04_trial-19.wav	24	4.3125	4.4525
sub-05	4	20	juh	sub-05_run-04_trial-20.wav	1	0.3125	0.4725
sub-05	4	20	juh	sub-05_run-04_trial-20.wav	2	0.4725	0.6325
sub-05	4	20	juh	sub-05_run-04_trial-20.wav	3	0.6325	0.7925
sub-05	4	20	juh	sub-05_run-04_trial-20.wav	4	0.7925	0.9925
sub-05	4	20	juh	sub-05_run-04_trial-20.wav	5	0.9925	1.1725
sub-05	4	20	juh	sub-05_run-04_trial-20.wav	6	1.1725	1.3525
sub-05	4	20	juh	sub-05_run-04_trial-20.wav	7	1.3525	1.5125
sub-05	4	20	juh	sub-05_run-04_trial-20.wav	8	1.5125	1.6925
sub-05	4	20	juh	sub-05_run-04_trial-20.wav	9	1.6925	1.8525
sub-05	4	20	juh	sub-05_run-04_trial-20.wav	10	1.8525	2.0925
sub-05	4	20	juh	sub-05_run-04_trial-20.wav	11	2.0925	2.2725
sub-05	4	20	juh	sub-05_run-04_trial-20.wav	12	2.2725	2.4325
sub-05	4	20	juh	sub-05_run-04_trial-20.wav	13	2.4325	2.6325
sub-05	4	20	juh	sub-05_run-04_trial-20.wav	14	2.6325	2.8325
sub-05	4	20	juh	sub-05_run-04_trial-20.wav	15	2.8325	3.0325
sub-05	4	20	juh	sub-05_run-04_trial-20.wav	16	3.0325	3.2125
sub-05	4	20	juh	sub-05_run-04_trial-20.wav	17	3.2125	3.3925
sub-05	4	20	juh	sub-05_run-04_trial-20.wav	18	3.3925	3.5925
sub-05	4	20	juh	sub-05_run-04_trial-20.wav	19	3.5925	3.8325
sub-05	4	20	juh	sub-05_run-04_trial-20.wav	20	3.8325	4.0125
sub-05	4	20	juh	sub-05_run-04_trial-20.wav	21	4.0125	4.1925
sub-05	4	20	juh	sub-05_run-04_trial-20.wav	22	4.1925	4.4125
sub-05	4	20	juh	sub-05_run-04_trial-20.wav	23	4.4125	4.6925
sub-05	4	21	jin	sub-05_run-04_trial-21.wav	1	0.3525	0.5525
sub-05	4	21	jin	sub-05_run-04_trial-21.wav	2	0.5525	0.7525
sub-05	4	21	jin	sub-05_run-04_trial-21.wav	3	0.7525	0.9525
sub-05	4	21	jin	sub-05_run-04_trial-21.wav	4	0.9525	1.1125
sub-05	4	21	jin	sub-05_run-04_trial-21.wav	5	1.1125	1.2725
sub-05	4	21	jin	sub-05_run-04_trial-21.wav	6	1.3125	1.4925
sub-05	4	21	jin	sub-05_run-04_trial-21.wav	7	1.4925	1.6725
sub-05	4	21	jin	sub-05_run-04_trial-21.wav	8	1.6725	1.8525
sub-05	4	21	jin	sub-05_run-04_trial-21.wav	9	1.8525	2.0725
sub-05	4	21	jin	sub-05_run-04_trial-21.wav	10	2.0725	2.2525
sub-05	4	21	jin	sub-05_run-04_trial-21.wav	11	2.2525	2.4525
sub-05	4	21	jin	sub-05_run-04_trial-21.wav	12	2.4525	2.6325
sub-05	4	21	jin	sub-05_run-04_trial-21.wav	13	2.6325	2.8525
sub-05	4	21	jin	sub-05_run-04_trial-21.wav	14	2.8525	3.0325
sub-05	4	21	jin	sub-05_run-04_trial-21.wav	15	3.0325	3.2525
sub-05	4	21	jin	sub-05_run-04_trial-21.wav	16	3.2525	3.4525
sub-05	4	21	jin	sub-05_run-04_trial-21.wav	17	3.4525	3.6525
sub-05	4	21	jin	sub-05_run-04_trial-21.wav	18	3.6525	3.8525
sub-05	4	21	jin	sub-05_run-04_trial-21.wav	19	3.8525	4.0525
sub-05	4	21	jin	sub-05_run-04_trial-21.wav	20	4.0525	4.2525
sub-05	4	21	jin	sub-05_run-04_trial-21.wav	21	4.2525	4.5125
sub-05	4	22	thrilled	sub-05_run-04_trial-22.wav	1	0.1925	0.3525
sub-05	4	22	thrilled	sub-05_run-04_trial-22.wav	2	0.4125	0.5525
sub-05	4	22	thrilled	sub-05_run-04_trial-22.wav	3	0.5525	0.7725
sub-05	4	22	thrilled	sub-05_run-04_trial-22.wav	4	0.8325	0.9925
sub-05	4	22	thrilled	sub-05_run-04_trial-22.wav	5	1.0725	1.2725
sub-05	4	22	thrilled	sub-05_run-04_trial-22.wav	6	1.3725	1.5925
sub-05	4	22	thrilled	sub-05_run-04_trial-22.wav	7	1.5925	1.9525
sub-05	4	22	thrilled	sub-05_run-04_trial-22.wav	8	1.9525	2.2925
sub-05	4	22	thrilled	sub-05_run-04_trial-22.wav	9	2.2925	2.6325
sub-05	4	22	thrilled	sub-05_run-04_trial-22.wav	10	2.8125	3.1325
sub-05	4	22	thrilled	sub-05_run-04_trial-22.wav	11	3.1325	3.2725
sub-05	4	22	thrilled	sub-05_run-04_trial-22.wav	12	3.2725	3.4725
sub-05	4	22	thrilled	sub-05_run-04_trial-22.wav	13	3.7125	3.9925
sub-05	4	22	thrilled	sub-05_run-04_trial-22.wav	14	4.1125	4.6725
sub-05	4	23	through	sub-05_run-04_trial-23.wav	1	0.1125	0.2925
sub-05	4	23	through	sub-05_run-04_trial-23.wav	2	0.2925	0.4525
sub-05	4	23	through	sub-05_run-04_trial-23.wav	3	0.4525	0.5525
sub-05	4	23	through	sub-05_run-04_trial-23.wav	4	0.5525	0.6725
sub-05	4	23	through	sub-05_run-04_trial-23.wav	5	0.6725	0.9525
sub-05	4	23	through	sub-05_run-04_trial-23.wav	6	0.9525	1.0925
sub-05	4	23	through	sub-05_run-04_trial-23.wav	7	1.0925	1.1725
sub-05	4	23	through	sub-05_run-04_trial-23.wav	8	1.1725	1.4125
sub-05	4	23	through	sub-05_run-04_trial-23.wav	9	1.4125	1.6525
sub-05	4	23	through	sub-05_run-04_trial-23.wav	10	1.6525	1.7925
sub-05	4	23	through	sub-05_run-04_trial-23.wav	11	1.8325	1.9925
sub-05	4	23	through	sub-05_run-04_trial-23.wav	12	2.0725	2.3125
sub-05	4	23	through	sub-05_run-04_trial-23.wav	13	2.3125	2.4925
sub-05	4	23	through	sub-05_run-04_trial-23.wav	14	2.4925	2.6725
sub-05	4	23	through	sub-05_run-04_trial-23.wav	15	2.6725	2.8325
sub-05	4	23	through	sub-05_run-04_trial-23.wav	16	2.8325	2.9525
sub-05	4	23	through	sub-05_run-04_trial-23.wav	17	2.9525	3.0925
sub-05	4	23	through	sub-05_run-04_trial-23.wav	18	3.0925	3.2925
sub-05	4	23	through	sub-05_run-04_trial-23.wav	19	3.2925	3.4125
sub-05	4	23	through	sub-05_run-04_trial-23.wav	20	3.4125	3.5325
sub-05	4	23	through	sub-05_run-04_trial-23.wav	21	3.5325	3.6325
sub-05	4	23	through	sub-05_run-04_trial-23.wav	22	3.6325	3.8125
sub-05	4	23	through	sub-05_run-04_trial-23.wav	23	3.8125	4.0925
sub-05	4	23	through	sub-05_run-04_trial-23.wav	24	4.0925	4.2925
sub-05	4	23	through	sub-05_run-04_trial-23.wav	25	4.2925	4.6125
sub-05	4	24	picked	sub-05_run-04_trial-24.wav	1	0.2125	0.3325
sub-05	4	24	picked	sub-05_run-04_trial-24.wav	2	0.3925	0.4925
sub-05	4	24	picked	sub-05_run-04_trial-24.wav	3	0.5925	0.6925
sub-05	4	24	picked	sub-05_run-04_trial-24.wav	4	0.7925	0.9125
sub-05	4	24	picked	sub-05_run-04_trial-24.wav	5	0.9925	1.0925
sub-05	4	24	picked	sub-05_run-04_trial-24.wav	6	1.2125	1.3125
sub-05	4	24	picked	sub-05_run-04_trial-24.wav	7	1.4325	1.6125
sub-05	4	24	picked	sub-05_run-04_trial-24.wav	8	1.6725	1.7925
sub-05	4	24	picked	sub-05_run-04_trial-24.wav	9	1.8725	1.9925
sub-05	4	24	picked	sub-05_run-04_trial-24.wav	10	2.1125	2.2325
sub-05	4	24	picked	sub-05_run-04_trial-24.wav	11	2.3125	2.4125
sub-05	4	24	picked	sub-05_run-04_trial-24.wav	12	2.5325	2.6725
sub-05	4	24	picked	sub-05_run-04_trial-24.wav	13	2.7525	2.8525
sub-05	4	24	picked	sub-05_run-04_trial-24.wav	14	2.9725	3.1325
sub-05	4	24	picked	sub-05_run-04_trial-24.wav	15	3.2125	3.2925
sub-05	4	24	picked	sub-05_run-04_trial-24.wav	16	3.5125	4.5725
sub-05	4	25	leh	sub-05_run-04_trial-25.wav	1	0.2925	0.5125
sub-05	4	25	leh	sub-05_run-04_trial-25.wav	2	0.5125	0.6325
sub-05	4	25	leh	sub-05_run-04_trial-25.wav	3	0.6325	0.7725
sub-05	4	25	leh	sub-05_run-04_trial-25.wav	4	0.7725	0.9125
sub-05	4	25	leh	sub-05_run-04_trial-25.wav	5	0.9125	1.0525
sub-05	4	25	leh	sub-05_run-04_trial-25.wav	6	1.0525	1.1725
sub-05	4	25	leh	sub-05_run-04_trial-25.wav	7	1.1725	1.3325
sub-05	4	25	leh	sub-05_run-04_trial-25.wav	8	1.3325	1.4725
sub-05	4	25	leh	sub-05_run-04_trial-25.wav	9	1.4725	1.6125
sub-05	4	25	leh	sub-05_run-04_trial-25.wav	10	1.6125	1.7525
sub-05	4	25	leh	sub-05_run-04_trial-25.wav	11	1.7525	1.9125
sub-05	4	25	leh	sub-05_run-04_trial-25.wav	12	1.9125	2.0525
sub-05	4	25	leh	sub-05_run-04_trial-25.wav	13	2.0525	2.1925
sub-05	4	25	leh	sub-05_run-04_trial-25.wav	14	2.1925	2.3725
sub-05	4	25	leh	sub-05_run-04_trial-25.wav	15	2.3725	2.5325
sub-05	4	25	leh	sub-05_run-04_trial-25.wav	16	2.5325	2.6925
sub-05	4	25	leh	sub-05_run-04_trial-25.wav	17	2.6925	2.8125
sub-05	4	25	leh	sub-05_run-04_trial-25.wav	18	2.8125	2.9725
sub-05	4	25	leh	sub-05_run-04_trial-25.wav	19	2.9725	3.1325
sub-05	4	25	leh	sub-05_run-04_trial-25.wav	20	3.1325	3.2925
sub-05	4	25	leh	sub-05_run-04_trial-25.wav	21	3.2925	3.4325
sub-05	4	25	leh	sub-05_run-04_trial-25.wav	22	3.4325	3.5925
sub-05	4	25	leh	sub-05_run-04_trial-25.wav	23	3.5925	3.7525
sub-05	4	25	leh	sub-05_run-04_trial-25.wav	24	3.7525	3.9125
sub-05	4	25	leh	sub-05_run-04_trial-25.wav	25	3.9125	4.0925
sub-05	4	25	leh	sub-05_run-04_trial-25.wav	26	4.0925	4.2525
sub-05	4	25	leh	sub-05_run-04_trial-25.wav	27	4.2525	4.4525
sub-05	4	26	fee	sub-05_run-04_trial-26.wav	1	0.3725	0.4925
sub-05	4	26	fee	sub-05_run-04_trial-26.wav	2	0.4925	0.6525
sub-05	4	26	fee	sub-05_run-04_trial-26.wav	3	0.6525	0.7925
sub-05	4	26	fee	sub-05_run-04_trial-26.wav	4	0.7925	0.9325
sub-05	4	26	fee	sub-05_run-04_trial-26.wav	5	0.9325	1.0725
sub-05	4	26	fee	sub-05_run-04_trial-26.wav	6	1.0725	1.2325
sub-05	4	26	fee	sub-05_run-04_trial-26.wav	7	1.2325	1.4125
sub-05	4	26	fee	sub-05_run-04_trial-26.wav	8	1.4125	1.5725
sub-05	4	26	fee	sub-05_run-04_trial-26.wav	9	1.5725	1.7525
sub-05	4	26	fee	sub-05_run-04_trial-26.wav	10	1.7525	1.9725
sub-05	4	26	fee	sub-05_run-04_trial-26.wav	11	1.9725	2.1725
sub-05	4	26	fee	sub-05_run-04_trial-26.wav	12	2.1725	2.3525
sub-05	4	26	fee	sub-05_run-04_trial-26.wav	13	2.3525	2.5125
sub-05	4	26	fee	sub-05_run-04_trial-26.wav	14	2.5125	2.7125
sub-05	4	26	fee	sub-05_run-04_trial-26.wav	15	2.7125	2.8925
sub-05	4	26	fee	sub-05_run-04_trial-26.wav	16	2.8925	3.0725
sub-05	4	26	fee	sub-05_run-04_trial-26.wav	17	3.0725	3.2525
sub-05	4	26	fee	sub-05_run-04_trial-26.wav	18	3.2525	3.4325
sub-05	4	26	fee	sub-05_run-04_trial-26.wav	19	3.4325	3.6325
sub-05	4	26	fee	sub-05_run-04_trial-26.wav	20	3.6325	3.8125
sub-05	4	26	fee	sub-05_run-04_trial-26.wav	21	3.8125	3.9925
sub-05	4	26	fee	sub-05_run-04_trial-26.wav	22	3.9925	4.1925
sub-05	4	26	fee	sub-05_run-04_trial-26.wav	23	4.1925	4.4925
sub-05	4	27	would	sub-05_run-04_trial-27.wav	1	0.4925	0.6525
sub-05	4	27	would	sub-05_run-04_trial-27.wav	2	0.6525	0.7725
sub-05	4	27	would	sub-05_run-04_trial-27.wav	3	0.7725	0.9325
sub-05	4	27	would	sub-05_run-04_trial-27.wav	4	0.9325	1.0925
sub-05	4	27	would	sub-05_run-04_trial-27.wav	5	1.0925	1.2125
sub-05	4	27	would	sub-05_run-04_trial-27.wav	6	1.2525	1.4125
sub-05	4	27	would	sub-05_run-04_trial-27.wav	7	1.4125	1.5325
sub-05	4	27	would	sub-05_run-04_trial-27.wav	8	1.5325	1.6725
sub-05	4	27	would	sub-05_run-04_trial-27.wav	9	1.7125	1.8525
sub-05	4	27	would	sub-05_run-04_trial-27.wav	10	1.8525	2.0125
sub-05	4	27	would	sub-05_run-04_trial-27.wav	11	2.0125	2.1725
sub-05	4	27	would	sub-05_run-04_trial-27.wav	12	2.1725	2.3325
sub-05	4	27	would	sub-05_run-04_trial-27.wav	13	2.3325	2.4525
sub-05	4	27	would	sub-05_run-04_trial-27.wav	14	2.4525	2.6125
sub-05	4	27	would	sub-05_run-04_trial-27.wav	15	2.6125	2.7725
sub-05	4	27	would	sub-05_run-04_trial-27.wav	16	2.7725	2.9325
sub-05	4	27	would	sub-05_run-04_trial-27.wav	17	2.9325	3.0525
sub-05	4	27	would	sub-05_run-04_trial-27.wav	18	3.0525	3.2125
sub-05	4	27	would	sub-05_run-04_trial-27.wav	19	3.2125	3.3725
sub-05	4	27	would	sub-05_run-04_trial-27.wav	20	3.3725	3.5325
sub-05	4	27	would	sub-05_run-04_trial-27.wav	21	3.5325	3.6525
sub-05	4	27	would	sub-05_run-04_trial-27.wav	22	3.6525	3.8125
sub-05	4	27	would	sub-05_run-04_trial-27.wav	23	3.8125	3.9725
sub-05	4	27	would	sub-05_run-04_trial-27.wav	24	3.9725	4.1325
sub-05	4	27	would	sub-05_run-04_trial-27.wav	25	4.1325	4.2725
sub-05	4	28	neh	sub-05_run-04_trial-28.wav	1	0.2925	0.4525
sub-05	4	28	neh	sub-05_run-04_trial-28.wav	2	0.4525	0.5725
sub-05	4	28	neh	sub-05_run-04_trial-28.wav	3	0.5725	0.6925
sub-05	4	28	neh	sub-05_run-04_trial-28.wav	4	0.6925	0.8325
sub-05	4	28	neh	sub-05_run-04_trial-28.wav	5	0.8325	0.9725
sub-05	4	28	neh	sub-05_run-04_trial-28.wav	6	0.9725	1.1125
sub-05	4	28	neh	sub-05_run-04_trial-28.wav	7	1.1125	1.2525
sub-05	4	28	neh	sub-05_run-04_trial-28.wav	8	1.2525	1.4125
sub-05	4	28	neh	sub-05_run-04_trial-28.wav	9	1.4125	1.5325
sub-05	4	28	neh	sub-05_run-04_trial-28.wav	10	1.5325	1.6725
sub-05	4	28	neh	sub-05_run-04_trial-28.wav	11	1.6725	1.8325
sub-05	4	28	neh	sub-05_run-04_trial-28.wav	12	1.8325	1.9725
sub-05	4	28	neh	sub-05_run-04_trial-28.wav	13	1.9725	2.1325
sub-05	4	28	neh	sub-05_run-04_trial-28.wav	14	2.1325	2.2725
sub-05	4	28	neh	sub-05_run-04_trial-28.wav	15	2.2725	2.4325
sub-05	4	28	neh	sub-05_run-04_trial-28.wav	16	2.4325	2.5725
sub-05	4	28	neh	sub-05_run-04_trial-28.wav	17	2.5725	2.7325
sub-05	4	28	neh	sub-05_run-04_trial-28.wav	18	2.7325	2.8925
sub-05	4	28	neh	sub-05_run-04_trial-28.wav	19	2.8925	3.0525
sub-05	4	28	neh	sub-05_run-04_trial-28.wav	20	3.0525	3.1925
sub-05	4	28	neh	sub-05_run-04_trial-28.wav	21	3.1925	3.3525
sub-05	4	28	neh	sub-05_run-04_trial-28.wav	22	3.3525	3.5125
sub-05	4	28	neh	sub-05_run-04_trial-28.wav	23	3.5125	3.6725
sub-05	4	28	neh	sub-05_run-04_trial-28.wav	24	3.6725	3.8125
sub-05	4	28	neh	sub-05_run-04_trial-28.wav	25	3.8125	3.9525
sub-05	4	28	neh	sub-05_run-04_trial-28.wav	26	3.9525	4.1325
sub-05	4	28	neh	sub-05_run-04_trial-28.wav	27	4.1325	4.3925
sub-05	4	29	thir	sub-05_run-04_trial-29.wav	1	0.2525	0.4725
sub-05	4	29	thir	sub-05_run-04_trial-29.wav	2	0.4725	0.6725
sub-05	4	29	thir	sub-05_run-04_trial-29.wav	3	0.6725	0.9125
sub-05	4	29	thir	sub-05_run-04_trial-29.wav	4	0.9125	1.1325
sub-05	4	29	thir	sub-05_run-04_trial-29.wav	5	1.1325	1.2725
sub-05	4	29	thir	sub-05_run-04_trial-29.wav	6	1.2725	1.4525
sub-05	4	29	thir	sub-05_run-04_trial-29.wav	7	1.4525	1.6925
sub-05	4	29	thir	sub-05_run-04_trial-29.wav	8	1.6925	1.9325
sub-05	4	29	thir	sub-05_run-04_trial-29.wav	9	1.9325	2.1125
sub-05	4	29	thir	sub-05_run-04_trial-29.wav	10	2.1725	2.3725
sub-05	4	29	thir	sub-05_run-04_trial-29.wav	11	2.3725	2.6125
sub-05	4	29	thir	sub-05_run-04_trial-29.wav	12	2.6125	2.8525
sub-05	4	29	thir	sub-05_run-04_trial-29.wav	13	2.8525	3.0925
sub-05	4	29	thir	sub-05_run-04_trial-29.wav	14	3.0925	3.3125
sub-05	4	29	thir	sub-05_run-04_trial-29.wav	15	3.3125	3.5325
sub-05	4	29	thir	sub-05_run-04_trial-29.wav	16	3.5325	3.7725
sub-05	4	29	thir	sub-05_run-04_trial-29.wav	17	3.7725	3.9925
sub-05	4	29	thir	sub-05_run-04_trial-29.wav	18	3.9925	4.2125
sub-05	4	29	thir	sub-05_run-04_trial-29.wav	19	4.2125	4.5525
sub-05	4	29	thir	sub-05_run-04_trial-29.wav	20	4.5525	4.8925
sub-05	4	30	mih	sub-05_run-04_trial-30.wav	1	0.0925	0.2925
sub-05	4	30	mih	sub-05_run-04_trial-30.wav	2	0.2925	0.4325
sub-05	4	30	mih	sub-05_run-04_trial-30.wav	3	0.4325	0.5525
sub-05	4	30	mih	sub-05_run-04_trial-30.wav	4	0.5525	0.6925
sub-05	4	30	mih	sub-05_run-04_trial-30.wav	5	0.6925	0.8525
sub-05	4	30	mih	sub-05_run-04_trial-30.wav	6	0.8525	1.0125
sub-05	4	30	mih	sub-05_run-04_trial-30.wav	7	1.0125	1.1725
sub-05	4	30	mih	sub-05_run-04_trial-30.wav	8	1.1725	1.3325
sub-05	4	30	mih	sub-05_run-04_trial-30.wav	9	1.3325	1.5125
sub-05	4	30	mih	sub-05_run-04_trial-30.wav	10	1.5125	1.6725
sub-05	4	30	mih	sub-05_run-04_trial-30.wav	11	1.6725	1.8325
sub-05	4	30	mih	sub-05_run-04_trial-30.wav	12	1.8325	1.9925
sub-05	4	30	mih	sub-05_run-04_trial-30.wav	13	1.9925	2.1525
sub-05	4	30	mih	sub-05_run-04_trial-30.wav	14	2.1525	2.3325
sub-05	4	30	mih	sub-05_run-04_trial-30.wav	15	2.3325	2.5325
sub-05	4	30	mih	sub-05_run-04_trial-30.wav	16	2.5325	2.6725
sub-05	4	30	mih	sub-05_run-04_trial-30.wav	17	2.6725	2.8325
sub-05	4	30	mih	sub-05_run-04_trial-30.wav	18	2.8325	3.0125
sub-05	4	30	mih	sub-05_run-04_trial-30.wav	19	3.0125	3.1525
sub-05	4	30	mih	sub-05_run-04_trial-30.wav	20	3.1525	3.3325
sub-05	4	30	mih	sub-05_run-04_trial-30.wav	21	3.3325	3.4925
sub-05	4	30	mih	sub-05_run-04_trial-30.wav	22	3.4925	3.6525
sub-05	4	30	mih	sub-05_run-04_trial-30.wav	23	3.6525	3.8325
sub-05	4	30	mih	sub-05_run-04_trial-30.wav	24	3.8325	3.9925
sub-05	4	30	mih	sub-05_run-04_trial-30.wav	25	3.9925	4.1525
sub-05	4	30	mih	sub-05_run-04_trial-30.wav	26	4.1525	4.3325
sub-05	4	30	mih	sub-05_run-04_trial-30.wav	27	4.3325	4.5525
sub-05	4	31	the	sub-05_run-04_trial-31.wav	1	0.2525	0.3725
sub-05	4	31	the	sub-05_run-04_trial-31.wav	2	0.3725	0.5325
sub-05	4	31	the	sub-05_run-04_trial-31.wav	3	0.5325	0.6725
sub-05	4	31	the	sub-05_run-04_trial-31.wav	4	0.6725	0.8125
sub-05	4	31	the	sub-05_run-04_trial-31.wav	5	0.8125	0.9525
sub-05	4	31	the	sub-05_run-04_trial-31.wav	6	1.0125	1.1125
sub-05	4	31	the	sub-05_run-04_trial-31.wav	7	1.1125	1.2925
sub-05	4	31	the	sub-05_run-04_trial-31.wav	8	1.2925	1.4925
sub-05	4	31	the	sub-05_run-04_trial-31.wav	9	1.4925	1.6925
sub-05	4	31	the	sub-05_run-04_trial-31.wav	10	1.6925	1.8325
sub-05	4	31	the	sub-05_run-04_trial-31.wav	11	1.8325	1.9925
sub-05	4	31	the	sub-05_run-04_trial-31.wav	12	1.9925	2.1725
sub-05	4	31	the	sub-05_run-04_trial-31.wav	13	2.1725	2.3525
sub-05	4	31	the	sub-05_run-04_trial-31.wav	14	2.3525	2.5125
sub-05	4	31	the	sub-05_run-04_trial-31.wav	15	2.5125	2.6525
sub-05	4	31	the	sub-05_run-04_trial-31.wav	16	2.6525	2.8325
sub-05	4	31	the	sub-05_run-04_trial-31.wav	17	2.8325	3.0125
sub-05	4	31	the	sub-05_run-04_trial-31.wav	18	3.0125	3.2125
sub-05	4	31	the	sub-05_run-04_trial-31.wav	19	3.2125	3.4125
sub-05	4	31	the	sub-05_run-04_trial-31.wav	20	3.4125	3.6325
sub-05	4	31	the	sub-05_run-04_trial-31.wav	21	3.6325	3.8325
sub-05	4	31	the	sub-05_run-04_trial-31.wav	22	3.8325	4.0325
sub-05	4	31	the	sub-05_run-04_trial-31.wav	23	4.0325	4.1925
sub-05	4	31	the	sub-05_run-04_trial-31.wav	24	4.1925	4.3925
sub-05	4	31	the	sub-05_run-04_trial-31.wav	25	4.3925	4.5925
sub-05	4	31	the	sub-05_run-04_trial-31.wav	26	4.5925	4.8925
sub-05	4	32	airy	sub-05_run-04_trial-32.wav	1	0.1925	0.3325
sub-05	4	32	airy	sub-05_run-04_trial-32.wav	2	0.3325	0.4725
sub-05	4	32	airy	sub-05_run-04_trial-32.wav	3	0.4725	0.7725
sub-05	4	32	airy	sub-05_run-04_trial-32.wav	4	0.7725	1.0725
sub-05	4	32	airy	sub-05_run-04_trial-32.wav	5	1.0725	1.2925
sub-05	4	32	airy	sub-05_run-04_trial-32.wav	6	1.2925	1.4525
sub-05	4	32	airy	sub-05_run-04_trial-32.wav	7	1.4525	1.8125
sub-05	4	32	airy	sub-05_run-04_trial-32.wav	8	1.8125	2.1725
sub-05	4	32	airy	sub-05_run-04_trial-32.wav	9	2.1725	2.6125
sub-05	4	32	airy	sub-05_run-04_trial-32.wav	10	2.6125	3.0125
sub-05	4	32	airy	sub-05_run-04_trial-32.wav	11	3.0125	3.3925
sub-05	4	32	airy	sub-05_run-04_trial-32.wav	12	3.3925	3.8125
sub-05	4	32	airy	sub-05_run-04_trial-32.wav	13	3.8125	4.1525
sub-05	4	32	airy	sub-05_run-04_trial-32.wav	14	4.1525	4.6125
sub-05	4	33	thurs	sub-05_run-04_trial-33.wav	1	0.3125	0.5725
sub-05	4	33	thurs	sub-05_run-04_trial-33.wav	2	0.5725	0.8725
sub-05	4	33	thurs	sub-05_run-04_trial-33.wav	3	0.8725	1.2125
sub-05	4	33	thurs	sub-05_run-04_trial-33.wav	4	1.2125	1.5325
sub-05	4	33	thurs	sub-05_run-04_trial-33.wav	5	1.5325	1.8925
sub-05	4	33	thurs	sub-05_run-04_trial-33.wav	6	1.8925	2.1925
sub-05	4	33	thurs	sub-05_run-04_trial-33.wav	7	2.1925	2.4725
sub-05	4	33	thurs	sub-05_run-04_trial-33.wav	8	2.4725	2.8325
sub-05	4	33	thurs	sub-05_run-04_trial-33.wav	9	2.8325	2.9725
sub-05	4	33	thurs	sub-05_run-04_trial-33.wav	10	2.9725	3.1325
sub-05	4	33	thurs	sub-05_run-04_trial-33.wav	11	3.1325	3.4925
sub-05	4	33	thurs	sub-05_run-04_trial-33.wav	12	3.4925	3.8125
sub-05	4	33	thurs	sub-05_run-04_trial-33.wav	13	3.8125	4.2325
sub-05	4	34	ther	sub-05_run-04_trial-34.wav	1	0.1725	0.3925
sub-05	4	34	ther	sub-05_run-04_trial-34.wav	2	0.3925	0.6125
sub-05	4	34	ther	sub-05_run-04_trial-34.wav	3	0.6125	0.8925
sub-05	4	34	ther	sub-05_run-04_trial-34.wav	4	0.8925	1.0925
sub-05	4	34	ther	sub-05_run-04_trial-34.wav	5	1.0925	1.2925
sub-05	4	34	ther	sub-05_run-04_trial-34.wav	6	1.2925	1.4925
sub-05	4	34	ther	sub-05_run-04_trial-34.wav	7	1.4925	1.7125
sub-05	4	34	ther	sub-05_run-04_trial-34.wav	8	1.7725	1.9525
sub-05	4	34	ther	sub-05_run-04_trial-34.wav	9	1.9525	2.1925
sub-05	4	34	ther	sub-05_run-04_trial-34.wav	10	2.2525	2.4125
sub-05	4	34	ther	sub-05_run-04_trial-34.wav	11	2.4125	2.6325
sub-05	4	34	ther	sub-05_run-04_trial-34.wav	12	2.6925	2.8325
sub-05	4	34	ther	sub-05_run-04_trial-34.wav	13	2.8925	3.0525
sub-05	4	34	ther	sub-05_run-04_trial-34.wav	14	3.0525	3.2125
sub-05	4	34	ther	sub-05_run-04_trial-34.wav	15	3.2725	3.4125
sub-05	4	34	ther	sub-05_run-04_trial-34.wav	16	3.4525	3.6525
sub-05	4	34	ther	sub-05_run-04_trial-34.wav	17	3.6525	3.8525
sub-05	4	34	ther	sub-05_run-04_trial-34.wav	18	3.8925	4.0525
sub-05	4	34	ther	sub-05_run-04_trial-34.wav	19	4.1125	4.2925
sub-05	4	34	ther	sub-05_run-04_trial-34.wav	20	4.2925	4.5325
sub-05	4	35	chuck	sub-05_run-04_trial-35.wav	1	0.1125	0.2125
sub-05	4	35	chuck	sub-05_run-04_trial-35.wav	2	0.2725	0.3725
sub-05	4	35	chuck	sub-05_run-04_trial-35.wav	3	0.3725	0.5125
sub-05	4	35	chuck	sub-05_run-04_trial-35.wav	4	0.5525	0.6925
sub-05	4	35	chuck	sub-05_run-04_trial-35.wav	5	0.6925	0.8525
sub-05	4	35	chuck	sub-05_run-04_trial-35.wav	6	0.8525	1.0525
sub-05	4	35	chuck	sub-05_run-04_trial-35.wav	7	1.0525	1.1925
sub-05	4	35	chuck	sub-05_run-04_trial-35.wav	8	1.2525	1.3725
sub-05	4	35	chuck	sub-05_run-04_trial-35.wav	9	1.4325	1.5925
sub-05	4	35	chuck	sub-05_run-04_trial-35.wav	10	1.5925	1.7325
sub-05	4	35	chuck	sub-05_run-04_trial-35.wav	11	1.7925	1.9125
sub-05	4	35	chuck	sub-05_run-04_trial-35.wav	12	1.9725	2.0925
sub-05	4	35	chuck	sub-05_run-04_trial-35.wav	13	2.1525	2.2725
sub-05	4	35	chuck	sub-05_run-04_trial-35.wav	14	2.3325	2.4525
sub-05	4	35	chuck	sub-05_run-04_trial-35.wav	15	2.5125	2.5925
sub-05	4	35	chuck	sub-05_run-04_trial-35.wav	16	2.6925	2.7925
sub-05	4	35	chuck	sub-05_run-04_trial-35.wav	17	2.8725	2.9925
sub-05	4	35	chuck	sub-05_run-04_trial-35.wav	18	3.0725	3.1725
sub-05	4	35	chuck	sub-05_run-04_trial-35.wav	19	3.2725	3.3725
sub-05	4	35	chuck	sub-05_run-04_trial-35.wav	20	3.4525	3.5725
sub-05	4	35	chuck	sub-05_run-04_trial-35.wav	21	3.6525	3.7725
sub-05	4	35	chuck	sub-05_run-04_trial-35.wav	22	3.8525	3.9725
sub-05	4	35	chuck	sub-05_run-04_trial-35.wav	23	4.0325	4.1525
sub-05	4	35	chuck	sub-05_run-04_trial-35.wav	24	4.2325	4.3525
sub-05	4	35	chuck	sub-05_run-04_trial-35.wav	25	4.4125	4.5325
sub-05	4	36	a	sub-05_run-04_trial-36.wav	1	0.0525	0.1925
sub-05	4	36	a	sub-05_run-04_trial-36.wav	2	0.2325	0.3525
sub-05	4	36	a	sub-05_run-04_trial-36.wav	3	0.4125	0.5525
sub-05	4	36	a	sub-05_run-04_trial-36.wav	4	0.5925	0.7325
sub-05	4	36	a	sub-05_run-04_trial-36.wav	5	0.7325	0.8925
sub-05	4	36	a	sub-05_run-04_trial-36.wav	6	0.9325	1.0525
sub-05	4	36	a	sub-05_run-04_trial-36.wav	7	1.1525	1.2925
sub-05	4	36	a	sub-05_run-04_trial-36.wav	8	1.2925	1.4525
sub-05	4	36	a	sub-05_run-04_trial-36.wav	9	1.4525	1.6125
sub-05	4	36	a	sub-05_run-04_trial-36.wav	10	1.6125	1.7925
sub-05	4	36	a	sub-05_run-04_trial-36.wav	11	1.7925	1.9725
sub-05	4	36	a	sub-05_run-04_trial-36.wav	12	1.9725	2.1725
sub-05	4	36	a	sub-05_run-04_trial-36.wav	13	2.1725	2.3725
sub-05	4	36	a	sub-05_run-04_trial-36.wav	14	2.3725	2.5725
sub-05	4	36	a	sub-05_run-04_trial-36.wav	15	2.5725	2.7325
sub-05	4	36	a	sub-05_run-04_trial-36.wav	16	2.7325	2.9325
sub-05	4	36	a	sub-05_run-04_trial-36.wav	17	2.9325	3.1325
sub-05	4	36	a	sub-05_run-04_trial-36.wav	18	3.1325	3.3525
sub-05	4	36	a	sub-05_run-04_trial-36.wav	19	3.3525	3.5325
sub-05	4	36	a	sub-05_run-04_trial-36.wav	20	3.5325	3.7325
sub-05	4	36	a	sub-05_run-04_trial-36.wav	21	3.7325	3.9125
sub-05	4	36	a	sub-05_run-04_trial-36.wav	22	3.9125	4.1325
sub-05	4	36	a	sub-05_run-04_trial-36.wav	23	4.1325	4.2725
sub-05	4	36	a	sub-05_run-04_trial-36.wav	24	4.2725	4.4325
sub-05	4	37	day	sub-05_run-04_trial-37.wav	1	0.3525	0.4725
sub-05	4	37	day	sub-05_run-04_trial-37.wav	2	0.4725	0.6125
sub-05	4	37	day	sub-05_run-04_trial-37.wav	3	0.6125	0.7325
sub-05	4	37	day	sub-05_run-04_trial-37.wav	4	0.7325	0.8925
sub-05	4	37	day	sub-05_run-04_trial-37.wav	5	0.8925	1.0525
sub-05	4	37	day	sub-05_run-04_trial-37.wav	6	1.0525	1.2125
sub-05	4	37	day	sub-05_run-04_trial-37.wav	7	1.2125	1.3325
sub-05	4	37	day	sub-05_run-04_trial-37.wav	8	1.3325	1.4925
sub-05	4	37	day	sub-05_run-04_trial-37.wav	9	1.4925	1.6525
sub-05	4	37	day	sub-05_run-04_trial-37.wav	10	1.6525	1.8125
sub-05	4	37	day	sub-05_run-04_trial-37.wav	11	1.8125	1.9325
sub-05	4	37	day	sub-05_run-04_trial-37.wav	12	1.9325	2.0925
sub-05	4	37	day	sub-05_run-04_trial-37.wav	13	2.0925	2.2725
sub-05	4	37	day	sub-05_run-04_trial-37.wav	14	2.2725	2.4525
sub-05	4	37	day	sub-05_run-04_trial-37.wav	15	2.4525	2.5925
sub-05	4	37	day	sub-05_run-04_trial-37.wav	16	2.5925	2.7725
sub-05	4	37	day	sub-05_run-04_trial-37.wav	17	2.7725	2.9325
sub-05	4	37	day	sub-05_run-04_trial-37.wav	18	2.9325	3.0925
sub-05	4	37	day	sub-05_run-04_trial-37.wav	19	3.0925	3.2525
sub-05	4	37	day	sub-05_run-04_trial-37.wav	20	3.2525	3.4125
sub-05	4	37	day	sub-05_run-04_trial-37.wav	21	3.4125	3.5725
sub-05	4	37	day	sub-05_run-04_trial-37.wav	22	3.5725	3.7525
sub-05	4	37	day	sub-05_run-04_trial-37.wav	23	3.7525	3.9125
sub-05	4	37	day	sub-05_run-04_trial-37.wav	24	3.9125	4.0925
sub-05	4	37	day	sub-05_run-04_trial-37.wav	25	4.0925	4.2925
sub-05	4	37	day	sub-05_run-04_trial-37.wav	26	4.2925	4.5725
sub-05	4	38	pot	sub-05_run-04_trial-38.wav	1	0.3725	0.5525
sub-05	4	38	pot	sub-05_run-04_trial-38.wav	2	0.5525	0.7325
sub-05	4	38	pot	sub-05_run-04_trial-38.wav	3	0.7325	0.8925
sub-05	4	38	pot	sub-05_run-04_trial-38.wav	4	0.8925	1.0725
sub-05	4	38	pot	sub-05_run-04_trial-38.wav	5	1.0725	1.1525
sub-05	4	38	pot	sub-05_run-04_trial-38.wav	6	1.2325	1.3325
sub-05	4	38	pot	sub-05_run-04_trial-38.wav	7	1.4125	1.5925
sub-05	4	38	pot	sub-05_run-04_trial-38.wav	8	1.5925	1.7725
sub-05	4	38	pot	sub-05_run-04_trial-38.wav	9	1.7725	1.9525
sub-05	4	38	pot	sub-05_run-04_trial-38.wav	10	1.9525	2.1325
sub-05	4	38	pot	sub-05_run-04_trial-38.wav	11	2.1325	2.2925
sub-05	4	38	pot	sub-05_run-04_trial-38.wav	12	2.2925	2.4925
sub-05	4	38	pot	sub-05_run-04_trial-38.wav	13	2.4925	2.6925
sub-05	4	38	pot	sub-05_run-04_trial-38.wav	14	2.6925	2.7925
sub-05	4	38	pot	sub-05_run-04_trial-38.wav	15	2.8725	2.9925
sub-05	4	38	pot	sub-05_run-04_trial-38.wav	16	3.0725	3.1725
sub-05	4	38	pot	sub-05_run-04_trial-38.wav	17	3.2525	3.3525
sub-05	4	38	pot	sub-05_run-04_trial-38.wav	18	3.4525	3.5525
sub-05	4	38	pot	sub-05_run-04_trial-38.wav	19	3.6525	3.7525
sub-05	4	38	pot	sub-05_run-04_trial-38.wav	20	3.8525	3.9725
sub-05	4	38	pot	sub-05_run-04_trial-38.wav	21	4.0725	4.1725
sub-05	4	38	pot	sub-05_run-04_trial-38.wav	22	4.2525	4.3725
sub-05	4	39	pie	sub-05_run-04_trial-39.wav	1	0.4325	0.5525
sub-05	4	39	pie	sub-05_run-04_trial-39.wav	2	0.5925	0.7125
sub-05	4	39	pie	sub-05_run-04_trial-39.wav	3	0.7525	0.8725
sub-05	4	39	pie	sub-05_run-04_trial-39.wav	4	0.9325	1.0325
sub-05	4	39	pie	sub-05_run-04_trial-39.wav	5	1.0925	1.1925
sub-05	4	39	pie	sub-05_run-04_trial-39.wav	6	1.2525	1.3525
sub-05	4	39	pie	sub-05_run-04_trial-39.wav	7	1.4125	1.5325
sub-05	4	39	pie	sub-05_run-04_trial-39.wav	8	1.5925	1.6925
sub-05	4	39	pie	sub-05_run-04_trial-39.wav	9	1.7725	1.8925
sub-05	4	39	pie	sub-05_run-04_trial-39.wav	10	1.9525	2.0725
sub-05	4	39	pie	sub-05_run-04_trial-39.wav	11	2.1325	2.2325
sub-05	4	39	pie	sub-05_run-04_trial-39.wav	12	2.2925	2.3925
sub-05	4	39	pie	sub-05_run-04_trial-39.wav	13	2.4525	2.5725
sub-05	4	39	pie	sub-05_run-04_trial-39.wav	14	2.6525	2.7725
sub-05	4	39	pie	sub-05_run-04_trial-39.wav	15	2.8325	2.9325
sub-05	4	39	pie	sub-05_run-04_trial-39.wav	16	3.0125	3.1125
sub-05	4	39	pie	sub-05_run-04_trial-39.wav	17	3.1925	3.3125
sub-05	4	39	pie	sub-05_run-04_trial-39.wav	18	3.3725	3.4725
sub-05	4	39	pie	sub-05_run-04_trial-39.wav	19	3.5525	3.6725
sub-05	4	39	pie	sub-05_run-04_trial-39.wav	20	3.7325	3.8525
sub-05	4	39	pie	sub-05_run-04_trial-39.wav	21	3.9325	4.0325
sub-05	4	39	pie	sub-05_run-04_trial-39.wav	22	4.0925	4.1925
sub-05	4	39	pie	sub-05_run-04_trial-39.wav	23	4.2725	4.4725
sub-05	4	40	imah	sub-05_run-04_trial-40.wav	1	0.2125	0.3725
sub-05	4	40	imah	sub-05_run-04_trial-40.wav	2	0.3725	0.6125
sub-05	4	40	imah	sub-05_run-04_trial-40.wav	3	0.6125	0.7325
sub-05	4	40	imah	sub-05_run-04_trial-40.wav	4	0.7325	0.9125
sub-05	4	40	imah	sub-05_run-04_trial-40.wav	5	0.9125	1.0125
sub-05	4	40	imah	sub-05_run-04_trial-40.wav	6	1.0125	1.3525
sub-05	4	40	imah	sub-05_run-04_trial-40.wav	7	1.3525	1.5525
sub-05	4	40	imah	sub-05_run-04_trial-40.wav	8	1.5525	1.6525
sub-05	4	40	imah	sub-05_run-04_trial-40.wav	9	1.6525	2.0725
sub-05	4	40	imah	sub-05_run-04_trial-40.wav	10	2.0725	2.2725
sub-05	4	40	imah	sub-05_run-04_trial-40.wav	11	2.3725	2.6325
sub-05	4	40	imah	sub-05_run-04_trial-40.wav	12	2.6325	2.7725
sub-05	4	40	imah	sub-05_run-04_trial-40.wav	13	2.7725	3.0125
sub-05	4	40	imah	sub-05_run-04_trial-40.wav	14	3.1325	3.4125
sub-05	4	40	imah	sub-05_run-04_trial-40.wav	15	3.4125	3.5725
sub-05	4	40	imah	sub-05_run-04_trial-40.wav	16	3.5725	3.8125
sub-05	4	40	imah	sub-05_run-04_trial-40.wav	17	3.9325	4.2925
sub-05	4	40	imah	sub-05_run-04_trial-40.wav	18	4.2925	4.5525
sub-05	4	41	less	sub-05_run-04_trial-41.wav	1	0.0725	0.2125
sub-05	4	41	less	sub-05_run-04_trial-41.wav	2	0.2125	0.3725
sub-05	4	41	less	sub-05_run-04_trial-41.wav	3	0.3725	0.7525
sub-05	4	41	less	sub-05_run-04_trial-41.wav	4	0.7525	0.8525
sub-05	4	41	less	sub-05_run-04_trial-41.wav	5	0.8525	0.9525
sub-05	4	41	less	sub-05_run-04_trial-41.wav	6	0.9525	1.0725
sub-05	4	41	less	sub-05_run-04_trial-41.wav	7	1.0725	1.2325
sub-05	4	41	less	sub-05_run-04_trial-41.wav	8	1.2325	1.4925
sub-05	4	41	less	sub-05_run-04_trial-41.wav	9	1.4925	1.6725
sub-05	4	41	less	sub-05_run-04_trial-41.wav	10	1.6725	1.7725
sub-05	4	41	less	sub-05_run-04_trial-41.wav	11	1.7725	1.8725
sub-05	4	41	less	sub-05_run-04_trial-41.wav	12	1.8725	2.0525
sub-05	4	41	less	sub-05_run-04_trial-41.wav	13	2.0525	2.1725
sub-05	4	41	less	sub-05_run-04_trial-41.wav	14	2.1725	2.2525
sub-05	4	41	less	sub-05_run-04_trial-41.wav	15	2.2525	2.4525
sub-05	4	41	less	sub-05_run-04_trial-41.wav	16	2.4525	2.7125
sub-05	4	41	less	sub-05_run-04_trial-41.wav	17	2.7125	2.9725
sub-05	4	41	less	sub-05_run-04_trial-41.wav	18	2.9725	3.2925
sub-05	4	41	less	sub-05_run-04_trial-41.wav	19	3.2925	3.6125
sub-05	4	41	less	sub-05_run-04_trial-41.wav	20	3.6125	3.9325
sub-05	4	41	less	sub-05_run-04_trial-41.wav	21	3.9325	4.2125
sub-05	4	41	less	sub-05_run-04_trial-41.wav	22	4.2125	4.9974
sub-05	4	42	per	sub-05_run-04_trial-42.wav	1	0.2925	0.4525
sub-05	4	42	per	sub-05_run-04_trial-42.wav	2	0.4525	0.6125
sub-05	4	42	per	sub-05_run-04_trial-42.wav	3	0.6125	0.7725
sub-05	4	42	per	sub-05_run-04_trial-42.wav	4	0.7725	0.8525
sub-05	4	42	per	sub-05_run-04_trial-42.wav	5	0.9325	1.1125
sub-05	4	42	per	sub-05_run-04_trial-42.wav	6	1.1125	1.2125
sub-05	4	42	per	sub-05_run-04_trial-42.wav	7	1.2925	1.4525
sub-05	4	42	per	sub-05_run-04_trial-42.wav	8	1.4525	1.6325
sub-05	4	42	per	sub-05_run-04_trial-42.wav	9	1.6325	1.7925
sub-05	4	42	per	sub-05_run-04_trial-42.wav	10	1.7925	1.9725
sub-05	4	42	per	sub-05_run-04_trial-42.wav	11	1.9725	2.1325
sub-05	4	42	per	sub-05_run-04_trial-42.wav	12	2.1325	2.3325
sub-05	4	42	per	sub-05_run-04_trial-42.wav	13	2.3325	2.4125
sub-05	4	42	per	sub-05_run-04_trial-42.wav	14	2.4925	2.5925
sub-05	4	42	per	sub-05_run-04_trial-42.wav	15	2.6525	2.8325
sub-05	4	42	per	sub-05_run-04_trial-42.wav	16	2.8325	2.9125
sub-05	4	42	per	sub-05_run-04_trial-42.wav	17	2.9925	3.0925
sub-05	4	42	per	sub-05_run-04_trial-42.wav	18	3.1725	3.2925
sub-05	4	42	per	sub-05_run-04_trial-42.wav	19	3.3525	3.4525
sub-05	4	42	per	sub-05_run-04_trial-42.wav	20	3.5325	3.6925
sub-05	4	42	per	sub-05_run-04_trial-42.wav	21	3.6925	3.7925
sub-05	4	42	per	sub-05_run-04_trial-42.wav	22	3.8525	3.9525
sub-05	4	42	per	sub-05_run-04_trial-42.wav	23	4.0325	4.1325
sub-05	4	42	per	sub-05_run-04_trial-42.wav	24	4.1925	4.3725
sub-05	5	1	thieves	sub-05_run-05_trial-01.wav	1	0.4725	0.6325
sub-05	5	1	thieves	sub-05_run-05_trial-01.wav	2	0.6325	0.8525
sub-05	5	1	thieves	sub-05_run-05_trial-01.wav	3	0.8525	1.0925
sub-05	5	1	thieves	sub-05_run-05_trial-01.wav	4	1.0925	1.3325
sub-05	5	1	thieves	sub-05_run-05_trial-01.wav	5	1.3325	1.5725
sub-05	5	1	thieves	sub-05_run-05_trial-01.wav	6	1.5725	1.7925
sub-05	5	1	thieves	sub-05_run-05_trial-01.wav	7	1.7925	2.0525
sub-05	5	1	thieves	sub-05_run-05_trial-01.wav	8	2.0525	2.3125
sub-05	5	1	thieves	sub-05_run-05_trial-01.wav	9	2.3125	2.5725
sub-05	5	1	thieves	sub-05_run-05_trial-01.wav	10	2.5725	2.8725
sub-05	5	1	thieves	sub-05_run-05_trial-01.wav	11	2.8725	3.1725
sub-05	5	1	thieves	sub-05_run-05_trial-01.wav	12	3.1725	3.4125
sub-05	5	1	thieves	sub-05_run-05_trial-01.wav	13	3.4125	3.6925
sub-05	5	1	thieves	sub-05_run-05_trial-01.wav	14	3.6925	3.9925
sub-05	5	1	thieves	sub-05_run-05_trial-01.wav	15	3.9925	4.2525
sub-05	5	1	thieves	sub-05_run-05_trial-01.wav	16	4.2525	4.5525
sub-05	5	1	thieves	sub-05_run-05_trial-01.wav	17	4.5525	4.7525
sub-05	5	2	naw	sub-05_run-05_trial-02.wav	1	0.1525	0.2725
sub-05	5	2	naw	sub-05_run-05_trial-02.wav	2	0.2725	0.4125
sub-05	5	2	naw	sub-05_run-05_trial-02.wav	3	0.4125	0.5325
sub-05	5	2	naw	sub-05_run-05_trial-02.wav	4	0.5325	0.6725
sub-05	5	2	naw	sub-05_run-05_trial-02.wav	5	0.6725	0.8125
sub-05	5	2	naw	sub-05_run-05_trial-02.wav	6	0.8125	0.9725
sub-05	5	2	naw	sub-05_run-05_trial-02.wav	7	0.9725	1.1325
sub-05	5	2	naw	sub-05_run-05_trial-02.wav	8	1.1325	1.2725
sub-05	5	2	naw	sub-05_run-05_trial-02.wav	9	1.2725	1.4125
sub-05	5	2	naw	sub-05_run-05_trial-02.wav	10	1.4125	1.5525
sub-05	5	2	naw	sub-05_run-05_trial-02.wav	11	1.5525	1.6925
sub-05	5	2	naw	sub-05_run-05_trial-02.wav	12	1.6925	1.8525
sub-05	5	2	naw	sub-05_run-05_trial-02.wav	13	1.8525	1.9925
sub-05	5	2	naw	sub-05_run-05_trial-02.wav	14	1.9925	2.1125
sub-05	5	2	naw	sub-05_run-05_trial-02.wav	15	2.1125	2.2725
sub-05	5	2	naw	sub-05_run-05_trial-02.wav	16	2.2725	2.4125
sub-05	5	2	naw	sub-05_run-05_trial-02.wav	17	2.4125	2.5525
sub-05	5	2	naw	sub-05_run-05_trial-02.wav	18	2.5525	2.6925
sub-05	5	2	naw	sub-05_run-05_trial-02.wav	19	2.6925	2.8525
sub-05	5	2	naw	sub-05_run-05_trial-02.wav	20	4.0725	4.2725
sub-05	5	3	day	sub-05_run-05_trial-03.wav	1	0.2925	0.4125
sub-05	5	3	day	sub-05_run-05_trial-03.wav	2	0.4125	0.5325
sub-05	5	3	day	sub-05_run-05_trial-03.wav	3	0.5325	0.6925
sub-05	5	3	day	sub-05_run-05_trial-03.wav	4	0.6925	0.8325
sub-05	5	3	day	sub-05_run-05_trial-03.wav	5	0.8325	0.9725
sub-05	5	3	day	sub-05_run-05_trial-03.wav	6	0.9725	1.1325
sub-05	5	3	day	sub-05_run-05_trial-03.wav	7	1.1325	1.2525
sub-05	5	3	day	sub-05_run-05_trial-03.wav	8	1.2525	1.3725
sub-05	5	3	day	sub-05_run-05_trial-03.wav	9	1.3725	1.5325
sub-05	5	3	day	sub-05_run-05_trial-03.wav	10	1.5325	1.6525
sub-05	5	3	day	sub-05_run-05_trial-03.wav	11	1.6525	1.7925
sub-05	5	3	day	sub-05_run-05_trial-03.wav	12	1.8325	1.9725
sub-05	5	3	day	sub-05_run-05_trial-03.wav	13	1.9725	2.0925
sub-05	5	3	day	sub-05_run-05_trial-03.wav	14	2.0925	2.2525
sub-05	5	3	day	sub-05_run-05_trial-03.wav	15	2.2525	2.4125
sub-05	5	3	day	sub-05_run-05_trial-03.wav	16	2.4125	2.5125
sub-05	5	3	day	sub-05_run-05_trial-03.wav	17	2.5525	2.6925
sub-05	5	3	day	sub-05_run-05_trial-03.wav	18	2.6925	2.8125
sub-05	5	3	day	sub-05_run-05_trial-03.wav	19	2.8125	2.9725
sub-05	5	3	day	sub-05_run-05_trial-03.wav	20	2.9725	3.1325
sub-05	5	3	day	sub-05_run-05_trial-03.wav	21	3.1325	3.2525
sub-05	5	3	day	sub-05_run-05_trial-03.wav	22	3.2525	3.4125
sub-05	5	3	day	sub-05_run-05_trial-03.wav	23	3.4125	3.5725
sub-05	5	3	day	sub-05_run-05_trial-03.wav	24	3.5725	3.7125
sub-05	5	3	day	sub-05_run-05_trial-03.wav	25	3.7125	3.8925
sub-05	5	3	day	sub-05_run-05_trial-03.wav	26	3.8925	4.0125
sub-05	5	3	day	sub-05_run-05_trial-03.wav	27	4.0125	4.1725
sub-05	5	3	day	sub-05_run-05_trial-03.wav	28	4.1725	4.3325
sub-05	5	3	day	sub-05_run-05_trial-03.wav	29	4.3325	4.4725
sub-05	5	4	much	sub-05_run-05_trial-04.wav	1	0.4725	0.6125
sub-05	5	4	much	sub-05_run-05_trial-04.wav	2	0.6125	0.7725
sub-05	5	4	much	sub-05_run-05_trial-04.wav	3	0.7725	0.9525
sub-05	5	4	much	sub-05_run-05_trial-04.wav	4	0.9525	1.1125
sub-05	5	4	much	sub-05_run-05_trial-04.wav	5	1.1125	1.2925
sub-05	5	4	much	sub-05_run-05_trial-04.wav	6	1.2925	1.4725
sub-05	5	4	much	sub-05_run-05_trial-04.wav	7	1.4725	1.6125
sub-05	5	4	much	sub-05_run-05_trial-04.wav	8	1.6125	1.7525
sub-05	5	4	much	sub-05_run-05_trial-04.wav	9	1.8125	1.9925
sub-05	5	4	much	sub-05_run-05_trial-04.wav	10	1.9925	2.2325
sub-05	5	4	much	sub-05_run-05_trial-04.wav	11	2.2325	2.4525
sub-05	5	4	much	sub-05_run-05_trial-04.wav	12	2.4525	2.6325
sub-05	5	4	much	sub-05_run-05_trial-04.wav	13	2.7125	2.8325
sub-05	5	4	much	sub-05_run-05_trial-04.wav	14	2.8325	3.0325
sub-05	5	4	much	sub-05_run-05_trial-04.wav	15	3.0725	3.2325
sub-05	5	4	much	sub-05_run-05_trial-04.wav	16	3.2725	3.4125
sub-05	5	4	much	sub-05_run-05_trial-04.wav	17	3.4125	3.6125
sub-05	5	4	much	sub-05_run-05_trial-04.wav	18	3.6125	3.7925
sub-05	5	4	much	sub-05_run-05_trial-04.wav	19	3.7925	3.9925
sub-05	5	4	much	sub-05_run-05_trial-04.wav	20	3.9925	4.1925
sub-05	5	4	much	sub-05_run-05_trial-04.wav	21	4.2525	4.4925
sub-05	5	5	would	sub-05_run-05_trial-05.wav	1	0.1725	0.2525
sub-05	5	5	would	sub-05_run-05_trial-05.wav	2	0.2525	0.4125
sub-05	5	5	would	sub-05_run-05_trial-05.wav	3	0.4125	0.5725
sub-05	5	5	would	sub-05_run-05_trial-05.wav	4	0.5725	0.7325
sub-05	5	5	would	sub-05_run-05_trial-05.wav	5	0.7325	0.8925
sub-05	5	5	would	sub-05_run-05_trial-05.wav	6	0.8925	1.0925
sub-05	5	5	would	sub-05_run-05_trial-05.wav	7	1.0925	1.2525
sub-05	5	5	would	sub-05_run-05_trial-05.wav	8	1.2525	1.4125
sub-05	5	5	would	sub-05_run-05_trial-05.wav	9	1.4125	1.5725
sub-05	5	5	would	sub-05_run-05_trial-05.wav	10	1.5725	1.7725
sub-05	5	5	would	sub-05_run-05_trial-05.wav	11	1.7725	1.9325
sub-05	5	5	would	sub-05_run-05_trial-05.wav	12	1.9325	2.0925
sub-05	5	5	would	sub-05_run-05_trial-05.wav	13	2.0925	2.2525
sub-05	5	5	would	sub-05_run-05_trial-05.wav	14	2.2525	2.4525
sub-05	5	5	would	sub-05_run-05_trial-05.wav	15	2.4525	2.6125
sub-05	5	5	would	sub-05_run-05_trial-05.wav	16	2.6125	2.8125
sub-05	5	5	would	sub-05_run-05_trial-05.wav	17	2.8125	2.9725
sub-05	5	5	would	sub-05_run-05_trial-05.wav	18	2.9725	3.1725
sub-05	5	5	would	sub-05_run-05_trial-05.wav	19	3.1725	3.3125
sub-05	5	5	would	sub-05_run-05_trial-05.wav	20	3.3725	3.4925
sub-05	5	5	would	sub-05_run-05_trial-05.wav	21	3.4925	3.6125
sub-05	5	5	would	sub-05_run-05_trial-05.wav	22	3.6125	3.7725
sub-05	5	5	would	sub-05_run-05_trial-05.wav	23	3.7725	3.8925
sub-05	5	5	would	sub-05_run-05_trial-05.wav	24	3.8925	3.9925
sub-05	5	6	leh	sub-05_run-05_trial-06.wav	1	0.0525	0.2125
sub-05	5	6	leh	sub-05_run-05_trial-06.wav	2	0.2125	0.3525
sub-05	5	6	leh	sub-05_run-05_trial-06.wav	3	0.3525	0.4725
sub-05	5	6	leh	sub-05_run-05_trial-06.wav	4	0.4725	0.6125
sub-05	5	6	leh	sub-05_run-05_trial-06.wav	5	0.6125	0.7725
sub-05	5	6	leh	sub-05_run-05_trial-06.wav	6	0.7725	0.9125
sub-05	5	6	leh	sub-05_run-05_trial-06.wav	7	0.9125	1.0525
sub-05	5	6	leh	sub-05_run-05_trial-06.wav	8	1.0525	1.2125
sub-05	5	6	leh	sub-05_run-05_trial-06.wav	9	1.2125	1.3725
sub-05	5	6	leh	sub-05_run-05_trial-06.wav	10	1.3725	1.5325
sub-05	5	6	leh	sub-05_run-05_trial-06.wav	11	1.5325	1.6925
sub-05	5	6	leh	sub-05_run-05_trial-06.wav	12	1.6925	1.8525
sub-05	5	6	leh	sub-05_run-05_trial-06.wav	13	1.8525	2.1125
sub-05	5	6	leh	sub-05_run-05_trial-06.wav	14	2.1125	2.2725
sub-05	5	6	leh	sub-05_run-05_trial-06.wav	15	2.2725	2.4325
sub-05	5	6	leh	sub-05_run-05_trial-06.wav	16	2.4325	2.5925
sub-05	5	6	leh	sub-05_run-05_trial-06.wav	17	2.5925	2.7525
sub-05	5	6	leh	sub-05_run-05_trial-06.wav	18	2.7525	2.9125
sub-05	5	6	leh	sub-05_run-05_trial-06.wav	19	2.9125	3.0725
sub-05	5	6	leh	sub-05_run-05_trial-06.wav	20	3.0725	3.2925
sub-05	5	6	leh	sub-05_run-05_trial-06.wav	21	3.2925	3.4925
sub-05	5	6	leh	sub-05_run-05_trial-06.wav	22	3.4925	3.6525
sub-05	5	6	leh	sub-05_run-05_trial-06.wav	23	3.6525	3.8125
sub-05	5	6	leh	sub-05_run-05_trial-06.wav	24	3.8125	3.9725
sub-05	5	6	leh	sub-05_run-05_trial-06.wav	25	3.9725	4.1725
sub-05	5	6	leh	sub-05_run-05_trial-06.wav	26	4.1725	4.4325
sub-05	5	7	ver	sub-05_run-05_trial-07.wav	1	0.3525	0.4925
sub-05	5	7	ver	sub-05_run-05_trial-07.wav	2	0.4925	0.6325
sub-05	5	7	ver	sub-05_run-05_trial-07.wav	3	0.6325	0.7925
sub-05	5	7	ver	sub-05_run-05_trial-07.wav	4	0.7925	0.9525
sub-05	5	7	ver	sub-05_run-05_trial-07.wav	5	0.9525	1.1325
sub-05	5	7	ver	sub-05_run-05_trial-07.wav	6	1.1325	1.2925
sub-05	5	7	ver	sub-05_run-05_trial-07.wav	7	1.2925	1.4525
sub-05	5	7	ver	sub-05_run-05_trial-07.wav	8	1.4525	1.6325
sub-05	5	7	ver	sub-05_run-05_trial-07.wav	9	1.6325	1.7725
sub-05	5	7	ver	sub-05_run-05_trial-07.wav	10	1.7725	1.9725
sub-05	5	7	ver	sub-05_run-05_trial-07.wav	11	1.9725	2.1525
sub-05	5	7	ver	sub-05_run-05_trial-07.wav	12	2.1525	2.3525
sub-05	5	7	ver	sub-05_run-05_trial-07.wav	13	2.3525	2.5525
sub-05	5	7	ver	sub-05_run-05_trial-07.wav	14	2.5525	2.7325
sub-05	5	7	ver	sub-05_run-05_trial-07.wav	15	2.7325	2.8925
sub-05	5	7	ver	sub-05_run-05_trial-07.wav	16	2.8925	3.0525
sub-05	5	7	ver	sub-05_run-05_trial-07.wav	17	3.0525	3.2725
sub-05	5	7	ver	sub-05_run-05_trial-07.wav	18	3.2725	3.4325
sub-05	5	7	ver	sub-05_run-05_trial-07.wav	19	3.4325	3.6125
sub-05	5	7	ver	sub-05_run-05_trial-07.wav	20	3.6125	3.7925
sub-05	5	7	ver	sub-05_run-05_trial-07.wav	21	3.7925	3.9525
sub-05	5	7	ver	sub-05_run-05_trial-07.wav	22	4.0125	4.1525
sub-05	5	7	ver	sub-05_run-05_trial-07.wav	23	4.1525	4.2925
sub-05	5	7	ver	sub-05_run-05_trial-07.wav	24	4.2925	4.5125
sub-05	5	8	pro	sub-05_run-05_trial-08.wav	1	0.1325	0.2125
sub-05	5	8	pro	sub-05_run-05_trial-08.wav	2	0.2925	0.3725
sub-05	5	8	pro	sub-05_run-05_trial-08.wav	3	0.4525	0.5325
sub-05	5	8	pro	sub-05_run-05_trial-08.wav	4	0.6125	0.7725
sub-05	5	8	pro	sub-05_run-05_trial-08.wav	5	0.7725	0.9325
sub-05	5	8	pro	sub-05_run-05_trial-08.wav	6	0.9325	1.0925
sub-05	5	8	pro	sub-05_run-05_trial-08.wav	7	1.0925	1.2725
sub-05	5	8	pro	sub-05_run-05_trial-08.wav	8	1.2725	1.3525
sub-05	5	8	pro	sub-05_run-05_trial-08.wav	9	1.4325	1.5925
sub-05	5	8	pro	sub-05_run-05_trial-08.wav	10	1.5925	1.7725
sub-05	5	8	pro	sub-05_run-05_trial-08.wav	11	1.7725	1.9525
sub-05	5	8	pro	sub-05_run-05_trial-08.wav	12	1.9525	2.1325
sub-05	5	8	pro	sub-05_run-05_trial-08.wav	13	2.1325	2.3125
sub-05	5	8	pro	sub-05_run-05_trial-08.wav	14	2.3125	2.4725
sub-05	5	8	pro	sub-05_run-05_trial-08.wav	15	2.4725	2.6525
sub-05	5	8	pro	sub-05_run-05_trial-08.wav	16	2.6525	2.8125
sub-05	5	8	pro	sub-05_run-05_trial-08.wav	17	2.8125	2.9925
sub-05	5	8	pro	sub-05_run-05_trial-08.wav	18	2.9925	3.1725
sub-05	5	8	pro	sub-05_run-05_trial-08.wav	19	3.1725	3.2925
sub-05	5	8	pro	sub-05_run-05_trial-08.wav	20	3.2925	3.6125
sub-05	5	8	pro	sub-05_run-05_trial-08.wav	21	3.6125	3.7925
sub-05	5	8	pro	sub-05_run-05_trial-08.wav	22	3.7925	3.9925
sub-05	5	8	pro	sub-05_run-05_trial-08.wav	23	3.9925	4.1725
sub-05	5	8	pro	sub-05_run-05_trial-08.wav	24	4.1725	4.3925
sub-05	5	8	pro	sub-05_run-05_trial-08.wav	25	4.3925	4.5925
sub-05	5	9	per	sub-05_run-05_trial-09.wav	1	0.1525	0.2925
sub-05	5	9	per	sub-05_run-05_trial-09.wav	2	0.2925	0.4525
sub-05	5	9	per	sub-05_run-05_trial-09.wav	3	0.4525	0.6325
sub-05	5	9	per	sub-05_run-05_trial-09.wav	4	0.6325	0.7925
sub-05	5	9	per	sub-05_run-05_trial-09.wav	5	0.7925	0.9725
sub-05	5	9	per	sub-05_run-05_trial-09.wav	6	0.9725	1.1525
sub-05	5	9	per	sub-05_run-05_trial-09.wav	7	1.1525	1.3325
sub-05	5	9	per	sub-05_run-05_trial-09.wav	8	1.3325	1.4925
sub-05	5	9	per	sub-05_run-05_trial-09.wav	9	1.4925	1.6725
sub-05	5	9	per	sub-05_run-05_trial-09.wav	10	1.6725	1.8525
sub-05	5	9	per	sub-05_run-05_trial-09.wav	11	1.8525	2.0325
sub-05	5	9	per	sub-05_run-05_trial-09.wav	12	2.0325	2.1925
sub-05	5	9	per	sub-05_run-05_trial-09.wav	13	2.1925	2.3725
sub-05	5	9	per	sub-05_run-05_trial-09.wav	14	2.3725	2.5725
sub-05	5	9	per	sub-05_run-05_trial-09.wav	15	2.5725	2.7525
sub-05	5	9	per	sub-05_run-05_trial-09.wav	16	2.7525	2.9325
sub-05	5	9	per	sub-05_run-05_trial-09.wav	17	2.9325	3.0325
sub-05	5	9	per	sub-05_run-05_trial-09.wav	18	3.0925	3.2525
sub-05	5	9	per	sub-05_run-05_trial-09.wav	19	3.3125	3.4925
sub-05	5	9	per	sub-05_run-05_trial-09.wav	20	3.4925	3.6725
sub-05	5	9	per	sub-05_run-05_trial-09.wav	21	3.6725	3.8525
sub-05	5	9	per	sub-05_run-05_trial-09.wav	22	3.8525	4.0325
sub-05	5	9	per	sub-05_run-05_trial-09.wav	23	4.0325	4.2125
sub-05	5	9	per	sub-05_run-05_trial-09.wav	24	4.2125	4.3925
sub-05	5	9	per	sub-05_run-05_trial-09.wav	25	4.3925	4.5925
sub-05	5	10	thurs	sub-05_run-05_trial-10.wav	1	0.3325	0.5125
sub-05	5	10	thurs	sub-05_run-05_trial-10.wav	2	0.5125	0.7725
sub-05	5	10	thurs	sub-05_run-05_trial-10.wav	3	0.7725	1.0925
sub-05	5	10	thurs	sub-05_run-05_trial-10.wav	4	1.0925	1.4525
sub-05	5	10	thurs	sub-05_run-05_trial-10.wav	5	1.4525	1.8525
sub-05	5	10	thurs	sub-05_run-05_trial-10.wav	6	1.8525	2.2125
sub-05	5	10	thurs	sub-05_run-05_trial-10.wav	7	2.2125	2.6125
sub-05	5	10	thurs	sub-05_run-05_trial-10.wav	8	2.6125	3.0125
sub-05	5	10	thurs	sub-05_run-05_trial-10.wav	9	3.0125	3.4925
sub-05	5	10	thurs	sub-05_run-05_trial-10.wav	10	3.4925	3.9325
sub-05	5	10	thurs	sub-05_run-05_trial-10.wav	11	3.9325	4.6325
sub-05	5	11	airy	sub-05_run-05_trial-11.wav	1	0.2125	0.3525
sub-05	5	11	airy	sub-05_run-05_trial-11.wav	2	0.3525	0.5125
sub-05	5	11	airy	sub-05_run-05_trial-11.wav	3	0.5125	0.7125
sub-05	5	11	airy	sub-05_run-05_trial-11.wav	4	0.7125	0.8925
sub-05	5	11	airy	sub-05_run-05_trial-11.wav	5	0.8925	1.2125
sub-05	5	11	airy	sub-05_run-05_trial-11.wav	6	1.2125	1.5725
sub-05	5	11	airy	sub-05_run-05_trial-11.wav	7	1.5725	1.9525
sub-05	5	11	airy	sub-05_run-05_trial-11.wav	8	1.9525	2.1325
sub-05	5	11	airy	sub-05_run-05_trial-11.wav	9	2.1325	2.3125
sub-05	5	11	airy	sub-05_run-05_trial-11.wav	10	2.3125	2.4925
sub-05	5	11	airy	sub-05_run-05_trial-11.wav	11	2.4925	2.6925
sub-05	5	11	airy	sub-05_run-05_trial-11.wav	12	2.6925	2.8725
sub-05	5	11	airy	sub-05_run-05_trial-11.wav	13	2.8725	3.0525
sub-05	5	11	airy	sub-05_run-05_trial-11.wav	14	3.0525	3.4325
sub-05	5	11	airy	sub-05_run-05_trial-11.wav	15	3.4325	3.6925
sub-05	5	11	airy	sub-05_run-05_trial-11.wav	16	3.6925	3.8725
sub-05	5	11	airy	sub-05_run-05_trial-11.wav	17	3.8725	4.3725
sub-05	5	11	airy	sub-05_run-05_trial-11.wav	18	4.4725	4.8125
sub-05	5	12	caw	sub-05_run-05_trial-12.wav	1	0.1525	0.2725
sub-05	5	12	caw	sub-05_run-05_trial-12.wav	2	0.2725	0.4125
sub-05	5	12	caw	sub-05_run-05_trial-12.wav	3	0.4125	0.5725
sub-05	5	12	caw	sub-05_run-05_trial-12.wav	4	0.5725	0.7325
sub-05	5	12	caw	sub-05_run-05_trial-12.wav	5	0.7325	0.8925
sub-05	5	12	caw	sub-05_run-05_trial-12.wav	6	0.8925	1.0525
sub-05	5	12	caw	sub-05_run-05_trial-12.wav	7	1.0525	1.2125
sub-05	5	12	caw	sub-05_run-05_trial-12.wav	8	1.2125	1.4125
sub-05	5	12	caw	sub-05_run-05_trial-12.wav	9	1.4125	1.5725
sub-05	5	12	caw	sub-05_run-05_trial-12.wav	10	1.5725	1.7525
sub-05	5	12	caw	sub-05_run-05_trial-12.wav	11	1.7525	1.9325
sub-05	5	12	caw	sub-05_run-05_trial-12.wav	12	1.9325	2.0925
sub-05	5	12	caw	sub-05_run-05_trial-12.wav	13	2.0925	2.2925
sub-05	5	12	caw	sub-05_run-05_trial-12.wav	14	2.2925	2.4325
sub-05	5	12	caw	sub-05_run-05_trial-12.wav	15	2.4925	2.6125
sub-05	5	12	caw	sub-05_run-05_trial-12.wav	16	2.6725	2.8125
sub-05	5	12	caw	sub-05_run-05_trial-12.wav	17	2.8125	2.9725
sub-05	5	12	caw	sub-05_run-05_trial-12.wav	18	3.0125	3.1525
sub-05	5	12	caw	sub-05_run-05_trial-12.wav	19	3.1925	3.3325
sub-05	5	12	caw	sub-05_run-05_trial-12.wav	20	3.3325	3.4925
sub-05	5	12	caw	sub-05_run-05_trial-12.wav	21	3.5325	3.6925
sub-05	5	12	caw	sub-05_run-05_trial-12.wav	22	3.7525	3.8725
sub-05	5	12	caw	sub-05_run-05_trial-12.wav	23	3.9325	4.0325
sub-05	5	12	caw	sub-05_run-05_trial-12.wav	24	4.0925	4.2525
sub-05	5	12	caw	sub-05_run-05_trial-12.wav	25	4.2525	4.5125
sub-05	5	13	fee	sub-05_run-05_trial-13.wav	1	0.3125	0.4125
sub-05	5	13	fee	sub-05_run-05_trial-13.wav	2	0.4125	0.5525
sub-05	5	13	fee	sub-05_run-05_trial-13.wav	3	0.5525	0.7125
sub-05	5	13	fee	sub-05_run-05_trial-13.wav	4	0.7125	0.8725
sub-05	5	13	fee	sub-05_run-05_trial-13.wav	5	0.8725	1.0525
sub-05	5	13	fee	sub-05_run-05_trial-13.wav	6	1.0525	1.1925
sub-05	5	13	fee	sub-05_run-05_trial-13.wav	7	1.1925	1.3525
sub-05	5	13	fee	sub-05_run-05_trial-13.wav	8	1.3525	1.5525
sub-05	5	13	fee	sub-05_run-05_trial-13.wav	9	1.5525	1.7325
sub-05	5	13	fee	sub-05_run-05_trial-13.wav	10	1.7325	1.9125
sub-05	5	13	fee	sub-05_run-05_trial-13.wav	11	1.9125	2.0925
sub-05	5	13	fee	sub-05_run-05_trial-13.wav	12	2.0925	2.2925
sub-05	5	13	fee	sub-05_run-05_trial-13.wav	13	2.2925	2.5125
sub-05	5	13	fee	sub-05_run-05_trial-13.wav	14	2.5125	2.6925
sub-05	5	13	fee	sub-05_run-05_trial-13.wav	15	2.6925	2.8925
sub-05	5	13	fee	sub-05_run-05_trial-13.wav	16	2.8925	3.0925
sub-05	5	13	fee	sub-05_run-05_trial-13.wav	17	3.0925	3.2725
sub-05	5	13	fee	sub-05_run-05_trial-13.wav	18	3.2725	3.4925
sub-05	5	13	fee	sub-05_run-05_trial-13.wav	19	3.4925	3.6725
sub-05	5	13	fee	sub-05_run-05_trial-13.wav	20	3.6725	3.9125
sub-05	5	13	fee	sub-05_run-05_trial-13.wav	21	3.9125	4.1325
sub-05	5	13	fee	sub-05_run-05_trial-13.wav	22	4.1325	4.4125
sub-05	5	14	pi	sub-05_run-05_trial-14.wav	1	0.4325	0.4925
sub-05	5	14	pi	sub-05_run-05_trial-14.wav	2	0.5325	0.6325
sub-05	5	14	pi	sub-05_run-05_trial-14.wav	3	0.6725	0.7725
sub-05	5	14	pi	sub-05_run-05_trial-14.wav	4	0.7725	0.8925
sub-05	5	14	pi	sub-05_run-05_trial-14.wav	5	0.9525	1.0325
sub-05	5	14	pi	sub-05_run-05_trial-14.wav	6	1.0925	1.1725
sub-05	5	14	pi	sub-05_run-05_trial-14.wav	7	1.2325	1.3325
sub-05	5	14	pi	sub-05_run-05_trial-14.wav	8	1.3925	1.4525
sub-05	5	14	pi	sub-05_run-05_trial-14.wav	9	1.5325	1.6125
sub-05	5	14	pi	sub-05_run-05_trial-14.wav	10	1.6725	1.7525
sub-05	5	14	pi	sub-05_run-05_trial-14.wav	11	1.8125	1.9125
sub-05	5	14	pi	sub-05_run-05_trial-14.wav	12	1.9725	2.0525
sub-05	5	14	pi	sub-05_run-05_trial-14.wav	13	2.1125	2.2125
sub-05	5	14	pi	sub-05_run-05_trial-14.wav	14	2.2725	2.3525
sub-05	5	14	pi	sub-05_run-05_trial-14.wav	15	2.4125	2.4925
sub-05	5	14	pi	sub-05_run-05_trial-14.wav	16	2.5525	2.6325
sub-05	5	14	pi	sub-05_run-05_trial-14.wav	17	2.7125	2.7925
sub-05	5	14	pi	sub-05_run-05_trial-14.wav	18	2.8525	2.9525
sub-05	5	14	pi	sub-05_run-05_trial-14.wav	19	3.0125	3.0925
sub-05	5	14	pi	sub-05_run-05_trial-14.wav	20	3.1725	3.2525
sub-05	5	14	pi	sub-05_run-05_trial-14.wav	21	3.3125	3.3925
sub-05	5	14	pi	sub-05_run-05_trial-14.wav	22	3.4525	3.5525
sub-05	5	14	pi	sub-05_run-05_trial-14.wav	23	3.6125	3.7325
sub-05	5	14	pi	sub-05_run-05_trial-14.wav	24	3.7325	3.8525
sub-05	5	14	pi	sub-05_run-05_trial-14.wav	25	3.9125	3.9925
sub-05	5	14	pi	sub-05_run-05_trial-14.wav	26	4.0725	4.1525
sub-05	5	14	pi	sub-05_run-05_trial-14.wav	27	4.2125	4.3125
sub-05	5	14	pi	sub-05_run-05_trial-14.wav	28	4.3725	4.4525
sub-05	5	14	pi	sub-05_run-05_trial-14.wav	29	4.5325	4.6925
sub-05	5	15	peck	sub-05_run-05_trial-15.wav	1	0.1525	0.2525
sub-05	5	15	peck	sub-05_run-05_trial-15.wav	2	0.3125	0.4525
sub-05	5	15	peck	sub-05_run-05_trial-15.wav	3	0.5325	0.6325
sub-05	5	15	peck	sub-05_run-05_trial-15.wav	4	0.7125	0.8125
sub-05	5	15	peck	sub-05_run-05_trial-15.wav	5	0.8925	0.9925
sub-05	5	15	peck	sub-05_run-05_trial-15.wav	6	1.0725	1.1925
sub-05	5	15	peck	sub-05_run-05_trial-15.wav	7	1.2725	1.3925
sub-05	5	15	peck	sub-05_run-05_trial-15.wav	8	1.4525	1.5725
sub-05	5	15	peck	sub-05_run-05_trial-15.wav	9	1.6525	1.7525
sub-05	5	15	peck	sub-05_run-05_trial-15.wav	10	1.8125	1.9925
sub-05	5	15	peck	sub-05_run-05_trial-15.wav	11	1.9925	2.1125
sub-05	5	15	peck	sub-05_run-05_trial-15.wav	12	2.1925	2.3925
sub-05	5	15	peck	sub-05_run-05_trial-15.wav	13	2.3925	2.5925
sub-05	5	15	peck	sub-05_run-05_trial-15.wav	14	2.5925	2.7125
sub-05	5	15	peck	sub-05_run-05_trial-15.wav	15	2.7925	2.9125
sub-05	5	15	peck	sub-05_run-05_trial-15.wav	16	2.9925	3.0925
sub-05	5	15	peck	sub-05_run-05_trial-15.wav	17	3.1725	3.2925
sub-05	5	15	peck	sub-05_run-05_trial-15.wav	18	3.3725	3.4925
sub-05	5	15	peck	sub-05_run-05_trial-15.wav	19	3.5725	3.7325
sub-05	5	15	peck	sub-05_run-05_trial-15.wav	20	3.7925	3.9125
sub-05	5	15	peck	sub-05_run-05_trial-15.wav	21	3.9925	4.1125
sub-05	5	15	peck	sub-05_run-05_trial-15.wav	22	4.2125	4.3125
sub-05	5	15	peck	sub-05_run-05_trial-15.wav	23	4.4325	4.7325
sub-05	5	16	through	sub-05_run-05_trial-16.wav	1	0.1125	0.2925
sub-05	5	16	through	sub-05_run-05_trial-16.wav	2	0.2925	0.4725
sub-05	5	16	through	sub-05_run-05_trial-16.wav	3	0.5325	0.6725
sub-05	5	16	through	sub-05_run-05_trial-16.wav	4	0.6725	0.9325
sub-05	5	16	through	sub-05_run-05_trial-16.wav	5	0.9325	1.1525
sub-05	5	16	through	sub-05_run-05_trial-16.wav	6	1.1525	1.3925
sub-05	5	16	through	sub-05_run-05_trial-16.wav	7	1.3925	1.5925
sub-05	5	16	through	sub-05_run-05_trial-16.wav	8	1.5925	1.7925
sub-05	5	16	through	sub-05_run-05_trial-16.wav	9	1.7925	2.0525
sub-05	5	16	through	sub-05_run-05_trial-16.wav	10	2.0925	2.2925
sub-05	5	16	through	sub-05_run-05_trial-16.wav	11	2.2925	2.5125
sub-05	5	16	through	sub-05_run-05_trial-16.wav	12	2.5125	2.7725
sub-05	5	16	through	sub-05_run-05_trial-16.wav	13	2.7725	2.9925
sub-05	5	16	through	sub-05_run-05_trial-16.wav	14	2.9925	3.2925
sub-05	5	16	through	sub-05_run-05_trial-16.wav	15	3.2925	3.7125
sub-05	5	16	through	sub-05_run-05_trial-16.wav	16	3.7125	3.9125
sub-05	5	16	through	sub-05_run-05_trial-16.wav	17	3.9725	4.1725
sub-05	5	16	through	sub-05_run-05_trial-16.wav	18	4.1725	4.4525
sub-05	5	17	thought	sub-05_run-05_trial-17.wav	1	0.0125	0.2125
sub-05	5	17	thought	sub-05_run-05_trial-17.wav	2	0.2125	0.3525
sub-05	5	17	thought	sub-05_run-05_trial-17.wav	3	0.3525	0.5325
sub-05	5	17	thought	sub-05_run-05_trial-17.wav	4	0.5325	0.6925
sub-05	5	17	thought	sub-05_run-05_trial-17.wav	5	0.6925	0.8525
sub-05	5	17	thought	sub-05_run-05_trial-17.wav	6	0.8525	1.0125
sub-05	5	17	thought	sub-05_run-05_trial-17.wav	7	1.0125	1.1725
sub-05	5	17	thought	sub-05_run-05_trial-17.wav	8	1.1725	1.3525
sub-05	5	17	thought	sub-05_run-05_trial-17.wav	9	1.3525	1.5325
sub-05	5	17	thought	sub-05_run-05_trial-17.wav	10	1.5325	1.6925
sub-05	5	17	thought	sub-05_run-05_trial-17.wav	11	1.6925	1.8725
sub-05	5	17	thought	sub-05_run-05_trial-17.wav	12	1.8725	2.0325
sub-05	5	17	thought	sub-05_run-05_trial-17.wav	13	2.0325	2.2125
sub-05	5	17	thought	sub-05_run-05_trial-17.wav	14	2.2125	2.3925
sub-05	5	17	thought	sub-05_run-05_trial-17.wav	15	2.3925	2.5725
sub-05	5	17	thought	sub-05_run-05_trial-17.wav	16	2.5725	2.7125
sub-05	5	17	thought	sub-05_run-05_trial-17.wav	17	2.7125	2.8925
sub-05	5	17	thought	sub-05_run-05_trial-17.wav	18	2.8925	3.0725
sub-05	5	17	thought	sub-05_run-05_trial-17.wav	19	3.0725	3.2325
sub-05	5	17	thought	sub-05_run-05_trial-17.wav	20	3.2325	3.4125
sub-05	5	17	thought	sub-05_run-05_trial-17.wav	21	3.4125	3.5725
sub-05	5	17	thought	sub-05_run-05_trial-17.wav	22	3.5725	3.7525
sub-05	5	17	thought	sub-05_run-05_trial-17.wav	23	3.7525	3.9125
sub-05	5	17	thought	sub-05_run-05_trial-17.wav	24	3.9125	4.0325
sub-05	5	17	thought	sub-05_run-05_trial-17.wav	25	4.0325	4.1925
sub-05	5	17	thought	sub-05_run-05_trial-17.wav	26	4.2525	4.4125
sub-05	5	18	a	sub-05_run-05_trial-18.wav	1	0.1525	0.2925
sub-05	5	18	a	sub-05_run-05_trial-18.wav	2	0.2925	0.4325
sub-05	5	18	a	sub-05_run-05_trial-18.wav	3	0.4925	0.6125
sub-05	5	18	a	sub-05_run-05_trial-18.wav	4	0.6925	0.8125
sub-05	5	18	a	sub-05_run-05_trial-18.wav	5	0.8125	0.9925
sub-05	5	18	a	sub-05_run-05_trial-18.wav	6	0.9925	1.1725
sub-05	5	18	a	sub-05_run-05_trial-18.wav	7	1.1725	1.3525
sub-05	5	18	a	sub-05_run-05_trial-18.wav	8	1.3525	1.5325
sub-05	5	18	a	sub-05_run-05_trial-18.wav	9	1.5325	1.6925
sub-05	5	18	a	sub-05_run-05_trial-18.wav	10	1.6925	1.8925
sub-05	5	18	a	sub-05_run-05_trial-18.wav	11	1.8925	2.1325
sub-05	5	18	a	sub-05_run-05_trial-18.wav	12	2.1325	2.3325
sub-05	5	18	a	sub-05_run-05_trial-18.wav	13	2.3325	2.5325
sub-05	5	18	a	sub-05_run-05_trial-18.wav	14	2.5325	2.7125
sub-05	5	18	a	sub-05_run-05_trial-18.wav	15	2.7125	2.8725
sub-05	5	18	a	sub-05_run-05_trial-18.wav	16	2.8725	3.0725
sub-05	5	18	a	sub-05_run-05_trial-18.wav	17	3.0725	3.2725
sub-05	5	18	a	sub-05_run-05_trial-18.wav	18	3.2725	3.4725
sub-05	5	18	a	sub-05_run-05_trial-18.wav	19	3.4725	3.6325
sub-05	5	18	a	sub-05_run-05_trial-18.wav	20	3.6325	3.8725
sub-05	5	18	a	sub-05_run-05_trial-18.wav	21	3.8725	4.0725
sub-05	5	18	a	sub-05_run-05_trial-18.wav	22	4.0725	4.2725
sub-05	5	18	a	sub-05_run-05_trial-18.wav	23	4.2725	4.5525
sub-05	5	19	chuck	sub-05_run-05_trial-19.wav	1	0.2325	0.3525
sub-05	5	19	chuck	sub-05_run-05_trial-19.wav	2	0.4125	0.5325
sub-05	5	19	chuck	sub-05_run-05_trial-19.wav	3	0.5325	0.6925
sub-05	5	19	chuck	sub-05_run-05_trial-19.wav	4	0.6925	0.8925
sub-05	5	19	chuck	sub-05_run-05_trial-19.wav	5	0.8925	1.0525
sub-05	5	19	chuck	sub-05_run-05_trial-19.wav	6	1.1125	1.2325
sub-05	5	19	chuck	sub-05_run-05_trial-19.wav	7	1.2925	1.4125
sub-05	5	19	chuck	sub-05_run-05_trial-19.wav	8	1.4725	1.6125
sub-05	5	19	chuck	sub-05_run-05_trial-19.wav	9	1.6525	1.8125
sub-05	5	19	chuck	sub-05_run-05_trial-19.wav	10	1.8125	1.9725
sub-05	5	19	chuck	sub-05_run-05_trial-19.wav	11	1.9725	2.1725
sub-05	5	19	chuck	sub-05_run-05_trial-19.wav	12	2.2325	2.3525
sub-05	5	19	chuck	sub-05_run-05_trial-19.wav	13	2.4125	2.5325
sub-05	5	19	chuck	sub-05_run-05_trial-19.wav	14	2.6125	2.7125
sub-05	5	19	chuck	sub-05_run-05_trial-19.wav	15	2.7925	2.9125
sub-05	5	19	chuck	sub-05_run-05_trial-19.wav	16	2.9925	3.1125
sub-05	5	19	chuck	sub-05_run-05_trial-19.wav	17	3.1925	3.3125
sub-05	5	19	chuck	sub-05_run-05_trial-19.wav	18	3.3925	3.4925
sub-05	5	19	chuck	sub-05_run-05_trial-19.wav	19	3.5725	3.7525
sub-05	5	19	chuck	sub-05_run-05_trial-19.wav	20	3.7925	3.9125
sub-05	5	19	chuck	sub-05_run-05_trial-19.wav	21	3.9725	4.0725
sub-05	5	19	chuck	sub-05_run-05_trial-19.wav	22	4.1325	4.2725
sub-05	5	19	chuck	sub-05_run-05_trial-19.wav	23	4.3525	4.4925
sub-05	5	19	chuck	sub-05_run-05_trial-19.wav	24	4.5725	4.6725
sub-05	5	20	throne	sub-05_run-05_trial-20.wav	1	0.2725	0.4925
sub-05	5	20	throne	sub-05_run-05_trial-20.wav	2	0.4925	0.7125
sub-05	5	20	throne	sub-05_run-05_trial-20.wav	3	0.7125	0.9125
sub-05	5	20	throne	sub-05_run-05_trial-20.wav	4	0.9725	1.1725
sub-05	5	20	throne	sub-05_run-05_trial-20.wav	5	1.1725	1.4125
sub-05	5	20	throne	sub-05_run-05_trial-20.wav	6	1.4125	1.6525
sub-05	5	20	throne	sub-05_run-05_trial-20.wav	7	1.7125	1.9325
sub-05	5	20	throne	sub-05_run-05_trial-20.wav	8	1.9325	2.1725
sub-05	5	20	throne	sub-05_run-05_trial-20.wav	9	2.1725	2.4125
sub-05	5	20	throne	sub-05_run-05_trial-20.wav	10	2.4525	2.6525
sub-05	5	20	throne	sub-05_run-05_trial-20.wav	11	2.6525	2.8525
sub-05	5	20	throne	sub-05_run-05_trial-20.wav	12	2.8925	3.0525
sub-05	5	20	throne	sub-05_run-05_trial-20.wav	13	3.1125	3.2925
sub-05	5	20	throne	sub-05_run-05_trial-20.wav	14	3.2925	3.5125
sub-05	5	20	throne	sub-05_run-05_trial-20.wav	15	3.5125	3.7325
sub-05	5	20	throne	sub-05_run-05_trial-20.wav	16	3.7325	3.8725
sub-05	5	20	throne	sub-05_run-05_trial-20.wav	17	3.9525	4.1325
sub-05	5	20	throne	sub-05_run-05_trial-20.wav	18	4.1325	4.3725
sub-05	5	20	throne	sub-05_run-05_trial-20.wav	19	4.3725	4.5925
sub-05	5	21	jur	sub-05_run-05_trial-21.wav	1	0.0925	0.2125
sub-05	5	21	jur	sub-05_run-05_trial-21.wav	2	0.2125	0.3725
sub-05	5	21	jur	sub-05_run-05_trial-21.wav	3	0.3725	0.5325
sub-05	5	21	jur	sub-05_run-05_trial-21.wav	4	0.5325	0.6725
sub-05	5	21	jur	sub-05_run-05_trial-21.wav	5	0.7325	0.8525
sub-05	5	21	jur	sub-05_run-05_trial-21.wav	6	0.8525	1.0125
sub-05	5	21	jur	sub-05_run-05_trial-21.wav	7	1.0125	1.1725
sub-05	5	21	jur	sub-05_run-05_trial-21.wav	8	1.2325	1.3325
sub-05	5	21	jur	sub-05_run-05_trial-21.wav	9	1.4125	1.5325
sub-05	5	21	jur	sub-05_run-05_trial-21.wav	10	1.5725	1.6725
sub-05	5	21	jur	sub-05_run-05_trial-21.wav	11	1.7325	1.8325
sub-05	5	21	jur	sub-05_run-05_trial-21.wav	12	1.9125	2.0325
sub-05	5	21	jur	sub-05_run-05_trial-21.wav	13	2.0925	2.1925
sub-05	5	21	jur	sub-05_run-05_trial-21.wav	14	2.2525	2.3925
sub-05	5	21	jur	sub-05_run-05_trial-21.wav	15	2.4525	2.5725
sub-05	5	21	jur	sub-05_run-05_trial-21.wav	16	2.6325	2.7325
sub-05	5	21	jur	sub-05_run-05_trial-21.wav	17	2.7925	2.9125
sub-05	5	21	jur	sub-05_run-05_trial-21.wav	18	2.9925	3.0925
sub-05	5	21	jur	sub-05_run-05_trial-21.wav	19	3.1525	3.2725
sub-05	5	21	jur	sub-05_run-05_trial-21.wav	20	3.3525	3.4725
sub-05	5	21	jur	sub-05_run-05_trial-21.wav	21	3.5525	3.6925
sub-05	5	21	jur	sub-05_run-05_trial-21.wav	22	3.6925	3.8325
sub-05	5	21	jur	sub-05_run-05_trial-21.wav	23	3.9325	4.0325
sub-05	5	21	jur	sub-05_run-05_trial-21.wav	24	4.1125	4.2125
sub-05	5	21	jur	sub-05_run-05_trial-21.wav	25	4.2925	4.5125
sub-05	5	22	jin	sub-05_run-05_trial-22.wav	1	0.0525	0.2125
sub-05	5	22	jin	sub-05_run-05_trial-22.wav	2	0.2125	0.3925
sub-05	5	22	jin	sub-05_run-05_trial-22.wav	3	0.3925	0.5725
sub-05	5	22	jin	sub-05_run-05_trial-22.wav	4	0.5725	0.7725
sub-05	5	22	jin	sub-05_run-05_trial-22.wav	5	0.7725	0.9525
sub-05	5	22	jin	sub-05_run-05_trial-22.wav	6	0.9525	1.1525
sub-05	5	22	jin	sub-05_run-05_trial-22.wav	7	1.1525	1.3325
sub-05	5	22	jin	sub-05_run-05_trial-22.wav	8	1.3325	1.5325
sub-05	5	22	jin	sub-05_run-05_trial-22.wav	9	1.5325	1.7125
sub-05	5	22	jin	sub-05_run-05_trial-22.wav	10	1.7125	1.8125
sub-05	5	22	jin	sub-05_run-05_trial-22.wav	11	1.8125	1.8925
sub-05	5	22	jin	sub-05_run-05_trial-22.wav	12	1.8925	2.0925
sub-05	5	22	jin	sub-05_run-05_trial-22.wav	13	2.0925	2.2925
sub-05	5	22	jin	sub-05_run-05_trial-22.wav	14	2.2925	2.4125
sub-05	5	22	jin	sub-05_run-05_trial-22.wav	15	2.4125	2.5925
sub-05	5	22	jin	sub-05_run-05_trial-22.wav	16	2.6725	2.8125
sub-05	5	22	jin	sub-05_run-05_trial-22.wav	17	2.8125	3.0325
sub-05	5	22	jin	sub-05_run-05_trial-22.wav	18	3.0325	3.2325
sub-05	5	22	jin	sub-05_run-05_trial-22.wav	19	3.2325	3.4325
sub-05	5	22	jin	sub-05_run-05_trial-22.wav	20	3.4325	3.6325
sub-05	5	22	jin	sub-05_run-05_trial-22.wav	21	3.6325	3.8325
sub-05	5	22	jin	sub-05_run-05_trial-22.wav	22	3.8325	3.9525
sub-05	5	22	jin	sub-05_run-05_trial-22.wav	23	3.9525	4.1525
sub-05	5	22	jin	sub-05_run-05_trial-22.wav	24	4.1525	4.2325
sub-05	5	22	jin	sub-05_run-05_trial-22.wav	25	4.2325	4.3325
sub-05	5	22	jin	sub-05_run-05_trial-22.wav	26	4.3325	4.4325
sub-05	5	22	jin	sub-05_run-05_trial-22.wav	27	4.4325	4.6725
sub-05	5	23	ti	sub-05_run-05_trial-23.wav	1	0.1925	0.2925
sub-05	5	23	ti	sub-05_run-05_trial-23.wav	2	0.2925	0.4325
sub-05	5	23	ti	sub-05_run-05_trial-23.wav	3	0.4725	0.6125
sub-05	5	23	ti	sub-05_run-05_trial-23.wav	4	0.6125	0.7725
sub-05	5	23	ti	sub-05_run-05_trial-23.wav	5	0.7725	0.9325
sub-05	5	23	ti	sub-05_run-05_trial-23.wav	6	0.9325	1.0925
sub-05	5	23	ti	sub-05_run-05_trial-23.wav	7	1.1525	1.2925
sub-05	5	23	ti	sub-05_run-05_trial-23.wav	8	1.2925	1.4325
sub-05	5	23	ti	sub-05_run-05_trial-23.wav	9	1.4925	1.6125
sub-05	5	23	ti	sub-05_run-05_trial-23.wav	10	1.6725	1.8125
sub-05	5	23	ti	sub-05_run-05_trial-23.wav	11	1.8125	1.9325
sub-05	5	23	ti	sub-05_run-05_trial-23.wav	12	2.0125	2.1125
sub-05	5	23	ti	sub-05_run-05_trial-23.wav	13	2.1925	2.2925
sub-05	5	23	ti	sub-05_run-05_trial-23.wav	14	2.3525	2.4525
sub-05	5	23	ti	sub-05_run-05_trial-23.wav	15	2.5325	2.6325
sub-05	5	23	ti	sub-05_run-05_trial-23.wav	16	2.7125	2.8325
sub-05	5	23	ti	sub-05_run-05_trial-23.wav	17	2.8925	3.0125
sub-05	5	23	ti	sub-05_run-05_trial-23.wav	18	3.0725	3.1725
sub-05	5	23	ti	sub-05_run-05_trial-23.wav	19	3.2525	3.3725
sub-05	5	23	ti	sub-05_run-05_trial-23.wav	20	3.4325	3.5125
sub-05	5	23	ti	sub-05_run-05_trial-23.wav	21	3.5925	3.6925
sub-05	5	23	ti	sub-05_run-05_trial-23.wav	22	3.7325	3.8725
sub-05	5	23	ti	sub-05_run-05_trial-23.wav	23	3.9325	4.0525
sub-05	5	23	ti	sub-05_run-05_trial-23.wav	24	4.0525	4.2525
sub-05	5	23	ti	sub-05_run-05_trial-23.wav	25	4.2525	4.5125
sub-05	5	24	pot	sub-05_run-05_trial-24.wav	1	0.0925	0.2725
sub-05	5	24	pot	sub-05_run-05_trial-24.wav	2	0.2725	0.4325
sub-05	5	24	pot	sub-05_run-05_trial-24.wav	3	0.4325	0.6125
sub-05	5	24	pot	sub-05_run-05_trial-24.wav	4	0.6125	0.7925
sub-05	5	24	pot	sub-05_run-05_trial-24.wav	5	0.7925	0.9525
sub-05	5	24	pot	sub-05_run-05_trial-24.wav	6	0.9525	1.0525
sub-05	5	24	pot	sub-05_run-05_trial-24.wav	7	1.1325	1.3125
sub-05	5	24	pot	sub-05_run-05_trial-24.wav	8	1.3125	1.5125
sub-05	5	24	pot	sub-05_run-05_trial-24.wav	9	1.5125	1.6725
sub-05	5	24	pot	sub-05_run-05_trial-24.wav	10	1.6725	1.8725
sub-05	5	24	pot	sub-05_run-05_trial-24.wav	11	1.8725	2.0525
sub-05	5	24	pot	sub-05_run-05_trial-24.wav	12	2.0525	2.2325
sub-05	5	24	pot	sub-05_run-05_trial-24.wav	13	2.2325	2.4525
sub-05	5	24	pot	sub-05_run-05_trial-24.wav	14	2.4525	2.6125
sub-05	5	24	pot	sub-05_run-05_trial-24.wav	15	2.6125	2.7925
sub-05	5	24	pot	sub-05_run-05_trial-24.wav	16	2.7925	2.9925
sub-05	5	24	pot	sub-05_run-05_trial-24.wav	17	2.9925	3.1725
sub-05	5	24	pot	sub-05_run-05_trial-24.wav	18	3.1725	3.3725
sub-05	5	24	pot	sub-05_run-05_trial-24.wav	19	3.3725	3.4725
sub-05	5	24	pot	sub-05_run-05_trial-24.wav	20	3.5725	3.7525
sub-05	5	24	pot	sub-05_run-05_trial-24.wav	21	3.7525	3.9325
sub-05	5	24	pot	sub-05_run-05_trial-24.wav	22	3.9325	4.1325
sub-05	5	24	pot	sub-05_run-05_trial-24.wav	23	4.1325	4.3125
sub-05	5	24	pot	sub-05_run-05_trial-24.wav	24	4.3125	4.5725
sub-05	5	25	out	sub-05_run-05_trial-25.wav	1	0.0525	0.1725
sub-05	5	25	out	sub-05_run-05_trial-25.wav	2	0.1725	0.3325
sub-05	5	25	out	sub-05_run-05_trial-25.wav	3	0.3325	0.4925
sub-05	5	25	out	sub-05_run-05_trial-25.wav	4	0.4925	0.6125
sub-05	5	25	out	sub-05_run-05_trial-25.wav	5	0.6125	0.7325
sub-05	5	25	out	sub-05_run-05_trial-25.wav	6	0.7725	0.8725
sub-05	5	25	out	sub-05_run-05_trial-25.wav	7	0.9325	1.0525
sub-05	5	25	out	sub-05_run-05_trial-25.wav	8	1.0525	1.2125
sub-05	5	25	out	sub-05_run-05_trial-25.wav	9	1.2125	1.3325
sub-05	5	25	out	sub-05_run-05_trial-25.wav	10	1.3925	1.4925
sub-05	5	25	out	sub-05_run-05_trial-25.wav	11	1.5325	1.6525
sub-05	5	25	out	sub-05_run-05_trial-25.wav	12	1.6525	1.8125
sub-05	5	25	out	sub-05_run-05_trial-25.wav	13	1.8125	1.9725
sub-05	5	25	out	sub-05_run-05_trial-25.wav	14	1.9725	2.1125
sub-05	5	25	out	sub-05_run-05_trial-25.wav	15	2.1525	2.2525
sub-05	5	25	out	sub-05_run-05_trial-25.wav	16	2.3125	2.4325
sub-05	5	25	out	sub-05_run-05_trial-25.wav	17	2.4925	2.5925
sub-05	5	25	out	sub-05_run-05_trial-25.wav	18	2.6525	2.7525
sub-05	5	25	out	sub-05_run-05_trial-25.wav	19	2.8125	2.9325
sub-05	5	25	out	sub-05_run-05_trial-25.wav	20	2.9325	3.0925
sub-05	5	25	out	sub-05_run-05_trial-25.wav	21	3.0925	3.2525
sub-05	5	25	out	sub-05_run-05_trial-25.wav	22	3.2525	3.4125
sub-05	5	25	out	sub-05_run-05_trial-25.wav	23	3.4125	3.5325
sub-05	5	25	out	sub-05_run-05_trial-25.wav	24	3.5325	3.6725
sub-05	5	25	out	sub-05_run-05_trial-25.wav	25	3.7325	3.8125
sub-05	5	25	out	sub-05_run-05_trial-25.wav	26	3.8725	3.9925
sub-05	5	25	out	sub-05_run-05_trial-25.wav	27	4.0525	4.1725
sub-05	5	25	out	sub-05_run-05_trial-25.wav	28	4.1725	4.3925
sub-05	5	26	ser	sub-05_run-05_trial-26.wav	1	0.0925	0.2525
sub-05	5	26	ser	sub-05_run-05_trial-26.wav	2	0.2525	0.4325
sub-05	5	26	ser	sub-05_run-05_trial-26.wav	3	0.4325	0.6125
sub-05	5	26	ser	sub-05_run-05_trial-26.wav	4	0.6125	0.8325
sub-05	5	26	ser	sub-05_run-05_trial-26.wav	5	0.8325	0.9925
sub-05	5	26	ser	sub-05_run-05_trial-26.wav	6	0.9925	1.1925
sub-05	5	26	ser	sub-05_run-05_trial-26.wav	7	1.1925	1.4125
sub-05	5	26	ser	sub-05_run-05_trial-26.wav	8	1.4125	1.6725
sub-05	5	26	ser	sub-05_run-05_trial-26.wav	9	1.6725	1.8925
sub-05	5	26	ser	sub-05_run-05_trial-26.wav	10	1.8925	2.0725
sub-05	5	26	ser	sub-05_run-05_trial-26.wav	11	2.0725	2.2525
sub-05	5	26	ser	sub-05_run-05_trial-26.wav	12	2.2525	2.4525
sub-05	5	26	ser	sub-05_run-05_trial-26.wav	13	2.4525	2.6325
sub-05	5	26	ser	sub-05_run-05_trial-26.wav	14	2.6325	2.7325
sub-05	5	26	ser	sub-05_run-05_trial-26.wav	15	2.7325	2.8525
sub-05	5	26	ser	sub-05_run-05_trial-26.wav	16	2.8525	2.9725
sub-05	5	26	ser	sub-05_run-05_trial-26.wav	17	2.9725	3.0725
sub-05	5	26	ser	sub-05_run-05_trial-26.wav	18	3.0725	3.2725
sub-05	5	26	ser	sub-05_run-05_trial-26.wav	19	3.2725	3.4725
sub-05	5	26	ser	sub-05_run-05_trial-26.wav	20	3.4725	3.6725
sub-05	5	26	ser	sub-05_run-05_trial-26.wav	21	3.6725	3.8925
sub-05	5	26	ser	sub-05_run-05_trial-26.wav	22	3.8925	4.0925
sub-05	5	26	ser	sub-05_run-05_trial-26.wav	23	4.0925	4.4325
sub-05	5	27	the	sub-05_run-05_trial-27.wav	1	0.1725	0.2925
sub-05	5	27	the	sub-05_run-05_trial-27.wav	2	0.2925	0.4125
sub-05	5	27	the	sub-05_run-05_trial-27.wav	3	0.4125	0.5725
sub-05	5	27	the	sub-05_run-05_trial-27.wav	4	0.6125	0.7125
sub-05	5	27	the	sub-05_run-05_trial-27.wav	5	0.7525	0.8525
sub-05	5	27	the	sub-05_run-05_trial-27.wav	6	0.8525	0.9725
sub-05	5	27	the	sub-05_run-05_trial-27.wav	7	1.0325	1.2125
sub-05	5	27	the	sub-05_run-05_trial-27.wav	8	1.2125	1.3125
sub-05	5	27	the	sub-05_run-05_trial-27.wav	9	1.3125	1.4525
sub-05	5	27	the	sub-05_run-05_trial-27.wav	10	1.4525	1.5925
sub-05	5	27	the	sub-05_run-05_trial-27.wav	11	1.6525	1.7325
sub-05	5	27	the	sub-05_run-05_trial-27.wav	12	1.7725	1.8725
sub-05	5	27	the	sub-05_run-05_trial-27.wav	13	1.9325	2.0125
sub-05	5	27	the	sub-05_run-05_trial-27.wav	14	2.0725	2.1725
sub-05	5	27	the	sub-05_run-05_trial-27.wav	15	2.1725	2.3125
sub-05	5	27	the	sub-05_run-05_trial-27.wav	16	2.3925	2.4725
sub-05	5	27	the	sub-05_run-05_trial-27.wav	17	2.5525	2.6325
sub-05	5	27	the	sub-05_run-05_trial-27.wav	18	2.7125	2.8325
sub-05	5	27	the	sub-05_run-05_trial-27.wav	19	2.8325	3.0125
sub-05	5	27	the	sub-05_run-05_trial-27.wav	20	3.0125	3.1725
sub-05	5	27	the	sub-05_run-05_trial-27.wav	21	3.1725	3.3325
sub-05	5	27	the	sub-05_run-05_trial-27.wav	22	3.3325	3.4325
sub-05	5	27	the	sub-05_run-05_trial-27.wav	23	3.4325	3.5325
sub-05	5	27	the	sub-05_run-05_trial-27.wav	24	3.5325	3.7125
sub-05	5	27	the	sub-05_run-05_trial-27.wav	25	3.7925	3.9325
sub-05	5	27	the	sub-05_run-05_trial-27.wav	26	3.9325	4.1325
sub-05	5	27	the	sub-05_run-05_trial-27.wav	27	4.1925	4.2925
sub-05	5	27	the	sub-05_run-05_trial-27.wav	28	4.3525	4.4925
sub-05	5	28	three	sub-05_run-05_trial-28.wav	1	0.5125	0.6525
sub-05	5	28	three	sub-05_run-05_trial-28.wav	2	0.6525	0.8525
sub-05	5	28	three	sub-05_run-05_trial-28.wav	3	0.8525	1.0525
sub-05	5	28	three	sub-05_run-05_trial-28.wav	4	1.0525	1.2725
sub-05	5	28	three	sub-05_run-05_trial-28.wav	5	1.2725	1.4925
sub-05	5	28	three	sub-05_run-05_trial-28.wav	6	1.4925	1.7325
sub-05	5	28	three	sub-05_run-05_trial-28.wav	7	1.7325	1.8325
sub-05	5	28	three	sub-05_run-05_trial-28.wav	8	1.8325	2.0125
sub-05	5	28	three	sub-05_run-05_trial-28.wav	9	2.0125	2.2725
sub-05	5	28	three	sub-05_run-05_trial-28.wav	10	2.2725	2.4925
sub-05	5	28	three	sub-05_run-05_trial-28.wav	11	2.4925	2.7125
sub-05	5	28	three	sub-05_run-05_trial-28.wav	12	2.7125	2.7925
sub-05	5	28	three	sub-05_run-05_trial-28.wav	13	2.7925	2.9325
sub-05	5	28	three	sub-05_run-05_trial-28.wav	14	2.9325	3.0525
sub-05	5	28	three	sub-05_run-05_trial-28.wav	15	3.0525	3.1725
sub-05	5	28	three	sub-05_run-05_trial-28.wav	16	3.1725	3.2525
sub-05	5	28	three	sub-05_run-05_trial-28.wav	17	3.2525	3.4125
sub-05	5	28	three	sub-05_run-05_trial-28.wav	18	3.4125	3.6525
sub-05	5	28	three	sub-05_run-05_trial-28.wav	19	3.6525	3.8725
sub-05	5	28	three	sub-05_run-05_trial-28.wav	20	3.8725	3.9725
sub-05	5	28	three	sub-05_run-05_trial-28.wav	21	3.9725	4.1725
sub-05	5	28	three	sub-05_run-05_trial-28.wav	22	4.1725	4.4325
sub-05	5	28	three	sub-05_run-05_trial-28.wav	23	4.4325	4.9125
sub-05	5	29	if	sub-05_run-05_trial-29.wav	1	0.1525	0.2525
sub-05	5	29	if	sub-05_run-05_trial-29.wav	2	0.2525	0.4125
sub-05	5	29	if	sub-05_run-05_trial-29.wav	3	0.4125	0.5725
sub-05	5	29	if	sub-05_run-05_trial-29.wav	4	0.5725	0.6925
sub-05	5	29	if	sub-05_run-05_trial-29.wav	5	0.6925	0.8525
sub-05	5	29	if	sub-05_run-05_trial-29.wav	6	0.8525	1.0325
sub-05	5	29	if	sub-05_run-05_trial-29.wav	7	1.0325	1.1725
sub-05	5	29	if	sub-05_run-05_trial-29.wav	8	1.1725	1.3325
sub-05	5	29	if	sub-05_run-05_trial-29.wav	9	1.3325	1.5125
sub-05	5	29	if	sub-05_run-05_trial-29.wav	10	1.5125	1.7125
sub-05	5	29	if	sub-05_run-05_trial-29.wav	11	1.7125	1.9125
sub-05	5	29	if	sub-05_run-05_trial-29.wav	12	1.9125	1.9925
sub-05	5	29	if	sub-05_run-05_trial-29.wav	13	1.9925	2.0925
sub-05	5	29	if	sub-05_run-05_trial-29.wav	14	2.0925	2.3325
sub-05	5	29	if	sub-05_run-05_trial-29.wav	15	2.3325	2.4325
sub-05	5	29	if	sub-05_run-05_trial-29.wav	16	2.4325	2.5125
sub-05	5	29	if	sub-05_run-05_trial-29.wav	17	2.5125	2.6125
sub-05	5	29	if	sub-05_run-05_trial-29.wav	18	2.6125	2.7925
sub-05	5	29	if	sub-05_run-05_trial-29.wav	19	2.7925	2.8725
sub-05	5	29	if	sub-05_run-05_trial-29.wav	20	2.8725	2.9725
sub-05	5	29	if	sub-05_run-05_trial-29.wav	21	2.9725	3.1525
sub-05	5	29	if	sub-05_run-05_trial-29.wav	22	3.1525	3.2525
sub-05	5	29	if	sub-05_run-05_trial-29.wav	23	3.2525	3.4325
sub-05	5	29	if	sub-05_run-05_trial-29.wav	24	3.4325	3.5325
sub-05	5	29	if	sub-05_run-05_trial-29.wav	25	3.5325	3.6325
sub-05	5	29	if	sub-05_run-05_trial-29.wav	26	3.6325	3.7325
sub-05	5	29	if	sub-05_run-05_trial-29.wav	27	3.7325	3.8125
sub-05	5	29	if	sub-05_run-05_trial-29.wav	28	3.8125	3.9325
sub-05	5	29	if	sub-05_run-05_trial-29.wav	29	3.9325	4.1125
sub-05	5	29	if	sub-05_run-05_trial-29.wav	30	4.1125	4.2925
sub-05	5	29	if	sub-05_run-05_trial-29.wav	31	4.2925	4.4725
sub-05	5	29	if	sub-05_run-05_trial-29.wav	32	4.4725	4.9716
sub-05	5	30	ter	sub-05_run-05_trial-30.wav	1	0.3525	0.4925
sub-05	5	30	ter	sub-05_run-05_trial-30.wav	2	0.4925	0.6125
sub-05	5	30	ter	sub-05_run-05_trial-30.wav	3	0.6125	0.7725
sub-05	5	30	ter	sub-05_run-05_trial-30.wav	4	0.7725	0.8925
sub-05	5	30	ter	sub-05_run-05_trial-30.wav	5	0.8925	1.0525
sub-05	5	30	ter	sub-05_run-05_trial-30.wav	6	1.0525	1.2125
sub-05	5	30	ter	sub-05_run-05_trial-30.wav	7	1.2125	1.3725
sub-05	5	30	ter	sub-05_run-05_trial-30.wav	8	1.3725	1.5325
sub-05	5	30	ter	sub-05_run-05_trial-30.wav	9	1.5325	1.6925
sub-05	5	30	ter	sub-05_run-05_trial-30.wav	10	1.7325	1.8525
sub-05	5	30	ter	sub-05_run-05_trial-30.wav	11	1.8525	2.0525
sub-05	5	30	ter	sub-05_run-05_trial-30.wav	12	2.0525	2.1925
sub-05	5	30	ter	sub-05_run-05_trial-30.wav	13	2.2525	2.3725
sub-05	5	30	ter	sub-05_run-05_trial-30.wav	14	2.4325	2.5325
sub-05	5	30	ter	sub-05_run-05_trial-30.wav	15	2.5925	2.7125
sub-05	5	30	ter	sub-05_run-05_trial-30.wav	16	2.7725	2.8725
sub-05	5	30	ter	sub-05_run-05_trial-30.wav	17	2.9325	3.0325
sub-05	5	30	ter	sub-05_run-05_trial-30.wav	18	3.1125	3.2125
sub-05	5	30	ter	sub-05_run-05_trial-30.wav	19	3.2725	3.3925
sub-05	5	30	ter	sub-05_run-05_trial-30.wav	20	3.4525	3.5725
sub-05	5	30	ter	sub-05_run-05_trial-30.wav	21	3.6325	3.7725
sub-05	5	30	ter	sub-05_run-05_trial-30.wav	22	3.8125	3.9525
sub-05	5	30	ter	sub-05_run-05_trial-30.wav	23	3.9925	4.1325
sub-05	5	30	ter	sub-05_run-05_trial-30.wav	24	4.1725	4.3125
sub-05	5	30	ter	sub-05_run-05_trial-30.wav	25	4.3125	4.5925
sub-05	5	31	juh	sub-05_run-05_trial-31.wav	1	0.2125	0.3725
sub-05	5	31	juh	sub-05_run-05_trial-31.wav	2	0.3725	0.5325
sub-05	5	31	juh	sub-05_run-05_trial-31.wav	3	0.5325	0.6925
sub-05	5	31	juh	sub-05_run-05_trial-31.wav	4	0.6925	0.8325
sub-05	5	31	juh	sub-05_run-05_trial-31.wav	5	0.8325	1.0325
sub-05	5	31	juh	sub-05_run-05_trial-31.wav	6	1.0325	1.1925
sub-05	5	31	juh	sub-05_run-05_trial-31.wav	7	1.1925	1.3725
sub-05	5	31	juh	sub-05_run-05_trial-31.wav	8	1.3725	1.5525
sub-05	5	31	juh	sub-05_run-05_trial-31.wav	9	1.5525	1.7325
sub-05	5	31	juh	sub-05_run-05_trial-31.wav	10	1.7325	1.8925
sub-05	5	31	juh	sub-05_run-05_trial-31.wav	11	1.8925	2.0725
sub-05	5	31	juh	sub-05_run-05_trial-31.wav	12	2.0725	2.2525
sub-05	5	31	juh	sub-05_run-05_trial-31.wav	13	2.2525	2.4325
sub-05	5	31	juh	sub-05_run-05_trial-31.wav	14	2.4325	2.6125
sub-05	5	31	juh	sub-05_run-05_trial-31.wav	15	2.6125	2.8325
sub-05	5	31	juh	sub-05_run-05_trial-31.wav	16	2.8325	3.0325
sub-05	5	31	juh	sub-05_run-05_trial-31.wav	17	3.0325	3.2325
sub-05	5	31	juh	sub-05_run-05_trial-31.wav	18	3.2325	3.4325
sub-05	5	31	juh	sub-05_run-05_trial-31.wav	19	3.4325	3.5925
sub-05	5	31	juh	sub-05_run-05_trial-31.wav	20	3.5925	3.8125
sub-05	5	31	juh	sub-05_run-05_trial-31.wav	21	3.8125	4.0125
sub-05	5	31	juh	sub-05_run-05_trial-31.wav	22	4.0125	4.2325
sub-05	5	31	juh	sub-05_run-05_trial-31.wav	23	4.2325	4.4925
sub-05	5	32	how	sub-05_run-05_trial-32.wav	1	0.1725	0.3125
sub-05	5	32	how	sub-05_run-05_trial-32.wav	2	0.3125	0.4925
sub-05	5	32	how	sub-05_run-05_trial-32.wav	3	0.4925	0.6925
sub-05	5	32	how	sub-05_run-05_trial-32.wav	4	0.6925	0.8525
sub-05	5	32	how	sub-05_run-05_trial-32.wav	5	0.8525	1.0525
sub-05	5	32	how	sub-05_run-05_trial-32.wav	6	1.0525	1.2725
sub-05	5	32	how	sub-05_run-05_trial-32.wav	7	1.2725	1.4725
sub-05	5	32	how	sub-05_run-05_trial-32.wav	8	1.4725	1.6725
sub-05	5	32	how	sub-05_run-05_trial-32.wav	9	1.6725	1.9325
sub-05	5	32	how	sub-05_run-05_trial-32.wav	10	1.9325	2.1525
sub-05	5	32	how	sub-05_run-05_trial-32.wav	11	2.1525	2.3325
sub-05	5	32	how	sub-05_run-05_trial-32.wav	12	2.3325	2.5325
sub-05	5	32	how	sub-05_run-05_trial-32.wav	13	2.5325	2.7925
sub-05	5	32	how	sub-05_run-05_trial-32.wav	14	2.7925	3.0725
sub-05	5	32	how	sub-05_run-05_trial-32.wav	15	3.0725	3.3325
sub-05	5	32	how	sub-05_run-05_trial-32.wav	16	3.3325	3.5525
sub-05	5	32	how	sub-05_run-05_trial-32.wav	17	3.5525	3.8125
sub-05	5	32	how	sub-05_run-05_trial-32.wav	18	3.8125	4.1325
sub-05	5	32	how	sub-05_run-05_trial-32.wav	19	4.1325	4.3725
sub-05	5	33	ther	sub-05_run-05_trial-33.wav	1	0.2525	0.4525
sub-05	5	33	ther	sub-05_run-05_trial-33.wav	2	0.4525	0.6525
sub-05	5	33	ther	sub-05_run-05_trial-33.wav	3	0.6525	0.8525
sub-05	5	33	ther	sub-05_run-05_trial-33.wav	4	0.8525	1.0925
sub-05	5	33	ther	sub-05_run-05_trial-33.wav	5	1.0925	1.2725
sub-05	5	33	ther	sub-05_run-05_trial-33.wav	6	1.2725	1.4725
sub-05	5	33	ther	sub-05_run-05_trial-33.wav	7	1.4725	1.6925
sub-05	5	33	ther	sub-05_run-05_trial-33.wav	8	1.6925	1.9325
sub-05	5	33	ther	sub-05_run-05_trial-33.wav	9	1.9325	2.2325
sub-05	5	33	ther	sub-05_run-05_trial-33.wav	10	2.2925	2.4725
sub-05	5	33	ther	sub-05_run-05_trial-33.wav	11	2.5525	2.7125
sub-05	5	33	ther	sub-05_run-05_trial-33.wav	12	2.7725	2.9725
sub-05	5	33	ther	sub-05_run-05_trial-33.wav	13	3.0325	3.1925
sub-05	5	33	ther	sub-05_run-05_trial-33.wav	14	3.2525	3.4125
sub-05	5	33	ther	sub-05_run-05_trial-33.wav	15	3.5125	3.6725
sub-05	5	33	ther	sub-05_run-05_trial-33.wav	16	3.7725	3.9725
sub-05	5	33	ther	sub-05_run-05_trial-33.wav	17	4.0325	4.2725
sub-05	5	33	ther	sub-05_run-05_trial-33.wav	18	4.3325	4.5925
sub-05	5	34	thrilled	sub-05_run-05_trial-34.wav	1	0.2525	0.5925
sub-05	5	34	thrilled	sub-05_run-05_trial-34.wav	2	0.6325	0.8325
sub-05	5	34	thrilled	sub-05_run-05_trial-34.wav	3	0.9325	1.1525
sub-05	5	34	thrilled	sub-05_run-05_trial-34.wav	4	1.2325	1.4725
sub-05	5	34	thrilled	sub-05_run-05_trial-34.wav	5	1.6125	1.9725
sub-05	5	34	thrilled	sub-05_run-05_trial-34.wav	6	2.0925	2.4125
sub-05	5	34	thrilled	sub-05_run-05_trial-34.wav	7	2.4125	2.8325
sub-05	5	34	thrilled	sub-05_run-05_trial-34.wav	8	2.9525	3.2925
sub-05	5	34	thrilled	sub-05_run-05_trial-34.wav	9	3.3925	3.7925
sub-05	5	34	thrilled	sub-05_run-05_trial-34.wav	10	3.7925	4.2125
sub-05	5	34	thrilled	sub-05_run-05_trial-34.wav	11	4.2125	4.7725
sub-05	5	35	less	sub-05_run-05_trial-35.wav	1	0.2125	0.3125
sub-05	5	35	less	sub-05_run-05_trial-35.wav	2	0.4125	0.5125
sub-05	5	35	less	sub-05_run-05_trial-35.wav	3	0.5125	0.6725
sub-05	5	35	less	sub-05_run-05_trial-35.wav	4	0.6725	0.7525
sub-05	5	35	less	sub-05_run-05_trial-35.wav	5	0.7525	0.8325
sub-05	5	35	less	sub-05_run-05_trial-35.wav	6	0.8325	0.9325
sub-05	5	35	less	sub-05_run-05_trial-35.wav	7	0.9325	1.0325
sub-05	5	35	less	sub-05_run-05_trial-35.wav	8	1.0325	1.1325
sub-05	5	35	less	sub-05_run-05_trial-35.wav	9	1.1325	1.2125
sub-05	5	35	less	sub-05_run-05_trial-35.wav	10	1.2125	1.3925
sub-05	5	35	less	sub-05_run-05_trial-35.wav	11	1.3925	1.5925
sub-05	5	35	less	sub-05_run-05_trial-35.wav	12	1.5925	1.7725
sub-05	5	35	less	sub-05_run-05_trial-35.wav	13	1.7725	1.8525
sub-05	5	35	less	sub-05_run-05_trial-35.wav	14	1.8525	1.9725
sub-05	5	35	less	sub-05_run-05_trial-35.wav	15	1.9725	2.1725
sub-05	5	35	less	sub-05_run-05_trial-35.wav	16	2.1725	2.3525
sub-05	5	35	less	sub-05_run-05_trial-35.wav	17	2.3525	2.4525
sub-05	5	35	less	sub-05_run-05_trial-35.wav	18	2.4525	2.5725
sub-05	5	35	less	sub-05_run-05_trial-35.wav	19	2.5725	2.7725
sub-05	5	35	less	sub-05_run-05_trial-35.wav	20	2.7725	2.9525
sub-05	5	35	less	sub-05_run-05_trial-35.wav	21	2.9525	3.1525
sub-05	5	35	less	sub-05_run-05_trial-35.wav	22	3.1525	3.3725
sub-05	5	35	less	sub-05_run-05_trial-35.wav	23	3.3725	3.5725
sub-05	5	35	less	sub-05_run-05_trial-35.wav	24	3.5725	3.7725
sub-05	5	35	less	sub-05_run-05_trial-35.wav	25	3.7725	3.9925
sub-05	5	35	less	sub-05_run-05_trial-35.wav	26	3.9925	4.2325
sub-05	5	35	less	sub-05_run-05_trial-35.wav	27	4.2325	4.9716
sub-05	5	36	per	sub-05_run-05_trial-36.wav	1	0.2925	0.3725
sub-05	5	36	per	sub-05_run-05_trial-36.wav	2	0.4325	0.5925
sub-05	5	36	per	sub-05_run-05_trial-36.wav	3	0.5925	0.7325
sub-05	5	36	per	sub-05_run-05_trial-36.wav	4	0.7325	0.8925
sub-05	5	36	per	sub-05_run-05_trial-36.wav	5	0.8925	0.9725
sub-05	5	36	per	sub-05_run-05_trial-36.wav	6	1.0525	1.2125
sub-05	5	36	per	sub-05_run-05_trial-36.wav	7	1.2125	1.4125
sub-05	5	36	per	sub-05_run-05_trial-36.wav	8	1.4125	1.5325
sub-05	5	36	per	sub-05_run-05_trial-36.wav	9	1.5325	1.6725
sub-05	5	36	per	sub-05_run-05_trial-36.wav	10	1.6725	1.8325
sub-05	5	36	per	sub-05_run-05_trial-36.wav	11	1.8325	1.9325
sub-05	5	36	per	sub-05_run-05_trial-36.wav	12	2.0125	2.1725
sub-05	5	36	per	sub-05_run-05_trial-36.wav	13	2.1725	2.3325
sub-05	5	36	per	sub-05_run-05_trial-36.wav	14	2.3325	2.4125
sub-05	5	36	per	sub-05_run-05_trial-36.wav	15	2.4925	2.6925
sub-05	5	36	per	sub-05_run-05_trial-36.wav	16	2.6925	2.8525
sub-05	5	36	per	sub-05_run-05_trial-36.wav	17	2.8525	2.9125
sub-05	5	36	per	sub-05_run-05_trial-36.wav	18	2.9925	3.1725
sub-05	5	36	per	sub-05_run-05_trial-36.wav	19	3.1725	3.2525
sub-05	5	36	per	sub-05_run-05_trial-36.wav	20	3.3325	3.4925
sub-05	5	36	per	sub-05_run-05_trial-36.wav	21	3.4925	3.6725
sub-05	5	36	per	sub-05_run-05_trial-36.wav	22	3.6725	3.8525
sub-05	5	36	per	sub-05_run-05_trial-36.wav	23	3.8525	4.0125
sub-05	5	36	per	sub-05_run-05_trial-36.wav	24	4.0125	4.2125
sub-05	5	36	per	sub-05_run-05_trial-36.wav	25	4.2125	4.2925
sub-05	5	36	per	sub-05_run-05_trial-36.wav	26	4.3725	4.4925
sub-05	5	36	per	sub-05_run-05_trial-36.wav	27	4.4925	4.5925
sub-05	5	37	imah	sub-05_run-05_trial-37.wav	1	0.1925	0.4125
sub-05	5	37	imah	sub-05_run-05_trial-37.wav	2	0.4125	0.5125
sub-05	5	37	imah	sub-05_run-05_trial-37.wav	3	0.5125	0.6925
sub-05	5	37	imah	sub-05_run-05_trial-37.wav	4	0.6925	0.7725
sub-05	5	37	imah	sub-05_run-05_trial-37.wav	5	0.7725	0.9325
sub-05	5	37	imah	sub-05_run-05_trial-37.wav	6	0.9325	1.0325
sub-05	5	37	imah	sub-05_run-05_trial-37.wav	7	1.0325	1.3325
sub-05	5	37	imah	sub-05_run-05_trial-37.wav	8	1.3325	1.6125
sub-05	5	37	imah	sub-05_run-05_trial-37.wav	9	1.6125	1.8725
sub-05	5	37	imah	sub-05_run-05_trial-37.wav	10	1.8725	2.1725
sub-05	5	37	imah	sub-05_run-05_trial-37.wav	11	2.1725	2.4925
sub-05	5	37	imah	sub-05_run-05_trial-37.wav	12	2.4925	2.7925
sub-05	5	37	imah	sub-05_run-05_trial-37.wav	13	2.7925	3.1325
sub-05	5	37	imah	sub-05_run-05_trial-37.wav	14	3.1325	3.4325
sub-05	5	37	imah	sub-05_run-05_trial-37.wav	15	3.4325	3.8125
sub-05	5	37	imah	sub-05_run-05_trial-37.wav	16	3.8125	4.0925
sub-05	5	37	imah	sub-05_run-05_trial-37.wav	17	4.0925	4.3325
sub-05	5	37	imah	sub-05_run-05_trial-37.wav	18	4.3325	4.4525
sub-05	5	37	imah	sub-05_run-05_trial-37.wav	19	4.4525	4.7125
sub-05	5	38	thir	sub-05_run-05_trial-38.wav	1	0.2925	0.4525
sub-05	5	38	thir	sub-05_run-05_trial-38.wav	2	0.4525	0.6525
sub-05	5	38	thir	sub-05_run-05_trial-38.wav	3	0.6525	0.7925
sub-05	5	38	thir	sub-05_run-05_trial-38.wav	4	0.7925	0.8725
sub-05	5	38	thir	sub-05_run-05_trial-38.wav	5	0.8725	0.9925
sub-05	5	38	thir	sub-05_run-05_trial-38.wav	6	0.9925	1.2325
sub-05	5	38	thir	sub-05_run-05_trial-38.wav	7	1.2325	1.4325
sub-05	5	38	thir	sub-05_run-05_trial-38.wav	8	1.4325	1.6725
sub-05	5	38	thir	sub-05_run-05_trial-38.wav	9	1.6725	1.9325
sub-05	5	38	thir	sub-05_run-05_trial-38.wav	10	1.9325	2.0525
sub-05	5	38	thir	sub-05_run-05_trial-38.wav	11	2.0525	2.1925
sub-05	5	38	thir	sub-05_run-05_trial-38.wav	12	2.1925	2.4525
sub-05	5	38	thir	sub-05_run-05_trial-38.wav	13	2.4525	2.6125
sub-05	5	38	thir	sub-05_run-05_trial-38.wav	14	2.6125	2.7925
sub-05	5	38	thir	sub-05_run-05_trial-38.wav	15	2.8925	3.0925
sub-05	5	38	thir	sub-05_run-05_trial-38.wav	16	3.2125	3.3725
sub-05	5	38	thir	sub-05_run-05_trial-38.wav	17	3.3725	3.6725
sub-05	5	38	thir	sub-05_run-05_trial-38.wav	18	3.6725	4.0125
sub-05	5	38	thir	sub-05_run-05_trial-38.wav	19	4.0125	4.1525
sub-05	5	38	thir	sub-05_run-05_trial-38.wav	20	4.1525	4.4925
sub-05	5	39	pie	sub-05_run-05_trial-39.wav	1	0.2725	0.4125
sub-05	5	39	pie	sub-05_run-05_trial-39.wav	2	0.4125	0.5725
sub-05	5	39	pie	sub-05_run-05_trial-39.wav	3	0.5725	0.6925
sub-05	5	39	pie	sub-05_run-05_trial-39.wav	4	0.7525	0.8525
sub-05	5	39	pie	sub-05_run-05_trial-39.wav	5	0.9325	1.0325
sub-05	5	39	pie	sub-05_run-05_trial-39.wav	6	1.1125	1.1925
sub-05	5	39	pie	sub-05_run-05_trial-39.wav	7	1.2725	1.3725
sub-05	5	39	pie	sub-05_run-05_trial-39.wav	8	1.4525	1.5525
sub-05	5	39	pie	sub-05_run-05_trial-39.wav	9	1.6325	1.7325
sub-05	5	39	pie	sub-05_run-05_trial-39.wav	10	1.8125	1.8925
sub-05	5	39	pie	sub-05_run-05_trial-39.wav	11	1.9925	2.0925
sub-05	5	39	pie	sub-05_run-05_trial-39.wav	12	2.1525	2.2525
sub-05	5	39	pie	sub-05_run-05_trial-39.wav	13	2.3325	2.4125
sub-05	5	39	pie	sub-05_run-05_trial-39.wav	14	2.4925	2.5925
sub-05	5	39	pie	sub-05_run-05_trial-39.wav	15	2.6725	2.7725
sub-05	5	39	pie	sub-05_run-05_trial-39.wav	16	2.8525	2.9525
sub-05	5	39	pie	sub-05_run-05_trial-39.wav	17	3.0325	3.1325
sub-05	5	39	pie	sub-05_run-05_trial-39.wav	18	3.1925	3.3125
sub-05	5	39	pie	sub-05_run-05_trial-39.wav	19	3.3925	3.4925
sub-05	5	39	pie	sub-05_run-05_trial-39.wav	20	3.5725	3.6725
sub-05	5	39	pie	sub-05_run-05_trial-39.wav	21	3.7325	3.8525
sub-05	5	39	pie	sub-05_run-05_trial-39.wav	22	3.9325	4.0325
sub-05	5	39	pie	sub-05_run-05_trial-39.wav	23	4.0925	4.2125
sub-05	5	39	pie	sub-05_run-05_trial-39.wav	24	4.2925	4.4525
sub-05	5	40	neh	sub-05_run-05_trial-40.wav	1	0.1125	0.2725
sub-05	5	40	neh	sub-05_run-05_trial-40.wav	2	0.2725	0.4125
sub-05	5	40	neh	sub-05_run-05_trial-40.wav	3	0.4125	0.5325
sub-05	5	40	neh	sub-05_run-05_trial-40.wav	4	0.5325	0.6925
sub-05	5	40	neh	sub-05_run-05_trial-40.wav	5	0.6925	0.8125
sub-05	5	40	neh	sub-05_run-05_trial-40.wav	6	0.8125	0.9725
sub-05	5	40	neh	sub-05_run-05_trial-40.wav	7	0.9725	1.1325
sub-05	5	40	neh	sub-05_run-05_trial-40.wav	8	1.1325	1.2725
sub-05	5	40	neh	sub-05_run-05_trial-40.wav	9	1.2725	1.4125
sub-05	5	40	neh	sub-05_run-05_trial-40.wav	10	1.4125	1.5725
sub-05	5	40	neh	sub-05_run-05_trial-40.wav	11	1.5725	1.7125
sub-05	5	40	neh	sub-05_run-05_trial-40.wav	12	1.7125	1.8725
sub-05	5	40	neh	sub-05_run-05_trial-40.wav	13	1.8725	2.0125
sub-05	5	40	neh	sub-05_run-05_trial-40.wav	14	2.0125	2.1525
sub-05	5	40	neh	sub-05_run-05_trial-40.wav	15	2.1525	2.3125
sub-05	5	40	neh	sub-05_run-05_trial-40.wav	16	2.3125	2.4525
sub-05	5	40	neh	sub-05_run-05_trial-40.wav	17	2.4525	2.6125
sub-05	5	40	neh	sub-05_run-05_trial-40.wav	18	2.6125	2.7925
sub-05	5	40	neh	sub-05_run-05_trial-40.wav	19	2.7925	2.9725
sub-05	5	40	neh	sub-05_run-05_trial-40.wav	20	2.9725	3.1125
sub-05	5	40	neh	sub-05_run-05_trial-40.wav	21	3.1125	3.2525
sub-05	5	40	neh	sub-05_run-05_trial-40.wav	22	3.2525	3.4125
sub-05	5	40	neh	sub-05_run-05_trial-40.wav	23	3.4125	3.5925
sub-05	5	40	neh	sub-05_run-05_trial-40.wav	24	3.5925	3.7525
sub-05	5	40	neh	sub-05_run-05_trial-40.wav	25	3.7525	3.9325
sub-05	5	40	neh	sub-05_run-05_trial-40.wav	26	3.9325	4.0925
sub-05	5	40	neh	sub-05_run-05_trial-40.wav	27	4.0925	4.2525
sub-05	5	40	neh	sub-05_run-05_trial-40.wav	28	4.2525	4.4925
sub-05	5	41	mih	sub-05_run-05_trial-41.wav	1	0.2325	0.3725
sub-05	5	41	mih	sub-05_run-05_trial-41.wav	2	0.3725	0.5125
sub-05	5	41	mih	sub-05_run-05_trial-41.wav	3	0.5125	0.6525
sub-05	5	41	mih	sub-05_run-05_trial-41.wav	4	0.6525	0.7925
sub-05	5	41	mih	sub-05_run-05_trial-41.wav	5	0.7925	0.9525
sub-05	5	41	mih	sub-05_run-05_trial-41.wav	6	0.9525	1.1125
sub-05	5	41	mih	sub-05_run-05_trial-41.wav	7	1.1125	1.2525
sub-05	5	41	mih	sub-05_run-05_trial-41.wav	8	1.2525	1.4325
sub-05	5	41	mih	sub-05_run-05_trial-41.wav	9	1.4325	1.5925
sub-05	5	41	mih	sub-05_run-05_trial-41.wav	10	1.5925	1.7525
sub-05	5	41	mih	sub-05_run-05_trial-41.wav	11	1.7525	1.9125
sub-05	5	41	mih	sub-05_run-05_trial-41.wav	12	1.9125	2.0725
sub-05	5	41	mih	sub-05_run-05_trial-41.wav	13	2.0725	2.2325
sub-05	5	41	mih	sub-05_run-05_trial-41.wav	14	2.2325	2.4125
sub-05	5	41	mih	sub-05_run-05_trial-41.wav	15	2.4125	2.5925
sub-05	5	41	mih	sub-05_run-05_trial-41.wav	16	2.5925	2.7525
sub-05	5	41	mih	sub-05_run-05_trial-41.wav	17	2.7525	2.9125
sub-05	5	41	mih	sub-05_run-05_trial-41.wav	18	2.9125	3.0725
sub-05	5	41	mih	sub-05_run-05_trial-41.wav	19	3.0725	3.2325
sub-05	5	41	mih	sub-05_run-05_trial-41.wav	20	3.2325	3.3925
sub-05	5	41	mih	sub-05_run-05_trial-41.wav	21	3.3925	3.5725
sub-05	5	41	mih	sub-05_run-05_trial-41.wav	22	3.5725	3.8125
sub-05	5	41	mih	sub-05_run-05_trial-41.wav	23	3.8125	3.9925
sub-05	5	41	mih	sub-05_run-05_trial-41.wav	24	3.9925	4.1725
sub-05	5	41	mih	sub-05_run-05_trial-41.wav	25	4.1725	4.3325
sub-05	5	41	mih	sub-05_run-05_trial-41.wav	26	4.3325	4.5525
sub-05	5	42	picked	sub-05_run-05_trial-42.wav	1	0.1925	0.3525
sub-05	5	42	picked	sub-05_run-05_trial-42.wav	2	0.4125	0.5925
sub-05	5	42	picked	sub-05_run-05_trial-42.wav	3	0.6925	0.8525
sub-05	5	42	picked	sub-05_run-05_trial-42.wav	4	1.0125	1.1525
sub-05	5	42	picked	sub-05_run-05_trial-42.wav	5	1.2525	1.3725
sub-05	5	42	picked	sub-05_run-05_trial-42.wav	6	1.5525	1.6925
sub-05	5	42	picked	sub-05_run-05_trial-42.wav	7	1.7925	1.9725
sub-05	5	42	picked	sub-05_run-05_trial-42.wav	8	2.0525	2.2325
sub-05	5	42	picked	sub-05_run-05_trial-42.wav	9	2.3125	2.5725
sub-05	5	42	picked	sub-05_run-05_trial-42.wav	10	2.5725	2.8125
sub-05	5	42	picked	sub-05_run-05_trial-42.wav	11	2.8125	3.0125
sub-05	5	42	picked	sub-05_run-05_trial-42.wav	12	3.1125	3.2525
sub-05	5	42	picked	sub-05_run-05_trial-42.wav	13	3.3725	3.5725
sub-05	5	42	picked	sub-05_run-05_trial-42.wav	14	3.6725	3.8325
sub-05	5	42	picked	sub-05_run-05_trial-42.wav	15	3.9325	4.0925
sub-05	5	42	picked	sub-05_run-05_trial-42.wav	16	4.1925	4.6525
sub-05	6	1	fee	sub-05_run-06_trial-01.wav	1	0.5325	0.6725
sub-05	6	1	fee	sub-05_run-06_trial-01.wav	2	0.6725	0.8125
sub-05	6	1	fee	sub-05_run-06_trial-01.wav	3	0.8125	0.9725
sub-05	6	1	fee	sub-05_run-06_trial-01.wav	4	0.9725	1.1325
sub-05	6	1	fee	sub-05_run-06_trial-01.wav	5	1.1325	1.2925
sub-05	6	1	fee	sub-05_run-06_trial-01.wav	6	1.2925	1.4725
sub-05	6	1	fee	sub-05_run-06_trial-01.wav	7	1.4725	1.6925
sub-05	6	1	fee	sub-05_run-06_trial-01.wav	8	1.6925	1.8725
sub-05	6	1	fee	sub-05_run-06_trial-01.wav	9	1.8725	2.0525
sub-05	6	1	fee	sub-05_run-06_trial-01.wav	10	2.0525	2.2125
sub-05	6	1	fee	sub-05_run-06_trial-01.wav	11	2.2125	2.3725
sub-05	6	1	fee	sub-05_run-06_trial-01.wav	12	2.3725	2.5525
sub-05	6	1	fee	sub-05_run-06_trial-01.wav	13	2.5525	2.7325
sub-05	6	1	fee	sub-05_run-06_trial-01.wav	14	2.7325	2.8725
sub-05	6	1	fee	sub-05_run-06_trial-01.wav	15	2.8725	3.0525
sub-05	6	1	fee	sub-05_run-06_trial-01.wav	16	3.0525	3.2325
sub-05	6	1	fee	sub-05_run-06_trial-01.wav	17	3.2325	3.3925
sub-05	6	1	fee	sub-05_run-06_trial-01.wav	18	3.3925	3.5525
sub-05	6	1	fee	sub-05_run-06_trial-01.wav	19	3.5525	3.7525
sub-05	6	1	fee	sub-05_run-06_trial-01.wav	20	3.7525	3.9325
sub-05	6	1	fee	sub-05_run-06_trial-01.wav	21	3.9325	4.1125
sub-05	6	1	fee	sub-05_run-06_trial-01.wav	22	4.1125	4.2725
sub-05	6	1	fee	sub-05_run-06_trial-01.wav	23	4.2725	4.5325
sub-05	6	2	much	sub-05_run-06_trial-02.wav	1	0.2125	0.3725
sub-05	6	2	much	sub-05_run-06_trial-02.wav	2	0.3725	0.5325
sub-05	6	2	much	sub-05_run-06_trial-02.wav	3	0.5325	0.7125
sub-05	6	2	much	sub-05_run-06_trial-02.wav	4	0.7125	0.8725
sub-05	6	2	much	sub-05_run-06_trial-02.wav	5	0.8725	1.0325
sub-05	6	2	much	sub-05_run-06_trial-02.wav	6	1.0325	1.1925
sub-05	6	2	much	sub-05_run-06_trial-02.wav	7	1.1925	1.3925
sub-05	6	2	much	sub-05_run-06_trial-02.wav	8	1.3925	1.6125
sub-05	6	2	much	sub-05_run-06_trial-02.wav	9	1.6125	1.7525
sub-05	6	2	much	sub-05_run-06_trial-02.wav	10	1.7525	1.9525
sub-05	6	2	much	sub-05_run-06_trial-02.wav	11	1.9525	2.1525
sub-05	6	2	much	sub-05_run-06_trial-02.wav	12	2.1525	2.3125
sub-05	6	2	much	sub-05_run-06_trial-02.wav	13	2.3125	2.4725
sub-05	6	2	much	sub-05_run-06_trial-02.wav	14	2.4725	2.6725
sub-05	6	2	much	sub-05_run-06_trial-02.wav	15	2.6725	2.8925
sub-05	6	2	much	sub-05_run-06_trial-02.wav	16	2.8925	3.0925
sub-05	6	2	much	sub-05_run-06_trial-02.wav	17	3.0925	3.2525
sub-05	6	2	much	sub-05_run-06_trial-02.wav	18	3.2525	3.4525
sub-05	6	2	much	sub-05_run-06_trial-02.wav	19	3.4525	3.6525
sub-05	6	2	much	sub-05_run-06_trial-02.wav	20	3.6525	3.8325
sub-05	6	2	much	sub-05_run-06_trial-02.wav	21	3.8325	4.0525
sub-05	6	2	much	sub-05_run-06_trial-02.wav	22	4.0525	4.2525
sub-05	6	2	much	sub-05_run-06_trial-02.wav	23	4.2925	4.5725
sub-05	6	3	pie	sub-05_run-06_trial-03.wav	1	0.1525	0.2925
sub-05	6	3	pie	sub-05_run-06_trial-03.wav	2	0.2925	0.4125
sub-05	6	3	pie	sub-05_run-06_trial-03.wav	3	0.4525	0.5725
sub-05	6	3	pie	sub-05_run-06_trial-03.wav	4	0.6125	0.7325
sub-05	6	3	pie	sub-05_run-06_trial-03.wav	5	0.7725	0.8725
sub-05	6	3	pie	sub-05_run-06_trial-03.wav	6	0.9325	1.0325
sub-05	6	3	pie	sub-05_run-06_trial-03.wav	7	1.0925	1.2125
sub-05	6	3	pie	sub-05_run-06_trial-03.wav	8	1.2725	1.3725
sub-05	6	3	pie	sub-05_run-06_trial-03.wav	9	1.4325	1.5325
sub-05	6	3	pie	sub-05_run-06_trial-03.wav	10	1.5925	1.6925
sub-05	6	3	pie	sub-05_run-06_trial-03.wav	11	1.7725	1.8725
sub-05	6	3	pie	sub-05_run-06_trial-03.wav	12	1.9325	2.0325
sub-05	6	3	pie	sub-05_run-06_trial-03.wav	13	2.1125	2.1925
sub-05	6	3	pie	sub-05_run-06_trial-03.wav	14	2.2725	2.3725
sub-05	6	3	pie	sub-05_run-06_trial-03.wav	15	2.4525	2.5525
sub-05	6	3	pie	sub-05_run-06_trial-03.wav	16	2.6125	2.7125
sub-05	6	3	pie	sub-05_run-06_trial-03.wav	17	2.7725	2.8925
sub-05	6	3	pie	sub-05_run-06_trial-03.wav	18	2.9525	3.0525
sub-05	6	3	pie	sub-05_run-06_trial-03.wav	19	3.1325	3.2125
sub-05	6	3	pie	sub-05_run-06_trial-03.wav	20	3.2925	3.4125
sub-05	6	3	pie	sub-05_run-06_trial-03.wav	21	3.4925	3.5725
sub-05	6	3	pie	sub-05_run-06_trial-03.wav	22	3.6525	3.7725
sub-05	6	3	pie	sub-05_run-06_trial-03.wav	23	3.8525	3.9325
sub-05	6	3	pie	sub-05_run-06_trial-03.wav	24	4.0325	4.1325
sub-05	6	3	pie	sub-05_run-06_trial-03.wav	25	4.1925	4.4325
sub-05	6	4	how	sub-05_run-06_trial-04.wav	1	0.1125	0.2725
sub-05	6	4	how	sub-05_run-06_trial-04.wav	2	0.2725	0.4325
sub-05	6	4	how	sub-05_run-06_trial-04.wav	3	0.4325	0.6125
sub-05	6	4	how	sub-05_run-06_trial-04.wav	4	0.6125	0.7925
sub-05	6	4	how	sub-05_run-06_trial-04.wav	5	0.7925	1.0125
sub-05	6	4	how	sub-05_run-06_trial-04.wav	6	1.0125	1.2525
sub-05	6	4	how	sub-05_run-06_trial-04.wav	7	1.2525	1.4725
sub-05	6	4	how	sub-05_run-06_trial-04.wav	8	1.4725	1.6725
sub-05	6	4	how	sub-05_run-06_trial-04.wav	9	1.6725	1.8525
sub-05	6	4	how	sub-05_run-06_trial-04.wav	10	1.8525	2.0725
sub-05	6	4	how	sub-05_run-06_trial-04.wav	11	2.0725	2.2525
sub-05	6	4	how	sub-05_run-06_trial-04.wav	12	2.2525	2.4525
sub-05	6	4	how	sub-05_run-06_trial-04.wav	13	2.4525	2.7125
sub-05	6	4	how	sub-05_run-06_trial-04.wav	14	2.7125	2.9325
sub-05	6	4	how	sub-05_run-06_trial-04.wav	15	2.9325	3.1325
sub-05	6	4	how	sub-05_run-06_trial-04.wav	16	3.1325	3.3325
sub-05	6	4	how	sub-05_run-06_trial-04.wav	17	3.3325	3.5325
sub-05	6	4	how	sub-05_run-06_trial-04.wav	18	3.5325	3.8325
sub-05	6	5	pi	sub-05_run-06_trial-05.wav	1	0.2125	0.3125
sub-05	6	5	pi	sub-05_run-06_trial-05.wav	2	0.3125	0.4525
sub-05	6	5	pi	sub-05_run-06_trial-05.wav	3	0.4525	0.5725
sub-05	6	5	pi	sub-05_run-06_trial-05.wav	4	0.6125	0.7125
sub-05	6	5	pi	sub-05_run-06_trial-05.wav	5	0.7725	0.8925
sub-05	6	5	pi	sub-05_run-06_trial-05.wav	6	0.8925	1.0325
sub-05	6	5	pi	sub-05_run-06_trial-05.wav	7	1.0925	1.1725
sub-05	6	5	pi	sub-05_run-06_trial-05.wav	8	1.2325	1.3325
sub-05	6	5	pi	sub-05_run-06_trial-05.wav	9	1.3725	1.4525
sub-05	6	5	pi	sub-05_run-06_trial-05.wav	10	1.5325	1.6125
sub-05	6	5	pi	sub-05_run-06_trial-05.wav	11	1.6725	1.7525
sub-05	6	5	pi	sub-05_run-06_trial-05.wav	12	1.8125	1.9125
sub-05	6	5	pi	sub-05_run-06_trial-05.wav	13	1.9525	2.0325
sub-05	6	5	pi	sub-05_run-06_trial-05.wav	14	2.1125	2.1925
sub-05	6	5	pi	sub-05_run-06_trial-05.wav	15	2.2525	2.3325
sub-05	6	5	pi	sub-05_run-06_trial-05.wav	16	2.4125	2.5125
sub-05	6	5	pi	sub-05_run-06_trial-05.wav	17	2.5925	2.6925
sub-05	6	5	pi	sub-05_run-06_trial-05.wav	18	2.7525	2.8325
sub-05	6	5	pi	sub-05_run-06_trial-05.wav	19	2.8925	2.9925
sub-05	6	5	pi	sub-05_run-06_trial-05.wav	20	3.0525	3.1525
sub-05	6	5	pi	sub-05_run-06_trial-05.wav	21	3.2325	3.2925
sub-05	6	5	pi	sub-05_run-06_trial-05.wav	22	3.3725	3.4725
sub-05	6	5	pi	sub-05_run-06_trial-05.wav	23	3.5325	3.6325
sub-05	6	5	pi	sub-05_run-06_trial-05.wav	24	3.7125	3.9525
sub-05	6	5	pi	sub-05_run-06_trial-05.wav	25	4.1925	4.2725
sub-05	6	5	pi	sub-05_run-06_trial-05.wav	26	4.3525	4.4925
sub-05	6	6	thrilled	sub-05_run-06_trial-06.wav	1	0.2725	0.4525
sub-05	6	6	thrilled	sub-05_run-06_trial-06.wav	2	0.4525	0.6925
sub-05	6	6	thrilled	sub-05_run-06_trial-06.wav	3	0.6925	0.7925
sub-05	6	6	thrilled	sub-05_run-06_trial-06.wav	4	0.7925	1.0725
sub-05	6	6	thrilled	sub-05_run-06_trial-06.wav	5	1.0725	1.3325
sub-05	6	6	thrilled	sub-05_run-06_trial-06.wav	6	1.3325	1.6325
sub-05	6	6	thrilled	sub-05_run-06_trial-06.wav	7	1.6325	1.8525
sub-05	6	6	thrilled	sub-05_run-06_trial-06.wav	8	1.8525	1.9725
sub-05	6	6	thrilled	sub-05_run-06_trial-06.wav	9	1.9725	2.3325
sub-05	6	6	thrilled	sub-05_run-06_trial-06.wav	10	2.3325	2.6125
sub-05	6	6	thrilled	sub-05_run-06_trial-06.wav	11	2.6125	2.9125
sub-05	6	6	thrilled	sub-05_run-06_trial-06.wav	12	3.0925	3.2525
sub-05	6	6	thrilled	sub-05_run-06_trial-06.wav	13	3.2525	3.6925
sub-05	6	6	thrilled	sub-05_run-06_trial-06.wav	14	3.6925	4.1125
sub-05	6	6	thrilled	sub-05_run-06_trial-06.wav	15	4.1125	4.5925
sub-05	6	7	jin	sub-05_run-06_trial-07.wav	1	0.4125	0.6325
sub-05	6	7	jin	sub-05_run-06_trial-07.wav	2	0.6325	0.8125
sub-05	6	7	jin	sub-05_run-06_trial-07.wav	3	0.8125	1.0125
sub-05	6	7	jin	sub-05_run-06_trial-07.wav	4	1.0125	1.2125
sub-05	6	7	jin	sub-05_run-06_trial-07.wav	5	1.2125	1.4125
sub-05	6	7	jin	sub-05_run-06_trial-07.wav	6	1.4125	1.6125
sub-05	6	7	jin	sub-05_run-06_trial-07.wav	7	1.6125	1.8325
sub-05	6	7	jin	sub-05_run-06_trial-07.wav	8	1.8325	2.0125
sub-05	6	7	jin	sub-05_run-06_trial-07.wav	9	2.0125	2.2125
sub-05	6	7	jin	sub-05_run-06_trial-07.wav	10	2.2125	2.4125
sub-05	6	7	jin	sub-05_run-06_trial-07.wav	11	2.4125	2.5925
sub-05	6	7	jin	sub-05_run-06_trial-07.wav	12	2.5925	2.7725
sub-05	6	7	jin	sub-05_run-06_trial-07.wav	13	2.7725	2.9725
sub-05	6	7	jin	sub-05_run-06_trial-07.wav	14	2.9725	3.1525
sub-05	6	7	jin	sub-05_run-06_trial-07.wav	15	3.1525	3.3525
sub-05	6	7	jin	sub-05_run-06_trial-07.wav	16	3.3525	3.5525
sub-05	6	7	jin	sub-05_run-06_trial-07.wav	17	3.5525	3.7725
sub-05	6	7	jin	sub-05_run-06_trial-07.wav	18	3.7725	3.9525
sub-05	6	7	jin	sub-05_run-06_trial-07.wav	19	3.9525	4.1525
sub-05	6	7	jin	sub-05_run-06_trial-07.wav	20	4.1525	4.6125
sub-05	6	8	thir	sub-05_run-06_trial-08.wav	1	0.1925	0.3525
sub-05	6	8	thir	sub-05_run-06_trial-08.wav	2	0.3525	0.5325
sub-05	6	8	thir	sub-05_run-06_trial-08.wav	3	0.5325	0.7325
sub-05	6	8	thir	sub-05_run-06_trial-08.wav	4	0.7325	0.9325
sub-05	6	8	thir	sub-05_run-06_trial-08.wav	5	0.9325	0.9925
sub-05	6	8	thir	sub-05_run-06_trial-08.wav	6	0.9925	1.0925
sub-05	6	8	thir	sub-05_run-06_trial-08.wav	7	1.0925	1.1925
sub-05	6	8	thir	sub-05_run-06_trial-08.wav	8	1.1925	1.3125
sub-05	6	8	thir	sub-05_run-06_trial-08.wav	9	1.3125	1.6125
sub-05	6	8	thir	sub-05_run-06_trial-08.wav	10	1.6125	1.7125
sub-05	6	8	thir	sub-05_run-06_trial-08.wav	11	1.7725	2.0125
sub-05	6	8	thir	sub-05_run-06_trial-08.wav	12	2.0125	2.2925
sub-05	6	8	thir	sub-05_run-06_trial-08.wav	13	2.2925	2.4525
sub-05	6	8	thir	sub-05_run-06_trial-08.wav	14	2.5525	2.6725
sub-05	6	8	thir	sub-05_run-06_trial-08.wav	15	2.7525	2.8925
sub-05	6	8	thir	sub-05_run-06_trial-08.wav	16	2.9725	3.1125
sub-05	6	8	thir	sub-05_run-06_trial-08.wav	17	3.1925	3.3325
sub-05	6	8	thir	sub-05_run-06_trial-08.wav	18	3.4125	3.5325
sub-05	6	8	thir	sub-05_run-06_trial-08.wav	19	3.6325	3.7925
sub-05	6	8	thir	sub-05_run-06_trial-08.wav	20	3.8725	4.0325
sub-05	6	8	thir	sub-05_run-06_trial-08.wav	21	4.0725	4.2325
sub-05	6	8	thir	sub-05_run-06_trial-08.wav	22	4.3125	4.4725
sub-05	6	8	thir	sub-05_run-06_trial-08.wav	23	4.5725	4.8325
sub-05	6	9	caw	sub-05_run-06_trial-09.wav	1	0.3325	0.4525
sub-05	6	9	caw	sub-05_run-06_trial-09.wav	2	0.4525	0.5925
sub-05	6	9	caw	sub-05_run-06_trial-09.wav	3	0.5925	0.7725
sub-05	6	9	caw	sub-05_run-06_trial-09.wav	4	0.7725	0.8925
sub-05	6	9	caw	sub-05_run-06_trial-09.wav	5	0.9525	1.0525
sub-05	6	9	caw	sub-05_run-06_trial-09.wav	6	1.0525	1.2125
sub-05	6	9	caw	sub-05_run-06_trial-09.wav	7	1.2525	1.4125
sub-05	6	9	caw	sub-05_run-06_trial-09.wav	8	1.4125	1.5525
sub-05	6	9	caw	sub-05_run-06_trial-09.wav	9	1.6125	1.7325
sub-05	6	9	caw	sub-05_run-06_trial-09.wav	10	1.7325	1.8925
sub-05	6	9	caw	sub-05_run-06_trial-09.wav	11	1.8925	2.0925
sub-05	6	9	caw	sub-05_run-06_trial-09.wav	12	2.0925	2.2325
sub-05	6	9	caw	sub-05_run-06_trial-09.wav	13	2.2725	2.3925
sub-05	6	9	caw	sub-05_run-06_trial-09.wav	14	2.4325	2.6125
sub-05	6	9	caw	sub-05_run-06_trial-09.wav	15	2.6125	2.7725
sub-05	6	9	caw	sub-05_run-06_trial-09.wav	16	2.7725	2.9325
sub-05	6	9	caw	sub-05_run-06_trial-09.wav	17	2.9325	3.0925
sub-05	6	9	caw	sub-05_run-06_trial-09.wav	18	3.0925	3.2525
sub-05	6	9	caw	sub-05_run-06_trial-09.wav	19	3.3125	3.4325
sub-05	6	9	caw	sub-05_run-06_trial-09.wav	20	3.4725	3.6125
sub-05	6	9	caw	sub-05_run-06_trial-09.wav	21	3.6525	3.7725
sub-05	6	9	caw	sub-05_run-06_trial-09.wav	22	3.8325	3.9525
sub-05	6	9	caw	sub-05_run-06_trial-09.wav	23	3.9525	4.1325
sub-05	6	9	caw	sub-05_run-06_trial-09.wav	24	4.1325	4.3125
sub-05	6	9	caw	sub-05_run-06_trial-09.wav	25	4.3125	4.4925
sub-05	6	10	if	sub-05_run-06_trial-10.wav	1	0.1725	0.2925
sub-05	6	10	if	sub-05_run-06_trial-10.wav	2	0.2925	0.4325
sub-05	6	10	if	sub-05_run-06_trial-10.wav	3	0.4325	0.5725
sub-05	6	10	if	sub-05_run-06_trial-10.wav	4	0.5725	0.7125
sub-05	6	10	if	sub-05_run-06_trial-10.wav	5	0.7125	0.8925
sub-05	6	10	if	sub-05_run-06_trial-10.wav	6	0.8925	1.0525
sub-05	6	10	if	sub-05_run-06_trial-10.wav	7	1.0525	1.2125
sub-05	6	10	if	sub-05_run-06_trial-10.wav	8	1.2125	1.3525
sub-05	6	10	if	sub-05_run-06_trial-10.wav	9	1.3525	1.5325
sub-05	6	10	if	sub-05_run-06_trial-10.wav	10	1.5325	1.6925
sub-05	6	10	if	sub-05_run-06_trial-10.wav	11	1.6925	1.8725
sub-05	6	10	if	sub-05_run-06_trial-10.wav	12	1.8725	2.0125
sub-05	6	10	if	sub-05_run-06_trial-10.wav	13	2.0125	2.0925
sub-05	6	10	if	sub-05_run-06_trial-10.wav	14	2.0925	2.2125
sub-05	6	10	if	sub-05_run-06_trial-10.wav	15	2.2125	2.3525
sub-05	6	10	if	sub-05_run-06_trial-10.wav	16	2.3525	2.5325
sub-05	6	10	if	sub-05_run-06_trial-10.wav	17	2.5325	2.6125
sub-05	6	10	if	sub-05_run-06_trial-10.wav	18	2.6125	2.7125
sub-05	6	10	if	sub-05_run-06_trial-10.wav	19	2.7125	2.8725
sub-05	6	10	if	sub-05_run-06_trial-10.wav	20	2.8725	3.0525
sub-05	6	10	if	sub-05_run-06_trial-10.wav	21	3.0525	3.2125
sub-05	6	10	if	sub-05_run-06_trial-10.wav	22	3.2125	3.3925
sub-05	6	10	if	sub-05_run-06_trial-10.wav	23	3.3925	3.5925
sub-05	6	10	if	sub-05_run-06_trial-10.wav	24	3.5925	3.7725
sub-05	6	10	if	sub-05_run-06_trial-10.wav	25	3.7725	3.9525
sub-05	6	10	if	sub-05_run-06_trial-10.wav	26	3.9525	4.1325
sub-05	6	10	if	sub-05_run-06_trial-10.wav	27	4.1325	4.2925
sub-05	6	10	if	sub-05_run-06_trial-10.wav	28	4.2925	4.4925
sub-05	6	11	thieves	sub-05_run-06_trial-11.wav	1	0.0725	0.2325
sub-05	6	11	thieves	sub-05_run-06_trial-11.wav	2	0.2325	0.5325
sub-05	6	11	thieves	sub-05_run-06_trial-11.wav	3	0.5325	0.8325
sub-05	6	11	thieves	sub-05_run-06_trial-11.wav	4	0.8325	1.1525
sub-05	6	11	thieves	sub-05_run-06_trial-11.wav	5	1.1525	1.4525
sub-05	6	11	thieves	sub-05_run-06_trial-11.wav	6	1.4525	1.7725
sub-05	6	11	thieves	sub-05_run-06_trial-11.wav	7	1.7725	2.0725
sub-05	6	11	thieves	sub-05_run-06_trial-11.wav	8	2.0725	2.3725
sub-05	6	11	thieves	sub-05_run-06_trial-11.wav	9	2.3725	2.6925
sub-05	6	11	thieves	sub-05_run-06_trial-11.wav	10	2.6925	2.9925
sub-05	6	11	thieves	sub-05_run-06_trial-11.wav	11	2.9925	3.3125
sub-05	6	11	thieves	sub-05_run-06_trial-11.wav	12	3.3125	3.6525
sub-05	6	11	thieves	sub-05_run-06_trial-11.wav	13	3.6525	4.0725
sub-05	6	11	thieves	sub-05_run-06_trial-11.wav	14	4.0725	4.7725
sub-05	6	12	per	sub-05_run-06_trial-12.wav	1	0.0925	0.1725
sub-05	6	12	per	sub-05_run-06_trial-12.wav	2	0.2325	0.3325
sub-05	6	12	per	sub-05_run-06_trial-12.wav	3	0.3725	0.4525
sub-05	6	12	per	sub-05_run-06_trial-12.wav	4	0.5325	0.5925
sub-05	6	12	per	sub-05_run-06_trial-12.wav	5	0.6725	0.8325
sub-05	6	12	per	sub-05_run-06_trial-12.wav	6	0.8325	0.9125
sub-05	6	12	per	sub-05_run-06_trial-12.wav	7	0.9925	1.1525
sub-05	6	12	per	sub-05_run-06_trial-12.wav	8	1.1525	1.2925
sub-05	6	12	per	sub-05_run-06_trial-12.wav	9	1.2925	1.3925
sub-05	6	12	per	sub-05_run-06_trial-12.wav	10	1.4525	1.6125
sub-05	6	12	per	sub-05_run-06_trial-12.wav	11	1.6125	1.6925
sub-05	6	12	per	sub-05_run-06_trial-12.wav	12	1.7725	1.8525
sub-05	6	12	per	sub-05_run-06_trial-12.wav	13	1.9325	2.0525
sub-05	6	12	per	sub-05_run-06_trial-12.wav	14	2.0525	2.1525
sub-05	6	12	per	sub-05_run-06_trial-12.wav	15	2.2325	2.3725
sub-05	6	12	per	sub-05_run-06_trial-12.wav	16	2.3725	2.4725
sub-05	6	12	per	sub-05_run-06_trial-12.wav	17	2.5525	2.6525
sub-05	6	12	per	sub-05_run-06_trial-12.wav	18	2.7125	2.8125
sub-05	6	12	per	sub-05_run-06_trial-12.wav	19	2.8725	2.9725
sub-05	6	12	per	sub-05_run-06_trial-12.wav	20	3.0525	3.1525
sub-05	6	12	per	sub-05_run-06_trial-12.wav	21	3.2325	3.3125
sub-05	6	12	per	sub-05_run-06_trial-12.wav	22	3.3925	3.4725
sub-05	6	12	per	sub-05_run-06_trial-12.wav	23	3.5525	3.7325
sub-05	6	12	per	sub-05_run-06_trial-12.wav	24	3.7325	3.9125
sub-05	6	12	per	sub-05_run-06_trial-12.wav	25	3.9125	4.0925
sub-05	6	12	per	sub-05_run-06_trial-12.wav	26	4.0925	4.2525
sub-05	6	12	per	sub-05_run-06_trial-12.wav	27	4.2525	4.4525
sub-05	6	13	ther	sub-05_run-06_trial-13.wav	1	0.1725	0.3325
sub-05	6	13	ther	sub-05_run-06_trial-13.wav	2	0.3325	0.4925
sub-05	6	13	ther	sub-05_run-06_trial-13.wav	3	0.5525	0.7325
sub-05	6	13	ther	sub-05_run-06_trial-13.wav	4	0.7325	0.9325
sub-05	6	13	ther	sub-05_run-06_trial-13.wav	5	0.9325	1.1125
sub-05	6	13	ther	sub-05_run-06_trial-13.wav	6	1.1525	1.3125
sub-05	6	13	ther	sub-05_run-06_trial-13.wav	7	1.3725	1.5925
sub-05	6	13	ther	sub-05_run-06_trial-13.wav	8	1.5925	1.8525
sub-05	6	13	ther	sub-05_run-06_trial-13.wav	9	1.9725	2.2125
sub-05	6	13	ther	sub-05_run-06_trial-13.wav	10	2.2125	2.5125
sub-05	6	13	ther	sub-05_run-06_trial-13.wav	11	2.6125	2.8325
sub-05	6	13	ther	sub-05_run-06_trial-13.wav	12	2.9325	3.0925
sub-05	6	13	ther	sub-05_run-06_trial-13.wav	13	3.1725	3.4125
sub-05	6	13	ther	sub-05_run-06_trial-13.wav	14	3.4925	3.6925
sub-05	6	13	ther	sub-05_run-06_trial-13.wav	15	3.7725	3.9925
sub-05	6	13	ther	sub-05_run-06_trial-13.wav	16	4.0725	4.2525
sub-05	6	13	ther	sub-05_run-06_trial-13.wav	17	4.3525	4.5725
sub-05	6	14	airy	sub-05_run-06_trial-14.wav	1	0.1125	0.3725
sub-05	6	14	airy	sub-05_run-06_trial-14.wav	2	0.3725	0.7125
sub-05	6	14	airy	sub-05_run-06_trial-14.wav	3	0.7125	0.9525
sub-05	6	14	airy	sub-05_run-06_trial-14.wav	4	0.9525	1.0525
sub-05	6	14	airy	sub-05_run-06_trial-14.wav	5	1.0525	1.2525
sub-05	6	14	airy	sub-05_run-06_trial-14.wav	6	1.2525	1.4525
sub-05	6	14	airy	sub-05_run-06_trial-14.wav	7	1.4525	1.8925
sub-05	6	14	airy	sub-05_run-06_trial-14.wav	8	1.8925	2.2525
sub-05	6	14	airy	sub-05_run-06_trial-14.wav	9	2.2525	2.5725
sub-05	6	14	airy	sub-05_run-06_trial-14.wav	10	2.5725	3.0325
sub-05	6	14	airy	sub-05_run-06_trial-14.wav	11	3.0725	3.4525
sub-05	6	14	airy	sub-05_run-06_trial-14.wav	12	3.4525	3.8125
sub-05	6	14	airy	sub-05_run-06_trial-14.wav	13	3.8125	4.2525
sub-05	6	14	airy	sub-05_run-06_trial-14.wav	14	4.2525	4.6925
sub-05	6	15	pot	sub-05_run-06_trial-15.wav	1	0.3125	0.4325
sub-05	6	15	pot	sub-05_run-06_trial-15.wav	2	0.5125	0.5925
sub-05	6	15	pot	sub-05_run-06_trial-15.wav	3	0.6525	0.7525
sub-05	6	15	pot	sub-05_run-06_trial-15.wav	4	0.8125	0.9725
sub-05	6	15	pot	sub-05_run-06_trial-15.wav	5	0.9725	1.0525
sub-05	6	15	pot	sub-05_run-06_trial-15.wav	6	1.1325	1.2725
sub-05	6	15	pot	sub-05_run-06_trial-15.wav	7	1.2725	1.4525
sub-05	6	15	pot	sub-05_run-06_trial-15.wav	8	1.4525	1.5125
sub-05	6	15	pot	sub-05_run-06_trial-15.wav	9	1.5925	1.7725
sub-05	6	15	pot	sub-05_run-06_trial-15.wav	10	1.7725	1.9525
sub-05	6	15	pot	sub-05_run-06_trial-15.wav	11	1.9525	2.1125
sub-05	6	15	pot	sub-05_run-06_trial-15.wav	12	2.1125	2.2725
sub-05	6	15	pot	sub-05_run-06_trial-15.wav	13	2.2725	2.4725
sub-05	6	15	pot	sub-05_run-06_trial-15.wav	14	2.4725	2.6325
sub-05	6	15	pot	sub-05_run-06_trial-15.wav	15	2.6325	2.8125
sub-05	6	15	pot	sub-05_run-06_trial-15.wav	16	2.8125	2.8925
sub-05	6	15	pot	sub-05_run-06_trial-15.wav	17	2.9725	3.1325
sub-05	6	15	pot	sub-05_run-06_trial-15.wav	18	3.1325	3.2525
sub-05	6	15	pot	sub-05_run-06_trial-15.wav	19	3.3325	3.5125
sub-05	6	15	pot	sub-05_run-06_trial-15.wav	20	3.5125	3.6925
sub-05	6	15	pot	sub-05_run-06_trial-15.wav	21	3.6925	3.8725
sub-05	6	15	pot	sub-05_run-06_trial-15.wav	22	3.8725	4.0725
sub-05	6	15	pot	sub-05_run-06_trial-15.wav	23	4.0725	4.2525
sub-05	6	15	pot	sub-05_run-06_trial-15.wav	24	4.2525	4.6725
sub-05	6	16	ter	sub-05_run-06_trial-16.wav	1	0.1525	0.2525
sub-05	6	16	ter	sub-05_run-06_trial-16.wav	2	0.2525	0.4125
sub-05	6	16	ter	sub-05_run-06_trial-16.wav	3	0.4125	0.5725
sub-05	6	16	ter	sub-05_run-06_trial-16.wav	4	0.5725	0.6725
sub-05	6	16	ter	sub-05_run-06_trial-16.wav	5	0.7125	0.8525
sub-05	6	16	ter	sub-05_run-06_trial-16.wav	6	0.8525	0.9725
sub-05	6	16	ter	sub-05_run-06_trial-16.wav	7	1.0325	1.1725
sub-05	6	16	ter	sub-05_run-06_trial-16.wav	8	1.1725	1.2925
sub-05	6	16	ter	sub-05_run-06_trial-16.wav	9	1.2925	1.4325
sub-05	6	16	ter	sub-05_run-06_trial-16.wav	10	1.4925	1.6125
sub-05	6	16	ter	sub-05_run-06_trial-16.wav	11	1.6125	1.7525
sub-05	6	16	ter	sub-05_run-06_trial-16.wav	12	1.8325	1.9725
sub-05	6	16	ter	sub-05_run-06_trial-16.wav	13	1.9725	2.0925
sub-05	6	16	ter	sub-05_run-06_trial-16.wav	14	2.1525	2.2725
sub-05	6	16	ter	sub-05_run-06_trial-16.wav	15	2.3325	2.4325
sub-05	6	16	ter	sub-05_run-06_trial-16.wav	16	2.4925	2.5925
sub-05	6	16	ter	sub-05_run-06_trial-16.wav	17	2.6525	2.7525
sub-05	6	16	ter	sub-05_run-06_trial-16.wav	18	2.8125	2.9325
sub-05	6	16	ter	sub-05_run-06_trial-16.wav	19	2.9925	3.1125
sub-05	6	16	ter	sub-05_run-06_trial-16.wav	20	3.1725	3.2725
sub-05	6	16	ter	sub-05_run-06_trial-16.wav	21	3.3525	3.4725
sub-05	6	16	ter	sub-05_run-06_trial-16.wav	22	3.5325	3.6325
sub-05	6	16	ter	sub-05_run-06_trial-16.wav	23	3.7125	3.8125
sub-05	6	16	ter	sub-05_run-06_trial-16.wav	24	3.8925	4.0125
sub-05	6	16	ter	sub-05_run-06_trial-16.wav	25	4.0725	4.1925
sub-05	6	16	ter	sub-05_run-06_trial-16.wav	26	4.2325	4.4925
sub-05	6	17	thought	sub-05_run-06_trial-17.wav	1	0.1325	0.3125
sub-05	6	17	thought	sub-05_run-06_trial-17.wav	2	0.3125	0.4525
sub-05	6	17	thought	sub-05_run-06_trial-17.wav	3	0.4525	0.6125
sub-05	6	17	thought	sub-05_run-06_trial-17.wav	4	0.6125	0.7925
sub-05	6	17	thought	sub-05_run-06_trial-17.wav	5	0.7925	0.8925
sub-05	6	17	thought	sub-05_run-06_trial-17.wav	6	0.9725	1.0725
sub-05	6	17	thought	sub-05_run-06_trial-17.wav	7	1.1125	1.2925
sub-05	6	17	thought	sub-05_run-06_trial-17.wav	8	1.2925	1.4525
sub-05	6	17	thought	sub-05_run-06_trial-17.wav	9	1.4525	1.6325
sub-05	6	17	thought	sub-05_run-06_trial-17.wav	10	1.6325	1.8325
sub-05	6	17	thought	sub-05_run-06_trial-17.wav	11	1.8325	1.9525
sub-05	6	17	thought	sub-05_run-06_trial-17.wav	12	2.0125	2.1125
sub-05	6	17	thought	sub-05_run-06_trial-17.wav	13	2.1725	2.3325
sub-05	6	17	thought	sub-05_run-06_trial-17.wav	14	2.3325	2.5325
sub-05	6	17	thought	sub-05_run-06_trial-17.wav	15	2.5325	2.7325
sub-05	6	17	thought	sub-05_run-06_trial-17.wav	16	2.7325	2.9525
sub-05	6	17	thought	sub-05_run-06_trial-17.wav	17	2.9525	3.0525
sub-05	6	17	thought	sub-05_run-06_trial-17.wav	18	3.1125	3.2925
sub-05	6	17	thought	sub-05_run-06_trial-17.wav	19	3.2925	3.4525
sub-05	6	17	thought	sub-05_run-06_trial-17.wav	20	3.4525	3.6325
sub-05	6	17	thought	sub-05_run-06_trial-17.wav	21	3.6325	3.8125
sub-05	6	17	thought	sub-05_run-06_trial-17.wav	22	3.8125	3.9125
sub-05	6	17	thought	sub-05_run-06_trial-17.wav	23	3.9725	4.1525
sub-05	6	17	thought	sub-05_run-06_trial-17.wav	24	4.1525	4.3125
sub-05	6	17	thought	sub-05_run-06_trial-17.wav	25	4.3125	4.4325
sub-05	6	18	three	sub-05_run-06_trial-18.wav	1	0.0525	0.1725
sub-05	6	18	three	sub-05_run-06_trial-18.wav	2	0.1725	0.3525
sub-05	6	18	three	sub-05_run-06_trial-18.wav	3	0.4325	0.5525
sub-05	6	18	three	sub-05_run-06_trial-18.wav	4	0.5525	0.7725
sub-05	6	18	three	sub-05_run-06_trial-18.wav	5	0.7725	0.9725
sub-05	6	18	three	sub-05_run-06_trial-18.wav	6	0.9725	1.2725
sub-05	6	18	three	sub-05_run-06_trial-18.wav	7	1.2725	1.4125
sub-05	6	18	three	sub-05_run-06_trial-18.wav	8	1.4125	1.6325
sub-05	6	18	three	sub-05_run-06_trial-18.wav	9	1.6325	1.7325
sub-05	6	18	three	sub-05_run-06_trial-18.wav	10	1.7325	1.8725
sub-05	6	18	three	sub-05_run-06_trial-18.wav	11	1.8725	2.1325
sub-05	6	18	three	sub-05_run-06_trial-18.wav	12	2.1325	2.2525
sub-05	6	18	three	sub-05_run-06_trial-18.wav	13	2.2525	2.4925
sub-05	6	18	three	sub-05_run-06_trial-18.wav	14	2.4925	2.6925
sub-05	6	18	three	sub-05_run-06_trial-18.wav	15	2.6925	3.0325
sub-05	6	18	three	sub-05_run-06_trial-18.wav	16	3.0325	3.3325
sub-05	6	18	three	sub-05_run-06_trial-18.wav	17	3.3325	3.6325
sub-05	6	18	three	sub-05_run-06_trial-18.wav	18	3.6325	3.7325
sub-05	6	18	three	sub-05_run-06_trial-18.wav	19	3.7325	3.9125
sub-05	6	18	three	sub-05_run-06_trial-18.wav	20	3.9125	4.2325
sub-05	6	18	three	sub-05_run-06_trial-18.wav	21	4.2325	4.3925
sub-05	6	19	juh	sub-05_run-06_trial-19.wav	1	0.0725	0.2125
sub-05	6	19	juh	sub-05_run-06_trial-19.wav	2	0.2125	0.3725
sub-05	6	19	juh	sub-05_run-06_trial-19.wav	3	0.3725	0.5725
sub-05	6	19	juh	sub-05_run-06_trial-19.wav	4	0.5725	0.7725
sub-05	6	19	juh	sub-05_run-06_trial-19.wav	5	0.7725	0.9325
sub-05	6	19	juh	sub-05_run-06_trial-19.wav	6	0.9325	1.0725
sub-05	6	19	juh	sub-05_run-06_trial-19.wav	7	1.0725	1.2325
sub-05	6	19	juh	sub-05_run-06_trial-19.wav	8	1.2325	1.4125
sub-05	6	19	juh	sub-05_run-06_trial-19.wav	9	1.4125	1.5725
sub-05	6	19	juh	sub-05_run-06_trial-19.wav	10	1.5725	1.7725
sub-05	6	19	juh	sub-05_run-06_trial-19.wav	11	1.7725	1.9325
sub-05	6	19	juh	sub-05_run-06_trial-19.wav	12	1.9325	2.1125
sub-05	6	19	juh	sub-05_run-06_trial-19.wav	13	2.1125	2.2925
sub-05	6	19	juh	sub-05_run-06_trial-19.wav	14	2.2925	2.4725
sub-05	6	19	juh	sub-05_run-06_trial-19.wav	15	2.4725	2.6325
sub-05	6	19	juh	sub-05_run-06_trial-19.wav	16	2.6325	2.8325
sub-05	6	19	juh	sub-05_run-06_trial-19.wav	17	2.8325	2.9925
sub-05	6	19	juh	sub-05_run-06_trial-19.wav	18	2.9925	3.1925
sub-05	6	19	juh	sub-05_run-06_trial-19.wav	19	3.1925	3.4125
sub-05	6	19	juh	sub-05_run-06_trial-19.wav	20	3.4125	3.4725
sub-05	6	19	juh	sub-05_run-06_trial-19.wav	21	3.4725	3.5925
sub-05	6	19	juh	sub-05_run-06_trial-19.wav	22	3.5925	3.7725
sub-05	6	19	juh	sub-05_run-06_trial-19.wav	23	3.7725	3.9725
sub-05	6	19	juh	sub-05_run-06_trial-19.wav	24	3.9725	4.1325
sub-05	6	19	juh	sub-05_run-06_trial-19.wav	25	4.1325	4.3125
sub-05	6	19	juh	sub-05_run-06_trial-19.wav	26	4.3125	4.5725
sub-05	6	20	would	sub-05_run-06_trial-20.wav	1	0.0925	0.1725
sub-05	6	20	would	sub-05_run-06_trial-20.wav	2	0.1725	0.3125
sub-05	6	20	would	sub-05_run-06_trial-20.wav	3	0.3125	0.4725
sub-05	6	20	would	sub-05_run-06_trial-20.wav	4	0.4725	0.6525
sub-05	6	20	would	sub-05_run-06_trial-20.wav	5	0.6525	0.8125
sub-05	6	20	would	sub-05_run-06_trial-20.wav	6	0.8125	0.9725
sub-05	6	20	would	sub-05_run-06_trial-20.wav	7	0.9725	1.1325
sub-05	6	20	would	sub-05_run-06_trial-20.wav	8	1.1325	1.3125
sub-05	6	20	would	sub-05_run-06_trial-20.wav	9	1.3125	1.4925
sub-05	6	20	would	sub-05_run-06_trial-20.wav	10	1.4925	1.6525
sub-05	6	20	would	sub-05_run-06_trial-20.wav	11	1.6525	1.8525
sub-05	6	20	would	sub-05_run-06_trial-20.wav	12	1.8525	2.0525
sub-05	6	20	would	sub-05_run-06_trial-20.wav	13	2.0525	2.2125
sub-05	6	20	would	sub-05_run-06_trial-20.wav	14	2.2125	2.3925
sub-05	6	20	would	sub-05_run-06_trial-20.wav	15	2.3925	2.5725
sub-05	6	20	would	sub-05_run-06_trial-20.wav	16	2.5725	2.7925
sub-05	6	20	would	sub-05_run-06_trial-20.wav	17	2.7925	2.9325
sub-05	6	20	would	sub-05_run-06_trial-20.wav	18	2.9325	3.1325
sub-05	6	20	would	sub-05_run-06_trial-20.wav	19	3.1325	3.2925
sub-05	6	20	would	sub-05_run-06_trial-20.wav	20	3.2925	3.4925
sub-05	6	20	would	sub-05_run-06_trial-20.wav	21	3.4925	3.6525
sub-05	6	20	would	sub-05_run-06_trial-20.wav	22	3.6525	3.8525
sub-05	6	20	would	sub-05_run-06_trial-20.wav	23	3.8525	4.0725
sub-05	6	21	neh	sub-05_run-06_trial-21.wav	1	0.1525	0.4125
sub-05	6	21	neh	sub-05_run-06_trial-21.wav	2	0.4125	0.5325
sub-05	6	21	neh	sub-05_run-06_trial-21.wav	3	0.5325	0.6725
sub-05	6	21	neh	sub-05_run-06_trial-21.wav	4	0.6725	0.8125
sub-05	6	21	neh	sub-05_run-06_trial-21.wav	5	0.8125	0.9525
sub-05	6	21	neh	sub-05_run-06_trial-21.wav	6	0.9525	1.0925
sub-05	6	21	neh	sub-05_run-06_trial-21.wav	7	1.0925	1.2325
sub-05	6	21	neh	sub-05_run-06_trial-21.wav	8	1.2325	1.3725
sub-05	6	21	neh	sub-05_run-06_trial-21.wav	9	1.3725	1.4925
sub-05	6	21	neh	sub-05_run-06_trial-21.wav	10	1.4925	1.6525
sub-05	6	21	neh	sub-05_run-06_trial-21.wav	11	1.6525	1.8125
sub-05	6	21	neh	sub-05_run-06_trial-21.wav	12	1.8125	1.9325
sub-05	6	21	neh	sub-05_run-06_trial-21.wav	13	1.9325	2.0725
sub-05	6	21	neh	sub-05_run-06_trial-21.wav	14	2.0725	2.2125
sub-05	6	21	neh	sub-05_run-06_trial-21.wav	15	2.2125	2.3525
sub-05	6	21	neh	sub-05_run-06_trial-21.wav	16	2.3525	2.5125
sub-05	6	21	neh	sub-05_run-06_trial-21.wav	17	2.5125	2.6725
sub-05	6	21	neh	sub-05_run-06_trial-21.wav	18	2.6725	2.8125
sub-05	6	21	neh	sub-05_run-06_trial-21.wav	19	2.8125	2.9725
sub-05	6	21	neh	sub-05_run-06_trial-21.wav	20	2.9725	3.1325
sub-05	6	21	neh	sub-05_run-06_trial-21.wav	21	3.1325	3.2925
sub-05	6	21	neh	sub-05_run-06_trial-21.wav	22	3.2925	3.4525
sub-05	6	21	neh	sub-05_run-06_trial-21.wav	23	3.4525	3.6125
sub-05	6	21	neh	sub-05_run-06_trial-21.wav	24	3.6125	3.7725
sub-05	6	21	neh	sub-05_run-06_trial-21.wav	25	3.7725	3.9525
sub-05	6	21	neh	sub-05_run-06_trial-21.wav	26	3.9525	4.1125
sub-05	6	21	neh	sub-05_run-06_trial-21.wav	27	4.1125	4.2525
sub-05	6	21	neh	sub-05_run-06_trial-21.wav	28	4.2525	4.4125
sub-05	6	22	ser	sub-05_run-06_trial-22.wav	1	0.1325	0.2925
sub-05	6	22	ser	sub-05_run-06_trial-22.wav	2	0.2925	0.4525
sub-05	6	22	ser	sub-05_run-06_trial-22.wav	3	0.4525	0.6125
sub-05	6	22	ser	sub-05_run-06_trial-22.wav	4	0.6125	0.7925
sub-05	6	22	ser	sub-05_run-06_trial-22.wav	5	0.7925	0.9725
sub-05	6	22	ser	sub-05_run-06_trial-22.wav	6	0.9725	1.1325
sub-05	6	22	ser	sub-05_run-06_trial-22.wav	7	1.1325	1.3125
sub-05	6	22	ser	sub-05_run-06_trial-22.wav	8	1.3125	1.4925
sub-05	6	22	ser	sub-05_run-06_trial-22.wav	9	1.4925	1.6525
sub-05	6	22	ser	sub-05_run-06_trial-22.wav	10	1.6525	1.8925
sub-05	6	22	ser	sub-05_run-06_trial-22.wav	11	1.8925	2.1125
sub-05	6	22	ser	sub-05_run-06_trial-22.wav	12	2.1125	2.2325
sub-05	6	22	ser	sub-05_run-06_trial-22.wav	13	2.2325	2.3725
sub-05	6	22	ser	sub-05_run-06_trial-22.wav	14	2.3725	2.5925
sub-05	6	22	ser	sub-05_run-06_trial-22.wav	15	2.5925	2.7925
sub-05	6	22	ser	sub-05_run-06_trial-22.wav	16	2.7925	3.0525
sub-05	6	22	ser	sub-05_run-06_trial-22.wav	17	3.0525	3.2725
sub-05	6	22	ser	sub-05_run-06_trial-22.wav	18	3.2725	3.4925
sub-05	6	22	ser	sub-05_run-06_trial-22.wav	19	3.4925	3.7125
sub-05	6	22	ser	sub-05_run-06_trial-22.wav	20	3.7125	3.9325
sub-05	6	22	ser	sub-05_run-06_trial-22.wav	21	3.9325	4.1525
sub-05	6	22	ser	sub-05_run-06_trial-22.wav	22	4.1525	4.3725
sub-05	6	22	ser	sub-05_run-06_trial-22.wav	23	4.3725	4.5125
sub-05	6	23	less	sub-05_run-06_trial-23.wav	1	0.1125	0.2125
sub-05	6	23	less	sub-05_run-06_trial-23.wav	2	0.2125	0.3925
sub-05	6	23	less	sub-05_run-06_trial-23.wav	3	0.3925	0.5525
sub-05	6	23	less	sub-05_run-06_trial-23.wav	4	0.5525	0.6525
sub-05	6	23	less	sub-05_run-06_trial-23.wav	5	0.6525	0.7325
sub-05	6	23	less	sub-05_run-06_trial-23.wav	6	0.7325	0.9125
sub-05	6	23	less	sub-05_run-06_trial-23.wav	7	0.9125	1.0925
sub-05	6	23	less	sub-05_run-06_trial-23.wav	8	1.0925	1.2725
sub-05	6	23	less	sub-05_run-06_trial-23.wav	9	1.2725	1.4525
sub-05	6	23	less	sub-05_run-06_trial-23.wav	10	1.4525	1.6325
sub-05	6	23	less	sub-05_run-06_trial-23.wav	11	1.6325	1.8125
sub-05	6	23	less	sub-05_run-06_trial-23.wav	12	1.8125	1.9925
sub-05	6	23	less	sub-05_run-06_trial-23.wav	13	1.9925	2.1525
sub-05	6	23	less	sub-05_run-06_trial-23.wav	14	2.1525	2.3325
sub-05	6	23	less	sub-05_run-06_trial-23.wav	15	2.3325	2.5325
sub-05	6	23	less	sub-05_run-06_trial-23.wav	16	2.5325	2.7325
sub-05	6	23	less	sub-05_run-06_trial-23.wav	17	2.7325	2.9325
sub-05	6	23	less	sub-05_run-06_trial-23.wav	18	2.9325	3.1525
sub-05	6	23	less	sub-05_run-06_trial-23.wav	19	3.1525	3.3725
sub-05	6	23	less	sub-05_run-06_trial-23.wav	20	3.3725	3.5525
sub-05	6	23	less	sub-05_run-06_trial-23.wav	21	3.5525	3.7525
sub-05	6	23	less	sub-05_run-06_trial-23.wav	22	3.7525	3.9525
sub-05	6	23	less	sub-05_run-06_trial-23.wav	23	3.9525	4.1325
sub-05	6	23	less	sub-05_run-06_trial-23.wav	24	4.1325	4.3325
sub-05	6	23	less	sub-05_run-06_trial-23.wav	25	4.3325	4.5325
sub-05	6	23	less	sub-05_run-06_trial-23.wav	26	4.5325	4.9716
sub-05	6	24	peck	sub-05_run-06_trial-24.wav	1	0.2525	0.3725
sub-05	6	24	peck	sub-05_run-06_trial-24.wav	2	0.4125	0.5325
sub-05	6	24	peck	sub-05_run-06_trial-24.wav	3	0.5925	0.7725
sub-05	6	24	peck	sub-05_run-06_trial-24.wav	4	0.7725	0.8725
sub-05	6	24	peck	sub-05_run-06_trial-24.wav	5	0.9525	1.0525
sub-05	6	24	peck	sub-05_run-06_trial-24.wav	6	1.1325	1.2325
sub-05	6	24	peck	sub-05_run-06_trial-24.wav	7	1.3125	1.4925
sub-05	6	24	peck	sub-05_run-06_trial-24.wav	8	1.4925	1.6125
sub-05	6	24	peck	sub-05_run-06_trial-24.wav	9	1.6725	1.7725
sub-05	6	24	peck	sub-05_run-06_trial-24.wav	10	1.8725	1.9925
sub-05	6	24	peck	sub-05_run-06_trial-24.wav	11	2.0725	2.2525
sub-05	6	24	peck	sub-05_run-06_trial-24.wav	12	2.2525	2.4525
sub-05	6	24	peck	sub-05_run-06_trial-24.wav	13	2.4525	2.5525
sub-05	6	24	peck	sub-05_run-06_trial-24.wav	14	2.6525	2.7525
sub-05	6	24	peck	sub-05_run-06_trial-24.wav	15	2.8325	2.9525
sub-05	6	24	peck	sub-05_run-06_trial-24.wav	16	3.0325	3.1325
sub-05	6	24	peck	sub-05_run-06_trial-24.wav	17	3.2125	3.3125
sub-05	6	24	peck	sub-05_run-06_trial-24.wav	18	3.3925	3.4925
sub-05	6	24	peck	sub-05_run-06_trial-24.wav	19	3.5925	3.7725
sub-05	6	24	peck	sub-05_run-06_trial-24.wav	20	3.7725	3.9325
sub-05	6	24	peck	sub-05_run-06_trial-24.wav	21	3.9925	4.1925
sub-05	6	25	the	sub-05_run-06_trial-25.wav	1	0.4325	0.5725
sub-05	6	25	the	sub-05_run-06_trial-25.wav	2	0.5725	0.6925
sub-05	6	25	the	sub-05_run-06_trial-25.wav	3	0.6925	0.8525
sub-05	6	25	the	sub-05_run-06_trial-25.wav	4	0.8525	0.9725
sub-05	6	25	the	sub-05_run-06_trial-25.wav	5	1.0325	1.1325
sub-05	6	25	the	sub-05_run-06_trial-25.wav	6	1.1325	1.2725
sub-05	6	25	the	sub-05_run-06_trial-25.wav	7	1.2725	1.4525
sub-05	6	25	the	sub-05_run-06_trial-25.wav	8	1.4925	1.6125
sub-05	6	25	the	sub-05_run-06_trial-25.wav	9	1.6125	1.7525
sub-05	6	25	the	sub-05_run-06_trial-25.wav	10	1.7525	1.9125
sub-05	6	25	the	sub-05_run-06_trial-25.wav	11	1.9125	2.0525
sub-05	6	25	the	sub-05_run-06_trial-25.wav	12	2.0925	2.2325
sub-05	6	25	the	sub-05_run-06_trial-25.wav	13	2.2325	2.4125
sub-05	6	25	the	sub-05_run-06_trial-25.wav	14	2.4125	2.5925
sub-05	6	25	the	sub-05_run-06_trial-25.wav	15	2.5925	2.7725
sub-05	6	25	the	sub-05_run-06_trial-25.wav	16	2.7725	2.9125
sub-05	6	25	the	sub-05_run-06_trial-25.wav	17	2.9125	3.0525
sub-05	6	25	the	sub-05_run-06_trial-25.wav	18	3.1125	3.2525
sub-05	6	25	the	sub-05_run-06_trial-25.wav	19	3.2525	3.3925
sub-05	6	25	the	sub-05_run-06_trial-25.wav	20	3.4525	3.5525
sub-05	6	25	the	sub-05_run-06_trial-25.wav	21	3.5925	3.7325
sub-05	6	25	the	sub-05_run-06_trial-25.wav	22	3.7325	3.9525
sub-05	6	25	the	sub-05_run-06_trial-25.wav	23	3.9525	4.0725
sub-05	6	25	the	sub-05_run-06_trial-25.wav	24	4.0725	4.2325
sub-05	6	25	the	sub-05_run-06_trial-25.wav	25	4.3125	4.4725
sub-05	6	26	jur	sub-05_run-06_trial-26.wav	1	0.3125	0.4525
sub-05	6	26	jur	sub-05_run-06_trial-26.wav	2	0.4525	0.5725
sub-05	6	26	jur	sub-05_run-06_trial-26.wav	3	0.5725	0.7325
sub-05	6	26	jur	sub-05_run-06_trial-26.wav	4	0.7325	0.8925
sub-05	6	26	jur	sub-05_run-06_trial-26.wav	5	0.8925	1.0525
sub-05	6	26	jur	sub-05_run-06_trial-26.wav	6	1.0525	1.2125
sub-05	6	26	jur	sub-05_run-06_trial-26.wav	7	1.2125	1.3525
sub-05	6	26	jur	sub-05_run-06_trial-26.wav	8	1.4325	1.5525
sub-05	6	26	jur	sub-05_run-06_trial-26.wav	9	1.5925	1.7325
sub-05	6	26	jur	sub-05_run-06_trial-26.wav	10	1.7325	1.8725
sub-05	6	26	jur	sub-05_run-06_trial-26.wav	11	1.9325	2.0525
sub-05	6	26	jur	sub-05_run-06_trial-26.wav	12	2.0925	2.1925
sub-05	6	26	jur	sub-05_run-06_trial-26.wav	13	2.2525	2.3725
sub-05	6	26	jur	sub-05_run-06_trial-26.wav	14	2.4325	2.5525
sub-05	6	26	jur	sub-05_run-06_trial-26.wav	15	2.6125	2.7725
sub-05	6	26	jur	sub-05_run-06_trial-26.wav	16	2.7725	2.8925
sub-05	6	26	jur	sub-05_run-06_trial-26.wav	17	2.9525	3.1125
sub-05	6	26	jur	sub-05_run-06_trial-26.wav	18	3.1525	3.2725
sub-05	6	26	jur	sub-05_run-06_trial-26.wav	19	3.3125	3.4525
sub-05	6	26	jur	sub-05_run-06_trial-26.wav	20	3.5125	3.6325
sub-05	6	26	jur	sub-05_run-06_trial-26.wav	21	3.6925	3.8325
sub-05	6	26	jur	sub-05_run-06_trial-26.wav	22	3.9125	4.0325
sub-05	6	26	jur	sub-05_run-06_trial-26.wav	23	4.1325	4.2925
sub-05	6	26	jur	sub-05_run-06_trial-26.wav	24	4.3325	4.5725
sub-05	6	27	ver	sub-05_run-06_trial-27.wav	1	0.0525	0.1925
sub-05	6	27	ver	sub-05_run-06_trial-27.wav	2	0.1925	0.3325
sub-05	6	27	ver	sub-05_run-06_trial-27.wav	3	0.3325	0.4925
sub-05	6	27	ver	sub-05_run-06_trial-27.wav	4	0.4925	0.6325
sub-05	6	27	ver	sub-05_run-06_trial-27.wav	5	0.6325	0.7925
sub-05	6	27	ver	sub-05_run-06_trial-27.wav	6	0.7925	0.9925
sub-05	6	27	ver	sub-05_run-06_trial-27.wav	7	0.9925	1.1525
sub-05	6	27	ver	sub-05_run-06_trial-27.wav	8	1.1525	1.3125
sub-05	6	27	ver	sub-05_run-06_trial-27.wav	9	1.3125	1.4925
sub-05	6	27	ver	sub-05_run-06_trial-27.wav	10	1.4925	1.6525
sub-05	6	27	ver	sub-05_run-06_trial-27.wav	11	1.6525	1.8725
sub-05	6	27	ver	sub-05_run-06_trial-27.wav	12	1.8725	2.0725
sub-05	6	27	ver	sub-05_run-06_trial-27.wav	13	2.0725	2.2525
sub-05	6	27	ver	sub-05_run-06_trial-27.wav	14	2.2525	2.4325
sub-05	6	27	ver	sub-05_run-06_trial-27.wav	15	2.4325	2.6725
sub-05	6	27	ver	sub-05_run-06_trial-27.wav	16	2.6725	2.8725
sub-05	6	27	ver	sub-05_run-06_trial-27.wav	17	2.8725	3.0925
sub-05	6	27	ver	sub-05_run-06_trial-27.wav	18	3.0925	3.3125
sub-05	6	27	ver	sub-05_run-06_trial-27.wav	19	3.3125	3.5325
sub-05	6	27	ver	sub-05_run-06_trial-27.wav	20	3.5325	3.7725
sub-05	6	27	ver	sub-05_run-06_trial-27.wav	21	3.7725	4.0125
sub-05	6	27	ver	sub-05_run-06_trial-27.wav	22	4.0125	4.2125
sub-05	6	27	ver	sub-05_run-06_trial-27.wav	23	4.2125	4.4925
sub-05	6	28	imah	sub-05_run-06_trial-28.wav	1	0.0925	0.2725
sub-05	6	28	imah	sub-05_run-06_trial-28.wav	2	0.2725	0.5725
sub-05	6	28	imah	sub-05_run-06_trial-28.wav	3	0.5725	0.6725
sub-05	6	28	imah	sub-05_run-06_trial-28.wav	4	0.6725	0.8925
sub-05	6	28	imah	sub-05_run-06_trial-28.wav	5	0.8925	0.9925
sub-05	6	28	imah	sub-05_run-06_trial-28.wav	6	0.9925	1.1925
sub-05	6	28	imah	sub-05_run-06_trial-28.wav	7	1.1925	1.3125
sub-05	6	28	imah	sub-05_run-06_trial-28.wav	8	1.3125	1.5725
sub-05	6	28	imah	sub-05_run-06_trial-28.wav	9	1.5725	1.6525
sub-05	6	28	imah	sub-05_run-06_trial-28.wav	10	1.6525	1.8925
sub-05	6	28	imah	sub-05_run-06_trial-28.wav	11	1.8925	1.9725
sub-05	6	28	imah	sub-05_run-06_trial-28.wav	12	1.9725	2.2525
sub-05	6	28	imah	sub-05_run-06_trial-28.wav	13	2.2525	2.5725
sub-05	6	28	imah	sub-05_run-06_trial-28.wav	14	2.5725	2.9125
sub-05	6	28	imah	sub-05_run-06_trial-28.wav	15	2.9125	3.2325
sub-05	6	28	imah	sub-05_run-06_trial-28.wav	16	3.2325	3.5125
sub-05	6	28	imah	sub-05_run-06_trial-28.wav	17	3.5125	3.8125
sub-05	6	28	imah	sub-05_run-06_trial-28.wav	18	3.8125	4.1325
sub-05	6	28	imah	sub-05_run-06_trial-28.wav	19	4.1325	4.4125
sub-05	6	29	thurs	sub-05_run-06_trial-29.wav	1	0.3325	0.4725
sub-05	6	29	thurs	sub-05_run-06_trial-29.wav	2	0.4725	0.7525
sub-05	6	29	thurs	sub-05_run-06_trial-29.wav	3	0.7525	1.0525
sub-05	6	29	thurs	sub-05_run-06_trial-29.wav	4	1.0525	1.3525
sub-05	6	29	thurs	sub-05_run-06_trial-29.wav	5	1.3525	1.5125
sub-05	6	29	thurs	sub-05_run-06_trial-29.wav	6	1.5125	1.6725
sub-05	6	29	thurs	sub-05_run-06_trial-29.wav	7	1.6725	1.8125
sub-05	6	29	thurs	sub-05_run-06_trial-29.wav	8	1.8125	2.0125
sub-05	6	29	thurs	sub-05_run-06_trial-29.wav	9	2.0125	2.3325
sub-05	6	29	thurs	sub-05_run-06_trial-29.wav	10	2.3325	2.6125
sub-05	6	29	thurs	sub-05_run-06_trial-29.wav	11	2.6125	2.9325
sub-05	6	29	thurs	sub-05_run-06_trial-29.wav	12	2.9325	3.2525
sub-05	6	29	thurs	sub-05_run-06_trial-29.wav	13	3.2525	3.5725
sub-05	6	29	thurs	sub-05_run-06_trial-29.wav	14	3.5725	3.9125
sub-05	6	29	thurs	sub-05_run-06_trial-29.wav	15	3.9125	4.2525
sub-05	6	29	thurs	sub-05_run-06_trial-29.wav	16	4.2525	4.5725
sub-05	6	29	thurs	sub-05_run-06_trial-29.wav	17	4.5725	4.9716
sub-05	6	30	throne	sub-05_run-06_trial-30.wav	1	0.2125	0.4125
sub-05	6	30	throne	sub-05_run-06_trial-30.wav	2	0.4125	0.6525
sub-05	6	30	throne	sub-05_run-06_trial-30.wav	3	0.6525	0.8525
sub-05	6	30	throne	sub-05_run-06_trial-30.wav	4	0.8525	1.0325
sub-05	6	30	throne	sub-05_run-06_trial-30.wav	5	1.0325	1.2325
sub-05	6	30	throne	sub-05_run-06_trial-30.wav	6	1.2325	1.4125
sub-05	6	30	throne	sub-05_run-06_trial-30.wav	7	1.4125	1.6125
sub-05	6	30	throne	sub-05_run-06_trial-30.wav	8	1.6125	1.8125
sub-05	6	30	throne	sub-05_run-06_trial-30.wav	9	1.8525	2.0325
sub-05	6	30	throne	sub-05_run-06_trial-30.wav	10	2.0325	2.2325
sub-05	6	30	throne	sub-05_run-06_trial-30.wav	11	2.2725	2.4125
sub-05	6	30	throne	sub-05_run-06_trial-30.wav	12	2.4725	2.6925
sub-05	6	30	throne	sub-05_run-06_trial-30.wav	13	2.6925	2.9325
sub-05	6	30	throne	sub-05_run-06_trial-30.wav	14	2.9325	3.1125
sub-05	6	30	throne	sub-05_run-06_trial-30.wav	15	3.1125	3.3325
sub-05	6	30	throne	sub-05_run-06_trial-30.wav	16	3.3325	3.5325
sub-05	6	30	throne	sub-05_run-06_trial-30.wav	17	3.5325	3.7925
sub-05	6	30	throne	sub-05_run-06_trial-30.wav	18	3.7925	4.0325
sub-05	6	30	throne	sub-05_run-06_trial-30.wav	19	4.0325	4.2525
sub-05	6	30	throne	sub-05_run-06_trial-30.wav	20	4.2525	4.4925
sub-05	6	31	per	sub-05_run-06_trial-31.wav	1	0.1725	0.3125
sub-05	6	31	per	sub-05_run-06_trial-31.wav	2	0.3125	0.3925
sub-05	6	31	per	sub-05_run-06_trial-31.wav	3	0.4725	0.5325
sub-05	6	31	per	sub-05_run-06_trial-31.wav	4	0.6125	0.7725
sub-05	6	31	per	sub-05_run-06_trial-31.wav	5	0.7725	0.8325
sub-05	6	31	per	sub-05_run-06_trial-31.wav	6	0.9125	0.9925
sub-05	6	31	per	sub-05_run-06_trial-31.wav	7	1.0725	1.1725
sub-05	6	31	per	sub-05_run-06_trial-31.wav	8	1.2325	1.3125
sub-05	6	31	per	sub-05_run-06_trial-31.wav	9	1.3925	1.5525
sub-05	6	31	per	sub-05_run-06_trial-31.wav	10	1.5525	1.7325
sub-05	6	31	per	sub-05_run-06_trial-31.wav	11	1.7325	1.8125
sub-05	6	31	per	sub-05_run-06_trial-31.wav	12	1.8925	1.9925
sub-05	6	31	per	sub-05_run-06_trial-31.wav	13	2.0525	2.2525
sub-05	6	31	per	sub-05_run-06_trial-31.wav	14	2.2525	2.3525
sub-05	6	31	per	sub-05_run-06_trial-31.wav	15	2.4325	2.5525
sub-05	6	31	per	sub-05_run-06_trial-31.wav	16	2.5525	2.7125
sub-05	6	31	per	sub-05_run-06_trial-31.wav	17	2.7525	2.8525
sub-05	6	31	per	sub-05_run-06_trial-31.wav	18	2.9325	3.0925
sub-05	6	31	per	sub-05_run-06_trial-31.wav	19	3.0925	3.2125
sub-05	6	31	per	sub-05_run-06_trial-31.wav	20	3.2725	3.4125
sub-05	6	31	per	sub-05_run-06_trial-31.wav	21	3.4725	3.5925
sub-05	6	31	per	sub-05_run-06_trial-31.wav	22	3.6725	3.8325
sub-05	6	31	per	sub-05_run-06_trial-31.wav	23	3.8325	3.9525
sub-05	6	31	per	sub-05_run-06_trial-31.wav	24	3.9525	4.1125
sub-05	6	31	per	sub-05_run-06_trial-31.wav	25	4.1925	4.2925
sub-05	6	31	per	sub-05_run-06_trial-31.wav	26	4.3525	4.5725
sub-05	6	32	picked	sub-05_run-06_trial-32.wav	1	0.1925	0.3325
sub-05	6	32	picked	sub-05_run-06_trial-32.wav	2	0.3925	0.5525
sub-05	6	32	picked	sub-05_run-06_trial-32.wav	3	0.6325	0.7725
sub-05	6	32	picked	sub-05_run-06_trial-32.wav	4	0.8525	0.9925
sub-05	6	32	picked	sub-05_run-06_trial-32.wav	5	1.0725	1.2125
sub-05	6	32	picked	sub-05_run-06_trial-32.wav	6	1.3125	1.4325
sub-05	6	32	picked	sub-05_run-06_trial-32.wav	7	1.5325	1.6525
sub-05	6	32	picked	sub-05_run-06_trial-32.wav	8	1.7525	1.9725
sub-05	6	32	picked	sub-05_run-06_trial-32.wav	9	1.9725	2.1325
sub-05	6	32	picked	sub-05_run-06_trial-32.wav	10	2.1925	2.3525
sub-05	6	32	picked	sub-05_run-06_trial-32.wav	11	2.4325	2.6125
sub-05	6	32	picked	sub-05_run-06_trial-32.wav	12	2.6125	2.8125
sub-05	6	32	picked	sub-05_run-06_trial-32.wav	13	2.8725	3.0125
sub-05	6	32	picked	sub-05_run-06_trial-32.wav	14	3.0925	3.2125
sub-05	6	32	picked	sub-05_run-06_trial-32.wav	15	3.3125	3.4525
sub-05	6	32	picked	sub-05_run-06_trial-32.wav	16	3.5325	3.8725
sub-05	6	32	picked	sub-05_run-06_trial-32.wav	17	3.9725	4.1125
sub-05	6	32	picked	sub-05_run-06_trial-32.wav	18	4.1725	4.5525
sub-05	6	33	pro	sub-05_run-06_trial-33.wav	1	0.4925	0.6725
sub-05	6	33	pro	sub-05_run-06_trial-33.wav	2	0.6725	0.8525
sub-05	6	33	pro	sub-05_run-06_trial-33.wav	3	0.8525	1.0125
sub-05	6	33	pro	sub-05_run-06_trial-33.wav	4	1.0125	1.2125
sub-05	6	33	pro	sub-05_run-06_trial-33.wav	5	1.2125	1.3725
sub-05	6	33	pro	sub-05_run-06_trial-33.wav	6	1.3725	1.5525
sub-05	6	33	pro	sub-05_run-06_trial-33.wav	7	1.5525	1.7325
sub-05	6	33	pro	sub-05_run-06_trial-33.wav	8	1.7325	1.8925
sub-05	6	33	pro	sub-05_run-06_trial-33.wav	9	1.8925	2.0925
sub-05	6	33	pro	sub-05_run-06_trial-33.wav	10	2.0925	2.2525
sub-05	6	33	pro	sub-05_run-06_trial-33.wav	11	2.2525	2.4525
sub-05	6	33	pro	sub-05_run-06_trial-33.wav	12	2.4525	2.6325
sub-05	6	33	pro	sub-05_run-06_trial-33.wav	13	2.6325	2.8125
sub-05	6	33	pro	sub-05_run-06_trial-33.wav	14	2.8125	2.9925
sub-05	6	33	pro	sub-05_run-06_trial-33.wav	15	2.9925	3.1725
sub-05	6	33	pro	sub-05_run-06_trial-33.wav	16	3.1725	3.3325
sub-05	6	33	pro	sub-05_run-06_trial-33.wav	17	3.3325	3.5325
sub-05	6	33	pro	sub-05_run-06_trial-33.wav	18	3.5325	3.6925
sub-05	6	33	pro	sub-05_run-06_trial-33.wav	19	3.6925	3.8925
sub-05	6	33	pro	sub-05_run-06_trial-33.wav	20	3.8925	4.0925
sub-05	6	33	pro	sub-05_run-06_trial-33.wav	21	4.0925	4.2725
sub-05	6	33	pro	sub-05_run-06_trial-33.wav	22	4.2725	4.4125
sub-05	6	34	through	sub-05_run-06_trial-34.wav	1	0.1525	0.2925
sub-05	6	34	through	sub-05_run-06_trial-34.wav	2	0.2925	0.4725
sub-05	6	34	through	sub-05_run-06_trial-34.wav	3	0.4725	0.6525
sub-05	6	34	through	sub-05_run-06_trial-34.wav	4	0.6525	0.8525
sub-05	6	34	through	sub-05_run-06_trial-34.wav	5	0.8525	1.0125
sub-05	6	34	through	sub-05_run-06_trial-34.wav	6	1.0125	1.2125
sub-05	6	34	through	sub-05_run-06_trial-34.wav	7	1.2125	1.4925
sub-05	6	34	through	sub-05_run-06_trial-34.wav	8	1.4925	1.6125
sub-05	6	34	through	sub-05_run-06_trial-34.wav	9	1.6925	1.8125
sub-05	6	34	through	sub-05_run-06_trial-34.wav	10	1.8125	1.9125
sub-05	6	34	through	sub-05_run-06_trial-34.wav	11	1.9125	2.0325
sub-05	6	34	through	sub-05_run-06_trial-34.wav	12	2.0325	2.3525
sub-05	6	34	through	sub-05_run-06_trial-34.wav	13	2.3525	2.4925
sub-05	6	34	through	sub-05_run-06_trial-34.wav	14	2.5725	2.7325
sub-05	6	34	through	sub-05_run-06_trial-34.wav	15	2.7325	2.9525
sub-05	6	34	through	sub-05_run-06_trial-34.wav	16	2.9525	3.0525
sub-05	6	34	through	sub-05_run-06_trial-34.wav	17	3.0525	3.1725
sub-05	6	34	through	sub-05_run-06_trial-34.wav	18	3.1725	3.2925
sub-05	6	34	through	sub-05_run-06_trial-34.wav	19	3.2925	3.4125
sub-05	6	34	through	sub-05_run-06_trial-34.wav	20	3.4125	3.4925
sub-05	6	34	through	sub-05_run-06_trial-34.wav	21	3.4925	3.6525
sub-05	6	34	through	sub-05_run-06_trial-34.wav	22	3.6525	3.7325
sub-05	6	34	through	sub-05_run-06_trial-34.wav	23	3.7325	3.8725
sub-05	6	34	through	sub-05_run-06_trial-34.wav	24	3.8725	4.0125
sub-05	6	34	through	sub-05_run-06_trial-34.wav	25	4.0125	4.1925
sub-05	6	34	through	sub-05_run-06_trial-34.wav	26	4.1925	4.9716
sub-05	6	35	a	sub-05_run-06_trial-35.wav	1	0.2925	0.4125
sub-05	6	35	a	sub-05_run-06_trial-35.wav	2	0.4125	0.5725
sub-05	6	35	a	sub-05_run-06_trial-35.wav	3	0.5725	0.7325
sub-05	6	35	a	sub-05_run-06_trial-35.wav	4	0.7925	0.9525
sub-05	6	35	a	sub-05_run-06_trial-35.wav	5	0.9525	1.1325
sub-05	6	35	a	sub-05_run-06_trial-35.wav	6	1.1325	1.3525
sub-05	6	35	a	sub-05_run-06_trial-35.wav	7	1.3525	1.5525
sub-05	6	35	a	sub-05_run-06_trial-35.wav	8	1.5525	1.7325
sub-05	6	35	a	sub-05_run-06_trial-35.wav	9	1.7325	2.0325
sub-05	6	35	a	sub-05_run-06_trial-35.wav	10	2.0325	2.2325
sub-05	6	35	a	sub-05_run-06_trial-35.wav	11	2.2325	2.5125
sub-05	6	35	a	sub-05_run-06_trial-35.wav	12	2.5125	2.8525
sub-05	6	35	a	sub-05_run-06_trial-35.wav	13	3.1125	3.2525
sub-05	6	35	a	sub-05_run-06_trial-35.wav	14	3.2525	3.4525
sub-05	6	35	a	sub-05_run-06_trial-35.wav	15	3.4525	3.6125
sub-05	6	35	a	sub-05_run-06_trial-35.wav	16	3.6125	3.7725
sub-05	6	35	a	sub-05_run-06_trial-35.wav	17	3.7725	3.9725
sub-05	6	35	a	sub-05_run-06_trial-35.wav	18	3.9725	4.1525
sub-05	6	35	a	sub-05_run-06_trial-35.wav	19	4.1525	4.3325
sub-05	6	35	a	sub-05_run-06_trial-35.wav	20	4.3325	4.5525
sub-05	6	36	leh	sub-05_run-06_trial-36.wav	1	0.0525	0.2525
sub-05	6	36	leh	sub-05_run-06_trial-36.wav	2	0.2525	0.3725
sub-05	6	36	leh	sub-05_run-06_trial-36.wav	3	0.3725	0.5125
sub-05	6	36	leh	sub-05_run-06_trial-36.wav	4	0.5125	0.6525
sub-05	6	36	leh	sub-05_run-06_trial-36.wav	5	0.6525	0.7925
sub-05	6	36	leh	sub-05_run-06_trial-36.wav	6	0.7925	0.9325
sub-05	6	36	leh	sub-05_run-06_trial-36.wav	7	0.9325	1.0725
sub-05	6	36	leh	sub-05_run-06_trial-36.wav	8	1.0725	1.2125
sub-05	6	36	leh	sub-05_run-06_trial-36.wav	9	1.2125	1.3725
sub-05	6	36	leh	sub-05_run-06_trial-36.wav	10	1.3725	1.5325
sub-05	6	36	leh	sub-05_run-06_trial-36.wav	11	1.5325	1.6925
sub-05	6	36	leh	sub-05_run-06_trial-36.wav	12	1.6925	1.8525
sub-05	6	36	leh	sub-05_run-06_trial-36.wav	13	1.8525	2.0125
sub-05	6	36	leh	sub-05_run-06_trial-36.wav	14	2.0125	2.1725
sub-05	6	36	leh	sub-05_run-06_trial-36.wav	15	2.1725	2.3125
sub-05	6	36	leh	sub-05_run-06_trial-36.wav	16	2.3125	2.4925
sub-05	6	36	leh	sub-05_run-06_trial-36.wav	17	2.4925	2.6725
sub-05	6	36	leh	sub-05_run-06_trial-36.wav	18	2.6725	2.8325
sub-05	6	36	leh	sub-05_run-06_trial-36.wav	19	2.8325	2.9925
sub-05	6	36	leh	sub-05_run-06_trial-36.wav	20	2.9925	3.1525
sub-05	6	36	leh	sub-05_run-06_trial-36.wav	21	3.1525	3.3525
sub-05	6	36	leh	sub-05_run-06_trial-36.wav	22	3.3525	3.5325
sub-05	6	36	leh	sub-05_run-06_trial-36.wav	23	3.5325	3.6925
sub-05	6	36	leh	sub-05_run-06_trial-36.wav	24	3.6925	3.8525
sub-05	6	36	leh	sub-05_run-06_trial-36.wav	25	3.8525	4.0125
sub-05	6	36	leh	sub-05_run-06_trial-36.wav	26	4.0125	4.1925
sub-05	6	36	leh	sub-05_run-06_trial-36.wav	27	4.1925	4.3925
sub-05	6	37	mih	sub-05_run-06_trial-37.wav	1	0.0525	0.3325
sub-05	6	37	mih	sub-05_run-06_trial-37.wav	2	0.3325	0.4525
sub-05	6	37	mih	sub-05_run-06_trial-37.wav	3	0.4525	0.5725
sub-05	6	37	mih	sub-05_run-06_trial-37.wav	4	0.5725	0.7325
sub-05	6	37	mih	sub-05_run-06_trial-37.wav	5	0.7325	0.8525
sub-05	6	37	mih	sub-05_run-06_trial-37.wav	6	0.8525	1.0125
sub-05	6	37	mih	sub-05_run-06_trial-37.wav	7	1.0125	1.1525
sub-05	6	37	mih	sub-05_run-06_trial-37.wav	8	1.1525	1.2925
sub-05	6	37	mih	sub-05_run-06_trial-37.wav	9	1.2925	1.4525
sub-05	6	37	mih	sub-05_run-06_trial-37.wav	10	1.4525	1.5925
sub-05	6	37	mih	sub-05_run-06_trial-37.wav	11	1.5925	1.7525
sub-05	6	37	mih	sub-05_run-06_trial-37.wav	12	1.7525	1.9125
sub-05	6	37	mih	sub-05_run-06_trial-37.wav	13	1.9125	2.0725
sub-05	6	37	mih	sub-05_run-06_trial-37.wav	14	2.0725	2.2325
sub-05	6	37	mih	sub-05_run-06_trial-37.wav	15	2.2325	2.3925
sub-05	6	37	mih	sub-05_run-06_trial-37.wav	16	2.3925	2.5325
sub-05	6	37	mih	sub-05_run-06_trial-37.wav	17	2.5325	2.6925
sub-05	6	37	mih	sub-05_run-06_trial-37.wav	18	2.6925	2.8325
sub-05	6	37	mih	sub-05_run-06_trial-37.wav	19	2.8325	3.0125
sub-05	6	37	mih	sub-05_run-06_trial-37.wav	20	3.0125	3.1725
sub-05	6	37	mih	sub-05_run-06_trial-37.wav	21	3.1725	3.3325
sub-05	6	37	mih	sub-05_run-06_trial-37.wav	22	3.3325	3.4925
sub-05	6	37	mih	sub-05_run-06_trial-37.wav	23	3.4925	3.6525
sub-05	6	37	mih	sub-05_run-06_trial-37.wav	24	3.6525	3.8125
sub-05	6	37	mih	sub-05_run-06_trial-37.wav	25	3.8125	3.9525
sub-05	6	37	mih	sub-05_run-06_trial-37.wav	26	3.9525	4.1125
sub-05	6	37	mih	sub-05_run-06_trial-37.wav	27	4.1125	4.2525
sub-05	6	37	mih	sub-05_run-06_trial-37.wav	28	4.2525	4.5125
sub-05	6	38	day	sub-05_run-06_trial-38.wav	1	0.2125	0.3325
sub-05	6	38	day	sub-05_run-06_trial-38.wav	2	0.3325	0.4525
sub-05	6	38	day	sub-05_run-06_trial-38.wav	3	0.4525	0.6125
sub-05	6	38	day	sub-05_run-06_trial-38.wav	4	0.6125	0.7325
sub-05	6	38	day	sub-05_run-06_trial-38.wav	5	0.7325	0.8925
sub-05	6	38	day	sub-05_run-06_trial-38.wav	6	0.8925	1.0125
sub-05	6	38	day	sub-05_run-06_trial-38.wav	7	1.0125	1.1725
sub-05	6	38	day	sub-05_run-06_trial-38.wav	8	1.1725	1.2925
sub-05	6	38	day	sub-05_run-06_trial-38.wav	9	1.2925	1.4525
sub-05	6	38	day	sub-05_run-06_trial-38.wav	10	1.4525	1.6125
sub-05	6	38	day	sub-05_run-06_trial-38.wav	11	1.6125	1.7725
sub-05	6	38	day	sub-05_run-06_trial-38.wav	12	1.7725	1.9325
sub-05	6	38	day	sub-05_run-06_trial-38.wav	13	1.9325	2.0725
sub-05	6	38	day	sub-05_run-06_trial-38.wav	14	2.0725	2.2125
sub-05	6	38	day	sub-05_run-06_trial-38.wav	15	2.2125	2.3725
sub-05	6	38	day	sub-05_run-06_trial-38.wav	16	2.3725	2.5325
sub-05	6	38	day	sub-05_run-06_trial-38.wav	17	2.5325	2.6525
sub-05	6	38	day	sub-05_run-06_trial-38.wav	18	2.6525	2.8125
sub-05	6	38	day	sub-05_run-06_trial-38.wav	19	2.8125	3.0125
sub-05	6	38	day	sub-05_run-06_trial-38.wav	20	3.0125	3.1325
sub-05	6	38	day	sub-05_run-06_trial-38.wav	21	3.1325	3.2525
sub-05	6	38	day	sub-05_run-06_trial-38.wav	22	3.2525	3.4125
sub-05	6	38	day	sub-05_run-06_trial-38.wav	23	3.4125	3.5725
sub-05	6	38	day	sub-05_run-06_trial-38.wav	24	3.5725	3.7125
sub-05	6	38	day	sub-05_run-06_trial-38.wav	25	3.7125	3.8525
sub-05	6	38	day	sub-05_run-06_trial-38.wav	26	3.8525	3.9925
sub-05	6	38	day	sub-05_run-06_trial-38.wav	27	3.9925	4.1125
sub-05	6	38	day	sub-05_run-06_trial-38.wav	28	4.1125	4.1925
sub-05	6	38	day	sub-05_run-06_trial-38.wav	29	4.1925	4.2725
sub-05	6	38	day	sub-05_run-06_trial-38.wav	30	4.2725	4.5325
sub-05	6	39	ti	sub-05_run-06_trial-39.wav	1	0.2725	0.3725
sub-05	6	39	ti	sub-05_run-06_trial-39.wav	2	0.3725	0.4925
sub-05	6	39	ti	sub-05_run-06_trial-39.wav	3	0.4925	0.6525
sub-05	6	39	ti	sub-05_run-06_trial-39.wav	4	0.6525	0.8125
sub-05	6	39	ti	sub-05_run-06_trial-39.wav	5	0.8125	0.9725
sub-05	6	39	ti	sub-05_run-06_trial-39.wav	6	0.9725	1.1325
sub-05	6	39	ti	sub-05_run-06_trial-39.wav	7	1.1325	1.2925
sub-05	6	39	ti	sub-05_run-06_trial-39.wav	8	1.2925	1.4525
sub-05	6	39	ti	sub-05_run-06_trial-39.wav	9	1.4525	1.5925
sub-05	6	39	ti	sub-05_run-06_trial-39.wav	10	1.6325	1.7525
sub-05	6	39	ti	sub-05_run-06_trial-39.wav	11	1.8125	1.9125
sub-05	6	39	ti	sub-05_run-06_trial-39.wav	12	1.9525	2.0725
sub-05	6	39	ti	sub-05_run-06_trial-39.wav	13	2.1325	2.2325
sub-05	6	39	ti	sub-05_run-06_trial-39.wav	14	2.3125	2.4125
sub-05	6	39	ti	sub-05_run-06_trial-39.wav	15	2.4125	2.5925
sub-05	6	39	ti	sub-05_run-06_trial-39.wav	16	2.5925	2.7925
sub-05	6	39	ti	sub-05_run-06_trial-39.wav	17	2.7925	2.9925
sub-05	6	39	ti	sub-05_run-06_trial-39.wav	18	2.9925	3.1725
sub-05	6	39	ti	sub-05_run-06_trial-39.wav	19	3.1725	3.3525
sub-05	6	39	ti	sub-05_run-06_trial-39.wav	20	3.3525	3.5125
sub-05	6	39	ti	sub-05_run-06_trial-39.wav	21	3.5725	3.6725
sub-05	6	39	ti	sub-05_run-06_trial-39.wav	22	3.6725	3.9325
sub-05	6	39	ti	sub-05_run-06_trial-39.wav	23	3.9325	4.1125
sub-05	6	39	ti	sub-05_run-06_trial-39.wav	24	4.1125	4.3725
sub-05	6	40	out	sub-05_run-06_trial-40.wav	1	0.1725	0.2925
sub-05	6	40	out	sub-05_run-06_trial-40.wav	2	0.2925	0.4125
sub-05	6	40	out	sub-05_run-06_trial-40.wav	3	0.4125	0.5725
sub-05	6	40	out	sub-05_run-06_trial-40.wav	4	0.5725	0.6925
sub-05	6	40	out	sub-05_run-06_trial-40.wav	5	0.7325	0.8525
sub-05	6	40	out	sub-05_run-06_trial-40.wav	6	0.8525	0.9925
sub-05	6	40	out	sub-05_run-06_trial-40.wav	7	1.0325	1.1525
sub-05	6	40	out	sub-05_run-06_trial-40.wav	8	1.1925	1.3325
sub-05	6	40	out	sub-05_run-06_trial-40.wav	9	1.3325	1.4925
sub-05	6	40	out	sub-05_run-06_trial-40.wav	10	1.4925	1.6125
sub-05	6	40	out	sub-05_run-06_trial-40.wav	11	1.6525	1.7725
sub-05	6	40	out	sub-05_run-06_trial-40.wav	12	1.7725	1.9325
sub-05	6	40	out	sub-05_run-06_trial-40.wav	13	1.9325	2.1125
sub-05	6	40	out	sub-05_run-06_trial-40.wav	14	2.1525	2.2925
sub-05	6	40	out	sub-05_run-06_trial-40.wav	15	2.3325	2.4525
sub-05	6	40	out	sub-05_run-06_trial-40.wav	16	2.4925	2.6125
sub-05	6	40	out	sub-05_run-06_trial-40.wav	17	2.6125	2.8125
sub-05	6	40	out	sub-05_run-06_trial-40.wav	18	2.8125	3.0125
sub-05	6	40	out	sub-05_run-06_trial-40.wav	19	3.0125	3.1725
sub-05	6	40	out	sub-05_run-06_trial-40.wav	20	3.1725	3.3325
sub-05	6	40	out	sub-05_run-06_trial-40.wav	21	3.3325	3.4925
sub-05	6	40	out	sub-05_run-06_trial-40.wav	22	3.4925	3.6925
sub-05	6	40	out	sub-05_run-06_trial-40.wav	23	3.6925	3.8525
sub-05	6	40	out	sub-05_run-06_trial-40.wav	24	3.9125	4.0525
sub-05	6	40	out	sub-05_run-06_trial-40.wav	25	4.0525	4.2125
sub-05	6	40	out	sub-05_run-06_trial-40.wav	26	4.2125	4.4125
sub-05	6	40	out	sub-05_run-06_trial-40.wav	27	4.4125	4.7725
sub-05	6	41	naw	sub-05_run-06_trial-41.wav	1	0.2925	0.3925
sub-05	6	41	naw	sub-05_run-06_trial-41.wav	2	0.3925	0.5325
sub-05	6	41	naw	sub-05_run-06_trial-41.wav	3	0.5325	0.6525
sub-05	6	41	naw	sub-05_run-06_trial-41.wav	4	0.6525	0.7925
sub-05	6	41	naw	sub-05_run-06_trial-41.wav	5	0.7925	0.9325
sub-05	6	41	naw	sub-05_run-06_trial-41.wav	6	0.9325	1.0725
sub-05	6	41	naw	sub-05_run-06_trial-41.wav	7	1.0725	1.2125
sub-05	6	41	naw	sub-05_run-06_trial-41.wav	8	1.2125	1.3525
sub-05	6	41	naw	sub-05_run-06_trial-41.wav	9	1.3525	1.4925
sub-05	6	41	naw	sub-05_run-06_trial-41.wav	10	1.4925	1.6525
sub-05	6	41	naw	sub-05_run-06_trial-41.wav	11	1.6525	1.7925
sub-05	6	41	naw	sub-05_run-06_trial-41.wav	12	1.7925	1.9525
sub-05	6	41	naw	sub-05_run-06_trial-41.wav	13	1.9525	2.0925
sub-05	6	41	naw	sub-05_run-06_trial-41.wav	14	2.0925	2.2525
sub-05	6	41	naw	sub-05_run-06_trial-41.wav	15	2.2525	2.4125
sub-05	6	41	naw	sub-05_run-06_trial-41.wav	16	2.4125	2.5725
sub-05	6	41	naw	sub-05_run-06_trial-41.wav	17	2.5725	2.7125
sub-05	6	41	naw	sub-05_run-06_trial-41.wav	18	2.7125	2.8925
sub-05	6	41	naw	sub-05_run-06_trial-41.wav	19	2.8925	3.0525
sub-05	6	41	naw	sub-05_run-06_trial-41.wav	20	3.0525	3.2125
sub-05	6	41	naw	sub-05_run-06_trial-41.wav	21	3.2125	3.3925
sub-05	6	41	naw	sub-05_run-06_trial-41.wav	22	3.3925	3.5525
sub-05	6	41	naw	sub-05_run-06_trial-41.wav	23	3.5525	3.7125
sub-05	6	41	naw	sub-05_run-06_trial-41.wav	24	3.7125	3.8525
sub-05	6	41	naw	sub-05_run-06_trial-41.wav	25	3.8525	3.9925
sub-05	6	41	naw	sub-05_run-06_trial-41.wav	26	3.9925	4.1325
sub-05	6	41	naw	sub-05_run-06_trial-41.wav	27	4.1325	4.3125
sub-05	6	41	naw	sub-05_run-06_trial-41.wav	28	4.3125	4.5725
sub-05	6	42	chuck	sub-05_run-06_trial-42.wav	1	0.1325	0.2525
sub-05	6	42	chuck	sub-05_run-06_trial-42.wav	2	0.3125	0.4525
sub-05	6	42	chuck	sub-05_run-06_trial-42.wav	3	0.4525	0.5925
sub-05	6	42	chuck	sub-05_run-06_trial-42.wav	4	0.6325	0.7725
sub-05	6	42	chuck	sub-05_run-06_trial-42.wav	5	0.7725	0.9325
sub-05	6	42	chuck	sub-05_run-06_trial-42.wav	6	0.9325	1.0925
sub-05	6	42	chuck	sub-05_run-06_trial-42.wav	7	1.1525	1.2925
sub-05	6	42	chuck	sub-05_run-06_trial-42.wav	8	1.2925	1.4725
sub-05	6	42	chuck	sub-05_run-06_trial-42.wav	9	1.4725	1.6925
sub-05	6	42	chuck	sub-05_run-06_trial-42.wav	10	1.6925	1.8925
sub-05	6	42	chuck	sub-05_run-06_trial-42.wav	11	1.8925	2.0325
sub-05	6	42	chuck	sub-05_run-06_trial-42.wav	12	2.0925	2.2125
sub-05	6	42	chuck	sub-05_run-06_trial-42.wav	13	2.2125	2.3925
sub-05	6	42	chuck	sub-05_run-06_trial-42.wav	14	2.4525	2.5725
sub-05	6	42	chuck	sub-05_run-06_trial-42.wav	15	2.6525	2.7725
sub-05	6	42	chuck	sub-05_run-06_trial-42.wav	16	2.7725	2.9525
sub-05	6	42	chuck	sub-05_run-06_trial-42.wav	17	2.9525	3.1325
sub-05	6	42	chuck	sub-05_run-06_trial-42.wav	18	3.1725	3.3325
sub-05	6	42	chuck	sub-05_run-06_trial-42.wav	19	3.3925	3.5325
sub-05	6	42	chuck	sub-05_run-06_trial-42.wav	20	3.5925	3.7325
sub-05	6	42	chuck	sub-05_run-06_trial-42.wav	21	3.7925	3.9325
sub-05	6	42	chuck	sub-05_run-06_trial-42.wav	22	3.9925	4.1725
sub-05	6	42	chuck	sub-05_run-06_trial-42.wav	23	4.1725	4.3325
sub-05	6	42	chuck	sub-05_run-06_trial-42.wav	24	4.3325	4.5125
sub-05	6	42	chuck	sub-05_run-06_trial-42.wav	25	4.6525	4.7525
sub-05	7	1	airy	sub-05_run-07_trial-01.wav	1	0.3925	0.5325
sub-05	7	1	airy	sub-05_run-07_trial-01.wav	2	0.5325	0.6725
sub-05	7	1	airy	sub-05_run-07_trial-01.wav	3	0.6725	0.9725
sub-05	7	1	airy	sub-05_run-07_trial-01.wav	4	0.9725	1.2725
sub-05	7	1	airy	sub-05_run-07_trial-01.wav	5	1.2725	1.6525
sub-05	7	1	airy	sub-05_run-07_trial-01.wav	6	1.6525	2.0125
sub-05	7	1	airy	sub-05_run-07_trial-01.wav	7	2.0125	2.3325
sub-05	7	1	airy	sub-05_run-07_trial-01.wav	8	2.3325	2.4325
sub-05	7	1	airy	sub-05_run-07_trial-01.wav	9	2.4325	2.7325
sub-05	7	1	airy	sub-05_run-07_trial-01.wav	10	2.7325	3.2925
sub-05	7	1	airy	sub-05_run-07_trial-01.wav	11	3.2925	3.6525
sub-05	7	1	airy	sub-05_run-07_trial-01.wav	12	3.6525	4.0325
sub-05	7	1	airy	sub-05_run-07_trial-01.wav	13	4.0325	4.2525
sub-05	7	1	airy	sub-05_run-07_trial-01.wav	14	4.2525	4.4925
sub-05	7	2	how	sub-05_run-07_trial-02.wav	1	0.2525	0.4325
sub-05	7	2	how	sub-05_run-07_trial-02.wav	2	0.4325	0.5925
sub-05	7	2	how	sub-05_run-07_trial-02.wav	3	0.5925	0.7725
sub-05	7	2	how	sub-05_run-07_trial-02.wav	4	0.7725	0.9525
sub-05	7	2	how	sub-05_run-07_trial-02.wav	5	0.9525	1.1525
sub-05	7	2	how	sub-05_run-07_trial-02.wav	6	1.1525	1.3125
sub-05	7	2	how	sub-05_run-07_trial-02.wav	7	1.3125	1.5325
sub-05	7	2	how	sub-05_run-07_trial-02.wav	8	1.5325	1.6925
sub-05	7	2	how	sub-05_run-07_trial-02.wav	9	1.6925	1.8525
sub-05	7	2	how	sub-05_run-07_trial-02.wav	10	1.8525	2.0525
sub-05	7	2	how	sub-05_run-07_trial-02.wav	11	2.0525	2.2325
sub-05	7	2	how	sub-05_run-07_trial-02.wav	12	2.2325	2.4325
sub-05	7	2	how	sub-05_run-07_trial-02.wav	13	2.4325	2.6325
sub-05	7	2	how	sub-05_run-07_trial-02.wav	14	2.6325	2.8325
sub-05	7	2	how	sub-05_run-07_trial-02.wav	15	2.8325	3.0325
sub-05	7	2	how	sub-05_run-07_trial-02.wav	16	3.0325	3.2525
sub-05	7	2	how	sub-05_run-07_trial-02.wav	17	3.2525	3.4325
sub-05	7	2	how	sub-05_run-07_trial-02.wav	18	3.4325	3.6325
sub-05	7	2	how	sub-05_run-07_trial-02.wav	19	3.6325	3.8125
sub-05	7	2	how	sub-05_run-07_trial-02.wav	20	3.8125	4.0125
sub-05	7	2	how	sub-05_run-07_trial-02.wav	21	4.0125	4.2725
sub-05	7	3	ti	sub-05_run-07_trial-03.wav	1	0.2125	0.3325
sub-05	7	3	ti	sub-05_run-07_trial-03.wav	2	0.3325	0.4925
sub-05	7	3	ti	sub-05_run-07_trial-03.wav	3	0.4925	0.6525
sub-05	7	3	ti	sub-05_run-07_trial-03.wav	4	0.6525	0.7725
sub-05	7	3	ti	sub-05_run-07_trial-03.wav	5	0.7725	0.9325
sub-05	7	3	ti	sub-05_run-07_trial-03.wav	6	0.9325	1.0925
sub-05	7	3	ti	sub-05_run-07_trial-03.wav	7	1.0925	1.2525
sub-05	7	3	ti	sub-05_run-07_trial-03.wav	8	1.2525	1.3725
sub-05	7	3	ti	sub-05_run-07_trial-03.wav	9	1.4325	1.5725
sub-05	7	3	ti	sub-05_run-07_trial-03.wav	10	1.5725	1.7325
sub-05	7	3	ti	sub-05_run-07_trial-03.wav	11	1.7325	1.8925
sub-05	7	3	ti	sub-05_run-07_trial-03.wav	12	1.8925	2.0525
sub-05	7	3	ti	sub-05_run-07_trial-03.wav	13	2.0525	2.2125
sub-05	7	3	ti	sub-05_run-07_trial-03.wav	14	2.2125	2.3725
sub-05	7	3	ti	sub-05_run-07_trial-03.wav	15	2.3725	2.5525
sub-05	7	3	ti	sub-05_run-07_trial-03.wav	16	2.5525	2.7125
sub-05	7	3	ti	sub-05_run-07_trial-03.wav	17	2.7725	2.8925
sub-05	7	3	ti	sub-05_run-07_trial-03.wav	18	2.9325	3.0525
sub-05	7	3	ti	sub-05_run-07_trial-03.wav	19	3.0525	3.2525
sub-05	7	3	ti	sub-05_run-07_trial-03.wav	20	3.2525	3.3725
sub-05	7	3	ti	sub-05_run-07_trial-03.wav	21	3.4525	3.5725
sub-05	7	3	ti	sub-05_run-07_trial-03.wav	22	3.5725	3.7325
sub-05	7	3	ti	sub-05_run-07_trial-03.wav	23	3.7925	3.8925
sub-05	7	3	ti	sub-05_run-07_trial-03.wav	24	3.9525	4.0525
sub-05	7	3	ti	sub-05_run-07_trial-03.wav	25	4.1125	4.2525
sub-05	7	3	ti	sub-05_run-07_trial-03.wav	26	4.2525	4.4125
sub-05	7	3	ti	sub-05_run-07_trial-03.wav	27	4.4125	4.9716
sub-05	7	4	if	sub-05_run-07_trial-04.wav	1	0.2525	0.4725
sub-05	7	4	if	sub-05_run-07_trial-04.wav	2	0.4725	0.6125
sub-05	7	4	if	sub-05_run-07_trial-04.wav	3	0.6125	0.7525
sub-05	7	4	if	sub-05_run-07_trial-04.wav	4	0.7525	0.8925
sub-05	7	4	if	sub-05_run-07_trial-04.wav	5	0.8925	1.0325
sub-05	7	4	if	sub-05_run-07_trial-04.wav	6	1.0325	1.1925
sub-05	7	4	if	sub-05_run-07_trial-04.wav	7	1.1925	1.3525
sub-05	7	4	if	sub-05_run-07_trial-04.wav	8	1.3525	1.5325
sub-05	7	4	if	sub-05_run-07_trial-04.wav	9	1.5325	1.7125
sub-05	7	4	if	sub-05_run-07_trial-04.wav	10	1.7125	1.8725
sub-05	7	4	if	sub-05_run-07_trial-04.wav	11	1.8725	2.0525
sub-05	7	4	if	sub-05_run-07_trial-04.wav	12	2.0525	2.2125
sub-05	7	4	if	sub-05_run-07_trial-04.wav	13	2.2125	2.3925
sub-05	7	4	if	sub-05_run-07_trial-04.wav	14	2.3925	2.5725
sub-05	7	4	if	sub-05_run-07_trial-04.wav	15	2.5725	2.7525
sub-05	7	4	if	sub-05_run-07_trial-04.wav	16	2.7525	2.9125
sub-05	7	4	if	sub-05_run-07_trial-04.wav	17	2.9125	3.0125
sub-05	7	4	if	sub-05_run-07_trial-04.wav	18	3.0125	3.1125
sub-05	7	4	if	sub-05_run-07_trial-04.wav	19	3.1125	3.2725
sub-05	7	4	if	sub-05_run-07_trial-04.wav	20	3.2725	3.4325
sub-05	7	4	if	sub-05_run-07_trial-04.wav	21	3.4325	3.6325
sub-05	7	4	if	sub-05_run-07_trial-04.wav	22	3.6325	3.8125
sub-05	7	4	if	sub-05_run-07_trial-04.wav	23	3.8125	3.9925
sub-05	7	4	if	sub-05_run-07_trial-04.wav	24	3.9925	4.1725
sub-05	7	4	if	sub-05_run-07_trial-04.wav	25	4.1725	4.3925
sub-05	7	5	per	sub-05_run-07_trial-05.wav	1	0.0725	0.2125
sub-05	7	5	per	sub-05_run-07_trial-05.wav	2	0.2125	0.3725
sub-05	7	5	per	sub-05_run-07_trial-05.wav	3	0.3725	0.4525
sub-05	7	5	per	sub-05_run-07_trial-05.wav	4	0.5125	0.6125
sub-05	7	5	per	sub-05_run-07_trial-05.wav	5	0.6725	0.7925
sub-05	7	5	per	sub-05_run-07_trial-05.wav	6	0.7925	0.9525
sub-05	7	5	per	sub-05_run-07_trial-05.wav	7	1.0125	1.1725
sub-05	7	5	per	sub-05_run-07_trial-05.wav	8	1.1725	1.3325
sub-05	7	5	per	sub-05_run-07_trial-05.wav	9	1.3325	1.4325
sub-05	7	5	per	sub-05_run-07_trial-05.wav	10	1.5125	1.6125
sub-05	7	5	per	sub-05_run-07_trial-05.wav	11	1.6725	1.8525
sub-05	7	5	per	sub-05_run-07_trial-05.wav	12	1.8525	2.0325
sub-05	7	5	per	sub-05_run-07_trial-05.wav	13	2.0325	2.2125
sub-05	7	5	per	sub-05_run-07_trial-05.wav	14	2.2125	2.2925
sub-05	7	5	per	sub-05_run-07_trial-05.wav	15	2.3725	2.5525
sub-05	7	5	per	sub-05_run-07_trial-05.wav	16	2.5525	2.6725
sub-05	7	5	per	sub-05_run-07_trial-05.wav	17	2.7125	2.8125
sub-05	7	5	per	sub-05_run-07_trial-05.wav	18	2.8725	2.9725
sub-05	7	5	per	sub-05_run-07_trial-05.wav	19	3.0325	3.1325
sub-05	7	5	per	sub-05_run-07_trial-05.wav	20	3.2125	3.3925
sub-05	7	5	per	sub-05_run-07_trial-05.wav	21	3.3925	3.4925
sub-05	7	5	per	sub-05_run-07_trial-05.wav	22	3.5725	3.7525
sub-05	7	5	per	sub-05_run-07_trial-05.wav	23	3.7525	3.9125
sub-05	7	5	per	sub-05_run-07_trial-05.wav	24	3.9125	4.0925
sub-05	7	5	per	sub-05_run-07_trial-05.wav	25	4.0925	4.1925
sub-05	7	5	per	sub-05_run-07_trial-05.wav	26	4.2725	4.4525
sub-05	7	6	juh	sub-05_run-07_trial-06.wav	1	0.2325	0.3925
sub-05	7	6	juh	sub-05_run-07_trial-06.wav	2	0.3925	0.5525
sub-05	7	6	juh	sub-05_run-07_trial-06.wav	3	0.5525	0.7125
sub-05	7	6	juh	sub-05_run-07_trial-06.wav	4	0.7125	0.9125
sub-05	7	6	juh	sub-05_run-07_trial-06.wav	5	0.9125	1.0925
sub-05	7	6	juh	sub-05_run-07_trial-06.wav	6	1.0925	1.3525
sub-05	7	6	juh	sub-05_run-07_trial-06.wav	7	1.3525	1.4925
sub-05	7	6	juh	sub-05_run-07_trial-06.wav	8	1.4925	1.6925
sub-05	7	6	juh	sub-05_run-07_trial-06.wav	9	1.6925	1.9125
sub-05	7	6	juh	sub-05_run-07_trial-06.wav	10	1.9125	2.1125
sub-05	7	6	juh	sub-05_run-07_trial-06.wav	11	2.1125	2.2925
sub-05	7	6	juh	sub-05_run-07_trial-06.wav	12	2.2925	2.4325
sub-05	7	6	juh	sub-05_run-07_trial-06.wav	13	2.4325	2.6525
sub-05	7	6	juh	sub-05_run-07_trial-06.wav	14	2.6525	2.8525
sub-05	7	6	juh	sub-05_run-07_trial-06.wav	15	2.8525	3.0325
sub-05	7	6	juh	sub-05_run-07_trial-06.wav	16	3.0325	3.2125
sub-05	7	6	juh	sub-05_run-07_trial-06.wav	17	3.2125	3.4325
sub-05	7	6	juh	sub-05_run-07_trial-06.wav	18	3.4325	3.6525
sub-05	7	6	juh	sub-05_run-07_trial-06.wav	19	3.6525	3.8325
sub-05	7	6	juh	sub-05_run-07_trial-06.wav	20	3.8325	4.0125
sub-05	7	6	juh	sub-05_run-07_trial-06.wav	21	4.0125	4.2925
sub-05	7	6	juh	sub-05_run-07_trial-06.wav	22	4.2925	4.5125
sub-05	7	6	juh	sub-05_run-07_trial-06.wav	23	4.5125	4.6725
sub-05	7	7	less	sub-05_run-07_trial-07.wav	1	0.2325	0.3325
sub-05	7	7	less	sub-05_run-07_trial-07.wav	2	0.3325	0.4925
sub-05	7	7	less	sub-05_run-07_trial-07.wav	3	0.4925	0.5925
sub-05	7	7	less	sub-05_run-07_trial-07.wav	4	0.5925	0.6925
sub-05	7	7	less	sub-05_run-07_trial-07.wav	5	0.6925	0.8925
sub-05	7	7	less	sub-05_run-07_trial-07.wav	6	0.8925	1.0925
sub-05	7	7	less	sub-05_run-07_trial-07.wav	7	1.0925	1.2925
sub-05	7	7	less	sub-05_run-07_trial-07.wav	8	1.2925	1.4725
sub-05	7	7	less	sub-05_run-07_trial-07.wav	9	1.4725	1.6725
sub-05	7	7	less	sub-05_run-07_trial-07.wav	10	1.6725	1.7725
sub-05	7	7	less	sub-05_run-07_trial-07.wav	11	1.7725	1.8725
sub-05	7	7	less	sub-05_run-07_trial-07.wav	12	1.8725	2.0525
sub-05	7	7	less	sub-05_run-07_trial-07.wav	13	2.0525	2.2525
sub-05	7	7	less	sub-05_run-07_trial-07.wav	14	2.2525	2.4525
sub-05	7	7	less	sub-05_run-07_trial-07.wav	15	2.4525	2.6725
sub-05	7	7	less	sub-05_run-07_trial-07.wav	16	2.6725	2.8725
sub-05	7	7	less	sub-05_run-07_trial-07.wav	17	2.8725	3.1125
sub-05	7	7	less	sub-05_run-07_trial-07.wav	18	3.1125	3.3525
sub-05	7	7	less	sub-05_run-07_trial-07.wav	19	3.3525	3.5925
sub-05	7	7	less	sub-05_run-07_trial-07.wav	20	3.5925	3.8125
sub-05	7	7	less	sub-05_run-07_trial-07.wav	21	3.8125	4.0125
sub-05	7	7	less	sub-05_run-07_trial-07.wav	22	4.0125	4.2325
sub-05	7	7	less	sub-05_run-07_trial-07.wav	23	4.2325	4.4725
sub-05	7	7	less	sub-05_run-07_trial-07.wav	24	4.4725	4.9716
sub-05	7	8	much	sub-05_run-07_trial-08.wav	1	0.1725	0.2925
sub-05	7	8	much	sub-05_run-07_trial-08.wav	2	0.2925	0.4925
sub-05	7	8	much	sub-05_run-07_trial-08.wav	3	0.4925	0.6325
sub-05	7	8	much	sub-05_run-07_trial-08.wav	4	0.7125	0.8525
sub-05	7	8	much	sub-05_run-07_trial-08.wav	5	0.8525	1.0125
sub-05	7	8	much	sub-05_run-07_trial-08.wav	6	1.0525	1.1725
sub-05	7	8	much	sub-05_run-07_trial-08.wav	7	1.2325	1.4125
sub-05	7	8	much	sub-05_run-07_trial-08.wav	8	1.4125	1.5525
sub-05	7	8	much	sub-05_run-07_trial-08.wav	9	1.6125	1.7325
sub-05	7	8	much	sub-05_run-07_trial-08.wav	10	1.7925	2.0125
sub-05	7	8	much	sub-05_run-07_trial-08.wav	11	2.0125	2.1725
sub-05	7	8	much	sub-05_run-07_trial-08.wav	12	2.1725	2.3725
sub-05	7	8	much	sub-05_run-07_trial-08.wav	13	2.3725	2.5725
sub-05	7	8	much	sub-05_run-07_trial-08.wav	14	2.5725	2.7725
sub-05	7	8	much	sub-05_run-07_trial-08.wav	15	2.8125	3.0325
sub-05	7	8	much	sub-05_run-07_trial-08.wav	16	3.0325	3.2125
sub-05	7	8	much	sub-05_run-07_trial-08.wav	17	3.2125	3.4125
sub-05	7	8	much	sub-05_run-07_trial-08.wav	18	3.4125	3.5925
sub-05	7	8	much	sub-05_run-07_trial-08.wav	19	3.6325	3.7725
sub-05	7	8	much	sub-05_run-07_trial-08.wav	20	3.7725	3.9925
sub-05	7	8	much	sub-05_run-07_trial-08.wav	21	3.9925	4.1725
sub-05	7	8	much	sub-05_run-07_trial-08.wav	22	4.2325	4.3725
sub-05	7	8	much	sub-05_run-07_trial-08.wav	23	4.3725	4.9716
sub-05	7	9	a	sub-05_run-07_trial-09.wav	1	0.0525	0.1725
sub-05	7	9	a	sub-05_run-07_trial-09.wav	2	0.1725	0.3525
sub-05	7	9	a	sub-05_run-07_trial-09.wav	3	0.3525	0.5325
sub-05	7	9	a	sub-05_run-07_trial-09.wav	4	0.5325	0.7325
sub-05	7	9	a	sub-05_run-07_trial-09.wav	5	0.7325	0.9125
sub-05	7	9	a	sub-05_run-07_trial-09.wav	6	0.9125	1.0925
sub-05	7	9	a	sub-05_run-07_trial-09.wav	7	1.0925	1.3125
sub-05	7	9	a	sub-05_run-07_trial-09.wav	8	1.3125	1.6925
sub-05	7	9	a	sub-05_run-07_trial-09.wav	9	1.6925	1.9325
sub-05	7	9	a	sub-05_run-07_trial-09.wav	10	1.9325	2.1525
sub-05	7	9	a	sub-05_run-07_trial-09.wav	11	2.1525	2.3125
sub-05	7	9	a	sub-05_run-07_trial-09.wav	12	2.3125	2.5125
sub-05	7	9	a	sub-05_run-07_trial-09.wav	13	2.5125	2.6925
sub-05	7	9	a	sub-05_run-07_trial-09.wav	14	2.6925	2.8725
sub-05	7	9	a	sub-05_run-07_trial-09.wav	15	2.8725	3.0925
sub-05	7	9	a	sub-05_run-07_trial-09.wav	16	3.0925	3.2725
sub-05	7	9	a	sub-05_run-07_trial-09.wav	17	3.2725	3.4925
sub-05	7	9	a	sub-05_run-07_trial-09.wav	18	3.4925	3.6925
sub-05	7	9	a	sub-05_run-07_trial-09.wav	19	3.6925	3.8925
sub-05	7	9	a	sub-05_run-07_trial-09.wav	20	3.8925	4.0725
sub-05	7	9	a	sub-05_run-07_trial-09.wav	21	4.0725	4.4525
sub-05	7	10	peck	sub-05_run-07_trial-10.wav	1	0.2125	0.3325
sub-05	7	10	peck	sub-05_run-07_trial-10.wav	2	0.3925	0.5325
sub-05	7	10	peck	sub-05_run-07_trial-10.wav	3	0.5725	0.7325
sub-05	7	10	peck	sub-05_run-07_trial-10.wav	4	0.7325	0.9525
sub-05	7	10	peck	sub-05_run-07_trial-10.wav	5	0.9525	1.1725
sub-05	7	10	peck	sub-05_run-07_trial-10.wav	6	1.1725	1.3325
sub-05	7	10	peck	sub-05_run-07_trial-10.wav	7	1.3325	1.4725
sub-05	7	10	peck	sub-05_run-07_trial-10.wav	8	1.5325	1.6325
sub-05	7	10	peck	sub-05_run-07_trial-10.wav	9	1.7125	1.8125
sub-05	7	10	peck	sub-05_run-07_trial-10.wav	10	1.8925	2.0125
sub-05	7	10	peck	sub-05_run-07_trial-10.wav	11	2.0925	2.2125
sub-05	7	10	peck	sub-05_run-07_trial-10.wav	12	2.2925	2.4125
sub-05	7	10	peck	sub-05_run-07_trial-10.wav	13	2.4725	2.6525
sub-05	7	10	peck	sub-05_run-07_trial-10.wav	14	2.6525	2.7725
sub-05	7	10	peck	sub-05_run-07_trial-10.wav	15	2.8525	2.9525
sub-05	7	10	peck	sub-05_run-07_trial-10.wav	16	3.0325	3.1525
sub-05	7	10	peck	sub-05_run-07_trial-10.wav	17	3.2325	3.3325
sub-05	7	10	peck	sub-05_run-07_trial-10.wav	18	3.4525	3.6725
sub-05	7	11	throne	sub-05_run-07_trial-11.wav	1	0.1525	0.3925
sub-05	7	11	throne	sub-05_run-07_trial-11.wav	2	0.3925	0.5325
sub-05	7	11	throne	sub-05_run-07_trial-11.wav	3	0.5325	0.7325
sub-05	7	11	throne	sub-05_run-07_trial-11.wav	4	0.7325	0.9725
sub-05	7	11	throne	sub-05_run-07_trial-11.wav	5	0.9725	1.1725
sub-05	7	11	throne	sub-05_run-07_trial-11.wav	6	1.1725	1.3525
sub-05	7	11	throne	sub-05_run-07_trial-11.wav	7	1.4125	1.5725
sub-05	7	11	throne	sub-05_run-07_trial-11.wav	8	1.5725	1.7725
sub-05	7	11	throne	sub-05_run-07_trial-11.wav	9	1.7725	1.9925
sub-05	7	11	throne	sub-05_run-07_trial-11.wav	10	1.9925	2.1925
sub-05	7	11	throne	sub-05_run-07_trial-11.wav	11	2.1925	2.3925
sub-05	7	11	throne	sub-05_run-07_trial-11.wav	12	2.3925	2.5725
sub-05	7	11	throne	sub-05_run-07_trial-11.wav	13	2.5725	2.7525
sub-05	7	11	throne	sub-05_run-07_trial-11.wav	14	2.7525	2.9525
sub-05	7	11	throne	sub-05_run-07_trial-11.wav	15	2.9525	3.1325
sub-05	7	11	throne	sub-05_run-07_trial-11.wav	16	3.1925	3.3725
sub-05	7	11	throne	sub-05_run-07_trial-11.wav	17	3.3725	3.5325
sub-05	7	11	throne	sub-05_run-07_trial-11.wav	18	3.5325	3.7325
sub-05	7	11	throne	sub-05_run-07_trial-11.wav	19	3.7325	3.9325
sub-05	7	11	throne	sub-05_run-07_trial-11.wav	20	3.9325	4.1325
sub-05	7	11	throne	sub-05_run-07_trial-11.wav	21	4.1325	4.4325
sub-05	7	12	picked	sub-05_run-07_trial-12.wav	1	0.0725	0.1725
sub-05	7	12	picked	sub-05_run-07_trial-12.wav	2	0.2525	0.4125
sub-05	7	12	picked	sub-05_run-07_trial-12.wav	3	0.4725	0.5925
sub-05	7	12	picked	sub-05_run-07_trial-12.wav	4	0.6925	0.7925
sub-05	7	12	picked	sub-05_run-07_trial-12.wav	5	0.8925	0.9925
sub-05	7	12	picked	sub-05_run-07_trial-12.wav	6	1.0925	1.1725
sub-05	7	12	picked	sub-05_run-07_trial-12.wav	7	1.2725	1.3925
sub-05	7	12	picked	sub-05_run-07_trial-12.wav	8	1.4925	1.6925
sub-05	7	12	picked	sub-05_run-07_trial-12.wav	9	1.6925	1.9125
sub-05	7	12	picked	sub-05_run-07_trial-12.wav	10	1.9125	2.1125
sub-05	7	12	picked	sub-05_run-07_trial-12.wav	11	2.1125	2.3325
sub-05	7	12	picked	sub-05_run-07_trial-12.wav	12	2.3325	2.5325
sub-05	7	12	picked	sub-05_run-07_trial-12.wav	13	2.5325	2.7525
sub-05	7	12	picked	sub-05_run-07_trial-12.wav	14	2.7525	2.8525
sub-05	7	12	picked	sub-05_run-07_trial-12.wav	15	2.9525	3.0525
sub-05	7	12	picked	sub-05_run-07_trial-12.wav	16	3.1725	3.3125
sub-05	7	12	picked	sub-05_run-07_trial-12.wav	17	3.3725	3.4725
sub-05	7	12	picked	sub-05_run-07_trial-12.wav	18	3.5725	3.6725
sub-05	7	12	picked	sub-05_run-07_trial-12.wav	19	3.7725	3.8725
sub-05	7	12	picked	sub-05_run-07_trial-12.wav	20	3.9725	4.2925
sub-05	7	12	picked	sub-05_run-07_trial-12.wav	21	4.3925	4.4925
sub-05	7	13	would	sub-05_run-07_trial-13.wav	1	0.3525	0.4325
sub-05	7	13	would	sub-05_run-07_trial-13.wav	2	0.4325	0.5725
sub-05	7	13	would	sub-05_run-07_trial-13.wav	3	0.5725	0.7325
sub-05	7	13	would	sub-05_run-07_trial-13.wav	4	0.7325	0.8525
sub-05	7	13	would	sub-05_run-07_trial-13.wav	5	0.8525	0.9725
sub-05	7	13	would	sub-05_run-07_trial-13.wav	6	0.9725	1.1325
sub-05	7	13	would	sub-05_run-07_trial-13.wav	7	1.1325	1.2525
sub-05	7	13	would	sub-05_run-07_trial-13.wav	8	1.2525	1.4125
sub-05	7	13	would	sub-05_run-07_trial-13.wav	9	1.4125	1.5325
sub-05	7	13	would	sub-05_run-07_trial-13.wav	10	1.5325	1.6925
sub-05	7	13	would	sub-05_run-07_trial-13.wav	11	1.6925	1.8125
sub-05	7	13	would	sub-05_run-07_trial-13.wav	12	1.8125	1.9725
sub-05	7	13	would	sub-05_run-07_trial-13.wav	13	1.9725	2.1325
sub-05	7	13	would	sub-05_run-07_trial-13.wav	14	2.1325	2.2925
sub-05	7	13	would	sub-05_run-07_trial-13.wav	15	2.2925	2.4525
sub-05	7	13	would	sub-05_run-07_trial-13.wav	16	2.4525	2.6725
sub-05	7	13	would	sub-05_run-07_trial-13.wav	17	2.7125	2.8525
sub-05	7	13	would	sub-05_run-07_trial-13.wav	18	2.8525	3.0125
sub-05	7	13	would	sub-05_run-07_trial-13.wav	19	3.0125	3.1725
sub-05	7	13	would	sub-05_run-07_trial-13.wav	20	3.1725	3.3325
sub-05	7	13	would	sub-05_run-07_trial-13.wav	21	3.3325	3.4925
sub-05	7	13	would	sub-05_run-07_trial-13.wav	22	3.4925	3.6125
sub-05	7	13	would	sub-05_run-07_trial-13.wav	23	3.6125	3.7725
sub-05	7	13	would	sub-05_run-07_trial-13.wav	24	3.7725	3.9325
sub-05	7	13	would	sub-05_run-07_trial-13.wav	25	3.9325	4.0725
sub-05	7	13	would	sub-05_run-07_trial-13.wav	26	4.0725	4.2125
sub-05	7	13	would	sub-05_run-07_trial-13.wav	27	4.2125	4.6325
sub-05	7	14	pi	sub-05_run-07_trial-14.wav	1	0.0725	0.1525
sub-05	7	14	pi	sub-05_run-07_trial-14.wav	2	0.1925	0.2925
sub-05	7	14	pi	sub-05_run-07_trial-14.wav	3	0.2925	0.3925
sub-05	7	14	pi	sub-05_run-07_trial-14.wav	4	0.4525	0.5525
sub-05	7	14	pi	sub-05_run-07_trial-14.wav	5	0.6125	0.6725
sub-05	7	14	pi	sub-05_run-07_trial-14.wav	6	0.7525	0.8125
sub-05	7	14	pi	sub-05_run-07_trial-14.wav	7	0.8925	0.9525
sub-05	7	14	pi	sub-05_run-07_trial-14.wav	8	1.0325	1.0925
sub-05	7	14	pi	sub-05_run-07_trial-14.wav	9	1.1725	1.2325
sub-05	7	14	pi	sub-05_run-07_trial-14.wav	10	1.3125	1.4125
sub-05	7	14	pi	sub-05_run-07_trial-14.wav	11	1.4725	1.5525
sub-05	7	14	pi	sub-05_run-07_trial-14.wav	12	1.6125	1.6725
sub-05	7	14	pi	sub-05_run-07_trial-14.wav	13	1.7525	1.8325
sub-05	7	14	pi	sub-05_run-07_trial-14.wav	14	1.8925	1.9725
sub-05	7	14	pi	sub-05_run-07_trial-14.wav	15	2.0325	2.1125
sub-05	7	14	pi	sub-05_run-07_trial-14.wav	16	2.1925	2.2725
sub-05	7	14	pi	sub-05_run-07_trial-14.wav	17	2.3525	2.4125
sub-05	7	14	pi	sub-05_run-07_trial-14.wav	18	2.4925	2.5725
sub-05	7	14	pi	sub-05_run-07_trial-14.wav	19	2.6325	2.7125
sub-05	7	14	pi	sub-05_run-07_trial-14.wav	20	2.7925	2.8725
sub-05	7	14	pi	sub-05_run-07_trial-14.wav	21	2.9325	3.0125
sub-05	7	14	pi	sub-05_run-07_trial-14.wav	22	3.0925	3.1725
sub-05	7	14	pi	sub-05_run-07_trial-14.wav	23	3.2325	3.3125
sub-05	7	14	pi	sub-05_run-07_trial-14.wav	24	3.3925	3.4725
sub-05	7	14	pi	sub-05_run-07_trial-14.wav	25	3.5325	3.6325
sub-05	7	14	pi	sub-05_run-07_trial-14.wav	26	3.7125	3.7725
sub-05	7	14	pi	sub-05_run-07_trial-14.wav	27	3.8525	3.9525
sub-05	7	14	pi	sub-05_run-07_trial-14.wav	28	4.0325	4.1125
sub-05	7	14	pi	sub-05_run-07_trial-14.wav	29	4.1925	4.2725
sub-05	7	14	pi	sub-05_run-07_trial-14.wav	30	4.3325	4.4725
sub-05	7	15	through	sub-05_run-07_trial-15.wav	1	0.1925	0.3725
sub-05	7	15	through	sub-05_run-07_trial-15.wav	2	0.3725	0.5525
sub-05	7	15	through	sub-05_run-07_trial-15.wav	3	0.5525	0.7525
sub-05	7	15	through	sub-05_run-07_trial-15.wav	4	0.7525	0.9325
sub-05	7	15	through	sub-05_run-07_trial-15.wav	5	0.9325	1.1325
sub-05	7	15	through	sub-05_run-07_trial-15.wav	6	1.1325	1.3325
sub-05	7	15	through	sub-05_run-07_trial-15.wav	7	1.3325	1.5125
sub-05	7	15	through	sub-05_run-07_trial-15.wav	8	1.5725	1.7325
sub-05	7	15	through	sub-05_run-07_trial-15.wav	9	1.7325	1.9525
sub-05	7	15	through	sub-05_run-07_trial-15.wav	10	1.9525	2.1325
sub-05	7	15	through	sub-05_run-07_trial-15.wav	11	2.1325	2.3325
sub-05	7	15	through	sub-05_run-07_trial-15.wav	12	2.3925	2.5725
sub-05	7	15	through	sub-05_run-07_trial-15.wav	13	2.5725	2.7925
sub-05	7	15	through	sub-05_run-07_trial-15.wav	14	2.7925	3.0125
sub-05	7	15	through	sub-05_run-07_trial-15.wav	15	3.0125	3.2325
sub-05	7	15	through	sub-05_run-07_trial-15.wav	16	3.2325	3.4125
sub-05	7	15	through	sub-05_run-07_trial-15.wav	17	3.4125	3.6125
sub-05	7	15	through	sub-05_run-07_trial-15.wav	18	3.6125	3.8325
sub-05	7	15	through	sub-05_run-07_trial-15.wav	19	3.8325	4.1525
sub-05	7	15	through	sub-05_run-07_trial-15.wav	20	4.1525	4.2925
sub-05	7	15	through	sub-05_run-07_trial-15.wav	21	4.2925	4.5925
sub-05	7	16	pot	sub-05_run-07_trial-16.wav	1	0.1725	0.5125
sub-05	7	16	pot	sub-05_run-07_trial-16.wav	2	0.5125	0.6725
sub-05	7	16	pot	sub-05_run-07_trial-16.wav	3	0.6725	0.8525
sub-05	7	16	pot	sub-05_run-07_trial-16.wav	4	0.8525	1.0325
sub-05	7	16	pot	sub-05_run-07_trial-16.wav	5	1.0325	1.2125
sub-05	7	16	pot	sub-05_run-07_trial-16.wav	6	1.2125	1.3925
sub-05	7	16	pot	sub-05_run-07_trial-16.wav	7	1.3925	1.5725
sub-05	7	16	pot	sub-05_run-07_trial-16.wav	8	1.5725	1.6725
sub-05	7	16	pot	sub-05_run-07_trial-16.wav	9	1.7525	1.9125
sub-05	7	16	pot	sub-05_run-07_trial-16.wav	10	1.9125	2.0925
sub-05	7	16	pot	sub-05_run-07_trial-16.wav	11	2.0925	2.2725
sub-05	7	16	pot	sub-05_run-07_trial-16.wav	12	2.2725	2.4725
sub-05	7	16	pot	sub-05_run-07_trial-16.wav	13	2.4725	2.6525
sub-05	7	16	pot	sub-05_run-07_trial-16.wav	14	2.6525	2.8325
sub-05	7	16	pot	sub-05_run-07_trial-16.wav	15	2.8325	3.0325
sub-05	7	16	pot	sub-05_run-07_trial-16.wav	16	3.0325	3.2125
sub-05	7	16	pot	sub-05_run-07_trial-16.wav	17	3.2125	3.3925
sub-05	7	16	pot	sub-05_run-07_trial-16.wav	18	3.3925	3.5125
sub-05	7	16	pot	sub-05_run-07_trial-16.wav	19	3.5925	3.7925
sub-05	7	16	pot	sub-05_run-07_trial-16.wav	20	3.7925	3.8925
sub-05	7	16	pot	sub-05_run-07_trial-16.wav	21	3.9925	4.1725
sub-05	7	16	pot	sub-05_run-07_trial-16.wav	22	4.1725	4.3125
sub-05	7	17	day	sub-05_run-07_trial-17.wav	1	0.1725	0.2925
sub-05	7	17	day	sub-05_run-07_trial-17.wav	2	0.2925	0.4525
sub-05	7	17	day	sub-05_run-07_trial-17.wav	3	0.4525	0.5725
sub-05	7	17	day	sub-05_run-07_trial-17.wav	4	0.5725	0.6925
sub-05	7	17	day	sub-05_run-07_trial-17.wav	5	0.7325	0.8525
sub-05	7	17	day	sub-05_run-07_trial-17.wav	6	0.8525	1.0125
sub-05	7	17	day	sub-05_run-07_trial-17.wav	7	1.0125	1.1725
sub-05	7	17	day	sub-05_run-07_trial-17.wav	8	1.1725	1.2925
sub-05	7	17	day	sub-05_run-07_trial-17.wav	9	1.2925	1.4125
sub-05	7	17	day	sub-05_run-07_trial-17.wav	10	1.4125	1.5725
sub-05	7	17	day	sub-05_run-07_trial-17.wav	11	1.5725	1.7325
sub-05	7	17	day	sub-05_run-07_trial-17.wav	12	1.7325	1.8525
sub-05	7	17	day	sub-05_run-07_trial-17.wav	13	1.8525	2.0325
sub-05	7	17	day	sub-05_run-07_trial-17.wav	14	2.0325	2.1725
sub-05	7	17	day	sub-05_run-07_trial-17.wav	15	2.1725	2.3325
sub-05	7	17	day	sub-05_run-07_trial-17.wav	16	2.3325	2.4525
sub-05	7	17	day	sub-05_run-07_trial-17.wav	17	2.4525	2.6125
sub-05	7	17	day	sub-05_run-07_trial-17.wav	18	2.6125	2.7525
sub-05	7	17	day	sub-05_run-07_trial-17.wav	19	2.7925	2.9325
sub-05	7	17	day	sub-05_run-07_trial-17.wav	20	2.9325	3.0525
sub-05	7	17	day	sub-05_run-07_trial-17.wav	21	3.0525	3.2125
sub-05	7	17	day	sub-05_run-07_trial-17.wav	22	3.2125	3.3725
sub-05	7	17	day	sub-05_run-07_trial-17.wav	23	3.3725	3.5325
sub-05	7	17	day	sub-05_run-07_trial-17.wav	24	3.5325	3.6725
sub-05	7	17	day	sub-05_run-07_trial-17.wav	25	3.6725	3.8125
sub-05	7	17	day	sub-05_run-07_trial-17.wav	26	3.8125	3.9525
sub-05	7	17	day	sub-05_run-07_trial-17.wav	27	3.9925	4.1325
sub-05	7	17	day	sub-05_run-07_trial-17.wav	28	4.1325	4.2525
sub-05	7	17	day	sub-05_run-07_trial-17.wav	29	4.2525	4.4925
sub-05	7	18	pro	sub-05_run-07_trial-18.wav	1	0.0725	0.1525
sub-05	7	18	pro	sub-05_run-07_trial-18.wav	2	0.2325	0.3725
sub-05	7	18	pro	sub-05_run-07_trial-18.wav	3	0.3725	0.4525
sub-05	7	18	pro	sub-05_run-07_trial-18.wav	4	0.5325	0.6925
sub-05	7	18	pro	sub-05_run-07_trial-18.wav	5	0.6925	0.8525
sub-05	7	18	pro	sub-05_run-07_trial-18.wav	6	0.8525	1.0125
sub-05	7	18	pro	sub-05_run-07_trial-18.wav	7	1.0125	1.0925
sub-05	7	18	pro	sub-05_run-07_trial-18.wav	8	1.1725	1.3325
sub-05	7	18	pro	sub-05_run-07_trial-18.wav	9	1.3325	1.5125
sub-05	7	18	pro	sub-05_run-07_trial-18.wav	10	1.5125	1.6725
sub-05	7	18	pro	sub-05_run-07_trial-18.wav	11	1.6725	1.8525
sub-05	7	18	pro	sub-05_run-07_trial-18.wav	12	1.8525	2.0125
sub-05	7	18	pro	sub-05_run-07_trial-18.wav	13	2.0125	2.2125
sub-05	7	18	pro	sub-05_run-07_trial-18.wav	14	2.2125	2.3725
sub-05	7	18	pro	sub-05_run-07_trial-18.wav	15	2.3725	2.5325
sub-05	7	18	pro	sub-05_run-07_trial-18.wav	16	2.5325	2.6925
sub-05	7	18	pro	sub-05_run-07_trial-18.wav	17	2.6925	2.8725
sub-05	7	18	pro	sub-05_run-07_trial-18.wav	18	2.8725	2.9725
sub-05	7	18	pro	sub-05_run-07_trial-18.wav	19	3.0325	3.1725
sub-05	7	18	pro	sub-05_run-07_trial-18.wav	20	3.1725	3.2925
sub-05	7	18	pro	sub-05_run-07_trial-18.wav	21	3.3725	3.5325
sub-05	7	18	pro	sub-05_run-07_trial-18.wav	22	3.5325	3.6925
sub-05	7	18	pro	sub-05_run-07_trial-18.wav	23	3.6925	3.7925
sub-05	7	18	pro	sub-05_run-07_trial-18.wav	24	3.8725	3.9725
sub-05	7	18	pro	sub-05_run-07_trial-18.wav	25	4.0325	4.1125
sub-05	7	18	pro	sub-05_run-07_trial-18.wav	26	4.1925	4.2725
sub-05	7	18	pro	sub-05_run-07_trial-18.wav	27	4.3525	4.5525
sub-05	7	18	pro	sub-05_run-07_trial-18.wav	28	4.5525	4.7925
sub-05	7	19	jin	sub-05_run-07_trial-19.wav	1	0.2725	0.4525
sub-05	7	19	jin	sub-05_run-07_trial-19.wav	2	0.4525	0.5925
sub-05	7	19	jin	sub-05_run-07_trial-19.wav	3	0.5925	0.7125
sub-05	7	19	jin	sub-05_run-07_trial-19.wav	4	0.7125	0.8725
sub-05	7	19	jin	sub-05_run-07_trial-19.wav	5	0.8725	1.0725
sub-05	7	19	jin	sub-05_run-07_trial-19.wav	6	1.0725	1.1725
sub-05	7	19	jin	sub-05_run-07_trial-19.wav	7	1.1725	1.3325
sub-05	7	19	jin	sub-05_run-07_trial-19.wav	8	1.3325	1.4925
sub-05	7	19	jin	sub-05_run-07_trial-19.wav	9	1.4925	1.5725
sub-05	7	19	jin	sub-05_run-07_trial-19.wav	10	1.5725	1.7525
sub-05	7	19	jin	sub-05_run-07_trial-19.wav	11	1.7525	1.8925
sub-05	7	19	jin	sub-05_run-07_trial-19.wav	12	1.8925	2.1525
sub-05	7	19	jin	sub-05_run-07_trial-19.wav	13	2.1525	2.3725
sub-05	7	19	jin	sub-05_run-07_trial-19.wav	14	2.3725	2.5125
sub-05	7	19	jin	sub-05_run-07_trial-19.wav	15	2.5125	2.7525
sub-05	7	19	jin	sub-05_run-07_trial-19.wav	16	2.7525	3.0325
sub-05	7	19	jin	sub-05_run-07_trial-19.wav	17	3.0325	3.2125
sub-05	7	19	jin	sub-05_run-07_trial-19.wav	18	3.2125	3.4125
sub-05	7	19	jin	sub-05_run-07_trial-19.wav	19	3.4125	3.6125
sub-05	7	19	jin	sub-05_run-07_trial-19.wav	20	3.6125	3.8525
sub-05	7	19	jin	sub-05_run-07_trial-19.wav	21	3.8525	4.0325
sub-05	7	19	jin	sub-05_run-07_trial-19.wav	22	4.0325	4.2725
sub-05	7	19	jin	sub-05_run-07_trial-19.wav	23	4.2725	4.3925
sub-05	7	19	jin	sub-05_run-07_trial-19.wav	24	4.3925	4.5925
sub-05	7	20	jur	sub-05_run-07_trial-20.wav	1	0.1325	0.2725
sub-05	7	20	jur	sub-05_run-07_trial-20.wav	2	0.2725	0.4325
sub-05	7	20	jur	sub-05_run-07_trial-20.wav	3	0.4325	0.6125
sub-05	7	20	jur	sub-05_run-07_trial-20.wav	4	0.6125	0.7725
sub-05	7	20	jur	sub-05_run-07_trial-20.wav	5	0.7725	0.9525
sub-05	7	20	jur	sub-05_run-07_trial-20.wav	6	0.9525	1.1325
sub-05	7	20	jur	sub-05_run-07_trial-20.wav	7	1.1325	1.3125
sub-05	7	20	jur	sub-05_run-07_trial-20.wav	8	1.3125	1.5125
sub-05	7	20	jur	sub-05_run-07_trial-20.wav	9	1.5125	1.7125
sub-05	7	20	jur	sub-05_run-07_trial-20.wav	10	1.7125	1.9325
sub-05	7	20	jur	sub-05_run-07_trial-20.wav	11	1.9325	2.1325
sub-05	7	20	jur	sub-05_run-07_trial-20.wav	12	2.1325	2.3525
sub-05	7	20	jur	sub-05_run-07_trial-20.wav	13	2.3525	2.5925
sub-05	7	20	jur	sub-05_run-07_trial-20.wav	14	2.5925	2.8125
sub-05	7	20	jur	sub-05_run-07_trial-20.wav	15	2.8125	3.0325
sub-05	7	20	jur	sub-05_run-07_trial-20.wav	16	3.0325	3.2325
sub-05	7	20	jur	sub-05_run-07_trial-20.wav	17	3.2325	3.3925
sub-05	7	20	jur	sub-05_run-07_trial-20.wav	18	3.3925	3.6325
sub-05	7	20	jur	sub-05_run-07_trial-20.wav	19	3.6325	3.8325
sub-05	7	20	jur	sub-05_run-07_trial-20.wav	20	3.8325	4.0725
sub-05	7	20	jur	sub-05_run-07_trial-20.wav	21	4.0725	4.3125
sub-05	7	20	jur	sub-05_run-07_trial-20.wav	22	4.3125	4.5725
sub-05	7	21	thrilled	sub-05_run-07_trial-21.wav	1	0.3725	0.6325
sub-05	7	21	thrilled	sub-05_run-07_trial-21.wav	2	0.6925	0.8725
sub-05	7	21	thrilled	sub-05_run-07_trial-21.wav	3	0.9325	1.1525
sub-05	7	21	thrilled	sub-05_run-07_trial-21.wav	4	1.2125	1.4725
sub-05	7	21	thrilled	sub-05_run-07_trial-21.wav	5	1.5325	1.8325
sub-05	7	21	thrilled	sub-05_run-07_trial-21.wav	6	1.9525	2.2525
sub-05	7	21	thrilled	sub-05_run-07_trial-21.wav	7	2.2525	2.5725
sub-05	7	21	thrilled	sub-05_run-07_trial-21.wav	8	2.7125	2.8725
sub-05	7	21	thrilled	sub-05_run-07_trial-21.wav	9	2.9725	3.2525
sub-05	7	21	thrilled	sub-05_run-07_trial-21.wav	10	3.3325	3.6525
sub-05	7	21	thrilled	sub-05_run-07_trial-21.wav	11	3.6525	3.7725
sub-05	7	21	thrilled	sub-05_run-07_trial-21.wav	12	3.7725	4.0925
sub-05	7	21	thrilled	sub-05_run-07_trial-21.wav	13	4.0925	4.3725
sub-05	7	22	mih	sub-05_run-07_trial-22.wav	1	0.3725	0.5325
sub-05	7	22	mih	sub-05_run-07_trial-22.wav	2	0.5325	0.6525
sub-05	7	22	mih	sub-05_run-07_trial-22.wav	3	0.6525	0.7925
sub-05	7	22	mih	sub-05_run-07_trial-22.wav	4	0.7925	0.9325
sub-05	7	22	mih	sub-05_run-07_trial-22.wav	5	0.9325	1.0725
sub-05	7	22	mih	sub-05_run-07_trial-22.wav	6	1.0725	1.2125
sub-05	7	22	mih	sub-05_run-07_trial-22.wav	7	1.2125	1.3725
sub-05	7	22	mih	sub-05_run-07_trial-22.wav	8	1.3725	1.5325
sub-05	7	22	mih	sub-05_run-07_trial-22.wav	9	1.5325	1.6725
sub-05	7	22	mih	sub-05_run-07_trial-22.wav	10	1.6725	1.8125
sub-05	7	22	mih	sub-05_run-07_trial-22.wav	11	1.8125	2.0325
sub-05	7	22	mih	sub-05_run-07_trial-22.wav	12	2.0325	2.1925
sub-05	7	22	mih	sub-05_run-07_trial-22.wav	13	2.1925	2.3525
sub-05	7	22	mih	sub-05_run-07_trial-22.wav	14	2.3525	2.4925
sub-05	7	22	mih	sub-05_run-07_trial-22.wav	15	2.4925	2.6725
sub-05	7	22	mih	sub-05_run-07_trial-22.wav	16	2.6725	2.8125
sub-05	7	22	mih	sub-05_run-07_trial-22.wav	17	2.8125	2.9725
sub-05	7	22	mih	sub-05_run-07_trial-22.wav	18	2.9725	3.1325
sub-05	7	22	mih	sub-05_run-07_trial-22.wav	19	3.1325	3.2925
sub-05	7	22	mih	sub-05_run-07_trial-22.wav	20	3.2925	3.4525
sub-05	7	22	mih	sub-05_run-07_trial-22.wav	21	3.4525	3.6125
sub-05	7	22	mih	sub-05_run-07_trial-22.wav	22	3.6125	3.7725
sub-05	7	22	mih	sub-05_run-07_trial-22.wav	23	3.7725	3.9125
sub-05	7	22	mih	sub-05_run-07_trial-22.wav	24	3.9125	4.0725
sub-05	7	22	mih	sub-05_run-07_trial-22.wav	25	4.0725	4.2325
sub-05	7	22	mih	sub-05_run-07_trial-22.wav	26	4.2325	4.4525
sub-05	7	23	chuck	sub-05_run-07_trial-23.wav	1	0.1725	0.2725
sub-05	7	23	chuck	sub-05_run-07_trial-23.wav	2	0.3125	0.4525
sub-05	7	23	chuck	sub-05_run-07_trial-23.wav	3	0.4525	0.6125
sub-05	7	23	chuck	sub-05_run-07_trial-23.wav	4	0.6125	0.7525
sub-05	7	23	chuck	sub-05_run-07_trial-23.wav	5	0.7525	0.9325
sub-05	7	23	chuck	sub-05_run-07_trial-23.wav	6	0.9925	1.1325
sub-05	7	23	chuck	sub-05_run-07_trial-23.wav	7	1.1325	1.2725
sub-05	7	23	chuck	sub-05_run-07_trial-23.wav	8	1.3325	1.4525
sub-05	7	23	chuck	sub-05_run-07_trial-23.wav	9	1.5125	1.6325
sub-05	7	23	chuck	sub-05_run-07_trial-23.wav	10	1.6925	1.8125
sub-05	7	23	chuck	sub-05_run-07_trial-23.wav	11	1.8125	2.0125
sub-05	7	23	chuck	sub-05_run-07_trial-23.wav	12	2.0125	2.1525
sub-05	7	23	chuck	sub-05_run-07_trial-23.wav	13	2.2325	2.3525
sub-05	7	23	chuck	sub-05_run-07_trial-23.wav	14	2.4125	2.5325
sub-05	7	23	chuck	sub-05_run-07_trial-23.wav	15	2.6325	2.7325
sub-05	7	23	chuck	sub-05_run-07_trial-23.wav	16	2.7925	2.9125
sub-05	7	23	chuck	sub-05_run-07_trial-23.wav	17	2.9725	3.0925
sub-05	7	23	chuck	sub-05_run-07_trial-23.wav	18	3.1725	3.2725
sub-05	7	23	chuck	sub-05_run-07_trial-23.wav	19	3.3525	3.4925
sub-05	7	23	chuck	sub-05_run-07_trial-23.wav	20	3.5525	3.6925
sub-05	7	23	chuck	sub-05_run-07_trial-23.wav	21	3.6925	3.8925
sub-05	7	23	chuck	sub-05_run-07_trial-23.wav	22	3.9725	4.0925
sub-05	7	23	chuck	sub-05_run-07_trial-23.wav	23	4.1725	4.3325
sub-05	7	23	chuck	sub-05_run-07_trial-23.wav	24	4.3325	4.4525
sub-05	7	24	ver	sub-05_run-07_trial-24.wav	1	0.2325	0.3325
sub-05	7	24	ver	sub-05_run-07_trial-24.wav	2	0.3325	0.4925
sub-05	7	24	ver	sub-05_run-07_trial-24.wav	3	0.4925	0.6525
sub-05	7	24	ver	sub-05_run-07_trial-24.wav	4	0.6525	0.7925
sub-05	7	24	ver	sub-05_run-07_trial-24.wav	5	0.7925	0.9325
sub-05	7	24	ver	sub-05_run-07_trial-24.wav	6	0.9325	1.0725
sub-05	7	24	ver	sub-05_run-07_trial-24.wav	7	1.0725	1.2525
sub-05	7	24	ver	sub-05_run-07_trial-24.wav	8	1.2525	1.4125
sub-05	7	24	ver	sub-05_run-07_trial-24.wav	9	1.4125	1.5925
sub-05	7	24	ver	sub-05_run-07_trial-24.wav	10	1.5925	1.7925
sub-05	7	24	ver	sub-05_run-07_trial-24.wav	11	1.7925	1.9525
sub-05	7	24	ver	sub-05_run-07_trial-24.wav	12	1.9525	2.1325
sub-05	7	24	ver	sub-05_run-07_trial-24.wav	13	2.1325	2.2925
sub-05	7	24	ver	sub-05_run-07_trial-24.wav	14	2.2925	2.4925
sub-05	7	24	ver	sub-05_run-07_trial-24.wav	15	2.4925	2.6525
sub-05	7	24	ver	sub-05_run-07_trial-24.wav	16	2.6525	2.8125
sub-05	7	24	ver	sub-05_run-07_trial-24.wav	17	2.8125	2.9925
sub-05	7	24	ver	sub-05_run-07_trial-24.wav	18	2.9925	3.1525
sub-05	7	24	ver	sub-05_run-07_trial-24.wav	19	3.1525	3.3325
sub-05	7	24	ver	sub-05_run-07_trial-24.wav	20	3.3325	3.5125
sub-05	7	24	ver	sub-05_run-07_trial-24.wav	21	3.5125	3.6925
sub-05	7	24	ver	sub-05_run-07_trial-24.wav	22	3.6925	3.8125
sub-05	7	24	ver	sub-05_run-07_trial-24.wav	23	3.8125	4.0125
sub-05	7	24	ver	sub-05_run-07_trial-24.wav	24	4.0125	4.1925
sub-05	7	24	ver	sub-05_run-07_trial-24.wav	25	4.1925	4.3125
sub-05	7	25	pie	sub-05_run-07_trial-25.wav	1	0.1525	0.2725
sub-05	7	25	pie	sub-05_run-07_trial-25.wav	2	0.3125	0.4125
sub-05	7	25	pie	sub-05_run-07_trial-25.wav	3	0.4725	0.5525
sub-05	7	25	pie	sub-05_run-07_trial-25.wav	4	0.6325	0.7325
sub-05	7	25	pie	sub-05_run-07_trial-25.wav	5	0.7325	0.8725
sub-05	7	25	pie	sub-05_run-07_trial-25.wav	6	0.9325	1.0125
sub-05	7	25	pie	sub-05_run-07_trial-25.wav	7	1.0725	1.1725
sub-05	7	25	pie	sub-05_run-07_trial-25.wav	8	1.2325	1.3525
sub-05	7	25	pie	sub-05_run-07_trial-25.wav	9	1.4125	1.4925
sub-05	7	25	pie	sub-05_run-07_trial-25.wav	10	1.5725	1.6525
sub-05	7	25	pie	sub-05_run-07_trial-25.wav	11	1.7125	1.8125
sub-05	7	25	pie	sub-05_run-07_trial-25.wav	12	1.8725	1.9725
sub-05	7	25	pie	sub-05_run-07_trial-25.wav	13	2.0525	2.1325
sub-05	7	25	pie	sub-05_run-07_trial-25.wav	14	2.1925	2.3125
sub-05	7	25	pie	sub-05_run-07_trial-25.wav	15	2.3725	2.4925
sub-05	7	25	pie	sub-05_run-07_trial-25.wav	16	2.5725	2.6725
sub-05	7	25	pie	sub-05_run-07_trial-25.wav	17	2.7125	2.8325
sub-05	7	25	pie	sub-05_run-07_trial-25.wav	18	2.8925	2.9925
sub-05	7	25	pie	sub-05_run-07_trial-25.wav	19	3.0525	3.1325
sub-05	7	25	pie	sub-05_run-07_trial-25.wav	20	3.2125	3.3125
sub-05	7	25	pie	sub-05_run-07_trial-25.wav	21	3.3725	3.4725
sub-05	7	25	pie	sub-05_run-07_trial-25.wav	22	3.5125	3.6325
sub-05	7	25	pie	sub-05_run-07_trial-25.wav	23	3.6925	3.8125
sub-05	7	25	pie	sub-05_run-07_trial-25.wav	24	3.8725	3.9725
sub-05	7	25	pie	sub-05_run-07_trial-25.wav	25	4.0325	4.1725
sub-05	7	25	pie	sub-05_run-07_trial-25.wav	26	4.2725	4.5725
sub-05	7	26	naw	sub-05_run-07_trial-26.wav	1	0.2325	0.3925
sub-05	7	26	naw	sub-05_run-07_trial-26.wav	2	0.3925	0.5125
sub-05	7	26	naw	sub-05_run-07_trial-26.wav	3	0.5125	0.6525
sub-05	7	26	naw	sub-05_run-07_trial-26.wav	4	0.6525	0.7925
sub-05	7	26	naw	sub-05_run-07_trial-26.wav	5	0.7925	0.9125
sub-05	7	26	naw	sub-05_run-07_trial-26.wav	6	0.9125	1.0525
sub-05	7	26	naw	sub-05_run-07_trial-26.wav	7	1.0525	1.2125
sub-05	7	26	naw	sub-05_run-07_trial-26.wav	8	1.2125	1.3725
sub-05	7	26	naw	sub-05_run-07_trial-26.wav	9	1.3725	1.5325
sub-05	7	26	naw	sub-05_run-07_trial-26.wav	10	1.5325	1.7125
sub-05	7	26	naw	sub-05_run-07_trial-26.wav	11	1.7125	1.8925
sub-05	7	26	naw	sub-05_run-07_trial-26.wav	12	1.8925	2.0125
sub-05	7	26	naw	sub-05_run-07_trial-26.wav	13	2.0125	2.1725
sub-05	7	26	naw	sub-05_run-07_trial-26.wav	14	2.1725	2.3325
sub-05	7	26	naw	sub-05_run-07_trial-26.wav	15	2.3325	2.4925
sub-05	7	26	naw	sub-05_run-07_trial-26.wav	16	2.4925	2.6525
sub-05	7	26	naw	sub-05_run-07_trial-26.wav	17	2.6525	2.7925
sub-05	7	26	naw	sub-05_run-07_trial-26.wav	18	2.7925	2.9525
sub-05	7	26	naw	sub-05_run-07_trial-26.wav	19	2.9525	3.1125
sub-05	7	26	naw	sub-05_run-07_trial-26.wav	20	3.1125	3.2525
sub-05	7	26	naw	sub-05_run-07_trial-26.wav	21	3.2525	3.4125
sub-05	7	26	naw	sub-05_run-07_trial-26.wav	22	3.4125	3.5925
sub-05	7	26	naw	sub-05_run-07_trial-26.wav	23	3.5925	3.7325
sub-05	7	26	naw	sub-05_run-07_trial-26.wav	24	3.7325	3.8725
sub-05	7	26	naw	sub-05_run-07_trial-26.wav	25	3.8725	4.0125
sub-05	7	26	naw	sub-05_run-07_trial-26.wav	26	4.0125	4.1925
sub-05	7	26	naw	sub-05_run-07_trial-26.wav	27	4.1925	4.4325
sub-05	7	27	ther	sub-05_run-07_trial-27.wav	1	0.1125	0.2725
sub-05	7	27	ther	sub-05_run-07_trial-27.wav	2	0.2725	0.4525
sub-05	7	27	ther	sub-05_run-07_trial-27.wav	3	0.4525	0.6525
sub-05	7	27	ther	sub-05_run-07_trial-27.wav	4	0.6525	0.9325
sub-05	7	27	ther	sub-05_run-07_trial-27.wav	5	0.9325	1.1725
sub-05	7	27	ther	sub-05_run-07_trial-27.wav	6	1.1725	1.4725
sub-05	7	27	ther	sub-05_run-07_trial-27.wav	7	1.5325	1.7325
sub-05	7	27	ther	sub-05_run-07_trial-27.wav	8	1.7925	1.9725
sub-05	7	27	ther	sub-05_run-07_trial-27.wav	9	1.9725	2.1525
sub-05	7	27	ther	sub-05_run-07_trial-27.wav	10	2.1925	2.3525
sub-05	7	27	ther	sub-05_run-07_trial-27.wav	11	2.4125	2.5725
sub-05	7	27	ther	sub-05_run-07_trial-27.wav	12	2.6125	2.7925
sub-05	7	27	ther	sub-05_run-07_trial-27.wav	13	2.8525	3.0525
sub-05	7	27	ther	sub-05_run-07_trial-27.wav	14	3.1125	3.2925
sub-05	7	27	ther	sub-05_run-07_trial-27.wav	15	3.2925	3.5325
sub-05	7	27	ther	sub-05_run-07_trial-27.wav	16	3.5325	3.7725
sub-05	7	27	ther	sub-05_run-07_trial-27.wav	17	3.8325	4.0125
sub-05	7	27	ther	sub-05_run-07_trial-27.wav	18	4.0125	4.3925
sub-05	7	28	thurs	sub-05_run-07_trial-28.wav	1	0.4125	0.5925
sub-05	7	28	thurs	sub-05_run-07_trial-28.wav	2	0.5925	0.9125
sub-05	7	28	thurs	sub-05_run-07_trial-28.wav	3	0.9125	1.3325
sub-05	7	28	thurs	sub-05_run-07_trial-28.wav	4	1.4325	1.6525
sub-05	7	28	thurs	sub-05_run-07_trial-28.wav	5	1.6525	2.0525
sub-05	7	28	thurs	sub-05_run-07_trial-28.wav	6	2.1725	2.3925
sub-05	7	28	thurs	sub-05_run-07_trial-28.wav	7	2.3925	2.7525
sub-05	7	28	thurs	sub-05_run-07_trial-28.wav	8	2.7525	3.1325
sub-05	7	28	thurs	sub-05_run-07_trial-28.wav	9	3.1325	3.5725
sub-05	7	28	thurs	sub-05_run-07_trial-28.wav	10	3.5725	4.2125
sub-05	7	28	thurs	sub-05_run-07_trial-28.wav	11	4.3925	4.9716
sub-05	7	29	fee	sub-05_run-07_trial-29.wav	1	0.2325	0.3325
sub-05	7	29	fee	sub-05_run-07_trial-29.wav	2	0.3325	0.4925
sub-05	7	29	fee	sub-05_run-07_trial-29.wav	3	0.4925	0.6725
sub-05	7	29	fee	sub-05_run-07_trial-29.wav	4	0.6725	0.8325
sub-05	7	29	fee	sub-05_run-07_trial-29.wav	5	0.8325	0.9925
sub-05	7	29	fee	sub-05_run-07_trial-29.wav	6	0.9925	1.1725
sub-05	7	29	fee	sub-05_run-07_trial-29.wav	7	1.1725	1.3325
sub-05	7	29	fee	sub-05_run-07_trial-29.wav	8	1.3325	1.5325
sub-05	7	29	fee	sub-05_run-07_trial-29.wav	9	1.5325	1.7125
sub-05	7	29	fee	sub-05_run-07_trial-29.wav	10	1.7125	1.8925
sub-05	7	29	fee	sub-05_run-07_trial-29.wav	11	1.8925	2.0525
sub-05	7	29	fee	sub-05_run-07_trial-29.wav	12	2.0525	2.2325
sub-05	7	29	fee	sub-05_run-07_trial-29.wav	13	2.2325	2.4525
sub-05	7	29	fee	sub-05_run-07_trial-29.wav	14	2.4525	2.6325
sub-05	7	29	fee	sub-05_run-07_trial-29.wav	15	2.6325	2.8325
sub-05	7	29	fee	sub-05_run-07_trial-29.wav	16	2.8325	3.0325
sub-05	7	29	fee	sub-05_run-07_trial-29.wav	17	3.0325	3.1325
sub-05	7	29	fee	sub-05_run-07_trial-29.wav	18	3.1325	3.2925
sub-05	7	29	fee	sub-05_run-07_trial-29.wav	19	3.2925	3.4925
sub-05	7	29	fee	sub-05_run-07_trial-29.wav	20	3.4925	3.6725
sub-05	7	29	fee	sub-05_run-07_trial-29.wav	21	3.6725	3.8525
sub-05	7	29	fee	sub-05_run-07_trial-29.wav	22	3.8525	4.0525
sub-05	7	29	fee	sub-05_run-07_trial-29.wav	23	4.0525	4.2325
sub-05	7	29	fee	sub-05_run-07_trial-29.wav	24	4.2325	4.4725
sub-05	7	30	the	sub-05_run-07_trial-30.wav	1	0.2125	0.3325
sub-05	7	30	the	sub-05_run-07_trial-30.wav	2	0.3325	0.4925
sub-05	7	30	the	sub-05_run-07_trial-30.wav	3	0.4925	0.6525
sub-05	7	30	the	sub-05_run-07_trial-30.wav	4	0.6525	0.8125
sub-05	7	30	the	sub-05_run-07_trial-30.wav	5	0.8125	0.9525
sub-05	7	30	the	sub-05_run-07_trial-30.wav	6	0.9525	1.1125
sub-05	7	30	the	sub-05_run-07_trial-30.wav	7	1.1125	1.2525
sub-05	7	30	the	sub-05_run-07_trial-30.wav	8	1.2525	1.4125
sub-05	7	30	the	sub-05_run-07_trial-30.wav	9	1.4125	1.5525
sub-05	7	30	the	sub-05_run-07_trial-30.wav	10	1.5525	1.7325
sub-05	7	30	the	sub-05_run-07_trial-30.wav	11	1.7925	1.9125
sub-05	7	30	the	sub-05_run-07_trial-30.wav	12	1.9125	2.0925
sub-05	7	30	the	sub-05_run-07_trial-30.wav	13	2.0925	2.2725
sub-05	7	30	the	sub-05_run-07_trial-30.wav	14	2.3325	2.4525
sub-05	7	30	the	sub-05_run-07_trial-30.wav	15	2.4525	2.6125
sub-05	7	30	the	sub-05_run-07_trial-30.wav	16	2.6125	2.8125
sub-05	7	30	the	sub-05_run-07_trial-30.wav	17	2.8725	2.9925
sub-05	7	30	the	sub-05_run-07_trial-30.wav	18	2.9925	3.1725
sub-05	7	30	the	sub-05_run-07_trial-30.wav	19	3.1725	3.3725
sub-05	7	30	the	sub-05_run-07_trial-30.wav	20	3.3725	3.5325
sub-05	7	30	the	sub-05_run-07_trial-30.wav	21	3.5325	3.7325
sub-05	7	30	the	sub-05_run-07_trial-30.wav	22	3.7325	3.9925
sub-05	7	30	the	sub-05_run-07_trial-30.wav	23	3.9925	4.2325
sub-05	7	30	the	sub-05_run-07_trial-30.wav	24	4.2325	4.2925
sub-05	7	30	the	sub-05_run-07_trial-30.wav	25	4.2925	4.4925
sub-05	7	31	caw	sub-05_run-07_trial-31.wav	1	0.4125	0.5325
sub-05	7	31	caw	sub-05_run-07_trial-31.wav	2	0.5325	0.6925
sub-05	7	31	caw	sub-05_run-07_trial-31.wav	3	0.6925	0.8525
sub-05	7	31	caw	sub-05_run-07_trial-31.wav	4	0.8525	1.0525
sub-05	7	31	caw	sub-05_run-07_trial-31.wav	5	1.0525	1.1925
sub-05	7	31	caw	sub-05_run-07_trial-31.wav	6	1.1925	1.3525
sub-05	7	31	caw	sub-05_run-07_trial-31.wav	7	1.4125	1.5325
sub-05	7	31	caw	sub-05_run-07_trial-31.wav	8	1.5725	1.6925
sub-05	7	31	caw	sub-05_run-07_trial-31.wav	9	1.7325	1.8525
sub-05	7	31	caw	sub-05_run-07_trial-31.wav	10	1.8525	2.0525
sub-05	7	31	caw	sub-05_run-07_trial-31.wav	11	2.0525	2.2525
sub-05	7	31	caw	sub-05_run-07_trial-31.wav	12	2.2525	2.3925
sub-05	7	31	caw	sub-05_run-07_trial-31.wav	13	2.4525	2.5525
sub-05	7	31	caw	sub-05_run-07_trial-31.wav	14	2.5925	2.7525
sub-05	7	31	caw	sub-05_run-07_trial-31.wav	15	2.7925	2.9325
sub-05	7	31	caw	sub-05_run-07_trial-31.wav	16	2.9725	3.0725
sub-05	7	31	caw	sub-05_run-07_trial-31.wav	17	3.1325	3.2525
sub-05	7	31	caw	sub-05_run-07_trial-31.wav	18	3.3125	3.4525
sub-05	7	31	caw	sub-05_run-07_trial-31.wav	19	3.4525	3.6125
sub-05	7	31	caw	sub-05_run-07_trial-31.wav	20	3.6125	3.8125
sub-05	7	31	caw	sub-05_run-07_trial-31.wav	21	3.8125	3.9725
sub-05	7	31	caw	sub-05_run-07_trial-31.wav	22	3.9725	4.1325
sub-05	7	31	caw	sub-05_run-07_trial-31.wav	23	4.1725	4.3325
sub-05	7	31	caw	sub-05_run-07_trial-31.wav	24	4.3325	4.5725
sub-05	7	32	imah	sub-05_run-07_trial-32.wav	1	0.1325	0.3125
sub-05	7	32	imah	sub-05_run-07_trial-32.wav	2	0.3125	0.4125
sub-05	7	32	imah	sub-05_run-07_trial-32.wav	3	0.4125	0.5725
sub-05	7	32	imah	sub-05_run-07_trial-32.wav	4	0.5725	0.6725
sub-05	7	32	imah	sub-05_run-07_trial-32.wav	5	0.6725	1.0325
sub-05	7	32	imah	sub-05_run-07_trial-32.wav	6	1.0325	1.2525
sub-05	7	32	imah	sub-05_run-07_trial-32.wav	7	1.2525	1.3525
sub-05	7	32	imah	sub-05_run-07_trial-32.wav	8	1.3525	1.6325
sub-05	7	32	imah	sub-05_run-07_trial-32.wav	9	1.6325	1.9125
sub-05	7	32	imah	sub-05_run-07_trial-32.wav	10	1.9125	2.1925
sub-05	7	32	imah	sub-05_run-07_trial-32.wav	11	2.1925	2.5325
sub-05	7	32	imah	sub-05_run-07_trial-32.wav	12	2.5325	2.8525
sub-05	7	32	imah	sub-05_run-07_trial-32.wav	13	2.8525	3.1525
sub-05	7	32	imah	sub-05_run-07_trial-32.wav	14	3.1525	3.5325
sub-05	7	32	imah	sub-05_run-07_trial-32.wav	15	3.5325	3.9725
sub-05	7	32	imah	sub-05_run-07_trial-32.wav	16	3.9725	4.2925
sub-05	7	32	imah	sub-05_run-07_trial-32.wav	17	4.2925	4.5925
sub-05	7	33	three	sub-05_run-07_trial-33.wav	1	0.2125	0.3925
sub-05	7	33	three	sub-05_run-07_trial-33.wav	2	0.4525	0.6725
sub-05	7	33	three	sub-05_run-07_trial-33.wav	3	0.7725	0.9525
sub-05	7	33	three	sub-05_run-07_trial-33.wav	4	0.9525	1.2525
sub-05	7	33	three	sub-05_run-07_trial-33.wav	5	1.2525	1.5525
sub-05	7	33	three	sub-05_run-07_trial-33.wav	6	1.6325	1.8725
sub-05	7	33	three	sub-05_run-07_trial-33.wav	7	1.8725	2.1525
sub-05	7	33	three	sub-05_run-07_trial-33.wav	8	2.1525	2.4325
sub-05	7	33	three	sub-05_run-07_trial-33.wav	9	2.4325	2.6925
sub-05	7	33	three	sub-05_run-07_trial-33.wav	10	2.6925	2.9725
sub-05	7	33	three	sub-05_run-07_trial-33.wav	11	2.9725	3.2525
sub-05	7	33	three	sub-05_run-07_trial-33.wav	12	3.3125	3.4925
sub-05	7	33	three	sub-05_run-07_trial-33.wav	13	3.4925	3.7525
sub-05	7	33	three	sub-05_run-07_trial-33.wav	14	3.7525	3.8525
sub-05	7	33	three	sub-05_run-07_trial-33.wav	15	3.8525	4.0925
sub-05	7	33	three	sub-05_run-07_trial-33.wav	16	4.0925	4.5325
sub-05	7	34	thir	sub-05_run-07_trial-34.wav	1	0.1925	0.4125
sub-05	7	34	thir	sub-05_run-07_trial-34.wav	2	0.4125	0.6125
sub-05	7	34	thir	sub-05_run-07_trial-34.wav	3	0.6125	0.8125
sub-05	7	34	thir	sub-05_run-07_trial-34.wav	4	0.8125	0.9125
sub-05	7	34	thir	sub-05_run-07_trial-34.wav	5	0.9125	1.0525
sub-05	7	34	thir	sub-05_run-07_trial-34.wav	6	1.1325	1.2725
sub-05	7	34	thir	sub-05_run-07_trial-34.wav	7	1.2725	1.5125
sub-05	7	34	thir	sub-05_run-07_trial-34.wav	8	1.5125	1.7325
sub-05	7	34	thir	sub-05_run-07_trial-34.wav	9	1.7325	1.9925
sub-05	7	34	thir	sub-05_run-07_trial-34.wav	10	1.9925	2.2325
sub-05	7	34	thir	sub-05_run-07_trial-34.wav	11	2.2325	2.3125
sub-05	7	34	thir	sub-05_run-07_trial-34.wav	12	2.3125	2.4725
sub-05	7	34	thir	sub-05_run-07_trial-34.wav	13	2.4725	2.7125
sub-05	7	34	thir	sub-05_run-07_trial-34.wav	14	2.7125	2.9725
sub-05	7	34	thir	sub-05_run-07_trial-34.wav	15	2.9725	3.2325
sub-05	7	34	thir	sub-05_run-07_trial-34.wav	16	3.2325	3.4925
sub-05	7	34	thir	sub-05_run-07_trial-34.wav	17	3.4925	3.7325
sub-05	7	34	thir	sub-05_run-07_trial-34.wav	18	3.7325	4.0125
sub-05	7	34	thir	sub-05_run-07_trial-34.wav	19	4.0125	4.3125
sub-05	7	34	thir	sub-05_run-07_trial-34.wav	20	4.3125	4.9716
sub-05	7	35	neh	sub-05_run-07_trial-35.wav	1	0.3325	0.4525
sub-05	7	35	neh	sub-05_run-07_trial-35.wav	2	0.4525	0.5925
sub-05	7	35	neh	sub-05_run-07_trial-35.wav	3	0.5925	0.7325
sub-05	7	35	neh	sub-05_run-07_trial-35.wav	4	0.7325	0.8525
sub-05	7	35	neh	sub-05_run-07_trial-35.wav	5	0.8525	1.0125
sub-05	7	35	neh	sub-05_run-07_trial-35.wav	6	1.0125	1.1525
sub-05	7	35	neh	sub-05_run-07_trial-35.wav	7	1.1525	1.3125
sub-05	7	35	neh	sub-05_run-07_trial-35.wav	8	1.3125	1.4525
sub-05	7	35	neh	sub-05_run-07_trial-35.wav	9	1.4525	1.5925
sub-05	7	35	neh	sub-05_run-07_trial-35.wav	10	1.5925	1.7525
sub-05	7	35	neh	sub-05_run-07_trial-35.wav	11	1.7525	1.9325
sub-05	7	35	neh	sub-05_run-07_trial-35.wav	12	1.9325	2.0725
sub-05	7	35	neh	sub-05_run-07_trial-35.wav	13	2.0725	2.2125
sub-05	7	35	neh	sub-05_run-07_trial-35.wav	14	2.2125	2.3725
sub-05	7	35	neh	sub-05_run-07_trial-35.wav	15	2.3725	2.5325
sub-05	7	35	neh	sub-05_run-07_trial-35.wav	16	2.5325	2.6725
sub-05	7	35	neh	sub-05_run-07_trial-35.wav	17	2.6725	2.8325
sub-05	7	35	neh	sub-05_run-07_trial-35.wav	18	2.8325	2.9925
sub-05	7	35	neh	sub-05_run-07_trial-35.wav	19	2.9925	3.1525
sub-05	7	35	neh	sub-05_run-07_trial-35.wav	20	3.1525	3.2925
sub-05	7	35	neh	sub-05_run-07_trial-35.wav	21	3.2925	3.4725
sub-05	7	35	neh	sub-05_run-07_trial-35.wav	22	3.4725	3.6325
sub-05	7	35	neh	sub-05_run-07_trial-35.wav	23	3.6325	3.7925
sub-05	7	35	neh	sub-05_run-07_trial-35.wav	24	3.7925	3.9325
sub-05	7	35	neh	sub-05_run-07_trial-35.wav	25	3.9325	4.1325
sub-05	7	35	neh	sub-05_run-07_trial-35.wav	26	4.1325	4.2925
sub-05	7	35	neh	sub-05_run-07_trial-35.wav	27	4.2925	4.5125
sub-05	7	36	ser	sub-05_run-07_trial-36.wav	1	0.1525	0.3325
sub-05	7	36	ser	sub-05_run-07_trial-36.wav	2	0.3325	0.4925
sub-05	7	36	ser	sub-05_run-07_trial-36.wav	3	0.4925	0.6725
sub-05	7	36	ser	sub-05_run-07_trial-36.wav	4	0.6725	0.8325
sub-05	7	36	ser	sub-05_run-07_trial-36.wav	5	0.8325	1.0125
sub-05	7	36	ser	sub-05_run-07_trial-36.wav	6	1.0125	1.2125
sub-05	7	36	ser	sub-05_run-07_trial-36.wav	7	1.2125	1.3725
sub-05	7	36	ser	sub-05_run-07_trial-36.wav	8	1.3725	1.5925
sub-05	7	36	ser	sub-05_run-07_trial-36.wav	9	1.5925	1.8325
sub-05	7	36	ser	sub-05_run-07_trial-36.wav	10	1.8325	2.0525
sub-05	7	36	ser	sub-05_run-07_trial-36.wav	11	2.0525	2.2325
sub-05	7	36	ser	sub-05_run-07_trial-36.wav	12	2.2325	2.4725
sub-05	7	36	ser	sub-05_run-07_trial-36.wav	13	2.4725	2.6725
sub-05	7	36	ser	sub-05_run-07_trial-36.wav	14	2.6725	2.8925
sub-05	7	36	ser	sub-05_run-07_trial-36.wav	15	2.8925	3.1125
sub-05	7	36	ser	sub-05_run-07_trial-36.wav	16	3.1125	3.3925
sub-05	7	36	ser	sub-05_run-07_trial-36.wav	17	3.3925	3.6125
sub-05	7	36	ser	sub-05_run-07_trial-36.wav	18	3.6125	3.8125
sub-05	7	36	ser	sub-05_run-07_trial-36.wav	19	3.8125	4.0525
sub-05	7	36	ser	sub-05_run-07_trial-36.wav	20	4.0525	4.2925
sub-05	7	36	ser	sub-05_run-07_trial-36.wav	21	4.2925	4.5925
sub-05	7	37	per	sub-05_run-07_trial-37.wav	1	0.0725	0.2125
sub-05	7	37	per	sub-05_run-07_trial-37.wav	2	0.2125	0.3325
sub-05	7	37	per	sub-05_run-07_trial-37.wav	3	0.4125	0.5125
sub-05	7	37	per	sub-05_run-07_trial-37.wav	4	0.5725	0.6925
sub-05	7	37	per	sub-05_run-07_trial-37.wav	5	0.7525	0.8725
sub-05	7	37	per	sub-05_run-07_trial-37.wav	6	0.9325	1.0525
sub-05	7	37	per	sub-05_run-07_trial-37.wav	7	1.1325	1.2325
sub-05	7	37	per	sub-05_run-07_trial-37.wav	8	1.3125	1.4125
sub-05	7	37	per	sub-05_run-07_trial-37.wav	9	1.4925	1.6125
sub-05	7	37	per	sub-05_run-07_trial-37.wav	10	1.6725	1.8725
sub-05	7	37	per	sub-05_run-07_trial-37.wav	11	1.8725	2.0525
sub-05	7	37	per	sub-05_run-07_trial-37.wav	12	2.0525	2.2525
sub-05	7	37	per	sub-05_run-07_trial-37.wav	13	2.2525	2.4325
sub-05	7	37	per	sub-05_run-07_trial-37.wav	14	2.4325	2.6325
sub-05	7	37	per	sub-05_run-07_trial-37.wav	15	2.6325	2.7325
sub-05	7	37	per	sub-05_run-07_trial-37.wav	16	2.8125	2.9525
sub-05	7	37	per	sub-05_run-07_trial-37.wav	17	2.9925	3.1325
sub-05	7	37	per	sub-05_run-07_trial-37.wav	18	3.2125	3.3325
sub-05	7	37	per	sub-05_run-07_trial-37.wav	19	3.4325	3.5525
sub-05	7	37	per	sub-05_run-07_trial-37.wav	20	3.6125	3.7525
sub-05	7	37	per	sub-05_run-07_trial-37.wav	21	3.8325	3.9325
sub-05	7	37	per	sub-05_run-07_trial-37.wav	22	3.9925	4.1525
sub-05	7	37	per	sub-05_run-07_trial-37.wav	23	4.1925	4.3525
sub-05	7	37	per	sub-05_run-07_trial-37.wav	24	4.3525	4.4925
sub-05	7	38	thought	sub-05_run-07_trial-38.wav	1	0.2725	0.3925
sub-05	7	38	thought	sub-05_run-07_trial-38.wav	2	0.4725	0.6525
sub-05	7	38	thought	sub-05_run-07_trial-38.wav	3	0.6525	0.8525
sub-05	7	38	thought	sub-05_run-07_trial-38.wav	4	0.8525	1.0525
sub-05	7	38	thought	sub-05_run-07_trial-38.wav	5	1.0525	1.2525
sub-05	7	38	thought	sub-05_run-07_trial-38.wav	6	1.2525	1.4525
sub-05	7	38	thought	sub-05_run-07_trial-38.wav	7	1.4525	1.6325
sub-05	7	38	thought	sub-05_run-07_trial-38.wav	8	1.6325	1.8325
sub-05	7	38	thought	sub-05_run-07_trial-38.wav	9	1.8325	2.0125
sub-05	7	38	thought	sub-05_run-07_trial-38.wav	10	2.0125	2.2125
sub-05	7	38	thought	sub-05_run-07_trial-38.wav	11	2.2125	2.4125
sub-05	7	38	thought	sub-05_run-07_trial-38.wav	12	2.4125	2.5125
sub-05	7	38	thought	sub-05_run-07_trial-38.wav	13	2.5925	2.7725
sub-05	7	38	thought	sub-05_run-07_trial-38.wav	14	2.7725	2.9725
sub-05	7	38	thought	sub-05_run-07_trial-38.wav	15	2.9725	3.1725
sub-05	7	38	thought	sub-05_run-07_trial-38.wav	16	3.1725	3.2925
sub-05	7	38	thought	sub-05_run-07_trial-38.wav	17	3.3525	3.5525
sub-05	7	38	thought	sub-05_run-07_trial-38.wav	18	3.5525	3.6525
sub-05	7	38	thought	sub-05_run-07_trial-38.wav	19	3.7525	3.9325
sub-05	7	38	thought	sub-05_run-07_trial-38.wav	20	3.9325	4.1325
sub-05	7	38	thought	sub-05_run-07_trial-38.wav	21	4.1325	4.3325
sub-05	7	38	thought	sub-05_run-07_trial-38.wav	22	4.3325	4.5125
sub-05	7	39	out	sub-05_run-07_trial-39.wav	1	0.1125	0.2125
sub-05	7	39	out	sub-05_run-07_trial-39.wav	2	0.2125	0.3925
sub-05	7	39	out	sub-05_run-07_trial-39.wav	3	0.3925	0.5725
sub-05	7	39	out	sub-05_run-07_trial-39.wav	4	0.5725	0.7325
sub-05	7	39	out	sub-05_run-07_trial-39.wav	5	0.7325	0.8925
sub-05	7	39	out	sub-05_run-07_trial-39.wav	6	0.8925	1.0525
sub-05	7	39	out	sub-05_run-07_trial-39.wav	7	1.0525	1.2125
sub-05	7	39	out	sub-05_run-07_trial-39.wav	8	1.2125	1.4125
sub-05	7	39	out	sub-05_run-07_trial-39.wav	9	1.4125	1.6125
sub-05	7	39	out	sub-05_run-07_trial-39.wav	10	1.6125	1.8125
sub-05	7	39	out	sub-05_run-07_trial-39.wav	11	1.8125	2.0125
sub-05	7	39	out	sub-05_run-07_trial-39.wav	12	2.0125	2.2125
sub-05	7	39	out	sub-05_run-07_trial-39.wav	13	2.2125	2.4125
sub-05	7	39	out	sub-05_run-07_trial-39.wav	14	2.4125	2.5525
sub-05	7	39	out	sub-05_run-07_trial-39.wav	15	2.5925	2.7525
sub-05	7	39	out	sub-05_run-07_trial-39.wav	16	2.7925	2.8925
sub-05	7	39	out	sub-05_run-07_trial-39.wav	17	2.9525	3.1325
sub-05	7	39	out	sub-05_run-07_trial-39.wav	18	3.1325	3.3325
sub-05	7	39	out	sub-05_run-07_trial-39.wav	19	3.3325	3.5325
sub-05	7	39	out	sub-05_run-07_trial-39.wav	20	3.5325	3.7725
sub-05	7	39	out	sub-05_run-07_trial-39.wav	21	3.7725	3.9725
sub-05	7	39	out	sub-05_run-07_trial-39.wav	22	3.9725	4.1725
sub-05	7	39	out	sub-05_run-07_trial-39.wav	23	4.1725	4.4325
sub-05	7	40	leh	sub-05_run-07_trial-40.wav	1	0.1325	0.3725
sub-05	7	40	leh	sub-05_run-07_trial-40.wav	2	0.3725	0.5125
sub-05	7	40	leh	sub-05_run-07_trial-40.wav	3	0.5125	0.6325
sub-05	7	40	leh	sub-05_run-07_trial-40.wav	4	0.6325	0.7725
sub-05	7	40	leh	sub-05_run-07_trial-40.wav	5	0.7725	0.9125
sub-05	7	40	leh	sub-05_run-07_trial-40.wav	6	0.9125	1.0525
sub-05	7	40	leh	sub-05_run-07_trial-40.wav	7	1.0525	1.1925
sub-05	7	40	leh	sub-05_run-07_trial-40.wav	8	1.1925	1.3125
sub-05	7	40	leh	sub-05_run-07_trial-40.wav	9	1.3125	1.4725
sub-05	7	40	leh	sub-05_run-07_trial-40.wav	10	1.4725	1.5925
sub-05	7	40	leh	sub-05_run-07_trial-40.wav	11	1.5925	1.7525
sub-05	7	40	leh	sub-05_run-07_trial-40.wav	12	1.7525	1.8925
sub-05	7	40	leh	sub-05_run-07_trial-40.wav	13	1.8925	2.0525
sub-05	7	40	leh	sub-05_run-07_trial-40.wav	14	2.0525	2.1925
sub-05	7	40	leh	sub-05_run-07_trial-40.wav	15	2.1925	2.3525
sub-05	7	40	leh	sub-05_run-07_trial-40.wav	16	2.3525	2.5125
sub-05	7	40	leh	sub-05_run-07_trial-40.wav	17	2.5125	2.6525
sub-05	7	40	leh	sub-05_run-07_trial-40.wav	18	2.6525	2.8325
sub-05	7	40	leh	sub-05_run-07_trial-40.wav	19	2.8325	3.0325
sub-05	7	40	leh	sub-05_run-07_trial-40.wav	20	3.0325	3.1725
sub-05	7	40	leh	sub-05_run-07_trial-40.wav	21	3.1725	3.3525
sub-05	7	40	leh	sub-05_run-07_trial-40.wav	22	3.3525	3.5325
sub-05	7	40	leh	sub-05_run-07_trial-40.wav	23	3.5325	3.7325
sub-05	7	40	leh	sub-05_run-07_trial-40.wav	24	3.7325	3.9125
sub-05	7	40	leh	sub-05_run-07_trial-40.wav	25	3.9125	4.0725
sub-05	7	40	leh	sub-05_run-07_trial-40.wav	26	4.0725	4.2325
sub-05	7	40	leh	sub-05_run-07_trial-40.wav	27	4.2325	4.3525
sub-05	7	40	leh	sub-05_run-07_trial-40.wav	28	4.3525	4.5125
sub-05	7	41	thieves	sub-05_run-07_trial-41.wav	1	0.2925	0.4525
sub-05	7	41	thieves	sub-05_run-07_trial-41.wav	2	0.4525	0.6925
sub-05	7	41	thieves	sub-05_run-07_trial-41.wav	3	0.6925	1.0325
sub-05	7	41	thieves	sub-05_run-07_trial-41.wav	4	1.0325	1.3725
sub-05	7	41	thieves	sub-05_run-07_trial-41.wav	5	1.3725	1.6925
sub-05	7	41	thieves	sub-05_run-07_trial-41.wav	6	1.6925	2.0525
sub-05	7	41	thieves	sub-05_run-07_trial-41.wav	7	2.0525	2.3325
sub-05	7	41	thieves	sub-05_run-07_trial-41.wav	8	2.3325	2.6325
sub-05	7	41	thieves	sub-05_run-07_trial-41.wav	9	2.6325	2.9725
sub-05	7	41	thieves	sub-05_run-07_trial-41.wav	10	2.9725	3.2925
sub-05	7	41	thieves	sub-05_run-07_trial-41.wav	11	3.2925	3.6525
sub-05	7	41	thieves	sub-05_run-07_trial-41.wav	12	3.6525	3.9725
sub-05	7	41	thieves	sub-05_run-07_trial-41.wav	13	3.9725	4.3125
sub-05	7	41	thieves	sub-05_run-07_trial-41.wav	14	4.3125	4.6925
sub-05	7	42	ter	sub-05_run-07_trial-42.wav	1	0.0925	0.2525
sub-05	7	42	ter	sub-05_run-07_trial-42.wav	2	0.2525	0.3725
sub-05	7	42	ter	sub-05_run-07_trial-42.wav	3	0.4125	0.5725
sub-05	7	42	ter	sub-05_run-07_trial-42.wav	4	0.5725	0.7325
sub-05	7	42	ter	sub-05_run-07_trial-42.wav	5	0.7325	0.8925
sub-05	7	42	ter	sub-05_run-07_trial-42.wav	6	0.8925	1.0525
sub-05	7	42	ter	sub-05_run-07_trial-42.wav	7	1.0525	1.2525
sub-05	7	42	ter	sub-05_run-07_trial-42.wav	8	1.2525	1.4125
sub-05	7	42	ter	sub-05_run-07_trial-42.wav	9	1.4125	1.5725
sub-05	7	42	ter	sub-05_run-07_trial-42.wav	10	1.6325	1.7725
sub-05	7	42	ter	sub-05_run-07_trial-42.wav	11	1.7725	1.9325
sub-05	7	42	ter	sub-05_run-07_trial-42.wav	12	1.9325	2.1325
sub-05	7	42	ter	sub-05_run-07_trial-42.wav	13	2.1325	2.2925
sub-05	7	42	ter	sub-05_run-07_trial-42.wav	14	2.2925	2.4525
sub-05	7	42	ter	sub-05_run-07_trial-42.wav	15	2.5125	2.6525
sub-05	7	42	ter	sub-05_run-07_trial-42.wav	16	2.7125	2.8525
sub-05	7	42	ter	sub-05_run-07_trial-42.wav	17	2.8525	3.0325
sub-05	7	42	ter	sub-05_run-07_trial-42.wav	18	3.0925	3.2125
sub-05	7	42	ter	sub-05_run-07_trial-42.wav	19	3.2725	3.4125
sub-05	7	42	ter	sub-05_run-07_trial-42.wav	20	3.4125	3.6125
sub-05	7	42	ter	sub-05_run-07_trial-42.wav	21	3.6125	3.8525
sub-05	7	42	ter	sub-05_run-07_trial-42.wav	22	3.8525	4.1925
sub-05	8	1	day	sub-05_run-08_trial-01.wav	1	0.5125	0.6525
sub-05	8	1	day	sub-05_run-08_trial-01.wav	2	0.6525	0.7725
sub-05	8	1	day	sub-05_run-08_trial-01.wav	3	0.7725	0.8925
sub-05	8	1	day	sub-05_run-08_trial-01.wav	4	0.8925	1.0325
sub-05	8	1	day	sub-05_run-08_trial-01.wav	5	1.0725	1.1725
sub-05	8	1	day	sub-05_run-08_trial-01.wav	6	1.2325	1.3325
sub-05	8	1	day	sub-05_run-08_trial-01.wav	7	1.3925	1.4925
sub-05	8	1	day	sub-05_run-08_trial-01.wav	8	1.5325	1.6525
sub-05	8	1	day	sub-05_run-08_trial-01.wav	9	1.6525	1.7725
sub-05	8	1	day	sub-05_run-08_trial-01.wav	10	1.7725	1.9325
sub-05	8	1	day	sub-05_run-08_trial-01.wav	11	1.9325	2.0325
sub-05	8	1	day	sub-05_run-08_trial-01.wav	12	2.0925	2.1925
sub-05	8	1	day	sub-05_run-08_trial-01.wav	13	2.2525	2.3525
sub-05	8	1	day	sub-05_run-08_trial-01.wav	14	2.4125	2.5125
sub-05	8	1	day	sub-05_run-08_trial-01.wav	15	2.5525	2.6925
sub-05	8	1	day	sub-05_run-08_trial-01.wav	16	2.6925	2.8125
sub-05	8	1	day	sub-05_run-08_trial-01.wav	17	2.8125	2.9725
sub-05	8	1	day	sub-05_run-08_trial-01.wav	18	2.9725	3.1125
sub-05	8	1	day	sub-05_run-08_trial-01.wav	19	3.1125	3.2525
sub-05	8	1	day	sub-05_run-08_trial-01.wav	20	3.2525	3.4125
sub-05	8	1	day	sub-05_run-08_trial-01.wav	21	3.4125	3.5325
sub-05	8	1	day	sub-05_run-08_trial-01.wav	22	3.5325	3.6925
sub-05	8	1	day	sub-05_run-08_trial-01.wav	23	3.6925	3.8525
sub-05	8	1	day	sub-05_run-08_trial-01.wav	24	3.8525	4.0125
sub-05	8	1	day	sub-05_run-08_trial-01.wav	25	4.0125	4.1725
sub-05	8	1	day	sub-05_run-08_trial-01.wav	26	4.1725	4.2925
sub-05	8	1	day	sub-05_run-08_trial-01.wav	27	4.2925	4.4925
sub-05	8	2	how	sub-05_run-08_trial-02.wav	1	0.1525	0.3525
sub-05	8	2	how	sub-05_run-08_trial-02.wav	2	0.3525	0.5325
sub-05	8	2	how	sub-05_run-08_trial-02.wav	3	0.5325	0.7125
sub-05	8	2	how	sub-05_run-08_trial-02.wav	4	0.7125	0.9325
sub-05	8	2	how	sub-05_run-08_trial-02.wav	5	0.9325	1.1325
sub-05	8	2	how	sub-05_run-08_trial-02.wav	6	1.1325	1.3325
sub-05	8	2	how	sub-05_run-08_trial-02.wav	7	1.3325	1.5125
sub-05	8	2	how	sub-05_run-08_trial-02.wav	8	1.5125	1.7325
sub-05	8	2	how	sub-05_run-08_trial-02.wav	9	1.7325	1.9725
sub-05	8	2	how	sub-05_run-08_trial-02.wav	10	1.9725	2.1925
sub-05	8	2	how	sub-05_run-08_trial-02.wav	11	2.1925	2.4125
sub-05	8	2	how	sub-05_run-08_trial-02.wav	12	2.4125	2.6925
sub-05	8	2	how	sub-05_run-08_trial-02.wav	13	2.7525	2.9925
sub-05	8	2	how	sub-05_run-08_trial-02.wav	14	2.9925	3.2325
sub-05	8	2	how	sub-05_run-08_trial-02.wav	15	3.2325	3.5125
sub-05	8	2	how	sub-05_run-08_trial-02.wav	16	3.7125	3.9725
sub-05	8	3	chuck	sub-05_run-08_trial-03.wav	1	0.0725	0.2125
sub-05	8	3	chuck	sub-05_run-08_trial-03.wav	2	0.2125	0.3725
sub-05	8	3	chuck	sub-05_run-08_trial-03.wav	3	0.3725	0.4725
sub-05	8	3	chuck	sub-05_run-08_trial-03.wav	4	0.5525	0.6925
sub-05	8	3	chuck	sub-05_run-08_trial-03.wav	5	0.6925	0.8125
sub-05	8	3	chuck	sub-05_run-08_trial-03.wav	6	0.8925	0.9925
sub-05	8	3	chuck	sub-05_run-08_trial-03.wav	7	1.0525	1.1725
sub-05	8	3	chuck	sub-05_run-08_trial-03.wav	8	1.2325	1.3725
sub-05	8	3	chuck	sub-05_run-08_trial-03.wav	9	1.3725	1.5125
sub-05	8	3	chuck	sub-05_run-08_trial-03.wav	10	1.5725	1.6925
sub-05	8	3	chuck	sub-05_run-08_trial-03.wav	11	1.7525	1.8725
sub-05	8	3	chuck	sub-05_run-08_trial-03.wav	12	1.9525	2.0725
sub-05	8	3	chuck	sub-05_run-08_trial-03.wav	13	2.1525	2.2725
sub-05	8	3	chuck	sub-05_run-08_trial-03.wav	14	2.3325	2.4525
sub-05	8	3	chuck	sub-05_run-08_trial-03.wav	15	2.5125	2.6325
sub-05	8	3	chuck	sub-05_run-08_trial-03.wav	16	2.6925	2.8325
sub-05	8	3	chuck	sub-05_run-08_trial-03.wav	17	2.9125	3.0525
sub-05	8	3	chuck	sub-05_run-08_trial-03.wav	18	3.1325	3.2325
sub-05	8	3	chuck	sub-05_run-08_trial-03.wav	19	3.3325	3.4525
sub-05	8	3	chuck	sub-05_run-08_trial-03.wav	20	3.5325	3.6325
sub-05	8	3	chuck	sub-05_run-08_trial-03.wav	21	3.7525	3.8525
sub-05	8	3	chuck	sub-05_run-08_trial-03.wav	22	3.9325	4.0325
sub-05	8	3	chuck	sub-05_run-08_trial-03.wav	23	4.1325	4.2525
sub-05	8	3	chuck	sub-05_run-08_trial-03.wav	24	4.3525	4.4525
sub-05	8	3	chuck	sub-05_run-08_trial-03.wav	25	4.5325	4.6525
sub-05	8	4	ther	sub-05_run-08_trial-04.wav	1	0.2525	0.4525
sub-05	8	4	ther	sub-05_run-08_trial-04.wav	2	0.4525	0.6125
sub-05	8	4	ther	sub-05_run-08_trial-04.wav	3	0.6125	0.8325
sub-05	8	4	ther	sub-05_run-08_trial-04.wav	4	0.8325	0.9125
sub-05	8	4	ther	sub-05_run-08_trial-04.wav	5	0.9125	1.0525
sub-05	8	4	ther	sub-05_run-08_trial-04.wav	6	1.1325	1.2925
sub-05	8	4	ther	sub-05_run-08_trial-04.wav	7	1.2925	1.5325
sub-05	8	4	ther	sub-05_run-08_trial-04.wav	8	1.5325	1.7325
sub-05	8	4	ther	sub-05_run-08_trial-04.wav	9	1.7725	1.8925
sub-05	8	4	ther	sub-05_run-08_trial-04.wav	10	1.8925	2.1325
sub-05	8	4	ther	sub-05_run-08_trial-04.wav	11	2.1325	2.3125
sub-05	8	4	ther	sub-05_run-08_trial-04.wav	12	2.3725	2.5325
sub-05	8	4	ther	sub-05_run-08_trial-04.wav	13	2.5325	2.6125
sub-05	8	4	ther	sub-05_run-08_trial-04.wav	14	2.6125	2.7525
sub-05	8	4	ther	sub-05_run-08_trial-04.wav	15	2.8325	3.0525
sub-05	8	4	ther	sub-05_run-08_trial-04.wav	16	3.0525	3.2125
sub-05	8	4	ther	sub-05_run-08_trial-04.wav	17	3.2125	3.4725
sub-05	8	4	ther	sub-05_run-08_trial-04.wav	18	3.5125	3.8125
sub-05	8	4	ther	sub-05_run-08_trial-04.wav	19	3.8125	4.0525
sub-05	8	4	ther	sub-05_run-08_trial-04.wav	20	4.0525	4.3125
sub-05	8	4	ther	sub-05_run-08_trial-04.wav	21	4.3125	4.5525
sub-05	8	5	neh	sub-05_run-08_trial-05.wav	1	0.0925	0.3725
sub-05	8	5	neh	sub-05_run-08_trial-05.wav	2	0.3725	0.4925
sub-05	8	5	neh	sub-05_run-08_trial-05.wav	3	0.4925	0.6325
sub-05	8	5	neh	sub-05_run-08_trial-05.wav	4	0.6325	0.7725
sub-05	8	5	neh	sub-05_run-08_trial-05.wav	5	0.7725	0.9125
sub-05	8	5	neh	sub-05_run-08_trial-05.wav	6	0.9125	1.0525
sub-05	8	5	neh	sub-05_run-08_trial-05.wav	7	1.0525	1.1925
sub-05	8	5	neh	sub-05_run-08_trial-05.wav	8	1.1925	1.3325
sub-05	8	5	neh	sub-05_run-08_trial-05.wav	9	1.3325	1.4725
sub-05	8	5	neh	sub-05_run-08_trial-05.wav	10	1.4725	1.6125
sub-05	8	5	neh	sub-05_run-08_trial-05.wav	11	1.6125	1.7525
sub-05	8	5	neh	sub-05_run-08_trial-05.wav	12	1.7525	1.9125
sub-05	8	5	neh	sub-05_run-08_trial-05.wav	13	1.9125	2.0525
sub-05	8	5	neh	sub-05_run-08_trial-05.wav	14	2.0525	2.2125
sub-05	8	5	neh	sub-05_run-08_trial-05.wav	15	2.2125	2.3925
sub-05	8	5	neh	sub-05_run-08_trial-05.wav	16	2.3925	2.5325
sub-05	8	5	neh	sub-05_run-08_trial-05.wav	17	2.5325	2.6925
sub-05	8	5	neh	sub-05_run-08_trial-05.wav	18	2.6925	2.8525
sub-05	8	5	neh	sub-05_run-08_trial-05.wav	19	2.8525	3.0325
sub-05	8	5	neh	sub-05_run-08_trial-05.wav	20	3.0325	3.1725
sub-05	8	5	neh	sub-05_run-08_trial-05.wav	21	3.1725	3.3525
sub-05	8	5	neh	sub-05_run-08_trial-05.wav	22	3.3525	3.5125
sub-05	8	5	neh	sub-05_run-08_trial-05.wav	23	3.5125	3.6525
sub-05	8	5	neh	sub-05_run-08_trial-05.wav	24	3.6525	3.8125
sub-05	8	5	neh	sub-05_run-08_trial-05.wav	25	3.8125	4.0725
sub-05	8	6	ter	sub-05_run-08_trial-06.wav	1	0.0525	0.1725
sub-05	8	6	ter	sub-05_run-08_trial-06.wav	2	0.1725	0.3325
sub-05	8	6	ter	sub-05_run-08_trial-06.wav	3	0.3325	0.4525
sub-05	8	6	ter	sub-05_run-08_trial-06.wav	4	0.4525	0.6125
sub-05	8	6	ter	sub-05_run-08_trial-06.wav	5	0.6125	0.7725
sub-05	8	6	ter	sub-05_run-08_trial-06.wav	6	0.7725	0.9125
sub-05	8	6	ter	sub-05_run-08_trial-06.wav	7	0.9125	1.0725
sub-05	8	6	ter	sub-05_run-08_trial-06.wav	8	1.0725	1.2125
sub-05	8	6	ter	sub-05_run-08_trial-06.wav	9	1.2125	1.3725
sub-05	8	6	ter	sub-05_run-08_trial-06.wav	10	1.3725	1.5325
sub-05	8	6	ter	sub-05_run-08_trial-06.wav	11	1.5325	1.6925
sub-05	8	6	ter	sub-05_run-08_trial-06.wav	12	1.6925	1.8525
sub-05	8	6	ter	sub-05_run-08_trial-06.wav	13	1.8525	2.0125
sub-05	8	6	ter	sub-05_run-08_trial-06.wav	14	2.0125	2.2125
sub-05	8	6	ter	sub-05_run-08_trial-06.wav	15	2.2125	2.3725
sub-05	8	6	ter	sub-05_run-08_trial-06.wav	16	2.3725	2.5125
sub-05	8	6	ter	sub-05_run-08_trial-06.wav	17	2.5725	2.7325
sub-05	8	6	ter	sub-05_run-08_trial-06.wav	18	2.7325	2.8925
sub-05	8	6	ter	sub-05_run-08_trial-06.wav	19	2.8925	3.0525
sub-05	8	6	ter	sub-05_run-08_trial-06.wav	20	3.1125	3.2125
sub-05	8	6	ter	sub-05_run-08_trial-06.wav	21	3.2125	3.3925
sub-05	8	6	ter	sub-05_run-08_trial-06.wav	22	3.4325	3.6125
sub-05	8	6	ter	sub-05_run-08_trial-06.wav	23	3.6125	3.7725
sub-05	8	6	ter	sub-05_run-08_trial-06.wav	24	3.7725	3.9525
sub-05	8	6	ter	sub-05_run-08_trial-06.wav	25	4.0125	4.1325
sub-05	8	6	ter	sub-05_run-08_trial-06.wav	26	4.1925	4.3325
sub-05	8	6	ter	sub-05_run-08_trial-06.wav	27	4.3325	4.5325
sub-05	8	7	per	sub-05_run-08_trial-07.wav	1	0.0725	0.1525
sub-05	8	7	per	sub-05_run-08_trial-07.wav	2	0.2125	0.3325
sub-05	8	7	per	sub-05_run-08_trial-07.wav	3	0.3725	0.4525
sub-05	8	7	per	sub-05_run-08_trial-07.wav	4	0.5325	0.6325
sub-05	8	7	per	sub-05_run-08_trial-07.wav	5	0.6725	0.7925
sub-05	8	7	per	sub-05_run-08_trial-07.wav	6	0.8325	0.9725
sub-05	8	7	per	sub-05_run-08_trial-07.wav	7	0.9725	1.1325
sub-05	8	7	per	sub-05_run-08_trial-07.wav	8	1.1325	1.3125
sub-05	8	7	per	sub-05_run-08_trial-07.wav	9	1.3725	1.4925
sub-05	8	7	per	sub-05_run-08_trial-07.wav	10	1.4925	1.6325
sub-05	8	7	per	sub-05_run-08_trial-07.wav	11	1.7125	1.8525
sub-05	8	7	per	sub-05_run-08_trial-07.wav	12	1.8525	2.0525
sub-05	8	7	per	sub-05_run-08_trial-07.wav	13	2.0525	2.2325
sub-05	8	7	per	sub-05_run-08_trial-07.wav	14	2.2325	2.3325
sub-05	8	7	per	sub-05_run-08_trial-07.wav	15	2.3925	2.4925
sub-05	8	7	per	sub-05_run-08_trial-07.wav	16	2.5925	2.7125
sub-05	8	7	per	sub-05_run-08_trial-07.wav	17	2.7525	2.9125
sub-05	8	7	per	sub-05_run-08_trial-07.wav	18	2.9725	3.1525
sub-05	8	7	per	sub-05_run-08_trial-07.wav	19	3.1525	3.3325
sub-05	8	7	per	sub-05_run-08_trial-07.wav	20	3.3325	3.4325
sub-05	8	7	per	sub-05_run-08_trial-07.wav	21	3.5125	3.7125
sub-05	8	7	per	sub-05_run-08_trial-07.wav	22	3.7125	3.8325
sub-05	8	7	per	sub-05_run-08_trial-07.wav	23	3.8325	3.9525
sub-05	8	8	throne	sub-05_run-08_trial-08.wav	1	0.1125	0.3525
sub-05	8	8	throne	sub-05_run-08_trial-08.wav	2	0.3525	0.6125
sub-05	8	8	throne	sub-05_run-08_trial-08.wav	3	0.6125	0.8925
sub-05	8	8	throne	sub-05_run-08_trial-08.wav	4	0.8925	1.1525
sub-05	8	8	throne	sub-05_run-08_trial-08.wav	5	1.1525	1.4325
sub-05	8	8	throne	sub-05_run-08_trial-08.wav	6	1.4325	1.7325
sub-05	8	8	throne	sub-05_run-08_trial-08.wav	7	1.7325	1.9725
sub-05	8	8	throne	sub-05_run-08_trial-08.wav	8	1.9725	2.2925
sub-05	8	8	throne	sub-05_run-08_trial-08.wav	9	2.2925	2.5725
sub-05	8	8	throne	sub-05_run-08_trial-08.wav	10	2.5725	2.8525
sub-05	8	8	throne	sub-05_run-08_trial-08.wav	11	2.8525	3.1325
sub-05	8	8	throne	sub-05_run-08_trial-08.wav	12	3.1725	3.4125
sub-05	8	8	throne	sub-05_run-08_trial-08.wav	13	3.4125	3.6925
sub-05	8	8	throne	sub-05_run-08_trial-08.wav	14	3.6925	3.9725
sub-05	8	8	throne	sub-05_run-08_trial-08.wav	15	3.9725	4.2525
sub-05	8	8	throne	sub-05_run-08_trial-08.wav	16	4.2525	4.5125
sub-05	8	8	throne	sub-05_run-08_trial-08.wav	17	4.5125	4.8325
sub-05	8	9	juh	sub-05_run-08_trial-09.wav	1	0.0725	0.2925
sub-05	8	9	juh	sub-05_run-08_trial-09.wav	2	0.2925	0.4525
sub-05	8	9	juh	sub-05_run-08_trial-09.wav	3	0.4525	0.6125
sub-05	8	9	juh	sub-05_run-08_trial-09.wav	4	0.6125	0.8125
sub-05	8	9	juh	sub-05_run-08_trial-09.wav	5	0.8125	0.9925
sub-05	8	9	juh	sub-05_run-08_trial-09.wav	6	0.9925	1.2125
sub-05	8	9	juh	sub-05_run-08_trial-09.wav	7	1.2125	1.4125
sub-05	8	9	juh	sub-05_run-08_trial-09.wav	8	1.4125	1.5925
sub-05	8	9	juh	sub-05_run-08_trial-09.wav	9	1.5925	1.8125
sub-05	8	9	juh	sub-05_run-08_trial-09.wav	10	1.8125	2.0125
sub-05	8	9	juh	sub-05_run-08_trial-09.wav	11	2.0125	2.1725
sub-05	8	9	juh	sub-05_run-08_trial-09.wav	12	2.1725	2.3525
sub-05	8	9	juh	sub-05_run-08_trial-09.wav	13	2.3525	2.5325
sub-05	8	9	juh	sub-05_run-08_trial-09.wav	14	2.5325	2.7125
sub-05	8	9	juh	sub-05_run-08_trial-09.wav	15	2.7125	2.8525
sub-05	8	9	juh	sub-05_run-08_trial-09.wav	16	2.8525	2.9725
sub-05	8	9	juh	sub-05_run-08_trial-09.wav	17	2.9725	3.1725
sub-05	8	9	juh	sub-05_run-08_trial-09.wav	18	3.1725	3.3725
sub-05	8	9	juh	sub-05_run-08_trial-09.wav	19	3.3725	3.6125
sub-05	8	9	juh	sub-05_run-08_trial-09.wav	20	3.6125	3.8525
sub-05	8	9	juh	sub-05_run-08_trial-09.wav	21	3.8525	4.0725
sub-05	8	9	juh	sub-05_run-08_trial-09.wav	22	4.0725	4.3125
sub-05	8	9	juh	sub-05_run-08_trial-09.wav	23	4.3125	4.5925
sub-05	8	10	picked	sub-05_run-08_trial-10.wav	1	0.1125	0.2125
sub-05	8	10	picked	sub-05_run-08_trial-10.wav	2	0.3125	0.4525
sub-05	8	10	picked	sub-05_run-08_trial-10.wav	3	0.5125	0.6525
sub-05	8	10	picked	sub-05_run-08_trial-10.wav	4	0.7325	0.8525
sub-05	8	10	picked	sub-05_run-08_trial-10.wav	5	0.9725	1.1325
sub-05	8	10	picked	sub-05_run-08_trial-10.wav	6	1.1925	1.3325
sub-05	8	10	picked	sub-05_run-08_trial-10.wav	7	1.4125	1.5325
sub-05	8	10	picked	sub-05_run-08_trial-10.wav	8	1.6525	1.8125
sub-05	8	10	picked	sub-05_run-08_trial-10.wav	9	1.8725	1.9925
sub-05	8	10	picked	sub-05_run-08_trial-10.wav	10	2.0925	2.2325
sub-05	8	10	picked	sub-05_run-08_trial-10.wav	11	2.3325	2.4525
sub-05	8	10	picked	sub-05_run-08_trial-10.wav	12	2.5525	2.7325
sub-05	8	10	picked	sub-05_run-08_trial-10.wav	13	2.7925	2.9125
sub-05	8	10	picked	sub-05_run-08_trial-10.wav	14	3.0125	3.1125
sub-05	8	10	picked	sub-05_run-08_trial-10.wav	15	3.2325	3.3325
sub-05	8	10	picked	sub-05_run-08_trial-10.wav	16	3.4525	3.6125
sub-05	8	10	picked	sub-05_run-08_trial-10.wav	17	3.6925	3.7925
sub-05	8	10	picked	sub-05_run-08_trial-10.wav	18	3.9125	4.0325
sub-05	8	10	picked	sub-05_run-08_trial-10.wav	19	4.1325	4.2925
sub-05	8	10	picked	sub-05_run-08_trial-10.wav	20	4.2925	4.3925
sub-05	8	11	much	sub-05_run-08_trial-11.wav	1	0.1725	0.3325
sub-05	8	11	much	sub-05_run-08_trial-11.wav	2	0.3325	0.5325
sub-05	8	11	much	sub-05_run-08_trial-11.wav	3	0.5325	0.6925
sub-05	8	11	much	sub-05_run-08_trial-11.wav	4	0.6925	0.8525
sub-05	8	11	much	sub-05_run-08_trial-11.wav	5	0.8525	0.9725
sub-05	8	11	much	sub-05_run-08_trial-11.wav	6	0.9725	1.1525
sub-05	8	11	much	sub-05_run-08_trial-11.wav	7	1.1525	1.3325
sub-05	8	11	much	sub-05_run-08_trial-11.wav	8	1.3725	1.5125
sub-05	8	11	much	sub-05_run-08_trial-11.wav	9	1.5725	1.6925
sub-05	8	11	much	sub-05_run-08_trial-11.wav	10	1.7525	1.8925
sub-05	8	11	much	sub-05_run-08_trial-11.wav	11	1.8925	2.1725
sub-05	8	11	much	sub-05_run-08_trial-11.wav	12	2.1725	2.3325
sub-05	8	11	much	sub-05_run-08_trial-11.wav	13	2.3925	2.5325
sub-05	8	11	much	sub-05_run-08_trial-11.wav	14	2.5925	2.7525
sub-05	8	11	much	sub-05_run-08_trial-11.wav	15	2.8125	2.9325
sub-05	8	11	much	sub-05_run-08_trial-11.wav	16	2.9925	3.1525
sub-05	8	11	much	sub-05_run-08_trial-11.wav	17	3.1525	3.3725
sub-05	8	11	much	sub-05_run-08_trial-11.wav	18	3.3725	3.5125
sub-05	8	11	much	sub-05_run-08_trial-11.wav	19	3.5125	3.7725
sub-05	8	11	much	sub-05_run-08_trial-11.wav	20	3.7725	3.9725
sub-05	8	11	much	sub-05_run-08_trial-11.wav	21	3.9725	4.1525
sub-05	8	11	much	sub-05_run-08_trial-11.wav	22	4.2125	4.3325
sub-05	8	11	much	sub-05_run-08_trial-11.wav	23	4.3925	4.6725
sub-05	8	12	leh	sub-05_run-08_trial-12.wav	1	0.0725	0.4125
sub-05	8	12	leh	sub-05_run-08_trial-12.wav	2	0.4125	0.5525
sub-05	8	12	leh	sub-05_run-08_trial-12.wav	3	0.5525	0.6725
sub-05	8	12	leh	sub-05_run-08_trial-12.wav	4	0.6725	0.8125
sub-05	8	12	leh	sub-05_run-08_trial-12.wav	5	0.8125	0.9525
sub-05	8	12	leh	sub-05_run-08_trial-12.wav	6	0.9525	1.0925
sub-05	8	12	leh	sub-05_run-08_trial-12.wav	7	1.0925	1.2325
sub-05	8	12	leh	sub-05_run-08_trial-12.wav	8	1.2325	1.3925
sub-05	8	12	leh	sub-05_run-08_trial-12.wav	9	1.3925	1.5525
sub-05	8	12	leh	sub-05_run-08_trial-12.wav	10	1.5525	1.7125
sub-05	8	12	leh	sub-05_run-08_trial-12.wav	11	1.7125	1.8525
sub-05	8	12	leh	sub-05_run-08_trial-12.wav	12	1.8525	1.9925
sub-05	8	12	leh	sub-05_run-08_trial-12.wav	13	1.9925	2.1725
sub-05	8	12	leh	sub-05_run-08_trial-12.wav	14	2.1725	2.3325
sub-05	8	12	leh	sub-05_run-08_trial-12.wav	15	2.3325	2.4725
sub-05	8	12	leh	sub-05_run-08_trial-12.wav	16	2.4725	2.6725
sub-05	8	12	leh	sub-05_run-08_trial-12.wav	17	2.6725	2.8325
sub-05	8	12	leh	sub-05_run-08_trial-12.wav	18	2.8325	2.9925
sub-05	8	12	leh	sub-05_run-08_trial-12.wav	19	2.9925	3.1125
sub-05	8	12	leh	sub-05_run-08_trial-12.wav	20	3.1125	3.2525
sub-05	8	12	leh	sub-05_run-08_trial-12.wav	21	3.2525	3.4525
sub-05	8	12	leh	sub-05_run-08_trial-12.wav	22	3.4525	3.6125
sub-05	8	12	leh	sub-05_run-08_trial-12.wav	23	3.6125	3.7725
sub-05	8	12	leh	sub-05_run-08_trial-12.wav	24	3.7725	3.9125
sub-05	8	12	leh	sub-05_run-08_trial-12.wav	25	3.9125	4.0925
sub-05	8	12	leh	sub-05_run-08_trial-12.wav	26	4.0925	4.2525
sub-05	8	12	leh	sub-05_run-08_trial-12.wav	27	4.2525	4.4725
sub-05	8	13	pot	sub-05_run-08_trial-13.wav	1	0.2925	0.3725
sub-05	8	13	pot	sub-05_run-08_trial-13.wav	2	0.4525	0.6125
sub-05	8	13	pot	sub-05_run-08_trial-13.wav	3	0.6125	0.7725
sub-05	8	13	pot	sub-05_run-08_trial-13.wav	4	0.7725	0.9325
sub-05	8	13	pot	sub-05_run-08_trial-13.wav	5	0.9325	1.1125
sub-05	8	13	pot	sub-05_run-08_trial-13.wav	6	1.1125	1.1925
sub-05	8	13	pot	sub-05_run-08_trial-13.wav	7	1.2725	1.3525
sub-05	8	13	pot	sub-05_run-08_trial-13.wav	8	1.4325	1.6125
sub-05	8	13	pot	sub-05_run-08_trial-13.wav	9	1.6125	1.6925
sub-05	8	13	pot	sub-05_run-08_trial-13.wav	10	1.7725	1.8725
sub-05	8	13	pot	sub-05_run-08_trial-13.wav	11	1.9325	2.1125
sub-05	8	13	pot	sub-05_run-08_trial-13.wav	12	2.1125	2.2725
sub-05	8	13	pot	sub-05_run-08_trial-13.wav	13	2.2725	2.4725
sub-05	8	13	pot	sub-05_run-08_trial-13.wav	14	2.4725	2.6125
sub-05	8	13	pot	sub-05_run-08_trial-13.wav	15	2.6125	2.7925
sub-05	8	13	pot	sub-05_run-08_trial-13.wav	16	2.7925	2.9725
sub-05	8	13	pot	sub-05_run-08_trial-13.wav	17	2.9725	3.1525
sub-05	8	13	pot	sub-05_run-08_trial-13.wav	18	3.1525	3.2725
sub-05	8	13	pot	sub-05_run-08_trial-13.wav	19	3.3525	3.5125
sub-05	8	13	pot	sub-05_run-08_trial-13.wav	20	3.5125	3.7125
sub-05	8	13	pot	sub-05_run-08_trial-13.wav	21	3.7125	3.8925
sub-05	8	13	pot	sub-05_run-08_trial-13.wav	22	3.8925	3.9925
sub-05	8	13	pot	sub-05_run-08_trial-13.wav	23	4.0725	4.2525
sub-05	8	13	pot	sub-05_run-08_trial-13.wav	24	4.2525	4.3925
sub-05	8	14	out	sub-05_run-08_trial-14.wav	1	0.1125	0.2525
sub-05	8	14	out	sub-05_run-08_trial-14.wav	2	0.2525	0.4125
sub-05	8	14	out	sub-05_run-08_trial-14.wav	3	0.4125	0.5325
sub-05	8	14	out	sub-05_run-08_trial-14.wav	4	0.5725	0.6925
sub-05	8	14	out	sub-05_run-08_trial-14.wav	5	0.6925	0.8325
sub-05	8	14	out	sub-05_run-08_trial-14.wav	6	0.8725	1.0125
sub-05	8	14	out	sub-05_run-08_trial-14.wav	7	1.0125	1.1325
sub-05	8	14	out	sub-05_run-08_trial-14.wav	8	1.1725	1.3125
sub-05	8	14	out	sub-05_run-08_trial-14.wav	9	1.3125	1.4925
sub-05	8	14	out	sub-05_run-08_trial-14.wav	10	1.4925	1.6525
sub-05	8	14	out	sub-05_run-08_trial-14.wav	11	1.6525	1.8125
sub-05	8	14	out	sub-05_run-08_trial-14.wav	12	1.8525	2.0125
sub-05	8	14	out	sub-05_run-08_trial-14.wav	13	2.0125	2.1725
sub-05	8	14	out	sub-05_run-08_trial-14.wav	14	2.2125	2.3725
sub-05	8	14	out	sub-05_run-08_trial-14.wav	15	2.3725	2.5725
sub-05	8	14	out	sub-05_run-08_trial-14.wav	16	2.5725	2.7725
sub-05	8	14	out	sub-05_run-08_trial-14.wav	17	2.7725	2.9325
sub-05	8	14	out	sub-05_run-08_trial-14.wav	18	2.9325	3.1125
sub-05	8	14	out	sub-05_run-08_trial-14.wav	19	3.1525	3.3325
sub-05	8	14	out	sub-05_run-08_trial-14.wav	20	3.3325	3.5325
sub-05	8	14	out	sub-05_run-08_trial-14.wav	21	3.5725	3.7125
sub-05	8	14	out	sub-05_run-08_trial-14.wav	22	3.7525	3.9325
sub-05	8	14	out	sub-05_run-08_trial-14.wav	23	3.9325	4.1325
sub-05	8	14	out	sub-05_run-08_trial-14.wav	24	4.1325	4.5525
sub-05	8	15	mih	sub-05_run-08_trial-15.wav	1	0.1925	0.3325
sub-05	8	15	mih	sub-05_run-08_trial-15.wav	2	0.3325	0.4525
sub-05	8	15	mih	sub-05_run-08_trial-15.wav	3	0.4525	0.6125
sub-05	8	15	mih	sub-05_run-08_trial-15.wav	4	0.6125	0.7525
sub-05	8	15	mih	sub-05_run-08_trial-15.wav	5	0.7525	0.9125
sub-05	8	15	mih	sub-05_run-08_trial-15.wav	6	0.9125	1.0525
sub-05	8	15	mih	sub-05_run-08_trial-15.wav	7	1.0525	1.2325
sub-05	8	15	mih	sub-05_run-08_trial-15.wav	8	1.2325	1.3925
sub-05	8	15	mih	sub-05_run-08_trial-15.wav	9	1.3925	1.5525
sub-05	8	15	mih	sub-05_run-08_trial-15.wav	10	1.5525	1.7125
sub-05	8	15	mih	sub-05_run-08_trial-15.wav	11	1.7125	1.8725
sub-05	8	15	mih	sub-05_run-08_trial-15.wav	12	1.8725	2.0325
sub-05	8	15	mih	sub-05_run-08_trial-15.wav	13	2.0325	2.2125
sub-05	8	15	mih	sub-05_run-08_trial-15.wav	14	2.2125	2.3725
sub-05	8	15	mih	sub-05_run-08_trial-15.wav	15	2.3725	2.5125
sub-05	8	15	mih	sub-05_run-08_trial-15.wav	16	2.5125	2.6725
sub-05	8	15	mih	sub-05_run-08_trial-15.wav	17	2.6725	2.8325
sub-05	8	15	mih	sub-05_run-08_trial-15.wav	18	2.8325	2.9925
sub-05	8	15	mih	sub-05_run-08_trial-15.wav	19	2.9925	3.1725
sub-05	8	15	mih	sub-05_run-08_trial-15.wav	20	3.1725	3.3325
sub-05	8	15	mih	sub-05_run-08_trial-15.wav	21	3.3325	3.4925
sub-05	8	15	mih	sub-05_run-08_trial-15.wav	22	3.4925	3.6525
sub-05	8	15	mih	sub-05_run-08_trial-15.wav	23	3.6525	3.8125
sub-05	8	15	mih	sub-05_run-08_trial-15.wav	24	3.8125	4.0125
sub-05	8	15	mih	sub-05_run-08_trial-15.wav	25	4.0125	4.1725
sub-05	8	15	mih	sub-05_run-08_trial-15.wav	26	4.1725	4.4125
sub-05	8	16	pi	sub-05_run-08_trial-16.wav	1	0.1325	0.1925
sub-05	8	16	pi	sub-05_run-08_trial-16.wav	2	0.2325	0.3325
sub-05	8	16	pi	sub-05_run-08_trial-16.wav	3	0.3925	0.4725
sub-05	8	16	pi	sub-05_run-08_trial-16.wav	4	0.5325	0.6125
sub-05	8	16	pi	sub-05_run-08_trial-16.wav	5	0.6725	0.7525
sub-05	8	16	pi	sub-05_run-08_trial-16.wav	6	0.8125	0.9125
sub-05	8	16	pi	sub-05_run-08_trial-16.wav	7	0.9725	1.0525
sub-05	8	16	pi	sub-05_run-08_trial-16.wav	8	1.1125	1.2125
sub-05	8	16	pi	sub-05_run-08_trial-16.wav	9	1.2725	1.3525
sub-05	8	16	pi	sub-05_run-08_trial-16.wav	10	1.4325	1.5125
sub-05	8	16	pi	sub-05_run-08_trial-16.wav	11	1.5925	1.6725
sub-05	8	16	pi	sub-05_run-08_trial-16.wav	12	1.7525	1.8325
sub-05	8	16	pi	sub-05_run-08_trial-16.wav	13	1.9125	1.9925
sub-05	8	16	pi	sub-05_run-08_trial-16.wav	14	2.0725	2.1525
sub-05	8	16	pi	sub-05_run-08_trial-16.wav	15	2.2325	2.2925
sub-05	8	16	pi	sub-05_run-08_trial-16.wav	16	2.3725	2.4725
sub-05	8	16	pi	sub-05_run-08_trial-16.wav	17	2.5325	2.6325
sub-05	8	16	pi	sub-05_run-08_trial-16.wav	18	2.7125	2.7925
sub-05	8	16	pi	sub-05_run-08_trial-16.wav	19	2.8525	2.9525
sub-05	8	16	pi	sub-05_run-08_trial-16.wav	20	3.0125	3.0925
sub-05	8	16	pi	sub-05_run-08_trial-16.wav	21	3.1725	3.2725
sub-05	8	16	pi	sub-05_run-08_trial-16.wav	22	3.3325	3.4125
sub-05	8	16	pi	sub-05_run-08_trial-16.wav	23	3.4925	3.5925
sub-05	8	16	pi	sub-05_run-08_trial-16.wav	24	3.6725	3.7525
sub-05	8	16	pi	sub-05_run-08_trial-16.wav	25	3.8125	3.9125
sub-05	8	16	pi	sub-05_run-08_trial-16.wav	26	3.9725	4.0925
sub-05	8	16	pi	sub-05_run-08_trial-16.wav	27	4.0925	4.2125
sub-05	8	16	pi	sub-05_run-08_trial-16.wav	28	4.2725	4.4125
sub-05	8	17	thir	sub-05_run-08_trial-17.wav	1	0.1725	0.3325
sub-05	8	17	thir	sub-05_run-08_trial-17.wav	2	0.3325	0.4925
sub-05	8	17	thir	sub-05_run-08_trial-17.wav	3	0.4925	0.7325
sub-05	8	17	thir	sub-05_run-08_trial-17.wav	4	0.7325	0.9525
sub-05	8	17	thir	sub-05_run-08_trial-17.wav	5	0.9525	1.1525
sub-05	8	17	thir	sub-05_run-08_trial-17.wav	6	1.1525	1.2525
sub-05	8	17	thir	sub-05_run-08_trial-17.wav	7	1.2525	1.3925
sub-05	8	17	thir	sub-05_run-08_trial-17.wav	8	1.4525	1.6125
sub-05	8	17	thir	sub-05_run-08_trial-17.wav	9	1.6125	1.8925
sub-05	8	17	thir	sub-05_run-08_trial-17.wav	10	1.9525	2.1125
sub-05	8	17	thir	sub-05_run-08_trial-17.wav	11	2.1125	2.3325
sub-05	8	17	thir	sub-05_run-08_trial-17.wav	12	2.3925	2.5325
sub-05	8	17	thir	sub-05_run-08_trial-17.wav	13	2.5325	2.7525
sub-05	8	17	thir	sub-05_run-08_trial-17.wav	14	2.8125	3.0125
sub-05	8	17	thir	sub-05_run-08_trial-17.wav	15	3.0125	3.1125
sub-05	8	17	thir	sub-05_run-08_trial-17.wav	16	3.1125	3.2525
sub-05	8	17	thir	sub-05_run-08_trial-17.wav	17	3.2525	3.4725
sub-05	8	17	thir	sub-05_run-08_trial-17.wav	18	3.4725	3.7125
sub-05	8	17	thir	sub-05_run-08_trial-17.wav	19	3.7725	3.9525
sub-05	8	17	thir	sub-05_run-08_trial-17.wav	20	3.9525	4.1925
sub-05	8	17	thir	sub-05_run-08_trial-17.wav	21	4.1925	4.4125
sub-05	8	17	thir	sub-05_run-08_trial-17.wav	22	4.4125	4.4925
sub-05	8	17	thir	sub-05_run-08_trial-17.wav	23	4.4925	4.6925
sub-05	8	18	less	sub-05_run-08_trial-18.wav	1	0.1725	0.3125
sub-05	8	18	less	sub-05_run-08_trial-18.wav	2	0.3125	0.4925
sub-05	8	18	less	sub-05_run-08_trial-18.wav	3	0.4925	0.5725
sub-05	8	18	less	sub-05_run-08_trial-18.wav	4	0.5725	0.6525
sub-05	8	18	less	sub-05_run-08_trial-18.wav	5	0.6525	0.7925
sub-05	8	18	less	sub-05_run-08_trial-18.wav	6	0.7925	0.8725
sub-05	8	18	less	sub-05_run-08_trial-18.wav	7	0.8725	0.9725
sub-05	8	18	less	sub-05_run-08_trial-18.wav	8	0.9725	1.0725
sub-05	8	18	less	sub-05_run-08_trial-18.wav	9	1.0725	1.1725
sub-05	8	18	less	sub-05_run-08_trial-18.wav	10	1.1725	1.2725
sub-05	8	18	less	sub-05_run-08_trial-18.wav	11	1.2725	1.4925
sub-05	8	18	less	sub-05_run-08_trial-18.wav	12	1.4925	1.6125
sub-05	8	18	less	sub-05_run-08_trial-18.wav	13	1.6125	1.7325
sub-05	8	18	less	sub-05_run-08_trial-18.wav	14	1.7325	1.8325
sub-05	8	18	less	sub-05_run-08_trial-18.wav	15	1.8325	1.9325
sub-05	8	18	less	sub-05_run-08_trial-18.wav	16	1.9325	2.0325
sub-05	8	18	less	sub-05_run-08_trial-18.wav	17	2.0325	2.1325
sub-05	8	18	less	sub-05_run-08_trial-18.wav	18	2.1325	2.2725
sub-05	8	18	less	sub-05_run-08_trial-18.wav	19	2.2725	2.3725
sub-05	8	18	less	sub-05_run-08_trial-18.wav	20	2.3725	2.4725
sub-05	8	18	less	sub-05_run-08_trial-18.wav	21	2.4725	2.6125
sub-05	8	18	less	sub-05_run-08_trial-18.wav	22	2.6125	2.7325
sub-05	8	18	less	sub-05_run-08_trial-18.wav	23	2.7325	2.8325
sub-05	8	18	less	sub-05_run-08_trial-18.wav	24	2.8325	3.0325
sub-05	8	18	less	sub-05_run-08_trial-18.wav	25	3.0325	3.2725
sub-05	8	18	less	sub-05_run-08_trial-18.wav	26	3.2725	3.4925
sub-05	8	18	less	sub-05_run-08_trial-18.wav	27	3.4925	3.7125
sub-05	8	18	less	sub-05_run-08_trial-18.wav	28	3.7125	4.1125
sub-05	8	18	less	sub-05_run-08_trial-18.wav	29	4.1125	4.2725
sub-05	8	19	ser	sub-05_run-08_trial-19.wav	1	0.2725	0.4725
sub-05	8	19	ser	sub-05_run-08_trial-19.wav	2	0.4725	0.6525
sub-05	8	19	ser	sub-05_run-08_trial-19.wav	3	0.6525	0.8525
sub-05	8	19	ser	sub-05_run-08_trial-19.wav	4	0.8525	1.0525
sub-05	8	19	ser	sub-05_run-08_trial-19.wav	5	1.0525	1.1525
sub-05	8	19	ser	sub-05_run-08_trial-19.wav	6	1.1525	1.2525
sub-05	8	19	ser	sub-05_run-08_trial-19.wav	7	1.2525	1.4725
sub-05	8	19	ser	sub-05_run-08_trial-19.wav	8	1.4725	1.5925
sub-05	8	19	ser	sub-05_run-08_trial-19.wav	9	1.5925	1.7125
sub-05	8	19	ser	sub-05_run-08_trial-19.wav	10	1.7125	1.9125
sub-05	8	19	ser	sub-05_run-08_trial-19.wav	11	1.9125	2.1325
sub-05	8	19	ser	sub-05_run-08_trial-19.wav	12	2.1325	2.3925
sub-05	8	19	ser	sub-05_run-08_trial-19.wav	13	2.3925	2.6525
sub-05	8	19	ser	sub-05_run-08_trial-19.wav	14	2.6525	2.7525
sub-05	8	19	ser	sub-05_run-08_trial-19.wav	15	2.7525	2.8925
sub-05	8	19	ser	sub-05_run-08_trial-19.wav	16	2.8925	3.1725
sub-05	8	19	ser	sub-05_run-08_trial-19.wav	17	3.1725	3.4525
sub-05	8	19	ser	sub-05_run-08_trial-19.wav	18	3.4525	3.7325
sub-05	8	19	ser	sub-05_run-08_trial-19.wav	19	3.7325	4.0125
sub-05	8	19	ser	sub-05_run-08_trial-19.wav	20	4.0125	4.2525
sub-05	8	19	ser	sub-05_run-08_trial-19.wav	21	4.2525	4.5325
sub-05	8	20	if	sub-05_run-08_trial-20.wav	1	0.3325	0.4325
sub-05	8	20	if	sub-05_run-08_trial-20.wav	2	0.4325	0.5725
sub-05	8	20	if	sub-05_run-08_trial-20.wav	3	0.5725	0.7125
sub-05	8	20	if	sub-05_run-08_trial-20.wav	4	0.7125	0.8925
sub-05	8	20	if	sub-05_run-08_trial-20.wav	5	0.8925	1.0525
sub-05	8	20	if	sub-05_run-08_trial-20.wav	6	1.0525	1.1525
sub-05	8	20	if	sub-05_run-08_trial-20.wav	7	1.1525	1.2325
sub-05	8	20	if	sub-05_run-08_trial-20.wav	8	1.2325	1.3925
sub-05	8	20	if	sub-05_run-08_trial-20.wav	9	1.3925	1.5725
sub-05	8	20	if	sub-05_run-08_trial-20.wav	10	1.5725	1.7525
sub-05	8	20	if	sub-05_run-08_trial-20.wav	11	1.7525	1.9325
sub-05	8	20	if	sub-05_run-08_trial-20.wav	12	1.9325	2.1325
sub-05	8	20	if	sub-05_run-08_trial-20.wav	13	2.1325	2.2325
sub-05	8	20	if	sub-05_run-08_trial-20.wav	14	2.2325	2.3125
sub-05	8	20	if	sub-05_run-08_trial-20.wav	15	2.3125	2.4925
sub-05	8	20	if	sub-05_run-08_trial-20.wav	16	2.4925	2.6725
sub-05	8	20	if	sub-05_run-08_trial-20.wav	17	2.6725	2.7525
sub-05	8	20	if	sub-05_run-08_trial-20.wav	18	2.7525	2.8525
sub-05	8	20	if	sub-05_run-08_trial-20.wav	19	2.8525	3.0325
sub-05	8	20	if	sub-05_run-08_trial-20.wav	20	3.0325	3.1925
sub-05	8	20	if	sub-05_run-08_trial-20.wav	21	3.1925	3.2925
sub-05	8	20	if	sub-05_run-08_trial-20.wav	22	3.2925	3.3725
sub-05	8	20	if	sub-05_run-08_trial-20.wav	23	3.3725	3.4925
sub-05	8	20	if	sub-05_run-08_trial-20.wav	24	3.4925	3.5725
sub-05	8	20	if	sub-05_run-08_trial-20.wav	25	3.5725	3.7525
sub-05	8	20	if	sub-05_run-08_trial-20.wav	26	3.7525	3.8525
sub-05	8	20	if	sub-05_run-08_trial-20.wav	27	3.8525	4.0325
sub-05	8	20	if	sub-05_run-08_trial-20.wav	28	4.0325	4.2125
sub-05	8	20	if	sub-05_run-08_trial-20.wav	29	4.2125	4.3325
sub-05	8	21	thurs	sub-05_run-08_trial-21.wav	1	0.3125	0.4525
sub-05	8	21	thurs	sub-05_run-08_trial-21.wav	2	0.4525	0.7725
sub-05	8	21	thurs	sub-05_run-08_trial-21.wav	3	0.7725	1.0525
sub-05	8	21	thurs	sub-05_run-08_trial-21.wav	4	1.0525	1.3925
sub-05	8	21	thurs	sub-05_run-08_trial-21.wav	5	1.3925	1.7125
sub-05	8	21	thurs	sub-05_run-08_trial-21.wav	6	1.7125	1.9325
sub-05	8	21	thurs	sub-05_run-08_trial-21.wav	7	1.9325	2.1125
sub-05	8	21	thurs	sub-05_run-08_trial-21.wav	8	2.1125	2.4725
sub-05	8	21	thurs	sub-05_run-08_trial-21.wav	9	2.4725	2.8725
sub-05	8	21	thurs	sub-05_run-08_trial-21.wav	10	2.8725	3.2725
sub-05	8	21	thurs	sub-05_run-08_trial-21.wav	11	3.2725	3.7525
sub-05	8	21	thurs	sub-05_run-08_trial-21.wav	12	3.7525	4.2125
sub-05	8	21	thurs	sub-05_run-08_trial-21.wav	13	4.2125	4.9716
sub-05	8	22	ver	sub-05_run-08_trial-22.wav	1	0.1725	0.3325
sub-05	8	22	ver	sub-05_run-08_trial-22.wav	2	0.3325	0.4725
sub-05	8	22	ver	sub-05_run-08_trial-22.wav	3	0.4725	0.6325
sub-05	8	22	ver	sub-05_run-08_trial-22.wav	4	0.6325	0.8125
sub-05	8	22	ver	sub-05_run-08_trial-22.wav	5	0.8125	0.9725
sub-05	8	22	ver	sub-05_run-08_trial-22.wav	6	0.9725	1.1325
sub-05	8	22	ver	sub-05_run-08_trial-22.wav	7	1.1325	1.2925
sub-05	8	22	ver	sub-05_run-08_trial-22.wav	8	1.2925	1.4725
sub-05	8	22	ver	sub-05_run-08_trial-22.wav	9	1.4725	1.6525
sub-05	8	22	ver	sub-05_run-08_trial-22.wav	10	1.6525	1.8325
sub-05	8	22	ver	sub-05_run-08_trial-22.wav	11	1.8325	2.0325
sub-05	8	22	ver	sub-05_run-08_trial-22.wav	12	2.0325	2.1925
sub-05	8	22	ver	sub-05_run-08_trial-22.wav	13	2.1925	2.3925
sub-05	8	22	ver	sub-05_run-08_trial-22.wav	14	2.3925	2.5925
sub-05	8	22	ver	sub-05_run-08_trial-22.wav	15	2.5925	2.7725
sub-05	8	22	ver	sub-05_run-08_trial-22.wav	16	2.7725	2.9725
sub-05	8	22	ver	sub-05_run-08_trial-22.wav	17	2.9725	3.1325
sub-05	8	22	ver	sub-05_run-08_trial-22.wav	18	3.1325	3.3125
sub-05	8	22	ver	sub-05_run-08_trial-22.wav	19	3.3125	3.4925
sub-05	8	22	ver	sub-05_run-08_trial-22.wav	20	3.4925	3.6925
sub-05	8	22	ver	sub-05_run-08_trial-22.wav	21	3.6925	3.8925
sub-05	8	22	ver	sub-05_run-08_trial-22.wav	22	3.8925	4.0925
sub-05	8	22	ver	sub-05_run-08_trial-22.wav	23	4.0925	4.2925
sub-05	8	22	ver	sub-05_run-08_trial-22.wav	24	4.2925	4.4125
sub-05	8	23	airy	sub-05_run-08_trial-23.wav	1	0.0525	0.3125
sub-05	8	23	airy	sub-05_run-08_trial-23.wav	2	0.3125	0.6125
sub-05	8	23	airy	sub-05_run-08_trial-23.wav	3	0.6125	0.9325
sub-05	8	23	airy	sub-05_run-08_trial-23.wav	4	0.9725	1.1725
sub-05	8	23	airy	sub-05_run-08_trial-23.wav	5	1.1725	1.3125
sub-05	8	23	airy	sub-05_run-08_trial-23.wav	6	1.3125	1.6525
sub-05	8	23	airy	sub-05_run-08_trial-23.wav	7	1.6525	1.9725
sub-05	8	23	airy	sub-05_run-08_trial-23.wav	8	1.9725	2.3525
sub-05	8	23	airy	sub-05_run-08_trial-23.wav	9	2.3525	2.7125
sub-05	8	23	airy	sub-05_run-08_trial-23.wav	10	2.7125	3.0525
sub-05	8	23	airy	sub-05_run-08_trial-23.wav	11	3.0525	3.4125
sub-05	8	23	airy	sub-05_run-08_trial-23.wav	12	3.4125	3.7925
sub-05	8	23	airy	sub-05_run-08_trial-23.wav	13	3.7925	4.1125
sub-05	8	23	airy	sub-05_run-08_trial-23.wav	14	4.1125	4.5125
sub-05	8	24	jur	sub-05_run-08_trial-24.wav	1	0.1725	0.2925
sub-05	8	24	jur	sub-05_run-08_trial-24.wav	2	0.2925	0.4525
sub-05	8	24	jur	sub-05_run-08_trial-24.wav	3	0.4525	0.6125
sub-05	8	24	jur	sub-05_run-08_trial-24.wav	4	0.6125	0.7725
sub-05	8	24	jur	sub-05_run-08_trial-24.wav	5	0.7725	0.9325
sub-05	8	24	jur	sub-05_run-08_trial-24.wav	6	0.9725	1.1325
sub-05	8	24	jur	sub-05_run-08_trial-24.wav	7	1.1325	1.2925
sub-05	8	24	jur	sub-05_run-08_trial-24.wav	8	1.2925	1.4525
sub-05	8	24	jur	sub-05_run-08_trial-24.wav	9	1.5125	1.6325
sub-05	8	24	jur	sub-05_run-08_trial-24.wav	10	1.6925	1.8325
sub-05	8	24	jur	sub-05_run-08_trial-24.wav	11	1.8725	2.0125
sub-05	8	24	jur	sub-05_run-08_trial-24.wav	12	2.0125	2.1725
sub-05	8	24	jur	sub-05_run-08_trial-24.wav	13	2.2325	2.3525
sub-05	8	24	jur	sub-05_run-08_trial-24.wav	14	2.3925	2.5325
sub-05	8	24	jur	sub-05_run-08_trial-24.wav	15	2.5925	2.7325
sub-05	8	24	jur	sub-05_run-08_trial-24.wav	16	2.7925	2.9325
sub-05	8	24	jur	sub-05_run-08_trial-24.wav	17	2.9325	3.0725
sub-05	8	24	jur	sub-05_run-08_trial-24.wav	18	3.1125	3.2725
sub-05	8	24	jur	sub-05_run-08_trial-24.wav	19	3.3325	3.4925
sub-05	8	24	jur	sub-05_run-08_trial-24.wav	20	3.4925	3.6525
sub-05	8	24	jur	sub-05_run-08_trial-24.wav	21	3.7325	3.8525
sub-05	8	24	jur	sub-05_run-08_trial-24.wav	22	3.9125	4.0525
sub-05	8	24	jur	sub-05_run-08_trial-24.wav	23	4.1125	4.2525
sub-05	8	24	jur	sub-05_run-08_trial-24.wav	24	4.2525	4.5125
sub-05	8	25	through	sub-05_run-08_trial-25.wav	1	0.1525	0.2725
sub-05	8	25	through	sub-05_run-08_trial-25.wav	2	0.3125	0.4925
sub-05	8	25	through	sub-05_run-08_trial-25.wav	3	0.4925	0.6525
sub-05	8	25	through	sub-05_run-08_trial-25.wav	4	0.7325	0.8525
sub-05	8	25	through	sub-05_run-08_trial-25.wav	5	0.9125	1.1125
sub-05	8	25	through	sub-05_run-08_trial-25.wav	6	1.1125	1.3125
sub-05	8	25	through	sub-05_run-08_trial-25.wav	7	1.3125	1.4925
sub-05	8	25	through	sub-05_run-08_trial-25.wav	8	1.4925	1.6125
sub-05	8	25	through	sub-05_run-08_trial-25.wav	9	1.6925	1.8925
sub-05	8	25	through	sub-05_run-08_trial-25.wav	10	1.8925	2.0925
sub-05	8	25	through	sub-05_run-08_trial-25.wav	11	2.0925	2.3725
sub-05	8	25	through	sub-05_run-08_trial-25.wav	12	2.3725	2.5125
sub-05	8	25	through	sub-05_run-08_trial-25.wav	13	2.5925	2.7125
sub-05	8	25	through	sub-05_run-08_trial-25.wav	14	2.7725	2.8925
sub-05	8	25	through	sub-05_run-08_trial-25.wav	15	2.9525	3.0925
sub-05	8	25	through	sub-05_run-08_trial-25.wav	16	3.1525	3.2725
sub-05	8	25	through	sub-05_run-08_trial-25.wav	17	3.2725	3.4725
sub-05	8	25	through	sub-05_run-08_trial-25.wav	18	3.4725	3.5725
sub-05	8	25	through	sub-05_run-08_trial-25.wav	19	3.5725	3.6725
sub-05	8	25	through	sub-05_run-08_trial-25.wav	20	3.6725	3.7525
sub-05	8	25	through	sub-05_run-08_trial-25.wav	21	3.7525	3.8525
sub-05	8	25	through	sub-05_run-08_trial-25.wav	22	3.8525	3.9525
sub-05	8	25	through	sub-05_run-08_trial-25.wav	23	3.9525	4.1725
sub-05	8	25	through	sub-05_run-08_trial-25.wav	24	4.1725	4.2925
sub-05	8	25	through	sub-05_run-08_trial-25.wav	25	4.2925	4.3725
sub-05	8	25	through	sub-05_run-08_trial-25.wav	26	4.3725	4.5925
sub-05	8	26	a	sub-05_run-08_trial-26.wav	1	0.1325	0.2325
sub-05	8	26	a	sub-05_run-08_trial-26.wav	2	0.2925	0.4525
sub-05	8	26	a	sub-05_run-08_trial-26.wav	3	0.4525	0.6325
sub-05	8	26	a	sub-05_run-08_trial-26.wav	4	0.6325	0.8325
sub-05	8	26	a	sub-05_run-08_trial-26.wav	5	0.8325	1.0125
sub-05	8	26	a	sub-05_run-08_trial-26.wav	6	1.0125	1.1925
sub-05	8	26	a	sub-05_run-08_trial-26.wav	7	1.1925	1.3925
sub-05	8	26	a	sub-05_run-08_trial-26.wav	8	1.3925	1.5725
sub-05	8	26	a	sub-05_run-08_trial-26.wav	9	1.5725	1.8125
sub-05	8	26	a	sub-05_run-08_trial-26.wav	10	1.8125	2.0325
sub-05	8	26	a	sub-05_run-08_trial-26.wav	11	2.0325	2.2325
sub-05	8	26	a	sub-05_run-08_trial-26.wav	12	2.2325	2.4325
sub-05	8	26	a	sub-05_run-08_trial-26.wav	13	2.4325	2.6125
sub-05	8	26	a	sub-05_run-08_trial-26.wav	14	2.6125	2.8125
sub-05	8	26	a	sub-05_run-08_trial-26.wav	15	2.8125	2.9725
sub-05	8	26	a	sub-05_run-08_trial-26.wav	16	2.9725	3.1725
sub-05	8	26	a	sub-05_run-08_trial-26.wav	17	3.1725	3.3725
sub-05	8	26	a	sub-05_run-08_trial-26.wav	18	3.3725	3.5925
sub-05	8	26	a	sub-05_run-08_trial-26.wav	19	3.5925	3.7725
sub-05	8	26	a	sub-05_run-08_trial-26.wav	20	3.7725	3.9725
sub-05	8	26	a	sub-05_run-08_trial-26.wav	21	3.9725	4.1725
sub-05	8	26	a	sub-05_run-08_trial-26.wav	22	4.1725	4.3525
sub-05	8	26	a	sub-05_run-08_trial-26.wav	23	4.3525	4.5925
sub-05	8	27	jin	sub-05_run-08_trial-27.wav	1	0.4125	0.5725
sub-05	8	27	jin	sub-05_run-08_trial-27.wav	2	0.5725	0.7525
sub-05	8	27	jin	sub-05_run-08_trial-27.wav	3	0.7525	0.9125
sub-05	8	27	jin	sub-05_run-08_trial-27.wav	4	0.9125	1.0925
sub-05	8	27	jin	sub-05_run-08_trial-27.wav	5	1.0925	1.2725
sub-05	8	27	jin	sub-05_run-08_trial-27.wav	6	1.2725	1.4525
sub-05	8	27	jin	sub-05_run-08_trial-27.wav	7	1.4525	1.6525
sub-05	8	27	jin	sub-05_run-08_trial-27.wav	8	1.6525	1.8525
sub-05	8	27	jin	sub-05_run-08_trial-27.wav	9	1.8525	2.0125
sub-05	8	27	jin	sub-05_run-08_trial-27.wav	10	2.0125	2.1725
sub-05	8	27	jin	sub-05_run-08_trial-27.wav	11	2.1725	2.3725
sub-05	8	27	jin	sub-05_run-08_trial-27.wav	12	2.3725	2.5725
sub-05	8	27	jin	sub-05_run-08_trial-27.wav	13	2.5725	2.7325
sub-05	8	27	jin	sub-05_run-08_trial-27.wav	14	2.7325	2.8725
sub-05	8	27	jin	sub-05_run-08_trial-27.wav	15	2.9325	3.0325
sub-05	8	27	jin	sub-05_run-08_trial-27.wav	16	3.0925	3.2125
sub-05	8	27	jin	sub-05_run-08_trial-27.wav	17	3.2125	3.3725
sub-05	8	27	jin	sub-05_run-08_trial-27.wav	18	3.4325	3.6325
sub-05	8	27	jin	sub-05_run-08_trial-27.wav	19	3.6325	3.7925
sub-05	8	27	jin	sub-05_run-08_trial-27.wav	20	3.7925	3.9725
sub-05	8	27	jin	sub-05_run-08_trial-27.wav	21	3.9725	4.1525
sub-05	8	27	jin	sub-05_run-08_trial-27.wav	22	4.1525	4.3725
sub-05	8	27	jin	sub-05_run-08_trial-27.wav	23	4.3725	4.5925
sub-05	8	28	naw	sub-05_run-08_trial-28.wav	1	0.1325	0.5125
sub-05	8	28	naw	sub-05_run-08_trial-28.wav	2	0.5125	0.6125
sub-05	8	28	naw	sub-05_run-08_trial-28.wav	3	0.6125	0.7525
sub-05	8	28	naw	sub-05_run-08_trial-28.wav	4	0.7525	0.8925
sub-05	8	28	naw	sub-05_run-08_trial-28.wav	5	0.8925	1.0125
sub-05	8	28	naw	sub-05_run-08_trial-28.wav	6	1.0125	1.1725
sub-05	8	28	naw	sub-05_run-08_trial-28.wav	7	1.1725	1.3125
sub-05	8	28	naw	sub-05_run-08_trial-28.wav	8	1.3125	1.4525
sub-05	8	28	naw	sub-05_run-08_trial-28.wav	9	1.4525	1.5925
sub-05	8	28	naw	sub-05_run-08_trial-28.wav	10	1.5925	1.7525
sub-05	8	28	naw	sub-05_run-08_trial-28.wav	11	1.7525	1.8925
sub-05	8	28	naw	sub-05_run-08_trial-28.wav	12	1.8925	2.0525
sub-05	8	28	naw	sub-05_run-08_trial-28.wav	13	2.0525	2.2125
sub-05	8	28	naw	sub-05_run-08_trial-28.wav	14	2.2125	2.3725
sub-05	8	28	naw	sub-05_run-08_trial-28.wav	15	2.3725	2.5125
sub-05	8	28	naw	sub-05_run-08_trial-28.wav	16	2.5125	2.6525
sub-05	8	28	naw	sub-05_run-08_trial-28.wav	17	2.6525	2.8125
sub-05	8	28	naw	sub-05_run-08_trial-28.wav	18	2.8125	2.9525
sub-05	8	28	naw	sub-05_run-08_trial-28.wav	19	2.9525	3.1925
sub-05	8	28	naw	sub-05_run-08_trial-28.wav	20	3.1925	3.4125
sub-05	8	28	naw	sub-05_run-08_trial-28.wav	21	3.4125	3.5925
sub-05	8	28	naw	sub-05_run-08_trial-28.wav	22	3.5925	3.7525
sub-05	8	28	naw	sub-05_run-08_trial-28.wav	23	3.7525	3.9125
sub-05	8	28	naw	sub-05_run-08_trial-28.wav	24	3.9125	4.0525
sub-05	8	28	naw	sub-05_run-08_trial-28.wav	25	4.0525	4.2125
sub-05	8	28	naw	sub-05_run-08_trial-28.wav	26	4.2125	4.4525
sub-05	8	29	imah	sub-05_run-08_trial-29.wav	1	0.2725	0.4925
sub-05	8	29	imah	sub-05_run-08_trial-29.wav	2	0.4925	0.6325
sub-05	8	29	imah	sub-05_run-08_trial-29.wav	3	0.6325	0.8325
sub-05	8	29	imah	sub-05_run-08_trial-29.wav	4	0.8325	0.9525
sub-05	8	29	imah	sub-05_run-08_trial-29.wav	5	0.9525	1.1525
sub-05	8	29	imah	sub-05_run-08_trial-29.wav	6	1.1525	1.2725
sub-05	8	29	imah	sub-05_run-08_trial-29.wav	7	1.2725	1.5725
sub-05	8	29	imah	sub-05_run-08_trial-29.wav	8	1.5725	1.8125
sub-05	8	29	imah	sub-05_run-08_trial-29.wav	9	1.8125	1.8925
sub-05	8	29	imah	sub-05_run-08_trial-29.wav	10	1.8925	2.2125
sub-05	8	29	imah	sub-05_run-08_trial-29.wav	11	2.2125	2.4525
sub-05	8	29	imah	sub-05_run-08_trial-29.wav	12	2.4525	2.8525
sub-05	8	29	imah	sub-05_run-08_trial-29.wav	13	2.8525	3.1325
sub-05	8	29	imah	sub-05_run-08_trial-29.wav	14	3.1325	3.4125
sub-05	8	29	imah	sub-05_run-08_trial-29.wav	15	3.4125	3.7525
sub-05	8	29	imah	sub-05_run-08_trial-29.wav	16	3.7525	4.0725
sub-05	8	29	imah	sub-05_run-08_trial-29.wav	17	4.0725	4.4325
sub-05	8	29	imah	sub-05_run-08_trial-29.wav	18	4.4325	4.7325
sub-05	8	30	thrilled	sub-05_run-08_trial-30.wav	1	0.1725	0.3725
sub-05	8	30	thrilled	sub-05_run-08_trial-30.wav	2	0.4525	0.6925
sub-05	8	30	thrilled	sub-05_run-08_trial-30.wav	3	0.6925	1.0125
sub-05	8	30	thrilled	sub-05_run-08_trial-30.wav	4	1.0125	1.4525
sub-05	8	30	thrilled	sub-05_run-08_trial-30.wav	5	1.4525	1.7325
sub-05	8	30	thrilled	sub-05_run-08_trial-30.wav	6	1.8125	2.1125
sub-05	8	30	thrilled	sub-05_run-08_trial-30.wav	7	2.1125	2.2125
sub-05	8	30	thrilled	sub-05_run-08_trial-30.wav	8	2.2125	2.4325
sub-05	8	30	thrilled	sub-05_run-08_trial-30.wav	9	2.5125	2.7525
sub-05	8	30	thrilled	sub-05_run-08_trial-30.wav	10	2.8325	3.0925
sub-05	8	30	thrilled	sub-05_run-08_trial-30.wav	11	3.1525	3.4325
sub-05	8	30	thrilled	sub-05_run-08_trial-30.wav	12	3.4325	3.7525
sub-05	8	30	thrilled	sub-05_run-08_trial-30.wav	13	3.8725	4.1325
sub-05	8	30	thrilled	sub-05_run-08_trial-30.wav	14	4.2125	4.5325
sub-05	8	31	pie	sub-05_run-08_trial-31.wav	1	0.1525	0.2725
sub-05	8	31	pie	sub-05_run-08_trial-31.wav	2	0.3125	0.4525
sub-05	8	31	pie	sub-05_run-08_trial-31.wav	3	0.4525	0.5925
sub-05	8	31	pie	sub-05_run-08_trial-31.wav	4	0.6325	0.7325
sub-05	8	31	pie	sub-05_run-08_trial-31.wav	5	0.7725	0.8725
sub-05	8	31	pie	sub-05_run-08_trial-31.wav	6	0.9325	1.0325
sub-05	8	31	pie	sub-05_run-08_trial-31.wav	7	1.0925	1.1725
sub-05	8	31	pie	sub-05_run-08_trial-31.wav	8	1.2525	1.3325
sub-05	8	31	pie	sub-05_run-08_trial-31.wav	9	1.4125	1.4925
sub-05	8	31	pie	sub-05_run-08_trial-31.wav	10	1.5725	1.6725
sub-05	8	31	pie	sub-05_run-08_trial-31.wav	11	1.7125	1.8125
sub-05	8	31	pie	sub-05_run-08_trial-31.wav	12	1.8925	1.9925
sub-05	8	31	pie	sub-05_run-08_trial-31.wav	13	2.0525	2.1525
sub-05	8	31	pie	sub-05_run-08_trial-31.wav	14	2.2325	2.3125
sub-05	8	31	pie	sub-05_run-08_trial-31.wav	15	2.3925	2.4925
sub-05	8	31	pie	sub-05_run-08_trial-31.wav	16	2.5725	2.6725
sub-05	8	31	pie	sub-05_run-08_trial-31.wav	17	2.7325	2.8525
sub-05	8	31	pie	sub-05_run-08_trial-31.wav	18	2.8525	2.9925
sub-05	8	31	pie	sub-05_run-08_trial-31.wav	19	3.0725	3.1525
sub-05	8	31	pie	sub-05_run-08_trial-31.wav	20	3.2325	3.3325
sub-05	8	31	pie	sub-05_run-08_trial-31.wav	21	3.3925	3.5125
sub-05	8	31	pie	sub-05_run-08_trial-31.wav	22	3.5725	3.6725
sub-05	8	31	pie	sub-05_run-08_trial-31.wav	23	3.7325	3.8525
sub-05	8	31	pie	sub-05_run-08_trial-31.wav	24	3.9125	4.0125
sub-05	8	31	pie	sub-05_run-08_trial-31.wav	25	4.0925	4.1925
sub-05	8	31	pie	sub-05_run-08_trial-31.wav	26	4.2525	4.4925
sub-05	8	32	thought	sub-05_run-08_trial-32.wav	1	0.1525	0.2525
sub-05	8	32	thought	sub-05_run-08_trial-32.wav	2	0.3125	0.4725
sub-05	8	32	thought	sub-05_run-08_trial-32.wav	3	0.4725	0.5725
sub-05	8	32	thought	sub-05_run-08_trial-32.wav	4	0.6325	0.8125
sub-05	8	32	thought	sub-05_run-08_trial-32.wav	5	0.8125	0.9525
sub-05	8	32	thought	sub-05_run-08_trial-32.wav	6	0.9525	1.1125
sub-05	8	32	thought	sub-05_run-08_trial-32.wav	7	1.1125	1.2925
sub-05	8	32	thought	sub-05_run-08_trial-32.wav	8	1.2925	1.4525
sub-05	8	32	thought	sub-05_run-08_trial-32.wav	9	1.4525	1.6125
sub-05	8	32	thought	sub-05_run-08_trial-32.wav	10	1.6125	1.7925
sub-05	8	32	thought	sub-05_run-08_trial-32.wav	11	1.7925	1.9325
sub-05	8	32	thought	sub-05_run-08_trial-32.wav	12	1.9325	2.1125
sub-05	8	32	thought	sub-05_run-08_trial-32.wav	13	2.1125	2.2925
sub-05	8	32	thought	sub-05_run-08_trial-32.wav	14	2.2925	2.3925
sub-05	8	32	thought	sub-05_run-08_trial-32.wav	15	2.3925	2.4525
sub-05	8	32	thought	sub-05_run-08_trial-32.wav	16	2.4525	2.6325
sub-05	8	32	thought	sub-05_run-08_trial-32.wav	17	2.6325	2.7525
sub-05	8	32	thought	sub-05_run-08_trial-32.wav	18	2.8125	2.9525
sub-05	8	32	thought	sub-05_run-08_trial-32.wav	19	2.9525	3.1125
sub-05	8	32	thought	sub-05_run-08_trial-32.wav	20	3.1125	3.2925
sub-05	8	32	thought	sub-05_run-08_trial-32.wav	21	3.2925	3.3725
sub-05	8	32	thought	sub-05_run-08_trial-32.wav	22	3.4525	3.6325
sub-05	8	32	thought	sub-05_run-08_trial-32.wav	23	3.6325	3.8125
sub-05	8	32	thought	sub-05_run-08_trial-32.wav	24	3.8125	3.9925
sub-05	8	32	thought	sub-05_run-08_trial-32.wav	25	3.9925	4.1925
sub-05	8	32	thought	sub-05_run-08_trial-32.wav	26	4.1925	4.3725
sub-05	8	32	thought	sub-05_run-08_trial-32.wav	27	4.3725	4.4925
sub-05	8	33	would	sub-05_run-08_trial-33.wav	1	0.0725	0.1925
sub-05	8	33	would	sub-05_run-08_trial-33.wav	2	0.1925	0.3325
sub-05	8	33	would	sub-05_run-08_trial-33.wav	3	0.3325	0.4925
sub-05	8	33	would	sub-05_run-08_trial-33.wav	4	0.4925	0.6325
sub-05	8	33	would	sub-05_run-08_trial-33.wav	5	0.6325	0.8725
sub-05	8	33	would	sub-05_run-08_trial-33.wav	6	0.8725	1.0125
sub-05	8	33	would	sub-05_run-08_trial-33.wav	7	1.0125	1.1925
sub-05	8	33	would	sub-05_run-08_trial-33.wav	8	1.1925	1.4125
sub-05	8	33	would	sub-05_run-08_trial-33.wav	9	1.4125	1.5525
sub-05	8	33	would	sub-05_run-08_trial-33.wav	10	1.5525	1.7125
sub-05	8	33	would	sub-05_run-08_trial-33.wav	11	1.7125	1.8925
sub-05	8	33	would	sub-05_run-08_trial-33.wav	12	1.8925	2.0525
sub-05	8	33	would	sub-05_run-08_trial-33.wav	13	2.0525	2.2725
sub-05	8	33	would	sub-05_run-08_trial-33.wav	14	2.3325	2.4925
sub-05	8	33	would	sub-05_run-08_trial-33.wav	15	2.4925	2.6125
sub-05	8	33	would	sub-05_run-08_trial-33.wav	16	2.6125	2.7725
sub-05	8	33	would	sub-05_run-08_trial-33.wav	17	2.7725	2.9325
sub-05	8	33	would	sub-05_run-08_trial-33.wav	18	2.9325	3.1325
sub-05	8	33	would	sub-05_run-08_trial-33.wav	19	3.1325	3.2725
sub-05	8	33	would	sub-05_run-08_trial-33.wav	20	3.2725	3.4525
sub-05	8	33	would	sub-05_run-08_trial-33.wav	21	3.4525	3.6125
sub-05	8	33	would	sub-05_run-08_trial-33.wav	22	3.6125	3.7925
sub-05	8	33	would	sub-05_run-08_trial-33.wav	23	3.7925	3.9525
sub-05	8	33	would	sub-05_run-08_trial-33.wav	24	3.9525	4.1325
sub-05	8	33	would	sub-05_run-08_trial-33.wav	25	4.1325	4.2925
sub-05	8	34	fee	sub-05_run-08_trial-34.wav	1	0.1725	0.3725
sub-05	8	34	fee	sub-05_run-08_trial-34.wav	2	0.3725	0.5725
sub-05	8	34	fee	sub-05_run-08_trial-34.wav	3	0.5725	0.7525
sub-05	8	34	fee	sub-05_run-08_trial-34.wav	4	0.7525	0.9125
sub-05	8	34	fee	sub-05_run-08_trial-34.wav	5	0.9125	1.0925
sub-05	8	34	fee	sub-05_run-08_trial-34.wav	6	1.0925	1.2525
sub-05	8	34	fee	sub-05_run-08_trial-34.wav	7	1.2525	1.4325
sub-05	8	34	fee	sub-05_run-08_trial-34.wav	8	1.4325	1.6525
sub-05	8	34	fee	sub-05_run-08_trial-34.wav	9	1.6525	1.8125
sub-05	8	34	fee	sub-05_run-08_trial-34.wav	10	1.8125	2.0125
sub-05	8	34	fee	sub-05_run-08_trial-34.wav	11	2.0125	2.2125
sub-05	8	34	fee	sub-05_run-08_trial-34.wav	12	2.2125	2.4125
sub-05	8	34	fee	sub-05_run-08_trial-34.wav	13	2.4125	2.6125
sub-05	8	34	fee	sub-05_run-08_trial-34.wav	14	2.6125	2.8125
sub-05	8	34	fee	sub-05_run-08_trial-34.wav	15	2.8125	3.0125
sub-05	8	34	fee	sub-05_run-08_trial-34.wav	16	3.0125	3.2125
sub-05	8	34	fee	sub-05_run-08_trial-34.wav	17	3.2125	3.3925
sub-05	8	34	fee	sub-05_run-08_trial-34.wav	18	3.3925	3.5925
sub-05	8	34	fee	sub-05_run-08_trial-34.wav	19	3.5925	3.7725
sub-05	8	34	fee	sub-05_run-08_trial-34.wav	20	3.7725	3.9725
sub-05	8	34	fee	sub-05_run-08_trial-34.wav	21	3.9725	4.1525
sub-05	8	34	fee	sub-05_run-08_trial-34.wav	22	4.1525	4.4525
sub-05	8	35	peck	sub-05_run-08_trial-35.wav	1	0.3125	0.4325
sub-05	8	35	peck	sub-05_run-08_trial-35.wav	2	0.4925	0.6325
sub-05	8	35	peck	sub-05_run-08_trial-35.wav	3	0.6925	0.8125
sub-05	8	35	peck	sub-05_run-08_trial-35.wav	4	0.8725	0.9925
sub-05	8	35	peck	sub-05_run-08_trial-35.wav	5	1.0525	1.1925
sub-05	8	35	peck	sub-05_run-08_trial-35.wav	6	1.2725	1.3725
sub-05	8	35	peck	sub-05_run-08_trial-35.wav	7	1.4525	1.6125
sub-05	8	35	peck	sub-05_run-08_trial-35.wav	8	1.6725	1.7925
sub-05	8	35	peck	sub-05_run-08_trial-35.wav	9	1.8325	1.9725
sub-05	8	35	peck	sub-05_run-08_trial-35.wav	10	2.0325	2.1725
sub-05	8	35	peck	sub-05_run-08_trial-35.wav	11	2.2325	2.3525
sub-05	8	35	peck	sub-05_run-08_trial-35.wav	12	2.4125	2.5725
sub-05	8	35	peck	sub-05_run-08_trial-35.wav	13	2.5725	2.7525
sub-05	8	35	peck	sub-05_run-08_trial-35.wav	14	2.7925	2.9125
sub-05	8	35	peck	sub-05_run-08_trial-35.wav	15	2.9725	3.0925
sub-05	8	35	peck	sub-05_run-08_trial-35.wav	16	3.1725	3.2925
sub-05	8	35	peck	sub-05_run-08_trial-35.wav	17	3.3725	3.4925
sub-05	8	35	peck	sub-05_run-08_trial-35.wav	18	3.5525	3.7125
sub-05	8	35	peck	sub-05_run-08_trial-35.wav	19	3.7525	3.9325
sub-05	8	35	peck	sub-05_run-08_trial-35.wav	20	3.9325	4.1125
sub-05	8	35	peck	sub-05_run-08_trial-35.wav	21	4.1125	4.2525
sub-05	8	35	peck	sub-05_run-08_trial-35.wav	22	4.3125	4.4125
sub-05	8	36	caw	sub-05_run-08_trial-36.wav	1	0.2925	0.4125
sub-05	8	36	caw	sub-05_run-08_trial-36.wav	2	0.4525	0.5725
sub-05	8	36	caw	sub-05_run-08_trial-36.wav	3	0.6125	0.7325
sub-05	8	36	caw	sub-05_run-08_trial-36.wav	4	0.7925	0.8925
sub-05	8	36	caw	sub-05_run-08_trial-36.wav	5	0.9525	1.0725
sub-05	8	36	caw	sub-05_run-08_trial-36.wav	6	1.1325	1.2525
sub-05	8	36	caw	sub-05_run-08_trial-36.wav	7	1.2525	1.4525
sub-05	8	36	caw	sub-05_run-08_trial-36.wav	8	1.4525	1.6325
sub-05	8	36	caw	sub-05_run-08_trial-36.wav	9	1.6725	1.8125
sub-05	8	36	caw	sub-05_run-08_trial-36.wav	10	1.8125	1.9925
sub-05	8	36	caw	sub-05_run-08_trial-36.wav	11	2.0525	2.1525
sub-05	8	36	caw	sub-05_run-08_trial-36.wav	12	2.2325	2.3725
sub-05	8	36	caw	sub-05_run-08_trial-36.wav	13	2.3725	2.5725
sub-05	8	36	caw	sub-05_run-08_trial-36.wav	14	2.5725	2.7325
sub-05	8	36	caw	sub-05_run-08_trial-36.wav	15	2.7325	2.8925
sub-05	8	36	caw	sub-05_run-08_trial-36.wav	16	2.8925	3.0525
sub-05	8	36	caw	sub-05_run-08_trial-36.wav	17	3.1125	3.2525
sub-05	8	36	caw	sub-05_run-08_trial-36.wav	18	3.2925	3.4525
sub-05	8	36	caw	sub-05_run-08_trial-36.wav	19	3.4525	3.6125
sub-05	8	36	caw	sub-05_run-08_trial-36.wav	20	3.6125	3.8125
sub-05	8	36	caw	sub-05_run-08_trial-36.wav	21	3.8125	3.9725
sub-05	8	36	caw	sub-05_run-08_trial-36.wav	22	3.9725	4.2725
sub-05	8	36	caw	sub-05_run-08_trial-36.wav	23	4.2725	4.4925
sub-05	8	37	the	sub-05_run-08_trial-37.wav	1	0.0925	0.2125
sub-05	8	37	the	sub-05_run-08_trial-37.wav	2	0.2125	0.3725
sub-05	8	37	the	sub-05_run-08_trial-37.wav	3	0.3725	0.5325
sub-05	8	37	the	sub-05_run-08_trial-37.wav	4	0.5325	0.6925
sub-05	8	37	the	sub-05_run-08_trial-37.wav	5	0.6925	0.8525
sub-05	8	37	the	sub-05_run-08_trial-37.wav	6	0.8525	1.0325
sub-05	8	37	the	sub-05_run-08_trial-37.wav	7	1.0325	1.1725
sub-05	8	37	the	sub-05_run-08_trial-37.wav	8	1.2325	1.3725
sub-05	8	37	the	sub-05_run-08_trial-37.wav	9	1.3725	1.5125
sub-05	8	37	the	sub-05_run-08_trial-37.wav	10	1.5125	1.6925
sub-05	8	37	the	sub-05_run-08_trial-37.wav	11	1.6925	1.9725
sub-05	8	37	the	sub-05_run-08_trial-37.wav	12	1.9725	2.1325
sub-05	8	37	the	sub-05_run-08_trial-37.wav	13	2.1325	2.3325
sub-05	8	37	the	sub-05_run-08_trial-37.wav	14	2.3325	2.4725
sub-05	8	37	the	sub-05_run-08_trial-37.wav	15	2.4725	2.6525
sub-05	8	37	the	sub-05_run-08_trial-37.wav	16	2.6525	2.8125
sub-05	8	37	the	sub-05_run-08_trial-37.wav	17	2.8125	2.9925
sub-05	8	37	the	sub-05_run-08_trial-37.wav	18	2.9925	3.1725
sub-05	8	37	the	sub-05_run-08_trial-37.wav	19	3.2325	3.3925
sub-05	8	37	the	sub-05_run-08_trial-37.wav	20	3.3925	3.6125
sub-05	8	37	the	sub-05_run-08_trial-37.wav	21	3.6125	3.7925
sub-05	8	37	the	sub-05_run-08_trial-37.wav	22	3.7925	3.9925
sub-05	8	37	the	sub-05_run-08_trial-37.wav	23	3.9925	4.1925
sub-05	8	37	the	sub-05_run-08_trial-37.wav	24	4.1925	4.4925
sub-05	8	38	ti	sub-05_run-08_trial-38.wav	1	0.1325	0.2525
sub-05	8	38	ti	sub-05_run-08_trial-38.wav	2	0.2525	0.3725
sub-05	8	38	ti	sub-05_run-08_trial-38.wav	3	0.4325	0.5725
sub-05	8	38	ti	sub-05_run-08_trial-38.wav	4	0.5725	0.7325
sub-05	8	38	ti	sub-05_run-08_trial-38.wav	5	0.7325	0.8925
sub-05	8	38	ti	sub-05_run-08_trial-38.wav	6	0.8925	1.0525
sub-05	8	38	ti	sub-05_run-08_trial-38.wav	7	1.0525	1.1925
sub-05	8	38	ti	sub-05_run-08_trial-38.wav	8	1.2325	1.3525
sub-05	8	38	ti	sub-05_run-08_trial-38.wav	9	1.4125	1.5525
sub-05	8	38	ti	sub-05_run-08_trial-38.wav	10	1.5525	1.7325
sub-05	8	38	ti	sub-05_run-08_trial-38.wav	11	1.7325	1.8925
sub-05	8	38	ti	sub-05_run-08_trial-38.wav	12	1.8925	2.0525
sub-05	8	38	ti	sub-05_run-08_trial-38.wav	13	2.0925	2.2125
sub-05	8	38	ti	sub-05_run-08_trial-38.wav	14	2.2125	2.3725
sub-05	8	38	ti	sub-05_run-08_trial-38.wav	15	2.3725	2.5325
sub-05	8	38	ti	sub-05_run-08_trial-38.wav	16	2.5325	2.6725
sub-05	8	38	ti	sub-05_run-08_trial-38.wav	17	2.7525	2.8125
sub-05	8	38	ti	sub-05_run-08_trial-38.wav	18	2.9125	3.0925
sub-05	8	38	ti	sub-05_run-08_trial-38.wav	19	3.0925	3.2325
sub-05	8	38	ti	sub-05_run-08_trial-38.wav	20	3.2325	3.3725
sub-05	8	38	ti	sub-05_run-08_trial-38.wav	21	3.4525	3.6125
sub-05	8	38	ti	sub-05_run-08_trial-38.wav	22	3.6125	3.7525
sub-05	8	38	ti	sub-05_run-08_trial-38.wav	23	3.8125	3.9325
sub-05	8	38	ti	sub-05_run-08_trial-38.wav	24	3.9325	4.1125
sub-05	8	38	ti	sub-05_run-08_trial-38.wav	25	4.1725	4.3525
sub-05	8	39	three	sub-05_run-08_trial-39.wav	1	0.0925	0.2525
sub-05	8	39	three	sub-05_run-08_trial-39.wav	2	0.2525	0.4725
sub-05	8	39	three	sub-05_run-08_trial-39.wav	3	0.4725	0.7325
sub-05	8	39	three	sub-05_run-08_trial-39.wav	4	0.7325	1.0125
sub-05	8	39	three	sub-05_run-08_trial-39.wav	5	1.0125	1.2525
sub-05	8	39	three	sub-05_run-08_trial-39.wav	6	1.3125	1.4925
sub-05	8	39	three	sub-05_run-08_trial-39.wav	7	1.4925	1.7125
sub-05	8	39	three	sub-05_run-08_trial-39.wav	8	1.7725	1.9725
sub-05	8	39	three	sub-05_run-08_trial-39.wav	9	1.9725	2.1925
sub-05	8	39	three	sub-05_run-08_trial-39.wav	10	2.2725	2.4525
sub-05	8	39	three	sub-05_run-08_trial-39.wav	11	2.4525	2.5325
sub-05	8	39	three	sub-05_run-08_trial-39.wav	12	2.5325	2.6925
sub-05	8	39	three	sub-05_run-08_trial-39.wav	13	2.6925	2.9525
sub-05	8	39	three	sub-05_run-08_trial-39.wav	14	2.9525	3.1925
sub-05	8	39	three	sub-05_run-08_trial-39.wav	15	3.1925	3.4125
sub-05	8	39	three	sub-05_run-08_trial-39.wav	16	3.4125	3.6125
sub-05	8	39	three	sub-05_run-08_trial-39.wav	17	3.6125	3.8725
sub-05	8	39	three	sub-05_run-08_trial-39.wav	18	3.8725	4.1325
sub-05	8	39	three	sub-05_run-08_trial-39.wav	19	4.1325	4.4325
sub-05	8	40	thieves	sub-05_run-08_trial-40.wav	1	0.0525	0.1925
sub-05	8	40	thieves	sub-05_run-08_trial-40.wav	2	0.1925	0.4325
sub-05	8	40	thieves	sub-05_run-08_trial-40.wav	3	0.4325	0.6925
sub-05	8	40	thieves	sub-05_run-08_trial-40.wav	4	0.6925	0.9325
sub-05	8	40	thieves	sub-05_run-08_trial-40.wav	5	0.9325	1.1725
sub-05	8	40	thieves	sub-05_run-08_trial-40.wav	6	1.1725	1.4725
sub-05	8	40	thieves	sub-05_run-08_trial-40.wav	7	1.4725	1.7125
sub-05	8	40	thieves	sub-05_run-08_trial-40.wav	8	1.7125	2.0125
sub-05	8	40	thieves	sub-05_run-08_trial-40.wav	9	2.0125	2.3125
sub-05	8	40	thieves	sub-05_run-08_trial-40.wav	10	2.3125	2.6125
sub-05	8	40	thieves	sub-05_run-08_trial-40.wav	11	2.6125	2.8925
sub-05	8	40	thieves	sub-05_run-08_trial-40.wav	12	2.8925	3.2125
sub-05	8	40	thieves	sub-05_run-08_trial-40.wav	13	3.2125	3.4925
sub-05	8	40	thieves	sub-05_run-08_trial-40.wav	14	3.4925	3.7925
sub-05	8	40	thieves	sub-05_run-08_trial-40.wav	15	3.7925	4.1125
sub-05	8	40	thieves	sub-05_run-08_trial-40.wav	16	4.1125	4.7525
sub-05	8	41	pro	sub-05_run-08_trial-41.wav	1	0.1125	0.2925
sub-05	8	41	pro	sub-05_run-08_trial-41.wav	2	0.2925	0.4525
sub-05	8	41	pro	sub-05_run-08_trial-41.wav	3	0.4525	0.6325
sub-05	8	41	pro	sub-05_run-08_trial-41.wav	4	0.6325	0.7125
sub-05	8	41	pro	sub-05_run-08_trial-41.wav	5	0.7925	0.9725
sub-05	8	41	pro	sub-05_run-08_trial-41.wav	6	0.9725	1.1525
sub-05	8	41	pro	sub-05_run-08_trial-41.wav	7	1.1525	1.3325
sub-05	8	41	pro	sub-05_run-08_trial-41.wav	8	1.3325	1.5125
sub-05	8	41	pro	sub-05_run-08_trial-41.wav	9	1.5125	1.7125
sub-05	8	41	pro	sub-05_run-08_trial-41.wav	10	1.7125	1.7925
sub-05	8	41	pro	sub-05_run-08_trial-41.wav	11	1.8925	2.0725
sub-05	8	41	pro	sub-05_run-08_trial-41.wav	12	2.0725	2.2525
sub-05	8	41	pro	sub-05_run-08_trial-41.wav	13	2.2525	2.4325
sub-05	8	41	pro	sub-05_run-08_trial-41.wav	14	2.4325	2.6325
sub-05	8	41	pro	sub-05_run-08_trial-41.wav	15	2.6325	2.8125
sub-05	8	41	pro	sub-05_run-08_trial-41.wav	16	2.8125	2.9925
sub-05	8	41	pro	sub-05_run-08_trial-41.wav	17	2.9925	3.1925
sub-05	8	41	pro	sub-05_run-08_trial-41.wav	18	3.1925	3.3725
sub-05	8	41	pro	sub-05_run-08_trial-41.wav	19	3.3725	3.5725
sub-05	8	41	pro	sub-05_run-08_trial-41.wav	20	3.5725	3.7525
sub-05	8	41	pro	sub-05_run-08_trial-41.wav	21	3.7525	3.9325
sub-05	8	41	pro	sub-05_run-08_trial-41.wav	22	3.9325	4.1325
sub-05	8	41	pro	sub-05_run-08_trial-41.wav	23	4.1325	4.3325
sub-05	8	41	pro	sub-05_run-08_trial-41.wav	24	4.3325	4.5725
sub-05	8	41	pro	sub-05_run-08_trial-41.wav	25	4.5725	4.8325
sub-05	8	42	per	sub-05_run-08_trial-42.wav	1	0.1325	0.2325
sub-05	8	42	per	sub-05_run-08_trial-42.wav	2	0.3125	0.4725
sub-05	8	42	per	sub-05_run-08_trial-42.wav	3	0.4725	0.5725
sub-05	8	42	per	sub-05_run-08_trial-42.wav	4	0.6525	0.7525
sub-05	8	42	per	sub-05_run-08_trial-42.wav	5	0.8125	0.9925
sub-05	8	42	per	sub-05_run-08_trial-42.wav	6	0.9925	1.1725
sub-05	8	42	per	sub-05_run-08_trial-42.wav	7	1.1725	1.3325
sub-05	8	42	per	sub-05_run-08_trial-42.wav	8	1.3325	1.5325
sub-05	8	42	per	sub-05_run-08_trial-42.wav	9	1.5325	1.7125
sub-05	8	42	per	sub-05_run-08_trial-42.wav	10	1.7125	1.8125
sub-05	8	42	per	sub-05_run-08_trial-42.wav	11	1.8925	2.0925
sub-05	8	42	per	sub-05_run-08_trial-42.wav	12	2.0925	2.1925
sub-05	8	42	per	sub-05_run-08_trial-42.wav	13	2.2725	2.4525
sub-05	8	42	per	sub-05_run-08_trial-42.wav	14	2.4525	2.6525
sub-05	8	42	per	sub-05_run-08_trial-42.wav	15	2.6525	2.8325
sub-05	8	42	per	sub-05_run-08_trial-42.wav	16	2.8325	3.0125
sub-05	8	42	per	sub-05_run-08_trial-42.wav	17	3.0125	3.2125
sub-05	8	42	per	sub-05_run-08_trial-42.wav	18	3.2125	3.3925
sub-05	8	42	per	sub-05_run-08_trial-42.wav	19	3.3925	3.4925
sub-05	8	42	per	sub-05_run-08_trial-42.wav	20	3.5725	3.7725
sub-05	8	42	per	sub-05_run-08_trial-42.wav	21	3.7725	3.9725
sub-05	8	42	per	sub-05_run-08_trial-42.wav	22	3.9725	4.1725
sub-05	8	42	per	sub-05_run-08_trial-42.wav	23	4.1725	4.3125
sub-05	8	42	per	sub-05_run-08_trial-42.wav	24	4.3125	4.5925
