subject	run	trial	syllable	wav_file	syllable_number	onset_sec	offset_sec
sub-06	1	1	out	sub-06_run-01_trial-01.wav	1	0.7125	1.0725
sub-06	1	1	out	sub-06_run-01_trial-01.wav	2	1.1325	1.4525
sub-06	1	1	out	sub-06_run-01_trial-01.wav	3	1.5125	1.8125
sub-06	1	1	out	sub-06_run-01_trial-01.wav	4	1.8925	2.1725
sub-06	1	1	out	sub-06_run-01_trial-01.wav	5	2.2525	2.5325
sub-06	1	1	out	sub-06_run-01_trial-01.wav	6	2.5325	2.9125
sub-06	1	1	out	sub-06_run-01_trial-01.wav	7	2.9725	3.2925
sub-06	1	1	out	sub-06_run-01_trial-01.wav	8	3.3525	3.6325
sub-06	1	1	out	sub-06_run-01_trial-01.wav	9	3.6325	4.0125
sub-06	1	2	thir	sub-06_run-01_trial-02.wav	1	0.1525	0.3325
sub-06	1	2	thir	sub-06_run-01_trial-02.wav	2	0.6325	1.0125
sub-06	1	2	thir	sub-06_run-01_trial-02.wav	3	1.0125	1.4125
sub-06	1	2	thir	sub-06_run-01_trial-02.wav	4	1.4125	1.8325
sub-06	1	2	thir	sub-06_run-01_trial-02.wav	5	1.9125	2.2725
sub-06	1	2	thir	sub-06_run-01_trial-02.wav	6	2.3525	2.6525
sub-06	1	2	thir	sub-06_run-01_trial-02.wav	7	2.6525	3.0725
sub-06	1	2	thir	sub-06_run-01_trial-02.wav	8	3.0725	3.4925
sub-06	1	2	thir	sub-06_run-01_trial-02.wav	9	3.4925	3.9325
sub-06	1	2	thir	sub-06_run-01_trial-02.wav	10	4.0125	4.5325
sub-06	1	3	how	sub-06_run-01_trial-03.wav	1	0.2725	0.6925
sub-06	1	3	how	sub-06_run-01_trial-03.wav	2	0.6925	1.0725
sub-06	1	3	how	sub-06_run-01_trial-03.wav	3	1.0725	1.4125
sub-06	1	3	how	sub-06_run-01_trial-03.wav	4	1.4125	1.7925
sub-06	1	3	how	sub-06_run-01_trial-03.wav	5	1.7925	2.1525
sub-06	1	3	how	sub-06_run-01_trial-03.wav	6	2.1525	2.5725
sub-06	1	3	how	sub-06_run-01_trial-03.wav	7	2.5725	3.0925
sub-06	1	3	how	sub-06_run-01_trial-03.wav	8	3.0925	3.5325
sub-06	1	3	how	sub-06_run-01_trial-03.wav	9	3.5325	4.0725
sub-06	1	3	how	sub-06_run-01_trial-03.wav	10	4.0725	4.3925
sub-06	1	4	caw	sub-06_run-01_trial-04.wav	1	0.3125	0.6325
sub-06	1	4	caw	sub-06_run-01_trial-04.wav	2	0.7125	1.1125
sub-06	1	4	caw	sub-06_run-01_trial-04.wav	3	1.2525	1.6125
sub-06	1	4	caw	sub-06_run-01_trial-04.wav	4	1.6925	2.0925
sub-06	1	4	caw	sub-06_run-01_trial-04.wav	5	2.1725	2.4925
sub-06	1	4	caw	sub-06_run-01_trial-04.wav	6	2.5925	2.9125
sub-06	1	4	caw	sub-06_run-01_trial-04.wav	7	3.0325	3.3125
sub-06	1	4	caw	sub-06_run-01_trial-04.wav	8	3.3925	3.6525
sub-06	1	4	caw	sub-06_run-01_trial-04.wav	9	3.7525	4.0125
sub-06	1	4	caw	sub-06_run-01_trial-04.wav	10	4.1125	4.2925
sub-06	1	4	caw	sub-06_run-01_trial-04.wav	11	4.3725	4.5125
sub-06	1	4	caw	sub-06_run-01_trial-04.wav	12	4.5125	4.6525
sub-06	1	5	leh	sub-06_run-01_trial-05.wav	1	0.3125	0.6325
sub-06	1	5	leh	sub-06_run-01_trial-05.wav	2	0.6325	0.9325
sub-06	1	5	leh	sub-06_run-01_trial-05.wav	3	0.9925	1.2125
sub-06	1	5	leh	sub-06_run-01_trial-05.wav	4	1.2125	1.5125
sub-06	1	5	leh	sub-06_run-01_trial-05.wav	5	1.5725	1.8925
sub-06	1	5	leh	sub-06_run-01_trial-05.wav	6	2.0925	2.3725
sub-06	1	5	leh	sub-06_run-01_trial-05.wav	7	2.3725	2.9925
sub-06	1	5	leh	sub-06_run-01_trial-05.wav	8	3.1325	3.3725
sub-06	1	5	leh	sub-06_run-01_trial-05.wav	9	3.4925	3.7925
sub-06	1	5	leh	sub-06_run-01_trial-05.wav	10	3.9525	4.2125
sub-06	1	5	leh	sub-06_run-01_trial-05.wav	11	4.3725	4.5125
sub-06	1	6	much	sub-06_run-01_trial-06.wav	1	0.2925	0.8325
sub-06	1	6	much	sub-06_run-01_trial-06.wav	2	0.9725	1.3725
sub-06	1	6	much	sub-06_run-01_trial-06.wav	3	1.5125	1.8925
sub-06	1	6	much	sub-06_run-01_trial-06.wav	4	2.0325	2.3725
sub-06	1	6	much	sub-06_run-01_trial-06.wav	5	2.3725	2.6925
sub-06	1	6	much	sub-06_run-01_trial-06.wav	6	2.6925	2.9525
sub-06	1	6	much	sub-06_run-01_trial-06.wav	7	2.9525	3.2325
sub-06	1	6	much	sub-06_run-01_trial-06.wav	8	3.2325	3.4925
sub-06	1	6	much	sub-06_run-01_trial-06.wav	9	3.4925	3.7725
sub-06	1	6	much	sub-06_run-01_trial-06.wav	10	3.7725	4.0125
sub-06	1	6	much	sub-06_run-01_trial-06.wav	11	4.0125	4.2325
sub-06	1	6	much	sub-06_run-01_trial-06.wav	12	4.2725	4.4725
sub-06	1	7	airy	sub-06_run-01_trial-07.wav	1	0.0725	0.2325
sub-06	1	7	airy	sub-06_run-01_trial-07.wav	2	0.2325	0.4525
sub-06	1	7	airy	sub-06_run-01_trial-07.wav	3	0.4525	0.6525
sub-06	1	7	airy	sub-06_run-01_trial-07.wav	4	0.7125	0.9525
sub-06	1	7	airy	sub-06_run-01_trial-07.wav	5	0.9525	1.1325
sub-06	1	7	airy	sub-06_run-01_trial-07.wav	6	1.1325	1.5125
sub-06	1	7	airy	sub-06_run-01_trial-07.wav	7	1.5525	1.7725
sub-06	1	7	airy	sub-06_run-01_trial-07.wav	8	1.7725	1.9725
sub-06	1	7	airy	sub-06_run-01_trial-07.wav	9	1.9725	2.2325
sub-06	1	7	airy	sub-06_run-01_trial-07.wav	10	2.2325	2.4125
sub-06	1	7	airy	sub-06_run-01_trial-07.wav	11	2.4125	2.6925
sub-06	1	7	airy	sub-06_run-01_trial-07.wav	12	2.6925	2.8725
sub-06	1	7	airy	sub-06_run-01_trial-07.wav	13	2.8725	3.1125
sub-06	1	7	airy	sub-06_run-01_trial-07.wav	14	3.1125	3.2525
sub-06	1	7	airy	sub-06_run-01_trial-07.wav	15	3.2525	3.5325
sub-06	1	7	airy	sub-06_run-01_trial-07.wav	16	3.5325	3.7125
sub-06	1	7	airy	sub-06_run-01_trial-07.wav	17	3.8125	4.0125
sub-06	1	7	airy	sub-06_run-01_trial-07.wav	18	4.0125	4.2525
sub-06	1	7	airy	sub-06_run-01_trial-07.wav	19	4.2525	4.4725
sub-06	1	7	airy	sub-06_run-01_trial-07.wav	20	4.4725	4.5925
sub-06	1	8	chuck	sub-06_run-01_trial-08.wav	1	0.2325	0.4725
sub-06	1	8	chuck	sub-06_run-01_trial-08.wav	2	0.5525	0.8125
sub-06	1	8	chuck	sub-06_run-01_trial-08.wav	3	0.8125	1.0525
sub-06	1	8	chuck	sub-06_run-01_trial-08.wav	4	1.0525	1.4525
sub-06	1	8	chuck	sub-06_run-01_trial-08.wav	5	1.5325	1.7525
sub-06	1	8	chuck	sub-06_run-01_trial-08.wav	6	1.8325	2.0925
sub-06	1	8	chuck	sub-06_run-01_trial-08.wav	7	2.1725	2.4125
sub-06	1	8	chuck	sub-06_run-01_trial-08.wav	8	2.4925	2.7125
sub-06	1	8	chuck	sub-06_run-01_trial-08.wav	9	2.7525	2.9325
sub-06	1	8	chuck	sub-06_run-01_trial-08.wav	10	2.9325	3.0925
sub-06	1	8	chuck	sub-06_run-01_trial-08.wav	11	3.0925	3.2125
sub-06	1	8	chuck	sub-06_run-01_trial-08.wav	12	3.2125	3.3525
sub-06	1	8	chuck	sub-06_run-01_trial-08.wav	13	3.4125	3.5125
sub-06	1	8	chuck	sub-06_run-01_trial-08.wav	14	3.5925	3.7725
sub-06	1	8	chuck	sub-06_run-01_trial-08.wav	15	3.7725	3.9325
sub-06	1	8	chuck	sub-06_run-01_trial-08.wav	16	3.9325	4.1325
sub-06	1	8	chuck	sub-06_run-01_trial-08.wav	17	4.1725	4.2725
sub-06	1	9	ter	sub-06_run-01_trial-09.wav	1	0.0525	0.1725
sub-06	1	9	ter	sub-06_run-01_trial-09.wav	2	0.1725	0.3325
sub-06	1	9	ter	sub-06_run-01_trial-09.wav	3	0.3925	0.5125
sub-06	1	9	ter	sub-06_run-01_trial-09.wav	4	0.5725	0.6925
sub-06	1	9	ter	sub-06_run-01_trial-09.wav	5	0.7525	0.8925
sub-06	1	9	ter	sub-06_run-01_trial-09.wav	6	0.9525	1.0925
sub-06	1	9	ter	sub-06_run-01_trial-09.wav	7	1.0925	1.2725
sub-06	1	9	ter	sub-06_run-01_trial-09.wav	8	1.2725	1.4125
sub-06	1	9	ter	sub-06_run-01_trial-09.wav	9	1.4125	1.5925
sub-06	1	9	ter	sub-06_run-01_trial-09.wav	10	1.6925	1.8125
sub-06	1	9	ter	sub-06_run-01_trial-09.wav	11	1.8725	2.0125
sub-06	1	9	ter	sub-06_run-01_trial-09.wav	12	2.0125	2.1725
sub-06	1	9	ter	sub-06_run-01_trial-09.wav	13	2.1725	2.3125
sub-06	1	9	ter	sub-06_run-01_trial-09.wav	14	2.3725	2.4925
sub-06	1	9	ter	sub-06_run-01_trial-09.wav	15	2.5525	2.6725
sub-06	1	9	ter	sub-06_run-01_trial-09.wav	16	2.7325	2.8525
sub-06	1	9	ter	sub-06_run-01_trial-09.wav	17	2.9325	3.0325
sub-06	1	9	ter	sub-06_run-01_trial-09.wav	18	3.1325	3.2525
sub-06	1	9	ter	sub-06_run-01_trial-09.wav	19	3.3125	3.4125
sub-06	1	9	ter	sub-06_run-01_trial-09.wav	20	3.4925	3.6125
sub-06	1	9	ter	sub-06_run-01_trial-09.wav	21	3.6925	3.8725
sub-06	1	9	ter	sub-06_run-01_trial-09.wav	22	3.9525	4.1125
sub-06	1	9	ter	sub-06_run-01_trial-09.wav	23	4.2125	4.3125
sub-06	1	10	peck	sub-06_run-01_trial-10.wav	1	0.1725	0.4325
sub-06	1	10	peck	sub-06_run-01_trial-10.wav	2	0.4925	0.7525
sub-06	1	10	peck	sub-06_run-01_trial-10.wav	3	0.8325	1.0725
sub-06	1	10	peck	sub-06_run-01_trial-10.wav	4	1.1525	1.4125
sub-06	1	10	peck	sub-06_run-01_trial-10.wav	5	1.4925	1.7325
sub-06	1	10	peck	sub-06_run-01_trial-10.wav	6	1.7925	2.0325
sub-06	1	10	peck	sub-06_run-01_trial-10.wav	7	2.1125	2.3325
sub-06	1	10	peck	sub-06_run-01_trial-10.wav	8	2.4325	2.7525
sub-06	1	10	peck	sub-06_run-01_trial-10.wav	9	2.8325	3.3125
sub-06	1	10	peck	sub-06_run-01_trial-10.wav	10	3.3525	3.7125
sub-06	1	10	peck	sub-06_run-01_trial-10.wav	11	3.7725	4.0325
sub-06	1	10	peck	sub-06_run-01_trial-10.wav	12	4.1125	4.3725
sub-06	1	11	picked	sub-06_run-01_trial-11.wav	1	0.2925	0.4525
sub-06	1	11	picked	sub-06_run-01_trial-11.wav	2	0.5125	0.5925
sub-06	1	11	picked	sub-06_run-01_trial-11.wav	3	0.6725	0.9925
sub-06	1	11	picked	sub-06_run-01_trial-11.wav	4	1.0725	1.3925
sub-06	1	11	picked	sub-06_run-01_trial-11.wav	5	1.4725	1.7925
sub-06	1	11	picked	sub-06_run-01_trial-11.wav	6	1.8925	2.2125
sub-06	1	11	picked	sub-06_run-01_trial-11.wav	7	2.2925	2.6325
sub-06	1	11	picked	sub-06_run-01_trial-11.wav	8	2.7125	3.0725
sub-06	1	11	picked	sub-06_run-01_trial-11.wav	9	3.1525	3.4925
sub-06	1	11	picked	sub-06_run-01_trial-11.wav	10	3.6125	3.9325
sub-06	1	11	picked	sub-06_run-01_trial-11.wav	11	3.9325	4.3925
sub-06	1	12	ther	sub-06_run-01_trial-12.wav	1	0.0525	0.2725
sub-06	1	12	ther	sub-06_run-01_trial-12.wav	2	0.3525	0.5925
sub-06	1	12	ther	sub-06_run-01_trial-12.wav	3	0.6525	0.8925
sub-06	1	12	ther	sub-06_run-01_trial-12.wav	4	0.9725	1.2125
sub-06	1	12	ther	sub-06_run-01_trial-12.wav	5	1.2925	1.5325
sub-06	1	12	ther	sub-06_run-01_trial-12.wav	6	1.5925	1.8125
sub-06	1	12	ther	sub-06_run-01_trial-12.wav	7	1.8725	2.1325
sub-06	1	12	ther	sub-06_run-01_trial-12.wav	8	2.1725	2.3525
sub-06	1	12	ther	sub-06_run-01_trial-12.wav	9	2.4725	2.7125
sub-06	1	12	ther	sub-06_run-01_trial-12.wav	10	2.8125	3.0725
sub-06	1	12	ther	sub-06_run-01_trial-12.wav	11	3.1125	3.3925
sub-06	1	12	ther	sub-06_run-01_trial-12.wav	12	3.3925	3.6725
sub-06	1	12	ther	sub-06_run-01_trial-12.wav	13	3.7325	4.0325
sub-06	1	12	ther	sub-06_run-01_trial-12.wav	14	4.1125	4.2925
sub-06	1	13	naw	sub-06_run-01_trial-13.wav	1	0.2525	0.5125
sub-06	1	13	naw	sub-06_run-01_trial-13.wav	2	0.5125	0.6925
sub-06	1	13	naw	sub-06_run-01_trial-13.wav	3	0.6925	0.8325
sub-06	1	13	naw	sub-06_run-01_trial-13.wav	4	0.8325	0.9725
sub-06	1	13	naw	sub-06_run-01_trial-13.wav	5	0.9725	1.1125
sub-06	1	13	naw	sub-06_run-01_trial-13.wav	6	1.1125	1.2725
sub-06	1	13	naw	sub-06_run-01_trial-13.wav	7	1.2725	1.4125
sub-06	1	13	naw	sub-06_run-01_trial-13.wav	8	1.4125	1.5725
sub-06	1	13	naw	sub-06_run-01_trial-13.wav	9	1.5725	1.7525
sub-06	1	13	naw	sub-06_run-01_trial-13.wav	10	1.7525	1.9525
sub-06	1	13	naw	sub-06_run-01_trial-13.wav	11	1.9525	2.1725
sub-06	1	13	naw	sub-06_run-01_trial-13.wav	12	2.1725	2.3725
sub-06	1	13	naw	sub-06_run-01_trial-13.wav	13	2.3725	2.5325
sub-06	1	13	naw	sub-06_run-01_trial-13.wav	14	2.5325	2.6725
sub-06	1	13	naw	sub-06_run-01_trial-13.wav	15	2.6725	2.8325
sub-06	1	13	naw	sub-06_run-01_trial-13.wav	16	2.8325	2.9725
sub-06	1	13	naw	sub-06_run-01_trial-13.wav	17	2.9725	3.1525
sub-06	1	13	naw	sub-06_run-01_trial-13.wav	18	3.1525	3.3125
sub-06	1	13	naw	sub-06_run-01_trial-13.wav	19	3.3125	3.4925
sub-06	1	13	naw	sub-06_run-01_trial-13.wav	20	3.4925	3.6725
sub-06	1	13	naw	sub-06_run-01_trial-13.wav	21	3.6725	3.8125
sub-06	1	13	naw	sub-06_run-01_trial-13.wav	22	3.8125	3.9925
sub-06	1	13	naw	sub-06_run-01_trial-13.wav	23	3.9925	4.1925
sub-06	1	13	naw	sub-06_run-01_trial-13.wav	24	4.1925	4.3525
sub-06	1	14	jur	sub-06_run-01_trial-14.wav	1	0.1125	0.3525
sub-06	1	14	jur	sub-06_run-01_trial-14.wav	2	0.4125	0.6525
sub-06	1	14	jur	sub-06_run-01_trial-14.wav	3	0.7125	0.9925
sub-06	1	14	jur	sub-06_run-01_trial-14.wav	4	1.0725	1.3325
sub-06	1	14	jur	sub-06_run-01_trial-14.wav	5	1.4125	1.5725
sub-06	1	14	jur	sub-06_run-01_trial-14.wav	6	1.6525	1.8525
sub-06	1	14	jur	sub-06_run-01_trial-14.wav	7	1.8525	2.0125
sub-06	1	14	jur	sub-06_run-01_trial-14.wav	8	2.0125	2.1725
sub-06	1	14	jur	sub-06_run-01_trial-14.wav	9	2.1725	2.3125
sub-06	1	14	jur	sub-06_run-01_trial-14.wav	10	2.3725	2.4925
sub-06	1	14	jur	sub-06_run-01_trial-14.wav	11	2.5725	2.7325
sub-06	1	14	jur	sub-06_run-01_trial-14.wav	12	2.7325	2.8525
sub-06	1	14	jur	sub-06_run-01_trial-14.wav	13	2.9125	3.0525
sub-06	1	14	jur	sub-06_run-01_trial-14.wav	14	3.0525	3.2525
sub-06	1	14	jur	sub-06_run-01_trial-14.wav	15	3.2925	3.5325
sub-06	1	14	jur	sub-06_run-01_trial-14.wav	16	3.6325	3.8525
sub-06	1	14	jur	sub-06_run-01_trial-14.wav	17	3.9525	4.1725
sub-06	1	14	jur	sub-06_run-01_trial-14.wav	18	4.2325	4.4125
sub-06	1	15	pi	sub-06_run-01_trial-15.wav	1	0.0525	0.2525
sub-06	1	15	pi	sub-06_run-01_trial-15.wav	2	0.2525	0.3725
sub-06	1	15	pi	sub-06_run-01_trial-15.wav	3	0.3725	0.4925
sub-06	1	15	pi	sub-06_run-01_trial-15.wav	4	0.4925	0.6325
sub-06	1	15	pi	sub-06_run-01_trial-15.wav	5	0.6725	0.7725
sub-06	1	15	pi	sub-06_run-01_trial-15.wav	6	0.8525	0.9325
sub-06	1	15	pi	sub-06_run-01_trial-15.wav	7	0.9925	1.0925
sub-06	1	15	pi	sub-06_run-01_trial-15.wav	8	1.1725	1.2525
sub-06	1	15	pi	sub-06_run-01_trial-15.wav	9	1.3325	1.4125
sub-06	1	15	pi	sub-06_run-01_trial-15.wav	10	1.4925	1.5925
sub-06	1	15	pi	sub-06_run-01_trial-15.wav	11	1.5925	1.7325
sub-06	1	15	pi	sub-06_run-01_trial-15.wav	12	1.7925	1.8925
sub-06	1	15	pi	sub-06_run-01_trial-15.wav	13	1.9525	2.0525
sub-06	1	15	pi	sub-06_run-01_trial-15.wav	14	2.1125	2.1925
sub-06	1	15	pi	sub-06_run-01_trial-15.wav	15	2.2725	2.3525
sub-06	1	15	pi	sub-06_run-01_trial-15.wav	16	2.4325	2.5125
sub-06	1	15	pi	sub-06_run-01_trial-15.wav	17	2.6125	2.6925
sub-06	1	15	pi	sub-06_run-01_trial-15.wav	18	2.7725	2.8525
sub-06	1	15	pi	sub-06_run-01_trial-15.wav	19	2.9325	3.0125
sub-06	1	15	pi	sub-06_run-01_trial-15.wav	20	3.0925	3.1925
sub-06	1	15	pi	sub-06_run-01_trial-15.wav	21	3.2725	3.3525
sub-06	1	15	pi	sub-06_run-01_trial-15.wav	22	3.4125	3.5125
sub-06	1	15	pi	sub-06_run-01_trial-15.wav	23	3.5725	3.6925
sub-06	1	15	pi	sub-06_run-01_trial-15.wav	24	3.7525	3.8325
sub-06	1	15	pi	sub-06_run-01_trial-15.wav	25	3.9125	3.9925
sub-06	1	15	pi	sub-06_run-01_trial-15.wav	26	4.0925	4.2725
sub-06	1	16	through	sub-06_run-01_trial-16.wav	1	0.1525	0.4925
sub-06	1	16	through	sub-06_run-01_trial-16.wav	2	0.4925	0.6525
sub-06	1	16	through	sub-06_run-01_trial-16.wav	3	0.6525	0.8525
sub-06	1	16	through	sub-06_run-01_trial-16.wav	4	0.8525	1.1925
sub-06	1	16	through	sub-06_run-01_trial-16.wav	5	1.1925	1.5125
sub-06	1	16	through	sub-06_run-01_trial-16.wav	6	1.5125	1.6125
sub-06	1	16	through	sub-06_run-01_trial-16.wav	7	1.6125	1.8525
sub-06	1	16	through	sub-06_run-01_trial-16.wav	8	1.8525	2.2325
sub-06	1	16	through	sub-06_run-01_trial-16.wav	9	2.2325	2.5525
sub-06	1	16	through	sub-06_run-01_trial-16.wav	10	2.5525	2.9725
sub-06	1	16	through	sub-06_run-01_trial-16.wav	11	2.9725	3.1925
sub-06	1	16	through	sub-06_run-01_trial-16.wav	12	3.1925	3.2925
sub-06	1	16	through	sub-06_run-01_trial-16.wav	13	3.2925	3.5525
sub-06	1	16	through	sub-06_run-01_trial-16.wav	14	3.5525	3.8725
sub-06	1	16	through	sub-06_run-01_trial-16.wav	15	3.8725	4.1325
sub-06	1	16	through	sub-06_run-01_trial-16.wav	16	4.1325	4.4125
sub-06	1	17	ti	sub-06_run-01_trial-17.wav	1	0.1925	0.2925
sub-06	1	17	ti	sub-06_run-01_trial-17.wav	2	0.3525	0.4925
sub-06	1	17	ti	sub-06_run-01_trial-17.wav	3	0.5725	0.6725
sub-06	1	17	ti	sub-06_run-01_trial-17.wav	4	0.7525	0.8525
sub-06	1	17	ti	sub-06_run-01_trial-17.wav	5	0.9325	1.0525
sub-06	1	17	ti	sub-06_run-01_trial-17.wav	6	1.0525	1.1725
sub-06	1	17	ti	sub-06_run-01_trial-17.wav	7	1.2525	1.3525
sub-06	1	17	ti	sub-06_run-01_trial-17.wav	8	1.4325	1.5325
sub-06	1	17	ti	sub-06_run-01_trial-17.wav	9	1.5925	1.7125
sub-06	1	17	ti	sub-06_run-01_trial-17.wav	10	1.7725	1.8725
sub-06	1	17	ti	sub-06_run-01_trial-17.wav	11	1.9525	2.0525
sub-06	1	17	ti	sub-06_run-01_trial-17.wav	12	2.1525	2.2325
sub-06	1	17	ti	sub-06_run-01_trial-17.wav	13	2.3125	2.3925
sub-06	1	17	ti	sub-06_run-01_trial-17.wav	14	2.4725	2.5925
sub-06	1	17	ti	sub-06_run-01_trial-17.wav	15	2.6725	2.7725
sub-06	1	17	ti	sub-06_run-01_trial-17.wav	16	2.8525	2.9525
sub-06	1	17	ti	sub-06_run-01_trial-17.wav	17	3.0325	3.1525
sub-06	1	17	ti	sub-06_run-01_trial-17.wav	18	3.2125	3.3125
sub-06	1	17	ti	sub-06_run-01_trial-17.wav	19	3.3525	3.4725
sub-06	1	17	ti	sub-06_run-01_trial-17.wav	20	3.5525	3.6525
sub-06	1	17	ti	sub-06_run-01_trial-17.wav	21	3.7325	3.8525
sub-06	1	17	ti	sub-06_run-01_trial-17.wav	22	3.9125	4.0325
sub-06	1	17	ti	sub-06_run-01_trial-17.wav	23	4.1325	4.2325
sub-06	1	17	ti	sub-06_run-01_trial-17.wav	24	4.2925	4.4125
sub-06	1	18	thieves	sub-06_run-01_trial-18.wav	1	0.1725	0.5525
sub-06	1	18	thieves	sub-06_run-01_trial-18.wav	2	0.6125	0.8925
sub-06	1	18	thieves	sub-06_run-01_trial-18.wav	3	1.0125	1.2925
sub-06	1	18	thieves	sub-06_run-01_trial-18.wav	4	1.2925	1.7325
sub-06	1	18	thieves	sub-06_run-01_trial-18.wav	5	1.7325	2.1125
sub-06	1	18	thieves	sub-06_run-01_trial-18.wav	6	2.1125	2.5325
sub-06	1	18	thieves	sub-06_run-01_trial-18.wav	7	2.5325	2.8925
sub-06	1	18	thieves	sub-06_run-01_trial-18.wav	8	2.8925	3.2925
sub-06	1	18	thieves	sub-06_run-01_trial-18.wav	9	3.2925	3.5925
sub-06	1	18	thieves	sub-06_run-01_trial-18.wav	10	3.5925	4.0125
sub-06	1	18	thieves	sub-06_run-01_trial-18.wav	11	4.0125	4.3925
sub-06	1	19	ver	sub-06_run-01_trial-19.wav	1	0.0525	0.2925
sub-06	1	19	ver	sub-06_run-01_trial-19.wav	2	0.2925	0.5325
sub-06	1	19	ver	sub-06_run-01_trial-19.wav	3	0.5325	0.7725
sub-06	1	19	ver	sub-06_run-01_trial-19.wav	4	0.7725	1.0125
sub-06	1	19	ver	sub-06_run-01_trial-19.wav	5	1.0125	1.1725
sub-06	1	19	ver	sub-06_run-01_trial-19.wav	6	1.1725	1.3725
sub-06	1	19	ver	sub-06_run-01_trial-19.wav	7	1.3725	1.5325
sub-06	1	19	ver	sub-06_run-01_trial-19.wav	8	1.5325	1.7125
sub-06	1	19	ver	sub-06_run-01_trial-19.wav	9	1.7725	1.9125
sub-06	1	19	ver	sub-06_run-01_trial-19.wav	10	1.9125	2.0725
sub-06	1	19	ver	sub-06_run-01_trial-19.wav	11	2.0725	2.2925
sub-06	1	19	ver	sub-06_run-01_trial-19.wav	12	2.2925	2.4725
sub-06	1	19	ver	sub-06_run-01_trial-19.wav	13	2.4725	2.6725
sub-06	1	19	ver	sub-06_run-01_trial-19.wav	14	2.6725	2.8725
sub-06	1	19	ver	sub-06_run-01_trial-19.wav	15	2.9325	3.1125
sub-06	1	19	ver	sub-06_run-01_trial-19.wav	16	3.1125	3.3325
sub-06	1	19	ver	sub-06_run-01_trial-19.wav	17	3.3325	3.5525
sub-06	1	19	ver	sub-06_run-01_trial-19.wav	18	3.5525	3.7525
sub-06	1	19	ver	sub-06_run-01_trial-19.wav	19	3.7525	3.9325
sub-06	1	19	ver	sub-06_run-01_trial-19.wav	20	3.9325	4.1325
sub-06	1	19	ver	sub-06_run-01_trial-19.wav	21	4.1325	4.2925
sub-06	1	19	ver	sub-06_run-01_trial-19.wav	22	4.3525	4.4525
sub-06	1	20	neh	sub-06_run-01_trial-20.wav	1	0.1525	0.3725
sub-06	1	20	neh	sub-06_run-01_trial-20.wav	2	0.3725	0.6125
sub-06	1	20	neh	sub-06_run-01_trial-20.wav	3	0.6125	0.8525
sub-06	1	20	neh	sub-06_run-01_trial-20.wav	4	0.8525	1.0125
sub-06	1	20	neh	sub-06_run-01_trial-20.wav	5	1.0125	1.2125
sub-06	1	20	neh	sub-06_run-01_trial-20.wav	6	1.2125	1.3725
sub-06	1	20	neh	sub-06_run-01_trial-20.wav	7	1.3725	1.5525
sub-06	1	20	neh	sub-06_run-01_trial-20.wav	8	1.5525	1.7325
sub-06	1	20	neh	sub-06_run-01_trial-20.wav	9	1.7325	1.8725
sub-06	1	20	neh	sub-06_run-01_trial-20.wav	10	1.8725	2.0725
sub-06	1	20	neh	sub-06_run-01_trial-20.wav	11	2.0725	2.2725
sub-06	1	20	neh	sub-06_run-01_trial-20.wav	12	2.2725	2.4525
sub-06	1	20	neh	sub-06_run-01_trial-20.wav	13	2.4525	2.6525
sub-06	1	20	neh	sub-06_run-01_trial-20.wav	14	2.6525	2.8125
sub-06	1	20	neh	sub-06_run-01_trial-20.wav	15	2.8125	3.0125
sub-06	1	20	neh	sub-06_run-01_trial-20.wav	16	3.0125	3.2125
sub-06	1	20	neh	sub-06_run-01_trial-20.wav	17	3.2125	3.3925
sub-06	1	20	neh	sub-06_run-01_trial-20.wav	18	3.3925	3.5925
sub-06	1	20	neh	sub-06_run-01_trial-20.wav	19	3.5925	3.7725
sub-06	1	20	neh	sub-06_run-01_trial-20.wav	20	3.7725	3.9525
sub-06	1	20	neh	sub-06_run-01_trial-20.wav	21	3.9525	4.1125
sub-06	1	20	neh	sub-06_run-01_trial-20.wav	22	4.1125	4.3325
sub-06	1	21	mih	sub-06_run-01_trial-21.wav	1	0.0925	0.3925
sub-06	1	21	mih	sub-06_run-01_trial-21.wav	2	0.3925	0.6325
sub-06	1	21	mih	sub-06_run-01_trial-21.wav	3	0.6325	0.8125
sub-06	1	21	mih	sub-06_run-01_trial-21.wav	4	0.8125	1.0925
sub-06	1	21	mih	sub-06_run-01_trial-21.wav	5	1.0925	1.3325
sub-06	1	21	mih	sub-06_run-01_trial-21.wav	6	1.3325	1.5125
sub-06	1	21	mih	sub-06_run-01_trial-21.wav	7	1.5125	1.6925
sub-06	1	21	mih	sub-06_run-01_trial-21.wav	8	1.6925	1.8525
sub-06	1	21	mih	sub-06_run-01_trial-21.wav	9	1.8525	2.0725
sub-06	1	21	mih	sub-06_run-01_trial-21.wav	10	2.0725	2.2525
sub-06	1	21	mih	sub-06_run-01_trial-21.wav	11	2.2525	2.4525
sub-06	1	21	mih	sub-06_run-01_trial-21.wav	12	2.4525	2.7125
sub-06	1	21	mih	sub-06_run-01_trial-21.wav	13	2.7125	2.9925
sub-06	1	21	mih	sub-06_run-01_trial-21.wav	14	2.9925	3.2725
sub-06	1	21	mih	sub-06_run-01_trial-21.wav	15	3.2725	3.5325
sub-06	1	21	mih	sub-06_run-01_trial-21.wav	16	3.5325	3.7125
sub-06	1	21	mih	sub-06_run-01_trial-21.wav	17	3.7125	3.8725
sub-06	1	21	mih	sub-06_run-01_trial-21.wav	18	3.8725	4.0525
sub-06	1	21	mih	sub-06_run-01_trial-21.wav	19	4.0525	4.2525
sub-06	1	21	mih	sub-06_run-01_trial-21.wav	20	4.2525	4.4525
sub-06	1	22	the	sub-06_run-01_trial-22.wav	1	0.1925	0.3325
sub-06	1	22	the	sub-06_run-01_trial-22.wav	2	0.3325	0.4525
sub-06	1	22	the	sub-06_run-01_trial-22.wav	3	0.4525	0.6125
sub-06	1	22	the	sub-06_run-01_trial-22.wav	4	0.6125	0.7525
sub-06	1	22	the	sub-06_run-01_trial-22.wav	5	0.8325	0.9325
sub-06	1	22	the	sub-06_run-01_trial-22.wav	6	1.0125	1.2125
sub-06	1	22	the	sub-06_run-01_trial-22.wav	7	1.2125	1.3525
sub-06	1	22	the	sub-06_run-01_trial-22.wav	8	1.3525	1.4525
sub-06	1	22	the	sub-06_run-01_trial-22.wav	9	1.5125	1.6325
sub-06	1	22	the	sub-06_run-01_trial-22.wav	10	1.6325	1.8525
sub-06	1	22	the	sub-06_run-01_trial-22.wav	11	1.8525	1.9725
sub-06	1	22	the	sub-06_run-01_trial-22.wav	12	2.0325	2.1325
sub-06	1	22	the	sub-06_run-01_trial-22.wav	13	2.2125	2.3925
sub-06	1	22	the	sub-06_run-01_trial-22.wav	14	2.3925	2.5725
sub-06	1	22	the	sub-06_run-01_trial-22.wav	15	2.5725	2.6925
sub-06	1	22	the	sub-06_run-01_trial-22.wav	16	2.7525	2.8925
sub-06	1	22	the	sub-06_run-01_trial-22.wav	17	2.8925	3.1125
sub-06	1	22	the	sub-06_run-01_trial-22.wav	18	3.1125	3.2525
sub-06	1	22	the	sub-06_run-01_trial-22.wav	19	3.3125	3.5325
sub-06	1	22	the	sub-06_run-01_trial-22.wav	20	3.5325	3.6125
sub-06	1	22	the	sub-06_run-01_trial-22.wav	21	3.7125	3.8125
sub-06	1	22	the	sub-06_run-01_trial-22.wav	22	3.8725	4.0925
sub-06	1	22	the	sub-06_run-01_trial-22.wav	23	4.0925	4.1925
sub-06	1	22	the	sub-06_run-01_trial-22.wav	24	4.2725	4.3525
sub-06	1	23	juh	sub-06_run-01_trial-23.wav	1	0.0725	0.2125
sub-06	1	23	juh	sub-06_run-01_trial-23.wav	2	0.2725	0.4125
sub-06	1	23	juh	sub-06_run-01_trial-23.wav	3	0.4925	0.6525
sub-06	1	23	juh	sub-06_run-01_trial-23.wav	4	0.7525	0.8525
sub-06	1	23	juh	sub-06_run-01_trial-23.wav	5	0.9125	1.0325
sub-06	1	23	juh	sub-06_run-01_trial-23.wav	6	1.1125	1.2325
sub-06	1	23	juh	sub-06_run-01_trial-23.wav	7	1.2925	1.4125
sub-06	1	23	juh	sub-06_run-01_trial-23.wav	8	1.4125	1.5725
sub-06	1	23	juh	sub-06_run-01_trial-23.wav	9	1.6325	1.7925
sub-06	1	23	juh	sub-06_run-01_trial-23.wav	10	1.8925	2.0125
sub-06	1	23	juh	sub-06_run-01_trial-23.wav	11	2.0725	2.1925
sub-06	1	23	juh	sub-06_run-01_trial-23.wav	12	2.2925	2.3925
sub-06	1	23	juh	sub-06_run-01_trial-23.wav	13	2.4725	2.5925
sub-06	1	23	juh	sub-06_run-01_trial-23.wav	14	2.6725	2.7925
sub-06	1	23	juh	sub-06_run-01_trial-23.wav	15	2.8525	3.0125
sub-06	1	23	juh	sub-06_run-01_trial-23.wav	16	3.0125	3.1725
sub-06	1	23	juh	sub-06_run-01_trial-23.wav	17	3.1725	3.3725
sub-06	1	23	juh	sub-06_run-01_trial-23.wav	18	3.3725	3.5325
sub-06	1	23	juh	sub-06_run-01_trial-23.wav	19	3.5325	3.6725
sub-06	1	23	juh	sub-06_run-01_trial-23.wav	20	3.7325	3.8525
sub-06	1	23	juh	sub-06_run-01_trial-23.wav	21	3.9525	4.0525
sub-06	1	23	juh	sub-06_run-01_trial-23.wav	22	4.1125	4.2325
sub-06	1	23	juh	sub-06_run-01_trial-23.wav	23	4.2725	4.3725
sub-06	1	24	three	sub-06_run-01_trial-24.wav	1	0.0725	0.2725
sub-06	1	24	three	sub-06_run-01_trial-24.wav	2	0.3325	0.5725
sub-06	1	24	three	sub-06_run-01_trial-24.wav	3	0.5725	0.8725
sub-06	1	24	three	sub-06_run-01_trial-24.wav	4	0.9325	1.1925
sub-06	1	24	three	sub-06_run-01_trial-24.wav	5	1.1925	1.5325
sub-06	1	24	three	sub-06_run-01_trial-24.wav	6	1.5325	1.7725
sub-06	1	24	three	sub-06_run-01_trial-24.wav	7	1.7725	2.0525
sub-06	1	24	three	sub-06_run-01_trial-24.wav	8	2.0525	2.4125
sub-06	1	24	three	sub-06_run-01_trial-24.wav	9	2.4125	2.7525
sub-06	1	24	three	sub-06_run-01_trial-24.wav	10	2.7525	3.0725
sub-06	1	24	three	sub-06_run-01_trial-24.wav	11	3.1125	3.3325
sub-06	1	24	three	sub-06_run-01_trial-24.wav	12	3.3925	3.7725
sub-06	1	24	three	sub-06_run-01_trial-24.wav	13	3.8725	4.0525
sub-06	1	24	three	sub-06_run-01_trial-24.wav	14	4.0525	4.2725
sub-06	1	24	three	sub-06_run-01_trial-24.wav	15	4.2725	4.4725
sub-06	1	25	a	sub-06_run-01_trial-25.wav	1	0.2925	0.7125
sub-06	1	25	a	sub-06_run-01_trial-25.wav	2	0.7925	0.9525
sub-06	1	25	a	sub-06_run-01_trial-25.wav	3	1.0325	1.1725
sub-06	1	25	a	sub-06_run-01_trial-25.wav	4	1.1725	1.2925
sub-06	1	25	a	sub-06_run-01_trial-25.wav	5	1.3725	1.4925
sub-06	1	25	a	sub-06_run-01_trial-25.wav	6	1.5525	1.6925
sub-06	1	25	a	sub-06_run-01_trial-25.wav	7	1.6925	1.8325
sub-06	1	25	a	sub-06_run-01_trial-25.wav	8	1.8325	1.9725
sub-06	1	25	a	sub-06_run-01_trial-25.wav	9	2.0325	2.1725
sub-06	1	25	a	sub-06_run-01_trial-25.wav	10	2.1725	2.3725
sub-06	1	25	a	sub-06_run-01_trial-25.wav	11	2.3725	2.5525
sub-06	1	25	a	sub-06_run-01_trial-25.wav	12	2.7125	2.8925
sub-06	1	25	a	sub-06_run-01_trial-25.wav	13	2.8925	3.0525
sub-06	1	25	a	sub-06_run-01_trial-25.wav	14	3.0925	3.2325
sub-06	1	25	a	sub-06_run-01_trial-25.wav	15	3.2925	3.3925
sub-06	1	25	a	sub-06_run-01_trial-25.wav	16	3.4525	3.5525
sub-06	1	25	a	sub-06_run-01_trial-25.wav	17	3.6125	3.7525
sub-06	1	25	a	sub-06_run-01_trial-25.wav	18	3.8325	3.9525
sub-06	1	25	a	sub-06_run-01_trial-25.wav	19	3.9525	4.3125
sub-06	1	26	jin	sub-06_run-01_trial-26.wav	1	0.0725	0.2725
sub-06	1	26	jin	sub-06_run-01_trial-26.wav	2	0.2725	0.4925
sub-06	1	26	jin	sub-06_run-01_trial-26.wav	3	0.4925	0.7325
sub-06	1	26	jin	sub-06_run-01_trial-26.wav	4	0.7325	0.9525
sub-06	1	26	jin	sub-06_run-01_trial-26.wav	5	0.9525	1.1725
sub-06	1	26	jin	sub-06_run-01_trial-26.wav	6	1.1725	1.4325
sub-06	1	26	jin	sub-06_run-01_trial-26.wav	7	1.4325	1.6125
sub-06	1	26	jin	sub-06_run-01_trial-26.wav	8	1.6125	1.7525
sub-06	1	26	jin	sub-06_run-01_trial-26.wav	9	1.8325	2.0125
sub-06	1	26	jin	sub-06_run-01_trial-26.wav	10	2.0125	2.1925
sub-06	1	26	jin	sub-06_run-01_trial-26.wav	11	2.1925	2.2925
sub-06	1	26	jin	sub-06_run-01_trial-26.wav	12	2.3525	2.5725
sub-06	1	26	jin	sub-06_run-01_trial-26.wav	13	2.5725	2.6925
sub-06	1	26	jin	sub-06_run-01_trial-26.wav	14	2.7525	2.9325
sub-06	1	26	jin	sub-06_run-01_trial-26.wav	15	2.9325	3.0725
sub-06	1	26	jin	sub-06_run-01_trial-26.wav	16	3.1325	3.3325
sub-06	1	26	jin	sub-06_run-01_trial-26.wav	17	3.3325	3.4525
sub-06	1	26	jin	sub-06_run-01_trial-26.wav	18	3.5125	3.6325
sub-06	1	26	jin	sub-06_run-01_trial-26.wav	19	3.6925	3.8525
sub-06	1	26	jin	sub-06_run-01_trial-26.wav	20	3.8525	4.0125
sub-06	1	26	jin	sub-06_run-01_trial-26.wav	21	4.0725	4.1925
sub-06	1	26	jin	sub-06_run-01_trial-26.wav	22	4.2525	4.3725
sub-06	1	26	jin	sub-06_run-01_trial-26.wav	23	4.3725	4.4525
sub-06	1	27	less	sub-06_run-01_trial-27.wav	1	0.0925	0.3725
sub-06	1	27	less	sub-06_run-01_trial-27.wav	2	0.3725	0.6925
sub-06	1	27	less	sub-06_run-01_trial-27.wav	3	0.6925	0.9725
sub-06	1	27	less	sub-06_run-01_trial-27.wav	4	0.9725	1.2525
sub-06	1	27	less	sub-06_run-01_trial-27.wav	5	1.2525	1.5325
sub-06	1	27	less	sub-06_run-01_trial-27.wav	6	1.5325	1.7325
sub-06	1	27	less	sub-06_run-01_trial-27.wav	7	1.7925	2.0325
sub-06	1	27	less	sub-06_run-01_trial-27.wav	8	2.1525	2.4525
sub-06	1	27	less	sub-06_run-01_trial-27.wav	9	2.4525	2.7525
sub-06	1	27	less	sub-06_run-01_trial-27.wav	10	2.7525	3.0125
sub-06	1	27	less	sub-06_run-01_trial-27.wav	11	3.0125	3.2925
sub-06	1	27	less	sub-06_run-01_trial-27.wav	12	3.2925	3.4525
sub-06	1	27	less	sub-06_run-01_trial-27.wav	13	3.5125	3.6325
sub-06	1	27	less	sub-06_run-01_trial-27.wav	14	3.6325	3.8925
sub-06	1	27	less	sub-06_run-01_trial-27.wav	15	3.8925	4.2125
sub-06	1	27	less	sub-06_run-01_trial-27.wav	16	4.2125	4.4125
sub-06	1	28	day	sub-06_run-01_trial-28.wav	1	0.1525	0.2725
sub-06	1	28	day	sub-06_run-01_trial-28.wav	2	0.3125	0.4525
sub-06	1	28	day	sub-06_run-01_trial-28.wav	3	0.5125	0.6525
sub-06	1	28	day	sub-06_run-01_trial-28.wav	4	0.6525	0.8125
sub-06	1	28	day	sub-06_run-01_trial-28.wav	5	0.8125	0.9525
sub-06	1	28	day	sub-06_run-01_trial-28.wav	6	1.0325	1.1325
sub-06	1	28	day	sub-06_run-01_trial-28.wav	7	1.2125	1.3125
sub-06	1	28	day	sub-06_run-01_trial-28.wav	8	1.3725	1.5325
sub-06	1	28	day	sub-06_run-01_trial-28.wav	9	1.5325	1.6925
sub-06	1	28	day	sub-06_run-01_trial-28.wav	10	1.6925	1.8725
sub-06	1	28	day	sub-06_run-01_trial-28.wav	11	1.9525	2.0525
sub-06	1	28	day	sub-06_run-01_trial-28.wav	12	2.1125	2.2725
sub-06	1	28	day	sub-06_run-01_trial-28.wav	13	2.3325	2.4525
sub-06	1	28	day	sub-06_run-01_trial-28.wav	14	2.4925	2.6525
sub-06	1	28	day	sub-06_run-01_trial-28.wav	15	2.6525	2.7925
sub-06	1	28	day	sub-06_run-01_trial-28.wav	16	2.7925	2.9525
sub-06	1	28	day	sub-06_run-01_trial-28.wav	17	3.0125	3.2325
sub-06	1	28	day	sub-06_run-01_trial-28.wav	18	3.2325	3.3525
sub-06	1	28	day	sub-06_run-01_trial-28.wav	19	3.4725	3.6525
sub-06	1	28	day	sub-06_run-01_trial-28.wav	20	3.6525	3.7925
sub-06	1	28	day	sub-06_run-01_trial-28.wav	21	3.7925	3.9325
sub-06	1	28	day	sub-06_run-01_trial-28.wav	22	3.9325	4.0925
sub-06	1	28	day	sub-06_run-01_trial-28.wav	23	4.1525	4.2925
sub-06	1	29	ser	sub-06_run-01_trial-29.wav	1	0.0925	0.4325
sub-06	1	29	ser	sub-06_run-01_trial-29.wav	2	0.4325	0.6125
sub-06	1	29	ser	sub-06_run-01_trial-29.wav	3	0.6125	0.7525
sub-06	1	29	ser	sub-06_run-01_trial-29.wav	4	0.7525	0.9325
sub-06	1	29	ser	sub-06_run-01_trial-29.wav	5	0.9325	1.1525
sub-06	1	29	ser	sub-06_run-01_trial-29.wav	6	1.1525	1.3125
sub-06	1	29	ser	sub-06_run-01_trial-29.wav	7	1.3125	1.4925
sub-06	1	29	ser	sub-06_run-01_trial-29.wav	8	1.4925	1.6725
sub-06	1	29	ser	sub-06_run-01_trial-29.wav	9	1.6725	1.9725
sub-06	1	29	ser	sub-06_run-01_trial-29.wav	10	1.9725	2.3125
sub-06	1	29	ser	sub-06_run-01_trial-29.wav	11	2.3125	2.4325
sub-06	1	29	ser	sub-06_run-01_trial-29.wav	12	2.4325	2.6925
sub-06	1	29	ser	sub-06_run-01_trial-29.wav	13	2.6925	3.0325
sub-06	1	29	ser	sub-06_run-01_trial-29.wav	14	3.0325	3.3925
sub-06	1	29	ser	sub-06_run-01_trial-29.wav	15	3.3925	3.6925
sub-06	1	29	ser	sub-06_run-01_trial-29.wav	16	3.6925	4.0325
sub-06	1	29	ser	sub-06_run-01_trial-29.wav	17	4.0325	4.3325
sub-06	1	30	pie	sub-06_run-01_trial-30.wav	1	0.1125	0.2125
sub-06	1	30	pie	sub-06_run-01_trial-30.wav	2	0.2725	0.3725
sub-06	1	30	pie	sub-06_run-01_trial-30.wav	3	0.4125	0.5125
sub-06	1	30	pie	sub-06_run-01_trial-30.wav	4	0.5725	0.6525
sub-06	1	30	pie	sub-06_run-01_trial-30.wav	5	0.7325	0.8125
sub-06	1	30	pie	sub-06_run-01_trial-30.wav	6	0.8925	0.9925
sub-06	1	30	pie	sub-06_run-01_trial-30.wav	7	1.0525	1.1525
sub-06	1	30	pie	sub-06_run-01_trial-30.wav	8	1.2125	1.2925
sub-06	1	30	pie	sub-06_run-01_trial-30.wav	9	1.3725	1.4725
sub-06	1	30	pie	sub-06_run-01_trial-30.wav	10	1.5325	1.6325
sub-06	1	30	pie	sub-06_run-01_trial-30.wav	11	1.7125	1.8125
sub-06	1	30	pie	sub-06_run-01_trial-30.wav	12	1.8125	1.9725
sub-06	1	30	pie	sub-06_run-01_trial-30.wav	13	2.0325	2.1325
sub-06	1	30	pie	sub-06_run-01_trial-30.wav	14	2.2125	2.3125
sub-06	1	30	pie	sub-06_run-01_trial-30.wav	15	2.3725	2.5525
sub-06	1	30	pie	sub-06_run-01_trial-30.wav	16	2.5525	2.6725
sub-06	1	30	pie	sub-06_run-01_trial-30.wav	17	2.7325	2.8325
sub-06	1	30	pie	sub-06_run-01_trial-30.wav	18	2.8925	3.0125
sub-06	1	30	pie	sub-06_run-01_trial-30.wav	19	3.0525	3.1525
sub-06	1	30	pie	sub-06_run-01_trial-30.wav	20	3.2325	3.3325
sub-06	1	30	pie	sub-06_run-01_trial-30.wav	21	3.3925	3.4925
sub-06	1	30	pie	sub-06_run-01_trial-30.wav	22	3.5725	3.6725
sub-06	1	30	pie	sub-06_run-01_trial-30.wav	23	3.7525	3.8525
sub-06	1	30	pie	sub-06_run-01_trial-30.wav	24	3.9125	3.9925
sub-06	1	30	pie	sub-06_run-01_trial-30.wav	25	4.0925	4.2925
sub-06	1	31	imah	sub-06_run-01_trial-31.wav	1	0.1925	0.5125
sub-06	1	31	imah	sub-06_run-01_trial-31.wav	2	0.5125	0.7725
sub-06	1	31	imah	sub-06_run-01_trial-31.wav	3	0.7725	1.0325
sub-06	1	31	imah	sub-06_run-01_trial-31.wav	4	1.0325	1.2925
sub-06	1	31	imah	sub-06_run-01_trial-31.wav	5	1.2925	1.5325
sub-06	1	31	imah	sub-06_run-01_trial-31.wav	6	1.5325	1.7125
sub-06	1	31	imah	sub-06_run-01_trial-31.wav	7	1.8525	1.9725
sub-06	1	31	imah	sub-06_run-01_trial-31.wav	8	1.9725	2.1725
sub-06	1	31	imah	sub-06_run-01_trial-31.wav	9	2.1725	2.5725
sub-06	1	31	imah	sub-06_run-01_trial-31.wav	10	2.5725	2.8325
sub-06	1	31	imah	sub-06_run-01_trial-31.wav	11	2.8325	3.3325
sub-06	1	31	imah	sub-06_run-01_trial-31.wav	12	3.3325	3.5525
sub-06	1	31	imah	sub-06_run-01_trial-31.wav	13	3.5525	3.6925
sub-06	1	31	imah	sub-06_run-01_trial-31.wav	14	3.6925	4.0125
sub-06	1	31	imah	sub-06_run-01_trial-31.wav	15	4.0125	4.4925
sub-06	1	32	thrilled	sub-06_run-01_trial-32.wav	1	0.2125	0.3325
sub-06	1	32	thrilled	sub-06_run-01_trial-32.wav	2	0.3325	0.5325
sub-06	1	32	thrilled	sub-06_run-01_trial-32.wav	3	0.5725	0.7325
sub-06	1	32	thrilled	sub-06_run-01_trial-32.wav	4	0.7325	0.8325
sub-06	1	32	thrilled	sub-06_run-01_trial-32.wav	5	0.8325	0.9725
sub-06	1	32	thrilled	sub-06_run-01_trial-32.wav	6	0.9725	1.1325
sub-06	1	32	thrilled	sub-06_run-01_trial-32.wav	7	1.1925	1.2925
sub-06	1	32	thrilled	sub-06_run-01_trial-32.wav	8	1.2925	1.4125
sub-06	1	32	thrilled	sub-06_run-01_trial-32.wav	9	1.4125	1.6925
sub-06	1	32	thrilled	sub-06_run-01_trial-32.wav	10	1.6925	1.9325
sub-06	1	32	thrilled	sub-06_run-01_trial-32.wav	11	1.9325	2.0725
sub-06	1	32	thrilled	sub-06_run-01_trial-32.wav	12	2.0725	2.2125
sub-06	1	32	thrilled	sub-06_run-01_trial-32.wav	13	2.2125	2.6525
sub-06	1	32	thrilled	sub-06_run-01_trial-32.wav	14	2.6525	2.8325
sub-06	1	32	thrilled	sub-06_run-01_trial-32.wav	15	2.8325	2.9725
sub-06	1	32	thrilled	sub-06_run-01_trial-32.wav	16	3.0125	3.2525
sub-06	1	32	thrilled	sub-06_run-01_trial-32.wav	17	3.2525	3.4325
sub-06	1	32	thrilled	sub-06_run-01_trial-32.wav	18	3.4325	3.6125
sub-06	1	32	thrilled	sub-06_run-01_trial-32.wav	19	3.6125	3.8925
sub-06	1	32	thrilled	sub-06_run-01_trial-32.wav	20	3.8925	4.0525
sub-06	1	32	thrilled	sub-06_run-01_trial-32.wav	21	4.0525	4.9974
sub-06	1	33	per	sub-06_run-01_trial-33.wav	1	0.0725	0.1525
sub-06	1	33	per	sub-06_run-01_trial-33.wav	2	0.2325	0.3125
sub-06	1	33	per	sub-06_run-01_trial-33.wav	3	0.4125	0.5925
sub-06	1	33	per	sub-06_run-01_trial-33.wav	4	0.5925	0.7525
sub-06	1	33	per	sub-06_run-01_trial-33.wav	5	0.7525	0.9325
sub-06	1	33	per	sub-06_run-01_trial-33.wav	6	0.9325	1.0125
sub-06	1	33	per	sub-06_run-01_trial-33.wav	7	1.0925	1.1725
sub-06	1	33	per	sub-06_run-01_trial-33.wav	8	1.2725	1.4525
sub-06	1	33	per	sub-06_run-01_trial-33.wav	9	1.4525	1.5125
sub-06	1	33	per	sub-06_run-01_trial-33.wav	10	1.6125	1.7925
sub-06	1	33	per	sub-06_run-01_trial-33.wav	11	1.7925	1.8725
sub-06	1	33	per	sub-06_run-01_trial-33.wav	12	1.9525	2.0325
sub-06	1	33	per	sub-06_run-01_trial-33.wav	13	2.1325	2.1925
sub-06	1	33	per	sub-06_run-01_trial-33.wav	14	2.2925	2.4925
sub-06	1	33	per	sub-06_run-01_trial-33.wav	15	2.4925	2.6525
sub-06	1	33	per	sub-06_run-01_trial-33.wav	16	2.6525	2.8525
sub-06	1	33	per	sub-06_run-01_trial-33.wav	17	2.9725	3.2125
sub-06	1	33	per	sub-06_run-01_trial-33.wav	18	3.2125	3.3925
sub-06	1	33	per	sub-06_run-01_trial-33.wav	19	3.4725	3.7325
sub-06	1	33	per	sub-06_run-01_trial-33.wav	20	3.7325	3.8325
sub-06	1	33	per	sub-06_run-01_trial-33.wav	21	3.9125	4.0725
sub-06	1	33	per	sub-06_run-01_trial-33.wav	22	4.0725	4.2525
sub-06	1	33	per	sub-06_run-01_trial-33.wav	23	4.2525	4.3725
sub-06	1	34	per	sub-06_run-01_trial-34.wav	1	0.1325	0.3725
sub-06	1	34	per	sub-06_run-01_trial-34.wav	2	0.3725	0.5325
sub-06	1	34	per	sub-06_run-01_trial-34.wav	3	0.6125	0.8125
sub-06	1	34	per	sub-06_run-01_trial-34.wav	4	0.8125	1.0125
sub-06	1	34	per	sub-06_run-01_trial-34.wav	5	1.0925	1.2725
sub-06	1	34	per	sub-06_run-01_trial-34.wav	6	1.2725	1.4525
sub-06	1	34	per	sub-06_run-01_trial-34.wav	7	1.4525	1.5125
sub-06	1	34	per	sub-06_run-01_trial-34.wav	8	1.6325	1.7925
sub-06	1	34	per	sub-06_run-01_trial-34.wav	9	1.7925	2.1525
sub-06	1	34	per	sub-06_run-01_trial-34.wav	10	2.1525	2.3925
sub-06	1	34	per	sub-06_run-01_trial-34.wav	11	2.3925	2.4725
sub-06	1	34	per	sub-06_run-01_trial-34.wav	12	2.5725	2.6725
sub-06	1	34	per	sub-06_run-01_trial-34.wav	13	2.7125	2.8925
sub-06	1	34	per	sub-06_run-01_trial-34.wav	14	2.8925	2.9925
sub-06	1	34	per	sub-06_run-01_trial-34.wav	15	3.0725	3.2325
sub-06	1	34	per	sub-06_run-01_trial-34.wav	16	3.2325	3.4325
sub-06	1	34	per	sub-06_run-01_trial-34.wav	17	3.4325	3.5725
sub-06	1	34	per	sub-06_run-01_trial-34.wav	18	3.5725	3.6725
sub-06	1	34	per	sub-06_run-01_trial-34.wav	19	3.7725	3.9525
sub-06	1	34	per	sub-06_run-01_trial-34.wav	20	3.9525	4.0525
sub-06	1	34	per	sub-06_run-01_trial-34.wav	21	4.1325	4.2125
sub-06	1	34	per	sub-06_run-01_trial-34.wav	22	4.2925	4.3925
sub-06	1	35	pot	sub-06_run-01_trial-35.wav	1	0.0925	0.3525
sub-06	1	35	pot	sub-06_run-01_trial-35.wav	2	0.4325	0.7325
sub-06	1	35	pot	sub-06_run-01_trial-35.wav	3	0.7925	1.0725
sub-06	1	35	pot	sub-06_run-01_trial-35.wav	4	1.1325	1.4125
sub-06	1	35	pot	sub-06_run-01_trial-35.wav	5	1.4725	1.7525
sub-06	1	35	pot	sub-06_run-01_trial-35.wav	6	1.8325	2.0925
sub-06	1	35	pot	sub-06_run-01_trial-35.wav	7	2.1525	2.2125
sub-06	1	35	pot	sub-06_run-01_trial-35.wav	8	2.3525	2.5525
sub-06	1	35	pot	sub-06_run-01_trial-35.wav	9	2.6525	2.9525
sub-06	1	35	pot	sub-06_run-01_trial-35.wav	10	3.0325	3.2925
sub-06	1	35	pot	sub-06_run-01_trial-35.wav	11	3.3525	3.6525
sub-06	1	35	pot	sub-06_run-01_trial-35.wav	12	3.7325	4.0125
sub-06	1	35	pot	sub-06_run-01_trial-35.wav	13	4.0925	4.3725
sub-06	1	36	thurs	sub-06_run-01_trial-36.wav	1	0.0525	0.2525
sub-06	1	36	thurs	sub-06_run-01_trial-36.wav	2	0.3525	0.5925
sub-06	1	36	thurs	sub-06_run-01_trial-36.wav	3	0.5925	1.1325
sub-06	1	36	thurs	sub-06_run-01_trial-36.wav	4	1.1325	1.5925
sub-06	1	36	thurs	sub-06_run-01_trial-36.wav	5	1.5925	2.0725
sub-06	1	36	thurs	sub-06_run-01_trial-36.wav	6	2.0725	2.5725
sub-06	1	36	thurs	sub-06_run-01_trial-36.wav	7	2.5725	3.0925
sub-06	1	36	thurs	sub-06_run-01_trial-36.wav	8	3.0925	3.5525
sub-06	1	36	thurs	sub-06_run-01_trial-36.wav	9	3.5525	4.0525
sub-06	1	36	thurs	sub-06_run-01_trial-36.wav	10	4.0525	4.4125
sub-06	1	37	would	sub-06_run-01_trial-37.wav	1	0.0925	0.3725
sub-06	1	37	would	sub-06_run-01_trial-37.wav	2	0.4325	0.7925
sub-06	1	37	would	sub-06_run-01_trial-37.wav	3	0.7925	1.2125
sub-06	1	37	would	sub-06_run-01_trial-37.wav	4	1.2125	1.4725
sub-06	1	37	would	sub-06_run-01_trial-37.wav	5	1.5325	1.7725
sub-06	1	37	would	sub-06_run-01_trial-37.wav	6	1.7725	2.0125
sub-06	1	37	would	sub-06_run-01_trial-37.wav	7	2.0125	2.1725
sub-06	1	37	would	sub-06_run-01_trial-37.wav	8	2.1725	2.4525
sub-06	1	37	would	sub-06_run-01_trial-37.wav	9	2.7325	2.8925
sub-06	1	37	would	sub-06_run-01_trial-37.wav	10	2.9725	3.4125
sub-06	1	37	would	sub-06_run-01_trial-37.wav	11	3.4125	3.7925
sub-06	1	37	would	sub-06_run-01_trial-37.wav	12	3.7925	4.0925
sub-06	1	37	would	sub-06_run-01_trial-37.wav	13	4.1925	4.4125
sub-06	1	38	throne	sub-06_run-01_trial-38.wav	1	0.2925	0.8125
sub-06	1	38	throne	sub-06_run-01_trial-38.wav	2	0.8125	1.3325
sub-06	1	38	throne	sub-06_run-01_trial-38.wav	3	1.3325	1.8925
sub-06	1	38	throne	sub-06_run-01_trial-38.wav	4	1.8925	2.5325
sub-06	1	38	throne	sub-06_run-01_trial-38.wav	5	2.5325	3.0525
sub-06	1	38	throne	sub-06_run-01_trial-38.wav	6	3.0525	3.6125
sub-06	1	38	throne	sub-06_run-01_trial-38.wav	7	3.6125	4.1525
sub-06	1	38	throne	sub-06_run-01_trial-38.wav	8	4.1525	4.4725
sub-06	1	39	thought	sub-06_run-01_trial-39.wav	1	0.1125	0.4325
sub-06	1	39	thought	sub-06_run-01_trial-39.wav	2	0.4325	0.7525
sub-06	1	39	thought	sub-06_run-01_trial-39.wav	3	0.8325	1.2325
sub-06	1	39	thought	sub-06_run-01_trial-39.wav	4	1.4725	1.9125
sub-06	1	39	thought	sub-06_run-01_trial-39.wav	5	1.9725	2.1525
sub-06	1	39	thought	sub-06_run-01_trial-39.wav	6	2.2125	2.3525
sub-06	1	39	thought	sub-06_run-01_trial-39.wav	7	2.3525	2.8525
sub-06	1	39	thought	sub-06_run-01_trial-39.wav	8	3.0125	4.0125
sub-06	1	39	thought	sub-06_run-01_trial-39.wav	9	4.0125	4.3525
sub-06	1	40	pro	sub-06_run-01_trial-40.wav	1	0.1125	0.3525
sub-06	1	40	pro	sub-06_run-01_trial-40.wav	2	0.4325	0.6525
sub-06	1	40	pro	sub-06_run-01_trial-40.wav	3	0.7525	0.9725
sub-06	1	40	pro	sub-06_run-01_trial-40.wav	4	1.0525	1.2925
sub-06	1	40	pro	sub-06_run-01_trial-40.wav	5	1.3525	1.6525
sub-06	1	40	pro	sub-06_run-01_trial-40.wav	6	1.6525	1.9525
sub-06	1	40	pro	sub-06_run-01_trial-40.wav	7	2.0325	2.2925
sub-06	1	40	pro	sub-06_run-01_trial-40.wav	8	2.3925	2.6525
sub-06	1	40	pro	sub-06_run-01_trial-40.wav	9	2.7325	2.9325
sub-06	1	40	pro	sub-06_run-01_trial-40.wav	10	3.0325	3.2725
sub-06	1	40	pro	sub-06_run-01_trial-40.wav	11	3.3725	3.6325
sub-06	1	40	pro	sub-06_run-01_trial-40.wav	12	3.7125	3.9725
sub-06	1	40	pro	sub-06_run-01_trial-40.wav	13	4.0725	4.2925
sub-06	1	40	pro	sub-06_run-01_trial-40.wav	14	4.3925	4.5125
sub-06	1	41	fee	sub-06_run-01_trial-41.wav	1	0.0125	0.3325
sub-06	1	41	fee	sub-06_run-01_trial-41.wav	2	0.3325	0.6125
sub-06	1	41	fee	sub-06_run-01_trial-41.wav	3	0.6125	0.8725
sub-06	1	41	fee	sub-06_run-01_trial-41.wav	4	0.8725	1.0925
sub-06	1	41	fee	sub-06_run-01_trial-41.wav	5	1.0925	1.2725
sub-06	1	41	fee	sub-06_run-01_trial-41.wav	6	1.2725	1.4525
sub-06	1	41	fee	sub-06_run-01_trial-41.wav	7	1.4525	1.6525
sub-06	1	41	fee	sub-06_run-01_trial-41.wav	8	1.6525	1.9725
sub-06	1	41	fee	sub-06_run-01_trial-41.wav	9	1.9725	2.2325
sub-06	1	41	fee	sub-06_run-01_trial-41.wav	10	2.2325	2.4725
sub-06	1	41	fee	sub-06_run-01_trial-41.wav	11	2.4725	2.7725
sub-06	1	41	fee	sub-06_run-01_trial-41.wav	12	2.7725	3.0525
sub-06	1	41	fee	sub-06_run-01_trial-41.wav	13	3.0525	3.2525
sub-06	1	41	fee	sub-06_run-01_trial-41.wav	14	3.2525	3.4525
sub-06	1	41	fee	sub-06_run-01_trial-41.wav	15	3.4525	3.6325
sub-06	1	41	fee	sub-06_run-01_trial-41.wav	16	3.6325	3.8325
sub-06	1	41	fee	sub-06_run-01_trial-41.wav	17	3.8325	4.0325
sub-06	1	41	fee	sub-06_run-01_trial-41.wav	18	4.0325	4.2125
sub-06	1	41	fee	sub-06_run-01_trial-41.wav	19	4.2125	4.4325
sub-06	1	42	if	sub-06_run-01_trial-42.wav	1	0.0725	0.2525
sub-06	1	42	if	sub-06_run-01_trial-42.wav	2	0.2525	0.5725
sub-06	1	42	if	sub-06_run-01_trial-42.wav	3	0.5725	0.8925
sub-06	1	42	if	sub-06_run-01_trial-42.wav	4	0.8925	1.1925
sub-06	1	42	if	sub-06_run-01_trial-42.wav	5	1.1925	1.5525
sub-06	1	42	if	sub-06_run-01_trial-42.wav	6	1.5525	1.9325
sub-06	1	42	if	sub-06_run-01_trial-42.wav	7	1.9325	2.1525
sub-06	1	42	if	sub-06_run-01_trial-42.wav	8	2.2525	2.4125
sub-06	1	42	if	sub-06_run-01_trial-42.wav	9	2.4125	2.5525
sub-06	1	42	if	sub-06_run-01_trial-42.wav	10	2.5525	2.7725
sub-06	1	42	if	sub-06_run-01_trial-42.wav	11	2.7725	2.8525
sub-06	1	42	if	sub-06_run-01_trial-42.wav	12	2.8525	3.1125
sub-06	1	42	if	sub-06_run-01_trial-42.wav	13	3.1125	3.2525
sub-06	1	42	if	sub-06_run-01_trial-42.wav	14	3.2525	3.5525
sub-06	1	42	if	sub-06_run-01_trial-42.wav	15	3.5525	3.6925
sub-06	1	42	if	sub-06_run-01_trial-42.wav	16	3.7725	4.0325
sub-06	1	42	if	sub-06_run-01_trial-42.wav	17	4.0325	4.2725
sub-06	1	42	if	sub-06_run-01_trial-42.wav	18	4.2725	4.3925
sub-06	2	1	thought	sub-06_run-02_trial-01.wav	1	0.3325	0.6325
sub-06	2	1	thought	sub-06_run-02_trial-01.wav	2	0.7925	1.1125
sub-06	2	1	thought	sub-06_run-02_trial-01.wav	3	1.2725	1.6725
sub-06	2	1	thought	sub-06_run-02_trial-01.wav	4	1.7325	2.0925
sub-06	2	1	thought	sub-06_run-02_trial-01.wav	5	2.1925	2.5325
sub-06	2	1	thought	sub-06_run-02_trial-01.wav	6	2.7525	3.0725
sub-06	2	1	thought	sub-06_run-02_trial-01.wav	7	3.2525	3.6325
sub-06	2	1	thought	sub-06_run-02_trial-01.wav	8	3.7125	4.0325
sub-06	2	1	thought	sub-06_run-02_trial-01.wav	9	4.1725	4.4125
sub-06	2	2	per	sub-06_run-02_trial-02.wav	1	0.0525	0.2725
sub-06	2	2	per	sub-06_run-02_trial-02.wav	2	0.3525	0.5725
sub-06	2	2	per	sub-06_run-02_trial-02.wav	3	0.6525	0.8325
sub-06	2	2	per	sub-06_run-02_trial-02.wav	4	0.8925	1.1525
sub-06	2	2	per	sub-06_run-02_trial-02.wav	5	1.2125	1.4725
sub-06	2	2	per	sub-06_run-02_trial-02.wav	6	1.5525	1.7725
sub-06	2	2	per	sub-06_run-02_trial-02.wav	7	1.8525	2.0725
sub-06	2	2	per	sub-06_run-02_trial-02.wav	8	2.1525	2.3725
sub-06	2	2	per	sub-06_run-02_trial-02.wav	9	2.4725	2.6925
sub-06	2	2	per	sub-06_run-02_trial-02.wav	10	2.7725	3.0525
sub-06	2	2	per	sub-06_run-02_trial-02.wav	11	3.1525	3.3925
sub-06	2	2	per	sub-06_run-02_trial-02.wav	12	3.4925	3.6925
sub-06	2	2	per	sub-06_run-02_trial-02.wav	13	3.7925	4.0325
sub-06	2	2	per	sub-06_run-02_trial-02.wav	14	4.1125	4.2725
sub-06	2	2	per	sub-06_run-02_trial-02.wav	15	4.3525	4.4925
sub-06	2	3	juh	sub-06_run-02_trial-03.wav	1	0.1325	0.3725
sub-06	2	3	juh	sub-06_run-02_trial-03.wav	2	0.4925	0.7525
sub-06	2	3	juh	sub-06_run-02_trial-03.wav	3	0.8325	1.0325
sub-06	2	3	juh	sub-06_run-02_trial-03.wav	4	1.0925	1.3125
sub-06	2	3	juh	sub-06_run-02_trial-03.wav	5	1.4325	1.6925
sub-06	2	3	juh	sub-06_run-02_trial-03.wav	6	1.8325	2.0925
sub-06	2	3	juh	sub-06_run-02_trial-03.wav	7	2.1925	2.4325
sub-06	2	3	juh	sub-06_run-02_trial-03.wav	8	2.5125	2.7725
sub-06	2	3	juh	sub-06_run-02_trial-03.wav	9	2.8925	3.1525
sub-06	2	3	juh	sub-06_run-02_trial-03.wav	10	3.2325	3.5325
sub-06	2	3	juh	sub-06_run-02_trial-03.wav	11	3.6325	3.8925
sub-06	2	3	juh	sub-06_run-02_trial-03.wav	12	3.9925	4.3125
sub-06	2	4	if	sub-06_run-02_trial-04.wav	1	0.2725	0.6525
sub-06	2	4	if	sub-06_run-02_trial-04.wav	2	0.6525	1.0325
sub-06	2	4	if	sub-06_run-02_trial-04.wav	3	1.0325	1.4125
sub-06	2	4	if	sub-06_run-02_trial-04.wav	4	1.5325	1.7125
sub-06	2	4	if	sub-06_run-02_trial-04.wav	5	1.7125	1.7925
sub-06	2	4	if	sub-06_run-02_trial-04.wav	6	1.7925	2.2125
sub-06	2	4	if	sub-06_run-02_trial-04.wav	7	2.2125	2.5725
sub-06	2	4	if	sub-06_run-02_trial-04.wav	8	2.5725	2.9725
sub-06	2	4	if	sub-06_run-02_trial-04.wav	9	2.9725	3.2125
sub-06	2	4	if	sub-06_run-02_trial-04.wav	10	3.2125	3.3325
sub-06	2	4	if	sub-06_run-02_trial-04.wav	11	3.3925	3.7525
sub-06	2	4	if	sub-06_run-02_trial-04.wav	12	3.7525	4.1325
sub-06	2	4	if	sub-06_run-02_trial-04.wav	13	4.1325	4.4925
sub-06	2	5	how	sub-06_run-02_trial-05.wav	1	0.1725	0.6125
sub-06	2	5	how	sub-06_run-02_trial-05.wav	2	0.6125	1.0125
sub-06	2	5	how	sub-06_run-02_trial-05.wav	3	1.0125	1.5125
sub-06	2	5	how	sub-06_run-02_trial-05.wav	4	1.5125	1.9325
sub-06	2	5	how	sub-06_run-02_trial-05.wav	5	1.9325	2.3925
sub-06	2	5	how	sub-06_run-02_trial-05.wav	6	2.3925	2.8125
sub-06	2	5	how	sub-06_run-02_trial-05.wav	7	2.8125	3.5325
sub-06	2	5	how	sub-06_run-02_trial-05.wav	8	3.5725	3.8725
sub-06	2	5	how	sub-06_run-02_trial-05.wav	9	3.8725	4.2325
sub-06	2	5	how	sub-06_run-02_trial-05.wav	10	4.2325	4.4325
sub-06	2	6	pot	sub-06_run-02_trial-06.wav	1	0.1725	0.5325
sub-06	2	6	pot	sub-06_run-02_trial-06.wav	2	0.6325	0.9325
sub-06	2	6	pot	sub-06_run-02_trial-06.wav	3	1.0125	1.3525
sub-06	2	6	pot	sub-06_run-02_trial-06.wav	4	1.4325	1.7525
sub-06	2	6	pot	sub-06_run-02_trial-06.wav	5	1.8325	2.1325
sub-06	2	6	pot	sub-06_run-02_trial-06.wav	6	2.2125	2.5325
sub-06	2	6	pot	sub-06_run-02_trial-06.wav	7	2.6125	2.9125
sub-06	2	6	pot	sub-06_run-02_trial-06.wav	8	3.0125	3.2925
sub-06	2	6	pot	sub-06_run-02_trial-06.wav	9	3.3925	3.6925
sub-06	2	6	pot	sub-06_run-02_trial-06.wav	10	3.7925	4.1125
sub-06	2	6	pot	sub-06_run-02_trial-06.wav	11	4.1725	4.3725
sub-06	2	7	imah	sub-06_run-02_trial-07.wav	1	0.2925	0.4325
sub-06	2	7	imah	sub-06_run-02_trial-07.wav	2	0.4325	0.7725
sub-06	2	7	imah	sub-06_run-02_trial-07.wav	3	0.8725	0.9525
sub-06	2	7	imah	sub-06_run-02_trial-07.wav	4	0.9525	1.3125
sub-06	2	7	imah	sub-06_run-02_trial-07.wav	5	1.3925	1.5125
sub-06	2	7	imah	sub-06_run-02_trial-07.wav	6	1.5125	1.9725
sub-06	2	7	imah	sub-06_run-02_trial-07.wav	7	1.9725	2.4725
sub-06	2	7	imah	sub-06_run-02_trial-07.wav	8	2.4725	2.9525
sub-06	2	7	imah	sub-06_run-02_trial-07.wav	9	2.9525	3.2325
sub-06	2	7	imah	sub-06_run-02_trial-07.wav	10	3.3325	3.4125
sub-06	2	7	imah	sub-06_run-02_trial-07.wav	11	3.4125	3.6925
sub-06	2	7	imah	sub-06_run-02_trial-07.wav	12	3.8325	4.2525
sub-06	2	7	imah	sub-06_run-02_trial-07.wav	13	4.2525	4.5525
sub-06	2	8	less	sub-06_run-02_trial-08.wav	1	0.1325	0.5725
sub-06	2	8	less	sub-06_run-02_trial-08.wav	2	0.5725	0.9325
sub-06	2	8	less	sub-06_run-02_trial-08.wav	3	0.9325	1.2925
sub-06	2	8	less	sub-06_run-02_trial-08.wav	4	1.2925	1.5525
sub-06	2	8	less	sub-06_run-02_trial-08.wav	5	1.5525	1.6525
sub-06	2	8	less	sub-06_run-02_trial-08.wav	6	1.6525	1.9925
sub-06	2	8	less	sub-06_run-02_trial-08.wav	7	1.9925	2.2125
sub-06	2	8	less	sub-06_run-02_trial-08.wav	8	2.2125	2.3725
sub-06	2	8	less	sub-06_run-02_trial-08.wav	9	2.3725	2.5725
sub-06	2	8	less	sub-06_run-02_trial-08.wav	10	2.5725	2.7325
sub-06	2	8	less	sub-06_run-02_trial-08.wav	11	2.7325	3.0725
sub-06	2	8	less	sub-06_run-02_trial-08.wav	12	3.1125	3.3325
sub-06	2	8	less	sub-06_run-02_trial-08.wav	13	3.3325	3.5125
sub-06	2	8	less	sub-06_run-02_trial-08.wav	14	3.5725	3.7925
sub-06	2	8	less	sub-06_run-02_trial-08.wav	15	3.7925	3.9725
sub-06	2	8	less	sub-06_run-02_trial-08.wav	16	4.0325	4.3325
sub-06	2	9	chuck	sub-06_run-02_trial-09.wav	1	0.0925	0.2925
sub-06	2	9	chuck	sub-06_run-02_trial-09.wav	2	0.3525	0.6325
sub-06	2	9	chuck	sub-06_run-02_trial-09.wav	3	0.7125	0.9725
sub-06	2	9	chuck	sub-06_run-02_trial-09.wav	4	1.0325	1.1925
sub-06	2	9	chuck	sub-06_run-02_trial-09.wav	5	1.2525	1.4325
sub-06	2	9	chuck	sub-06_run-02_trial-09.wav	6	1.5125	1.8925
sub-06	2	9	chuck	sub-06_run-02_trial-09.wav	7	2.0125	2.2325
sub-06	2	9	chuck	sub-06_run-02_trial-09.wav	8	2.3325	2.5725
sub-06	2	9	chuck	sub-06_run-02_trial-09.wav	9	2.5725	3.2325
sub-06	2	9	chuck	sub-06_run-02_trial-09.wav	10	3.3125	3.5725
sub-06	2	9	chuck	sub-06_run-02_trial-09.wav	11	3.6325	3.9525
sub-06	2	9	chuck	sub-06_run-02_trial-09.wav	12	3.9925	4.2525
sub-06	2	9	chuck	sub-06_run-02_trial-09.wav	13	4.2525	4.3325
sub-06	2	10	thurs	sub-06_run-02_trial-10.wav	1	0.1725	0.5525
sub-06	2	10	thurs	sub-06_run-02_trial-10.wav	2	0.5525	0.9525
sub-06	2	10	thurs	sub-06_run-02_trial-10.wav	3	0.9525	1.3925
sub-06	2	10	thurs	sub-06_run-02_trial-10.wav	4	1.3925	1.8925
sub-06	2	10	thurs	sub-06_run-02_trial-10.wav	5	1.8925	2.3725
sub-06	2	10	thurs	sub-06_run-02_trial-10.wav	6	2.3725	2.8325
sub-06	2	10	thurs	sub-06_run-02_trial-10.wav	7	2.8325	3.3325
sub-06	2	10	thurs	sub-06_run-02_trial-10.wav	8	3.3325	4.2725
sub-06	2	11	caw	sub-06_run-02_trial-11.wav	1	0.1725	0.5125
sub-06	2	11	caw	sub-06_run-02_trial-11.wav	2	0.5925	0.9325
sub-06	2	11	caw	sub-06_run-02_trial-11.wav	3	1.0125	1.3525
sub-06	2	11	caw	sub-06_run-02_trial-11.wav	4	1.4325	1.7725
sub-06	2	11	caw	sub-06_run-02_trial-11.wav	5	1.8725	2.2325
sub-06	2	11	caw	sub-06_run-02_trial-11.wav	6	2.3325	2.6525
sub-06	2	11	caw	sub-06_run-02_trial-11.wav	7	2.7525	3.0125
sub-06	2	11	caw	sub-06_run-02_trial-11.wav	8	3.0925	3.3125
sub-06	2	11	caw	sub-06_run-02_trial-11.wav	9	3.3925	3.5725
sub-06	2	11	caw	sub-06_run-02_trial-11.wav	10	3.6325	3.8525
sub-06	2	11	caw	sub-06_run-02_trial-11.wav	11	3.9125	4.0725
sub-06	2	11	caw	sub-06_run-02_trial-11.wav	12	4.1325	4.3325
sub-06	2	11	caw	sub-06_run-02_trial-11.wav	13	4.4325	4.5725
sub-06	2	12	ti	sub-06_run-02_trial-12.wav	1	0.2325	0.4725
sub-06	2	12	ti	sub-06_run-02_trial-12.wav	2	0.5325	0.7725
sub-06	2	12	ti	sub-06_run-02_trial-12.wav	3	0.8725	1.1525
sub-06	2	12	ti	sub-06_run-02_trial-12.wav	4	1.2325	1.4125
sub-06	2	12	ti	sub-06_run-02_trial-12.wav	5	1.4725	1.7525
sub-06	2	12	ti	sub-06_run-02_trial-12.wav	6	1.8325	2.0525
sub-06	2	12	ti	sub-06_run-02_trial-12.wav	7	2.0925	2.2125
sub-06	2	12	ti	sub-06_run-02_trial-12.wav	8	2.2125	2.3725
sub-06	2	12	ti	sub-06_run-02_trial-12.wav	9	2.3725	2.5325
sub-06	2	12	ti	sub-06_run-02_trial-12.wav	10	2.5925	2.8325
sub-06	2	12	ti	sub-06_run-02_trial-12.wav	11	2.8925	3.1125
sub-06	2	12	ti	sub-06_run-02_trial-12.wav	12	3.1725	3.4325
sub-06	2	12	ti	sub-06_run-02_trial-12.wav	13	3.5125	3.6925
sub-06	2	12	ti	sub-06_run-02_trial-12.wav	14	3.6925	3.9325
sub-06	2	12	ti	sub-06_run-02_trial-12.wav	15	4.0125	4.2525
sub-06	2	12	ti	sub-06_run-02_trial-12.wav	16	4.2525	4.4525
sub-06	2	13	ter	sub-06_run-02_trial-13.wav	1	0.0725	0.3125
sub-06	2	13	ter	sub-06_run-02_trial-13.wav	2	0.3725	0.6125
sub-06	2	13	ter	sub-06_run-02_trial-13.wav	3	0.6725	0.9125
sub-06	2	13	ter	sub-06_run-02_trial-13.wav	4	0.9725	1.1925
sub-06	2	13	ter	sub-06_run-02_trial-13.wav	5	1.2725	1.5125
sub-06	2	13	ter	sub-06_run-02_trial-13.wav	6	1.5725	1.7125
sub-06	2	13	ter	sub-06_run-02_trial-13.wav	7	1.7925	1.8925
sub-06	2	13	ter	sub-06_run-02_trial-13.wav	8	1.9525	2.2125
sub-06	2	13	ter	sub-06_run-02_trial-13.wav	9	2.2925	2.4925
sub-06	2	13	ter	sub-06_run-02_trial-13.wav	10	2.6125	2.8525
sub-06	2	13	ter	sub-06_run-02_trial-13.wav	11	2.9325	3.2125
sub-06	2	13	ter	sub-06_run-02_trial-13.wav	12	3.3125	3.5125
sub-06	2	13	ter	sub-06_run-02_trial-13.wav	13	3.5925	3.7925
sub-06	2	13	ter	sub-06_run-02_trial-13.wav	14	3.8725	4.1325
sub-06	2	13	ter	sub-06_run-02_trial-13.wav	15	4.1925	4.3725
sub-06	2	14	through	sub-06_run-02_trial-14.wav	1	0.0125	0.2725
sub-06	2	14	through	sub-06_run-02_trial-14.wav	2	0.2725	0.4525
sub-06	2	14	through	sub-06_run-02_trial-14.wav	3	0.4525	0.6725
sub-06	2	14	through	sub-06_run-02_trial-14.wav	4	0.6725	1.0725
sub-06	2	14	through	sub-06_run-02_trial-14.wav	5	1.0725	1.2725
sub-06	2	14	through	sub-06_run-02_trial-14.wav	6	1.2725	1.5125
sub-06	2	14	through	sub-06_run-02_trial-14.wav	7	1.5125	1.8925
sub-06	2	14	through	sub-06_run-02_trial-14.wav	8	1.8925	2.2925
sub-06	2	14	through	sub-06_run-02_trial-14.wav	9	2.2925	2.6925
sub-06	2	14	through	sub-06_run-02_trial-14.wav	10	2.6925	3.1325
sub-06	2	14	through	sub-06_run-02_trial-14.wav	11	3.1325	3.5925
sub-06	2	14	through	sub-06_run-02_trial-14.wav	12	3.5925	3.7725
sub-06	2	14	through	sub-06_run-02_trial-14.wav	13	3.7725	4.1725
sub-06	2	14	through	sub-06_run-02_trial-14.wav	14	4.1725	4.4925
sub-06	2	15	neh	sub-06_run-02_trial-15.wav	1	0.1125	0.5125
sub-06	2	15	neh	sub-06_run-02_trial-15.wav	2	0.5125	0.8925
sub-06	2	15	neh	sub-06_run-02_trial-15.wav	3	0.8925	1.3325
sub-06	2	15	neh	sub-06_run-02_trial-15.wav	4	1.3325	1.7125
sub-06	2	15	neh	sub-06_run-02_trial-15.wav	5	1.8325	2.1525
sub-06	2	15	neh	sub-06_run-02_trial-15.wav	6	2.3325	2.6525
sub-06	2	15	neh	sub-06_run-02_trial-15.wav	7	2.6525	3.1125
sub-06	2	15	neh	sub-06_run-02_trial-15.wav	8	3.2525	3.5725
sub-06	2	15	neh	sub-06_run-02_trial-15.wav	9	3.6125	3.9925
sub-06	2	15	neh	sub-06_run-02_trial-15.wav	10	3.9925	4.3525
sub-06	2	16	peck	sub-06_run-02_trial-16.wav	1	0.2125	0.5525
sub-06	2	16	peck	sub-06_run-02_trial-16.wav	2	0.6325	0.9325
sub-06	2	16	peck	sub-06_run-02_trial-16.wav	3	1.0725	1.4125
sub-06	2	16	peck	sub-06_run-02_trial-16.wav	4	1.6325	1.9125
sub-06	2	16	peck	sub-06_run-02_trial-16.wav	5	2.0325	2.3725
sub-06	2	16	peck	sub-06_run-02_trial-16.wav	6	2.4925	2.7925
sub-06	2	16	peck	sub-06_run-02_trial-16.wav	7	2.8925	3.1725
sub-06	2	16	peck	sub-06_run-02_trial-16.wav	8	3.2525	3.5725
sub-06	2	16	peck	sub-06_run-02_trial-16.wav	9	3.6725	3.9525
sub-06	2	16	peck	sub-06_run-02_trial-16.wav	10	4.0525	4.3525
sub-06	2	16	peck	sub-06_run-02_trial-16.wav	11	4.4125	4.5525
sub-06	2	17	the	sub-06_run-02_trial-17.wav	1	0.1125	0.4125
sub-06	2	17	the	sub-06_run-02_trial-17.wav	2	0.4125	0.5925
sub-06	2	17	the	sub-06_run-02_trial-17.wav	3	0.6725	0.9325
sub-06	2	17	the	sub-06_run-02_trial-17.wav	4	0.9325	1.2725
sub-06	2	17	the	sub-06_run-02_trial-17.wav	5	1.2725	1.4525
sub-06	2	17	the	sub-06_run-02_trial-17.wav	6	1.5525	1.7725
sub-06	2	17	the	sub-06_run-02_trial-17.wav	7	1.8725	2.1725
sub-06	2	17	the	sub-06_run-02_trial-17.wav	8	2.1725	2.2725
sub-06	2	17	the	sub-06_run-02_trial-17.wav	9	2.3525	2.5325
sub-06	2	17	the	sub-06_run-02_trial-17.wav	10	2.5325	2.7125
sub-06	2	17	the	sub-06_run-02_trial-17.wav	11	2.7125	2.9125
sub-06	2	17	the	sub-06_run-02_trial-17.wav	12	3.0525	3.2725
sub-06	2	17	the	sub-06_run-02_trial-17.wav	13	3.5125	3.6725
sub-06	2	17	the	sub-06_run-02_trial-17.wav	14	3.7925	3.9725
sub-06	2	17	the	sub-06_run-02_trial-17.wav	15	4.0925	4.2925
sub-06	2	17	the	sub-06_run-02_trial-17.wav	16	4.3925	4.4725
sub-06	2	18	ther	sub-06_run-02_trial-18.wav	1	0.1925	0.5125
sub-06	2	18	ther	sub-06_run-02_trial-18.wav	2	0.6125	0.9525
sub-06	2	18	ther	sub-06_run-02_trial-18.wav	3	1.0325	1.3725
sub-06	2	18	ther	sub-06_run-02_trial-18.wav	4	1.4725	1.8125
sub-06	2	18	ther	sub-06_run-02_trial-18.wav	5	1.9325	2.3125
sub-06	2	18	ther	sub-06_run-02_trial-18.wav	6	2.4325	2.7525
sub-06	2	18	ther	sub-06_run-02_trial-18.wav	7	3.0525	3.3725
sub-06	2	18	ther	sub-06_run-02_trial-18.wav	8	3.6525	3.9525
sub-06	2	18	ther	sub-06_run-02_trial-18.wav	9	4.1125	4.3725
sub-06	2	19	fee	sub-06_run-02_trial-19.wav	1	0.0525	0.4125
sub-06	2	19	fee	sub-06_run-02_trial-19.wav	2	0.4125	0.8125
sub-06	2	19	fee	sub-06_run-02_trial-19.wav	3	0.8125	1.2325
sub-06	2	19	fee	sub-06_run-02_trial-19.wav	4	1.2325	1.5725
sub-06	2	19	fee	sub-06_run-02_trial-19.wav	5	1.5725	1.9525
sub-06	2	19	fee	sub-06_run-02_trial-19.wav	6	1.9525	2.3525
sub-06	2	19	fee	sub-06_run-02_trial-19.wav	7	2.3525	2.6125
sub-06	2	19	fee	sub-06_run-02_trial-19.wav	8	2.6125	2.9925
sub-06	2	19	fee	sub-06_run-02_trial-19.wav	9	2.9925	3.3125
sub-06	2	19	fee	sub-06_run-02_trial-19.wav	10	3.3125	3.6525
sub-06	2	19	fee	sub-06_run-02_trial-19.wav	11	3.6525	4.0525
sub-06	2	19	fee	sub-06_run-02_trial-19.wav	12	4.0525	4.3525
sub-06	2	20	leh	sub-06_run-02_trial-20.wav	1	0.1125	0.5325
sub-06	2	20	leh	sub-06_run-02_trial-20.wav	2	0.5325	0.9325
sub-06	2	20	leh	sub-06_run-02_trial-20.wav	3	0.9325	1.3725
sub-06	2	20	leh	sub-06_run-02_trial-20.wav	4	1.4525	1.8525
sub-06	2	20	leh	sub-06_run-02_trial-20.wav	5	1.8525	2.2925
sub-06	2	20	leh	sub-06_run-02_trial-20.wav	6	2.2925	2.7525
sub-06	2	20	leh	sub-06_run-02_trial-20.wav	7	2.8525	3.2525
sub-06	2	20	leh	sub-06_run-02_trial-20.wav	8	3.2525	3.6525
sub-06	2	20	leh	sub-06_run-02_trial-20.wav	9	3.6525	4.1725
sub-06	2	20	leh	sub-06_run-02_trial-20.wav	10	4.2725	4.4525
sub-06	2	21	thrilled	sub-06_run-02_trial-21.wav	1	0.1125	0.6525
sub-06	2	21	thrilled	sub-06_run-02_trial-21.wav	2	0.6525	0.7725
sub-06	2	21	thrilled	sub-06_run-02_trial-21.wav	3	0.7725	1.3525
sub-06	2	21	thrilled	sub-06_run-02_trial-21.wav	4	1.3525	1.6925
sub-06	2	21	thrilled	sub-06_run-02_trial-21.wav	5	1.6925	1.9525
sub-06	2	21	thrilled	sub-06_run-02_trial-21.wav	6	1.9525	2.4925
sub-06	2	21	thrilled	sub-06_run-02_trial-21.wav	7	2.4925	2.5925
sub-06	2	21	thrilled	sub-06_run-02_trial-21.wav	8	2.5925	2.7725
sub-06	2	21	thrilled	sub-06_run-02_trial-21.wav	9	2.7725	3.1725
sub-06	2	21	thrilled	sub-06_run-02_trial-21.wav	10	3.1725	3.2725
sub-06	2	21	thrilled	sub-06_run-02_trial-21.wav	11	3.2725	3.4525
sub-06	2	21	thrilled	sub-06_run-02_trial-21.wav	12	3.4525	3.9125
sub-06	2	21	thrilled	sub-06_run-02_trial-21.wav	13	3.9125	4.3125
sub-06	2	22	would	sub-06_run-02_trial-22.wav	1	0.1725	0.7125
sub-06	2	22	would	sub-06_run-02_trial-22.wav	2	0.7125	1.1125
sub-06	2	22	would	sub-06_run-02_trial-22.wav	3	1.1725	1.5725
sub-06	2	22	would	sub-06_run-02_trial-22.wav	4	1.6725	2.0325
sub-06	2	22	would	sub-06_run-02_trial-22.wav	5	2.1125	2.4725
sub-06	2	22	would	sub-06_run-02_trial-22.wav	6	2.5925	2.9925
sub-06	2	22	would	sub-06_run-02_trial-22.wav	7	3.0925	3.4925
sub-06	2	22	would	sub-06_run-02_trial-22.wav	8	3.6325	4.0125
sub-06	2	22	would	sub-06_run-02_trial-22.wav	9	4.0725	4.4325
sub-06	2	23	throne	sub-06_run-02_trial-23.wav	1	0.4125	0.8325
sub-06	2	23	throne	sub-06_run-02_trial-23.wav	2	0.8725	1.2925
sub-06	2	23	throne	sub-06_run-02_trial-23.wav	3	1.2925	1.4125
sub-06	2	23	throne	sub-06_run-02_trial-23.wav	4	1.4125	1.9325
sub-06	2	23	throne	sub-06_run-02_trial-23.wav	5	1.9325	2.3525
sub-06	2	23	throne	sub-06_run-02_trial-23.wav	6	2.3525	2.4525
sub-06	2	23	throne	sub-06_run-02_trial-23.wav	7	2.4525	2.8325
sub-06	2	23	throne	sub-06_run-02_trial-23.wav	8	2.8325	3.4725
sub-06	2	23	throne	sub-06_run-02_trial-23.wav	9	3.4725	4.0125
sub-06	2	23	throne	sub-06_run-02_trial-23.wav	10	4.0125	4.5325
sub-06	2	24	much	sub-06_run-02_trial-24.wav	1	0.1725	0.5125
sub-06	2	24	much	sub-06_run-02_trial-24.wav	2	0.5125	0.8725
sub-06	2	24	much	sub-06_run-02_trial-24.wav	3	0.8725	1.2125
sub-06	2	24	much	sub-06_run-02_trial-24.wav	4	1.2125	1.5525
sub-06	2	24	much	sub-06_run-02_trial-24.wav	5	1.5525	1.8725
sub-06	2	24	much	sub-06_run-02_trial-24.wav	6	1.8725	2.1925
sub-06	2	24	much	sub-06_run-02_trial-24.wav	7	2.1925	2.4725
sub-06	2	24	much	sub-06_run-02_trial-24.wav	8	2.4725	2.7925
sub-06	2	24	much	sub-06_run-02_trial-24.wav	9	2.7925	3.0925
sub-06	2	24	much	sub-06_run-02_trial-24.wav	10	3.0925	3.3925
sub-06	2	24	much	sub-06_run-02_trial-24.wav	11	3.3925	3.7125
sub-06	2	24	much	sub-06_run-02_trial-24.wav	12	3.7125	3.9725
sub-06	2	24	much	sub-06_run-02_trial-24.wav	13	3.9725	4.3925
sub-06	2	25	naw	sub-06_run-02_trial-25.wav	1	0.2925	0.6525
sub-06	2	25	naw	sub-06_run-02_trial-25.wav	2	0.6525	0.9525
sub-06	2	25	naw	sub-06_run-02_trial-25.wav	3	0.9525	1.2325
sub-06	2	25	naw	sub-06_run-02_trial-25.wav	4	1.2325	1.4725
sub-06	2	25	naw	sub-06_run-02_trial-25.wav	5	1.4725	1.7525
sub-06	2	25	naw	sub-06_run-02_trial-25.wav	6	1.7525	2.0325
sub-06	2	25	naw	sub-06_run-02_trial-25.wav	7	2.4125	2.5525
sub-06	2	25	naw	sub-06_run-02_trial-25.wav	8	2.5525	2.7325
sub-06	2	25	naw	sub-06_run-02_trial-25.wav	9	2.7325	2.9725
sub-06	2	25	naw	sub-06_run-02_trial-25.wav	10	2.9725	3.3725
sub-06	2	25	naw	sub-06_run-02_trial-25.wav	11	3.3725	3.6725
sub-06	2	25	naw	sub-06_run-02_trial-25.wav	12	3.6725	3.9725
sub-06	2	25	naw	sub-06_run-02_trial-25.wav	13	3.9725	4.2925
sub-06	2	25	naw	sub-06_run-02_trial-25.wav	14	4.2925	4.4925
sub-06	2	26	ser	sub-06_run-02_trial-26.wav	1	0.1325	0.5125
sub-06	2	26	ser	sub-06_run-02_trial-26.wav	2	0.5125	0.8925
sub-06	2	26	ser	sub-06_run-02_trial-26.wav	3	0.8925	1.2525
sub-06	2	26	ser	sub-06_run-02_trial-26.wav	4	1.2525	1.6525
sub-06	2	26	ser	sub-06_run-02_trial-26.wav	5	1.6525	2.0525
sub-06	2	26	ser	sub-06_run-02_trial-26.wav	6	2.0525	2.4325
sub-06	2	26	ser	sub-06_run-02_trial-26.wav	7	2.4325	2.8325
sub-06	2	26	ser	sub-06_run-02_trial-26.wav	8	2.8325	3.2125
sub-06	2	26	ser	sub-06_run-02_trial-26.wav	9	3.2125	3.6325
sub-06	2	26	ser	sub-06_run-02_trial-26.wav	10	3.6325	3.9925
sub-06	2	27	pie	sub-06_run-02_trial-27.wav	1	0.0925	0.3525
sub-06	2	27	pie	sub-06_run-02_trial-27.wav	2	0.4125	0.6125
sub-06	2	27	pie	sub-06_run-02_trial-27.wav	3	0.6925	0.9725
sub-06	2	27	pie	sub-06_run-02_trial-27.wav	4	1.0525	1.3725
sub-06	2	27	pie	sub-06_run-02_trial-27.wav	5	1.4525	1.7925
sub-06	2	27	pie	sub-06_run-02_trial-27.wav	6	1.8525	2.1525
sub-06	2	27	pie	sub-06_run-02_trial-27.wav	7	2.2325	2.5725
sub-06	2	27	pie	sub-06_run-02_trial-27.wav	8	2.6325	2.9125
sub-06	2	27	pie	sub-06_run-02_trial-27.wav	9	3.0125	3.2925
sub-06	2	27	pie	sub-06_run-02_trial-27.wav	10	3.3525	3.4725
sub-06	2	27	pie	sub-06_run-02_trial-27.wav	11	3.4725	3.6125
sub-06	2	27	pie	sub-06_run-02_trial-27.wav	12	3.6725	3.7725
sub-06	2	27	pie	sub-06_run-02_trial-27.wav	13	3.8525	4.1525
sub-06	2	27	pie	sub-06_run-02_trial-27.wav	14	4.2125	4.4325
sub-06	2	28	a	sub-06_run-02_trial-28.wav	1	0.3725	0.7125
sub-06	2	28	a	sub-06_run-02_trial-28.wav	2	0.8325	1.0925
sub-06	2	28	a	sub-06_run-02_trial-28.wav	3	1.0925	1.3725
sub-06	2	28	a	sub-06_run-02_trial-28.wav	4	1.3725	1.6125
sub-06	2	28	a	sub-06_run-02_trial-28.wav	5	1.6125	1.8725
sub-06	2	28	a	sub-06_run-02_trial-28.wav	6	1.9125	2.1125
sub-06	2	28	a	sub-06_run-02_trial-28.wav	7	2.1125	2.3325
sub-06	2	28	a	sub-06_run-02_trial-28.wav	8	2.3325	2.4925
sub-06	2	28	a	sub-06_run-02_trial-28.wav	9	2.4925	2.7325
sub-06	2	28	a	sub-06_run-02_trial-28.wav	10	2.8525	3.0125
sub-06	2	28	a	sub-06_run-02_trial-28.wav	11	3.0125	3.2525
sub-06	2	28	a	sub-06_run-02_trial-28.wav	12	3.2525	3.4725
sub-06	2	28	a	sub-06_run-02_trial-28.wav	13	3.4725	3.6525
sub-06	2	28	a	sub-06_run-02_trial-28.wav	14	3.6525	3.8925
sub-06	2	28	a	sub-06_run-02_trial-28.wav	15	3.8925	4.1325
sub-06	2	28	a	sub-06_run-02_trial-28.wav	16	4.1325	4.3925
sub-06	2	29	ver	sub-06_run-02_trial-29.wav	1	0.2125	0.5925
sub-06	2	29	ver	sub-06_run-02_trial-29.wav	2	0.5925	0.9925
sub-06	2	29	ver	sub-06_run-02_trial-29.wav	3	0.9925	1.4525
sub-06	2	29	ver	sub-06_run-02_trial-29.wav	4	1.4525	1.7325
sub-06	2	29	ver	sub-06_run-02_trial-29.wav	5	1.7325	2.0525
sub-06	2	29	ver	sub-06_run-02_trial-29.wav	6	2.0525	2.1725
sub-06	2	29	ver	sub-06_run-02_trial-29.wav	7	2.1725	2.4525
sub-06	2	29	ver	sub-06_run-02_trial-29.wav	8	2.4525	2.6525
sub-06	2	29	ver	sub-06_run-02_trial-29.wav	9	2.6525	2.8525
sub-06	2	29	ver	sub-06_run-02_trial-29.wav	10	2.9125	3.1325
sub-06	2	29	ver	sub-06_run-02_trial-29.wav	11	3.1925	3.3925
sub-06	2	29	ver	sub-06_run-02_trial-29.wav	12	3.4725	3.7925
sub-06	2	29	ver	sub-06_run-02_trial-29.wav	13	3.7925	4.0725
sub-06	2	29	ver	sub-06_run-02_trial-29.wav	14	4.0725	4.4125
sub-06	2	30	picked	sub-06_run-02_trial-30.wav	1	0.1925	0.5725
sub-06	2	30	picked	sub-06_run-02_trial-30.wav	2	0.6725	1.0325
sub-06	2	30	picked	sub-06_run-02_trial-30.wav	3	1.1325	1.5125
sub-06	2	30	picked	sub-06_run-02_trial-30.wav	4	1.6325	1.9925
sub-06	2	30	picked	sub-06_run-02_trial-30.wav	5	2.1125	2.5125
sub-06	2	30	picked	sub-06_run-02_trial-30.wav	6	2.6325	2.9925
sub-06	2	30	picked	sub-06_run-02_trial-30.wav	7	3.1125	3.3325
sub-06	2	30	picked	sub-06_run-02_trial-30.wav	8	3.3925	3.4725
sub-06	2	30	picked	sub-06_run-02_trial-30.wav	9	3.5725	3.9325
sub-06	2	30	picked	sub-06_run-02_trial-30.wav	10	4.0525	4.3925
sub-06	2	31	three	sub-06_run-02_trial-31.wav	1	0.1925	0.4525
sub-06	2	31	three	sub-06_run-02_trial-31.wav	2	0.4525	0.5725
sub-06	2	31	three	sub-06_run-02_trial-31.wav	3	0.5725	0.8525
sub-06	2	31	three	sub-06_run-02_trial-31.wav	4	0.8525	0.9725
sub-06	2	31	three	sub-06_run-02_trial-31.wav	5	0.9725	1.2125
sub-06	2	31	three	sub-06_run-02_trial-31.wav	6	1.2125	1.3525
sub-06	2	31	three	sub-06_run-02_trial-31.wav	7	1.3525	1.5725
sub-06	2	31	three	sub-06_run-02_trial-31.wav	8	1.5725	1.7125
sub-06	2	31	three	sub-06_run-02_trial-31.wav	9	1.7125	1.9525
sub-06	2	31	three	sub-06_run-02_trial-31.wav	10	1.9525	2.1325
sub-06	2	31	three	sub-06_run-02_trial-31.wav	11	2.1325	2.3725
sub-06	2	31	three	sub-06_run-02_trial-31.wav	12	2.3725	2.5125
sub-06	2	31	three	sub-06_run-02_trial-31.wav	13	2.5125	2.8125
sub-06	2	31	three	sub-06_run-02_trial-31.wav	14	2.8125	3.0925
sub-06	2	31	three	sub-06_run-02_trial-31.wav	15	3.0925	3.2325
sub-06	2	31	three	sub-06_run-02_trial-31.wav	16	3.2325	3.4725
sub-06	2	31	three	sub-06_run-02_trial-31.wav	17	3.4725	3.6125
sub-06	2	31	three	sub-06_run-02_trial-31.wav	18	3.6125	3.8725
sub-06	2	31	three	sub-06_run-02_trial-31.wav	19	3.8725	4.0125
sub-06	2	31	three	sub-06_run-02_trial-31.wav	20	4.0125	4.3725
sub-06	2	31	three	sub-06_run-02_trial-31.wav	21	4.3725	4.5525
sub-06	2	32	mih	sub-06_run-02_trial-32.wav	1	0.1125	0.5325
sub-06	2	32	mih	sub-06_run-02_trial-32.wav	2	0.6725	1.0125
sub-06	2	32	mih	sub-06_run-02_trial-32.wav	3	1.0125	1.4525
sub-06	2	32	mih	sub-06_run-02_trial-32.wav	4	1.5925	1.9325
sub-06	2	32	mih	sub-06_run-02_trial-32.wav	5	2.0925	2.4525
sub-06	2	32	mih	sub-06_run-02_trial-32.wav	6	2.4525	2.9325
sub-06	2	32	mih	sub-06_run-02_trial-32.wav	7	2.9325	3.3325
sub-06	2	32	mih	sub-06_run-02_trial-32.wav	8	3.3325	3.6725
sub-06	2	32	mih	sub-06_run-02_trial-32.wav	9	3.7525	4.0325
sub-06	2	32	mih	sub-06_run-02_trial-32.wav	10	4.0925	4.4125
sub-06	2	33	thieves	sub-06_run-02_trial-33.wav	1	0.4525	0.7525
sub-06	2	33	thieves	sub-06_run-02_trial-33.wav	2	0.7525	1.0125
sub-06	2	33	thieves	sub-06_run-02_trial-33.wav	3	1.0125	1.8525
sub-06	2	33	thieves	sub-06_run-02_trial-33.wav	4	2.0325	2.3525
sub-06	2	33	thieves	sub-06_run-02_trial-33.wav	5	2.3525	2.8725
sub-06	2	33	thieves	sub-06_run-02_trial-33.wav	6	2.8725	3.5725
sub-06	2	33	thieves	sub-06_run-02_trial-33.wav	7	3.5725	3.9525
sub-06	2	33	thieves	sub-06_run-02_trial-33.wav	8	3.9525	4.6125
sub-06	2	34	day	sub-06_run-02_trial-34.wav	1	0.0725	0.3525
sub-06	2	34	day	sub-06_run-02_trial-34.wav	2	0.4525	0.6525
sub-06	2	34	day	sub-06_run-02_trial-34.wav	3	0.7125	0.9325
sub-06	2	34	day	sub-06_run-02_trial-34.wav	4	1.0125	1.2125
sub-06	2	34	day	sub-06_run-02_trial-34.wav	5	1.2925	1.4925
sub-06	2	34	day	sub-06_run-02_trial-34.wav	6	1.5725	1.8125
sub-06	2	34	day	sub-06_run-02_trial-34.wav	7	1.8925	2.0725
sub-06	2	34	day	sub-06_run-02_trial-34.wav	8	2.1325	2.2925
sub-06	2	34	day	sub-06_run-02_trial-34.wav	9	2.2925	2.5125
sub-06	2	34	day	sub-06_run-02_trial-34.wav	10	2.5725	2.7525
sub-06	2	34	day	sub-06_run-02_trial-34.wav	11	2.8325	2.9725
sub-06	2	34	day	sub-06_run-02_trial-34.wav	12	3.0125	3.1125
sub-06	2	34	day	sub-06_run-02_trial-34.wav	13	3.1125	3.3725
sub-06	2	34	day	sub-06_run-02_trial-34.wav	14	3.3725	3.5325
sub-06	2	34	day	sub-06_run-02_trial-34.wav	15	3.6125	3.8325
sub-06	2	34	day	sub-06_run-02_trial-34.wav	16	3.8925	4.0525
sub-06	2	34	day	sub-06_run-02_trial-34.wav	17	4.0525	4.3125
sub-06	2	35	thir	sub-06_run-02_trial-35.wav	1	0.1525	0.5325
sub-06	2	35	thir	sub-06_run-02_trial-35.wav	2	0.5325	0.8925
sub-06	2	35	thir	sub-06_run-02_trial-35.wav	3	0.8925	1.1925
sub-06	2	35	thir	sub-06_run-02_trial-35.wav	4	1.1925	1.5925
sub-06	2	35	thir	sub-06_run-02_trial-35.wav	5	1.5925	1.9525
sub-06	2	35	thir	sub-06_run-02_trial-35.wav	6	1.9525	2.2925
sub-06	2	35	thir	sub-06_run-02_trial-35.wav	7	2.2925	2.6325
sub-06	2	35	thir	sub-06_run-02_trial-35.wav	8	2.6325	2.9725
sub-06	2	35	thir	sub-06_run-02_trial-35.wav	9	2.9725	3.3325
sub-06	2	35	thir	sub-06_run-02_trial-35.wav	10	3.3325	3.7125
sub-06	2	35	thir	sub-06_run-02_trial-35.wav	11	3.7125	4.0725
sub-06	2	35	thir	sub-06_run-02_trial-35.wav	12	4.0725	4.5525
sub-06	2	36	pro	sub-06_run-02_trial-36.wav	1	0.2725	0.5925
sub-06	2	36	pro	sub-06_run-02_trial-36.wav	2	0.6725	0.9925
sub-06	2	36	pro	sub-06_run-02_trial-36.wav	3	1.0725	1.3725
sub-06	2	36	pro	sub-06_run-02_trial-36.wav	4	1.4525	1.7925
sub-06	2	36	pro	sub-06_run-02_trial-36.wav	5	1.8725	2.1125
sub-06	2	36	pro	sub-06_run-02_trial-36.wav	6	2.2325	2.5125
sub-06	2	36	pro	sub-06_run-02_trial-36.wav	7	2.5725	2.7125
sub-06	2	36	pro	sub-06_run-02_trial-36.wav	8	2.7525	3.0125
sub-06	2	36	pro	sub-06_run-02_trial-36.wav	9	3.1125	3.2925
sub-06	2	36	pro	sub-06_run-02_trial-36.wav	10	3.3725	3.5925
sub-06	2	36	pro	sub-06_run-02_trial-36.wav	11	3.6925	3.9325
sub-06	2	36	pro	sub-06_run-02_trial-36.wav	12	4.0525	4.3725
sub-06	2	37	airy	sub-06_run-02_trial-37.wav	1	0.1925	0.4525
sub-06	2	37	airy	sub-06_run-02_trial-37.wav	2	0.4525	0.6525
sub-06	2	37	airy	sub-06_run-02_trial-37.wav	3	0.6525	0.8925
sub-06	2	37	airy	sub-06_run-02_trial-37.wav	4	0.8925	1.0925
sub-06	2	37	airy	sub-06_run-02_trial-37.wav	5	1.0925	1.3325
sub-06	2	37	airy	sub-06_run-02_trial-37.wav	6	1.3325	1.5525
sub-06	2	37	airy	sub-06_run-02_trial-37.wav	7	1.5525	1.8125
sub-06	2	37	airy	sub-06_run-02_trial-37.wav	8	1.8125	2.0725
sub-06	2	37	airy	sub-06_run-02_trial-37.wav	9	2.0725	2.2525
sub-06	2	37	airy	sub-06_run-02_trial-37.wav	10	2.2925	2.5325
sub-06	2	37	airy	sub-06_run-02_trial-37.wav	11	2.7125	2.9325
sub-06	2	37	airy	sub-06_run-02_trial-37.wav	12	2.9325	3.1925
sub-06	2	37	airy	sub-06_run-02_trial-37.wav	13	3.3525	3.5325
sub-06	2	37	airy	sub-06_run-02_trial-37.wav	14	3.5325	3.7925
sub-06	2	37	airy	sub-06_run-02_trial-37.wav	15	3.8925	4.1325
sub-06	2	37	airy	sub-06_run-02_trial-37.wav	16	4.1325	4.3125
sub-06	2	38	pi	sub-06_run-02_trial-38.wav	1	0.1125	0.4525
sub-06	2	38	pi	sub-06_run-02_trial-38.wav	2	0.5125	0.7925
sub-06	2	38	pi	sub-06_run-02_trial-38.wav	3	0.8525	1.1125
sub-06	2	38	pi	sub-06_run-02_trial-38.wav	4	1.1925	1.4925
sub-06	2	38	pi	sub-06_run-02_trial-38.wav	5	1.5725	1.8725
sub-06	2	38	pi	sub-06_run-02_trial-38.wav	6	1.9525	2.2925
sub-06	2	38	pi	sub-06_run-02_trial-38.wav	7	2.3725	2.5325
sub-06	2	38	pi	sub-06_run-02_trial-38.wav	8	2.5325	2.7325
sub-06	2	38	pi	sub-06_run-02_trial-38.wav	9	2.7325	2.9525
sub-06	2	38	pi	sub-06_run-02_trial-38.wav	10	2.9925	3.1325
sub-06	2	38	pi	sub-06_run-02_trial-38.wav	11	3.1325	3.3125
sub-06	2	38	pi	sub-06_run-02_trial-38.wav	12	3.3125	3.5725
sub-06	2	38	pi	sub-06_run-02_trial-38.wav	13	3.6325	3.8525
sub-06	2	38	pi	sub-06_run-02_trial-38.wav	14	3.9125	4.0525
sub-06	2	38	pi	sub-06_run-02_trial-38.wav	15	4.0525	4.1725
sub-06	2	38	pi	sub-06_run-02_trial-38.wav	16	4.1725	4.3325
sub-06	2	38	pi	sub-06_run-02_trial-38.wav	17	4.3325	4.4325
sub-06	2	39	jur	sub-06_run-02_trial-39.wav	1	0.0925	0.3725
sub-06	2	39	jur	sub-06_run-02_trial-39.wav	2	0.3725	0.6925
sub-06	2	39	jur	sub-06_run-02_trial-39.wav	3	0.7725	1.0725
sub-06	2	39	jur	sub-06_run-02_trial-39.wav	4	1.1325	1.4725
sub-06	2	39	jur	sub-06_run-02_trial-39.wav	5	1.5125	1.7725
sub-06	2	39	jur	sub-06_run-02_trial-39.wav	6	1.7725	2.0725
sub-06	2	39	jur	sub-06_run-02_trial-39.wav	7	2.0725	2.2925
sub-06	2	39	jur	sub-06_run-02_trial-39.wav	8	2.2925	2.4725
sub-06	2	39	jur	sub-06_run-02_trial-39.wav	9	2.4725	2.7325
sub-06	2	39	jur	sub-06_run-02_trial-39.wav	10	2.7925	2.9925
sub-06	2	39	jur	sub-06_run-02_trial-39.wav	11	3.0525	3.3325
sub-06	2	39	jur	sub-06_run-02_trial-39.wav	12	3.3325	3.5125
sub-06	2	39	jur	sub-06_run-02_trial-39.wav	13	3.5925	3.8325
sub-06	2	39	jur	sub-06_run-02_trial-39.wav	14	3.8925	4.0925
sub-06	2	39	jur	sub-06_run-02_trial-39.wav	15	4.1525	4.3725
sub-06	2	40	out	sub-06_run-02_trial-40.wav	1	0.0725	0.2325
sub-06	2	40	out	sub-06_run-02_trial-40.wav	2	0.2925	0.3725
sub-06	2	40	out	sub-06_run-02_trial-40.wav	3	0.3725	0.5325
sub-06	2	40	out	sub-06_run-02_trial-40.wav	4	0.5925	0.6925
sub-06	2	40	out	sub-06_run-02_trial-40.wav	5	0.6925	0.8125
sub-06	2	40	out	sub-06_run-02_trial-40.wav	6	0.8925	0.9525
sub-06	2	40	out	sub-06_run-02_trial-40.wav	7	0.9925	1.1125
sub-06	2	40	out	sub-06_run-02_trial-40.wav	8	1.1925	1.2525
sub-06	2	40	out	sub-06_run-02_trial-40.wav	9	1.2525	1.4125
sub-06	2	40	out	sub-06_run-02_trial-40.wav	10	1.4725	1.6525
sub-06	2	40	out	sub-06_run-02_trial-40.wav	11	1.6525	1.8125
sub-06	2	40	out	sub-06_run-02_trial-40.wav	12	1.8525	2.0525
sub-06	2	40	out	sub-06_run-02_trial-40.wav	13	2.1325	2.3125
sub-06	2	40	out	sub-06_run-02_trial-40.wav	14	2.4725	2.5525
sub-06	2	40	out	sub-06_run-02_trial-40.wav	15	2.6125	2.8525
sub-06	2	40	out	sub-06_run-02_trial-40.wav	16	2.9125	2.9925
sub-06	2	40	out	sub-06_run-02_trial-40.wav	17	3.0325	3.2125
sub-06	2	40	out	sub-06_run-02_trial-40.wav	18	3.2125	3.3725
sub-06	2	40	out	sub-06_run-02_trial-40.wav	19	3.3725	3.5125
sub-06	2	40	out	sub-06_run-02_trial-40.wav	20	3.5725	3.7725
sub-06	2	40	out	sub-06_run-02_trial-40.wav	21	3.8325	4.0725
sub-06	2	40	out	sub-06_run-02_trial-40.wav	22	4.1525	4.2125
sub-06	2	41	jin	sub-06_run-02_trial-41.wav	1	0.0925	0.3725
sub-06	2	41	jin	sub-06_run-02_trial-41.wav	2	0.3725	0.6725
sub-06	2	41	jin	sub-06_run-02_trial-41.wav	3	0.6725	0.9725
sub-06	2	41	jin	sub-06_run-02_trial-41.wav	4	0.9725	1.3325
sub-06	2	41	jin	sub-06_run-02_trial-41.wav	5	1.3325	1.6325
sub-06	2	41	jin	sub-06_run-02_trial-41.wav	6	1.6325	1.9525
sub-06	2	41	jin	sub-06_run-02_trial-41.wav	7	1.9525	2.2325
sub-06	2	41	jin	sub-06_run-02_trial-41.wav	8	2.2325	2.5725
sub-06	2	41	jin	sub-06_run-02_trial-41.wav	9	2.5725	2.8325
sub-06	2	41	jin	sub-06_run-02_trial-41.wav	10	2.8325	3.0725
sub-06	2	41	jin	sub-06_run-02_trial-41.wav	11	3.0725	3.2325
sub-06	2	41	jin	sub-06_run-02_trial-41.wav	12	3.2325	3.4125
sub-06	2	41	jin	sub-06_run-02_trial-41.wav	13	3.4125	3.6725
sub-06	2	41	jin	sub-06_run-02_trial-41.wav	14	3.7325	4.0325
sub-06	2	41	jin	sub-06_run-02_trial-41.wav	15	4.0325	4.2925
sub-06	2	41	jin	sub-06_run-02_trial-41.wav	16	4.2925	4.4525
sub-06	2	42	per	sub-06_run-02_trial-42.wav	1	0.1525	0.4125
sub-06	2	42	per	sub-06_run-02_trial-42.wav	2	0.4725	0.7325
sub-06	2	42	per	sub-06_run-02_trial-42.wav	3	0.7325	0.8925
sub-06	2	42	per	sub-06_run-02_trial-42.wav	4	0.9725	1.2325
sub-06	2	42	per	sub-06_run-02_trial-42.wav	5	1.3125	1.4925
sub-06	2	42	per	sub-06_run-02_trial-42.wav	6	1.5525	1.6325
sub-06	2	42	per	sub-06_run-02_trial-42.wav	7	1.7125	1.8325
sub-06	2	42	per	sub-06_run-02_trial-42.wav	8	1.8925	2.1725
sub-06	2	42	per	sub-06_run-02_trial-42.wav	9	2.2325	2.4725
sub-06	2	42	per	sub-06_run-02_trial-42.wav	10	2.5325	2.7725
sub-06	2	42	per	sub-06_run-02_trial-42.wav	11	2.8325	3.1125
sub-06	2	42	per	sub-06_run-02_trial-42.wav	12	3.1725	3.4725
sub-06	2	42	per	sub-06_run-02_trial-42.wav	13	3.5925	3.8725
sub-06	2	42	per	sub-06_run-02_trial-42.wav	14	3.9525	4.2125
sub-06	2	42	per	sub-06_run-02_trial-42.wav	15	4.2925	4.5125
sub-06	3	1	out	sub-06_run-03_trial-01.wav	1	0.1325	0.3125
sub-06	3	1	out	sub-06_run-03_trial-01.wav	2	0.3525	0.6125
sub-06	3	1	out	sub-06_run-03_trial-01.wav	3	0.6125	0.9125
sub-06	3	1	out	sub-06_run-03_trial-01.wav	4	1.0525	1.4325
sub-06	3	1	out	sub-06_run-03_trial-01.wav	5	1.4925	1.6725
sub-06	3	1	out	sub-06_run-03_trial-01.wav	6	1.7325	1.9525
sub-06	3	1	out	sub-06_run-03_trial-01.wav	7	2.0325	2.3125
sub-06	3	1	out	sub-06_run-03_trial-01.wav	8	2.3925	2.6525
sub-06	3	1	out	sub-06_run-03_trial-01.wav	9	2.7325	3.0925
sub-06	3	1	out	sub-06_run-03_trial-01.wav	10	3.0925	3.4925
sub-06	3	1	out	sub-06_run-03_trial-01.wav	11	3.4925	3.8725
sub-06	3	1	out	sub-06_run-03_trial-01.wav	12	3.8725	4.1925
sub-06	3	1	out	sub-06_run-03_trial-01.wav	13	4.1925	4.4125
sub-06	3	2	ver	sub-06_run-03_trial-02.wav	1	0.1325	0.5125
sub-06	3	2	ver	sub-06_run-03_trial-02.wav	2	0.5125	0.6325
sub-06	3	2	ver	sub-06_run-03_trial-02.wav	3	0.6325	0.9525
sub-06	3	2	ver	sub-06_run-03_trial-02.wav	4	0.9925	1.1925
sub-06	3	2	ver	sub-06_run-03_trial-02.wav	5	1.1925	1.4325
sub-06	3	2	ver	sub-06_run-03_trial-02.wav	6	1.4325	1.6325
sub-06	3	2	ver	sub-06_run-03_trial-02.wav	7	1.6325	1.8725
sub-06	3	2	ver	sub-06_run-03_trial-02.wav	8	1.8725	2.2125
sub-06	3	2	ver	sub-06_run-03_trial-02.wav	9	2.2125	2.5525
sub-06	3	2	ver	sub-06_run-03_trial-02.wav	10	2.5525	2.8325
sub-06	3	2	ver	sub-06_run-03_trial-02.wav	11	2.8325	3.1525
sub-06	3	2	ver	sub-06_run-03_trial-02.wav	12	3.1525	3.4125
sub-06	3	2	ver	sub-06_run-03_trial-02.wav	13	3.4125	3.6525
sub-06	3	2	ver	sub-06_run-03_trial-02.wav	14	3.6525	3.8325
sub-06	3	2	ver	sub-06_run-03_trial-02.wav	15	3.8325	4.0325
sub-06	3	2	ver	sub-06_run-03_trial-02.wav	16	4.0325	4.2925
sub-06	3	2	ver	sub-06_run-03_trial-02.wav	17	4.2925	4.4325
sub-06	3	3	picked	sub-06_run-03_trial-03.wav	1	0.2325	0.5925
sub-06	3	3	picked	sub-06_run-03_trial-03.wav	2	0.6725	1.0325
sub-06	3	3	picked	sub-06_run-03_trial-03.wav	3	1.1325	1.4925
sub-06	3	3	picked	sub-06_run-03_trial-03.wav	4	1.5925	1.9525
sub-06	3	3	picked	sub-06_run-03_trial-03.wav	5	2.0525	2.4325
sub-06	3	3	picked	sub-06_run-03_trial-03.wav	6	2.5525	2.9125
sub-06	3	3	picked	sub-06_run-03_trial-03.wav	7	3.0125	3.1325
sub-06	3	3	picked	sub-06_run-03_trial-03.wav	8	3.1325	3.3725
sub-06	3	3	picked	sub-06_run-03_trial-03.wav	9	3.4925	3.8925
sub-06	3	3	picked	sub-06_run-03_trial-03.wav	10	3.9925	4.3325
sub-06	3	4	airy	sub-06_run-03_trial-04.wav	1	0.2525	0.4725
sub-06	3	4	airy	sub-06_run-03_trial-04.wav	2	0.4725	0.7125
sub-06	3	4	airy	sub-06_run-03_trial-04.wav	3	0.7725	1.0125
sub-06	3	4	airy	sub-06_run-03_trial-04.wav	4	1.0125	1.2325
sub-06	3	4	airy	sub-06_run-03_trial-04.wav	5	1.2925	1.4725
sub-06	3	4	airy	sub-06_run-03_trial-04.wav	6	1.4725	1.7525
sub-06	3	4	airy	sub-06_run-03_trial-04.wav	7	1.8325	2.0925
sub-06	3	4	airy	sub-06_run-03_trial-04.wav	8	2.0925	2.3525
sub-06	3	4	airy	sub-06_run-03_trial-04.wav	9	2.4325	2.7125
sub-06	3	4	airy	sub-06_run-03_trial-04.wav	10	2.7125	2.9325
sub-06	3	4	airy	sub-06_run-03_trial-04.wav	11	3.0325	3.2725
sub-06	3	4	airy	sub-06_run-03_trial-04.wav	12	3.2725	3.5125
sub-06	3	4	airy	sub-06_run-03_trial-04.wav	13	3.5925	3.8125
sub-06	3	4	airy	sub-06_run-03_trial-04.wav	14	3.8125	4.0525
sub-06	3	4	airy	sub-06_run-03_trial-04.wav	15	4.1325	4.3525
sub-06	3	4	airy	sub-06_run-03_trial-04.wav	16	4.3525	4.5525
sub-06	3	5	thought	sub-06_run-03_trial-05.wav	1	0.2725	0.6525
sub-06	3	5	thought	sub-06_run-03_trial-05.wav	2	0.7125	1.1125
sub-06	3	5	thought	sub-06_run-03_trial-05.wav	3	1.1125	1.5725
sub-06	3	5	thought	sub-06_run-03_trial-05.wav	4	1.5725	2.0325
sub-06	3	5	thought	sub-06_run-03_trial-05.wav	5	2.0325	2.4925
sub-06	3	5	thought	sub-06_run-03_trial-05.wav	6	2.5525	2.9925
sub-06	3	5	thought	sub-06_run-03_trial-05.wav	7	3.0725	3.4525
sub-06	3	5	thought	sub-06_run-03_trial-05.wav	8	3.4525	3.9325
sub-06	3	5	thought	sub-06_run-03_trial-05.wav	9	3.9925	4.3325
sub-06	3	6	caw	sub-06_run-03_trial-06.wav	1	0.2725	0.6525
sub-06	3	6	caw	sub-06_run-03_trial-06.wav	2	0.7525	1.1725
sub-06	3	6	caw	sub-06_run-03_trial-06.wav	3	1.2525	1.6525
sub-06	3	6	caw	sub-06_run-03_trial-06.wav	4	1.7125	2.0925
sub-06	3	6	caw	sub-06_run-03_trial-06.wav	5	2.1725	2.4725
sub-06	3	6	caw	sub-06_run-03_trial-06.wav	6	2.5325	2.8525
sub-06	3	6	caw	sub-06_run-03_trial-06.wav	7	2.9325	3.2125
sub-06	3	6	caw	sub-06_run-03_trial-06.wav	8	3.2725	3.5725
sub-06	3	6	caw	sub-06_run-03_trial-06.wav	9	3.6525	3.9125
sub-06	3	6	caw	sub-06_run-03_trial-06.wav	10	3.9925	4.2325
sub-06	3	6	caw	sub-06_run-03_trial-06.wav	11	4.2925	4.5125
sub-06	3	7	per	sub-06_run-03_trial-07.wav	1	0.1925	0.4725
sub-06	3	7	per	sub-06_run-03_trial-07.wav	2	0.5325	0.7925
sub-06	3	7	per	sub-06_run-03_trial-07.wav	3	0.8725	1.1925
sub-06	3	7	per	sub-06_run-03_trial-07.wav	4	1.2725	1.4925
sub-06	3	7	per	sub-06_run-03_trial-07.wav	5	1.5725	1.7925
sub-06	3	7	per	sub-06_run-03_trial-07.wav	6	1.8725	2.0925
sub-06	3	7	per	sub-06_run-03_trial-07.wav	7	2.1925	2.3925
sub-06	3	7	per	sub-06_run-03_trial-07.wav	8	2.4525	2.7125
sub-06	3	7	per	sub-06_run-03_trial-07.wav	9	2.7725	2.9925
sub-06	3	7	per	sub-06_run-03_trial-07.wav	10	3.0925	3.3125
sub-06	3	7	per	sub-06_run-03_trial-07.wav	11	3.3925	3.6325
sub-06	3	7	per	sub-06_run-03_trial-07.wav	12	3.7125	3.9725
sub-06	3	7	per	sub-06_run-03_trial-07.wav	13	3.9725	4.2125
sub-06	3	7	per	sub-06_run-03_trial-07.wav	14	4.2125	4.4125
sub-06	3	8	per	sub-06_run-03_trial-08.wav	1	0.1725	0.3925
sub-06	3	8	per	sub-06_run-03_trial-08.wav	2	0.4725	0.6725
sub-06	3	8	per	sub-06_run-03_trial-08.wav	3	0.7525	0.9725
sub-06	3	8	per	sub-06_run-03_trial-08.wav	4	1.0525	1.3525
sub-06	3	8	per	sub-06_run-03_trial-08.wav	5	1.4325	1.6325
sub-06	3	8	per	sub-06_run-03_trial-08.wav	6	1.7125	1.9525
sub-06	3	8	per	sub-06_run-03_trial-08.wav	7	2.0125	2.2525
sub-06	3	8	per	sub-06_run-03_trial-08.wav	8	2.3325	2.6725
sub-06	3	8	per	sub-06_run-03_trial-08.wav	9	2.7725	2.9925
sub-06	3	8	per	sub-06_run-03_trial-08.wav	10	3.0525	3.2125
sub-06	3	8	per	sub-06_run-03_trial-08.wav	11	3.2725	3.5725
sub-06	3	8	per	sub-06_run-03_trial-08.wav	12	3.5725	3.7525
sub-06	3	8	per	sub-06_run-03_trial-08.wav	13	3.8125	3.9125
sub-06	3	8	per	sub-06_run-03_trial-08.wav	14	3.9925	4.2525
sub-06	3	8	per	sub-06_run-03_trial-08.wav	15	4.3125	4.5725
sub-06	3	9	thurs	sub-06_run-03_trial-09.wav	1	0.2525	0.6325
sub-06	3	9	thurs	sub-06_run-03_trial-09.wav	2	0.6325	0.9925
sub-06	3	9	thurs	sub-06_run-03_trial-09.wav	3	0.9925	1.3525
sub-06	3	9	thurs	sub-06_run-03_trial-09.wav	4	1.3525	1.7325
sub-06	3	9	thurs	sub-06_run-03_trial-09.wav	5	1.7325	2.1125
sub-06	3	9	thurs	sub-06_run-03_trial-09.wav	6	2.1125	2.5125
sub-06	3	9	thurs	sub-06_run-03_trial-09.wav	7	2.5125	2.9125
sub-06	3	9	thurs	sub-06_run-03_trial-09.wav	8	2.9125	3.3125
sub-06	3	9	thurs	sub-06_run-03_trial-09.wav	9	3.3125	3.8325
sub-06	3	9	thurs	sub-06_run-03_trial-09.wav	10	3.8325	4.2925
sub-06	3	10	pot	sub-06_run-03_trial-10.wav	1	0.1725	0.4325
sub-06	3	10	pot	sub-06_run-03_trial-10.wav	2	0.5125	0.7925
sub-06	3	10	pot	sub-06_run-03_trial-10.wav	3	0.8525	1.1525
sub-06	3	10	pot	sub-06_run-03_trial-10.wav	4	1.2125	1.5525
sub-06	3	10	pot	sub-06_run-03_trial-10.wav	5	1.5925	1.9125
sub-06	3	10	pot	sub-06_run-03_trial-10.wav	6	1.9925	2.2925
sub-06	3	10	pot	sub-06_run-03_trial-10.wav	7	2.3725	2.6525
sub-06	3	10	pot	sub-06_run-03_trial-10.wav	8	2.7125	3.0125
sub-06	3	10	pot	sub-06_run-03_trial-10.wav	9	3.0725	3.3725
sub-06	3	10	pot	sub-06_run-03_trial-10.wav	10	3.4525	3.7725
sub-06	3	10	pot	sub-06_run-03_trial-10.wav	11	3.8525	4.1525
sub-06	3	10	pot	sub-06_run-03_trial-10.wav	12	4.2125	4.7325
sub-06	3	11	the	sub-06_run-03_trial-11.wav	1	0.2325	0.4525
sub-06	3	11	the	sub-06_run-03_trial-11.wav	2	0.4525	0.7725
sub-06	3	11	the	sub-06_run-03_trial-11.wav	3	0.7725	1.0525
sub-06	3	11	the	sub-06_run-03_trial-11.wav	4	1.0525	1.3125
sub-06	3	11	the	sub-06_run-03_trial-11.wav	5	1.3125	1.5325
sub-06	3	11	the	sub-06_run-03_trial-11.wav	6	1.5325	1.7525
sub-06	3	11	the	sub-06_run-03_trial-11.wav	7	1.7525	1.9925
sub-06	3	11	the	sub-06_run-03_trial-11.wav	8	1.9925	2.2325
sub-06	3	11	the	sub-06_run-03_trial-11.wav	9	2.2325	2.4925
sub-06	3	11	the	sub-06_run-03_trial-11.wav	10	2.4925	2.6325
sub-06	3	11	the	sub-06_run-03_trial-11.wav	11	2.7325	2.8325
sub-06	3	11	the	sub-06_run-03_trial-11.wav	12	2.9325	3.0925
sub-06	3	11	the	sub-06_run-03_trial-11.wav	13	3.0925	3.2925
sub-06	3	11	the	sub-06_run-03_trial-11.wav	14	3.2925	3.4125
sub-06	3	11	the	sub-06_run-03_trial-11.wav	15	3.4925	3.6925
sub-06	3	11	the	sub-06_run-03_trial-11.wav	16	3.6925	3.8725
sub-06	3	11	the	sub-06_run-03_trial-11.wav	17	3.8725	3.9925
sub-06	3	11	the	sub-06_run-03_trial-11.wav	18	4.0525	4.2925
sub-06	3	11	the	sub-06_run-03_trial-11.wav	19	4.2925	4.4125
sub-06	3	12	fee	sub-06_run-03_trial-12.wav	1	0.3125	0.6525
sub-06	3	12	fee	sub-06_run-03_trial-12.wav	2	0.6525	0.9925
sub-06	3	12	fee	sub-06_run-03_trial-12.wav	3	0.9925	1.3525
sub-06	3	12	fee	sub-06_run-03_trial-12.wav	4	1.3525	1.6725
sub-06	3	12	fee	sub-06_run-03_trial-12.wav	5	1.6725	2.0325
sub-06	3	12	fee	sub-06_run-03_trial-12.wav	6	2.0325	2.3525
sub-06	3	12	fee	sub-06_run-03_trial-12.wav	7	2.3525	2.6925
sub-06	3	12	fee	sub-06_run-03_trial-12.wav	8	2.6925	3.0525
sub-06	3	12	fee	sub-06_run-03_trial-12.wav	9	3.0525	3.3525
sub-06	3	12	fee	sub-06_run-03_trial-12.wav	10	3.3525	3.6725
sub-06	3	12	fee	sub-06_run-03_trial-12.wav	11	3.6725	3.9725
sub-06	3	12	fee	sub-06_run-03_trial-12.wav	12	3.9725	4.1525
sub-06	3	12	fee	sub-06_run-03_trial-12.wav	13	4.1525	4.3125
sub-06	3	12	fee	sub-06_run-03_trial-12.wav	14	4.3125	4.5725
sub-06	3	13	much	sub-06_run-03_trial-13.wav	1	0.1125	0.3925
sub-06	3	13	much	sub-06_run-03_trial-13.wav	2	0.3925	0.6925
sub-06	3	13	much	sub-06_run-03_trial-13.wav	3	0.6925	0.9725
sub-06	3	13	much	sub-06_run-03_trial-13.wav	4	0.9725	1.2725
sub-06	3	13	much	sub-06_run-03_trial-13.wav	5	1.2725	1.5525
sub-06	3	13	much	sub-06_run-03_trial-13.wav	6	1.5525	1.8525
sub-06	3	13	much	sub-06_run-03_trial-13.wav	7	1.8525	2.1525
sub-06	3	13	much	sub-06_run-03_trial-13.wav	8	2.1525	2.4525
sub-06	3	13	much	sub-06_run-03_trial-13.wav	9	2.4525	2.7325
sub-06	3	13	much	sub-06_run-03_trial-13.wav	10	2.7325	3.0125
sub-06	3	13	much	sub-06_run-03_trial-13.wav	11	3.0125	3.3525
sub-06	3	13	much	sub-06_run-03_trial-13.wav	12	3.3525	3.6125
sub-06	3	13	much	sub-06_run-03_trial-13.wav	13	3.6125	3.8925
sub-06	3	13	much	sub-06_run-03_trial-13.wav	14	3.8925	4.2125
sub-06	3	13	much	sub-06_run-03_trial-13.wav	15	4.2125	4.4525
sub-06	3	13	much	sub-06_run-03_trial-13.wav	16	4.4525	4.7525
sub-06	3	14	jin	sub-06_run-03_trial-14.wav	1	0.1725	0.5325
sub-06	3	14	jin	sub-06_run-03_trial-14.wav	2	0.5325	0.8525
sub-06	3	14	jin	sub-06_run-03_trial-14.wav	3	0.8525	1.1725
sub-06	3	14	jin	sub-06_run-03_trial-14.wav	4	1.1725	1.5325
sub-06	3	14	jin	sub-06_run-03_trial-14.wav	5	1.5325	1.8525
sub-06	3	14	jin	sub-06_run-03_trial-14.wav	6	1.8525	2.1925
sub-06	3	14	jin	sub-06_run-03_trial-14.wav	7	2.1925	2.5125
sub-06	3	14	jin	sub-06_run-03_trial-14.wav	8	2.5125	2.7525
sub-06	3	14	jin	sub-06_run-03_trial-14.wav	9	2.7525	3.0125
sub-06	3	14	jin	sub-06_run-03_trial-14.wav	10	3.0125	3.2125
sub-06	3	14	jin	sub-06_run-03_trial-14.wav	11	3.2125	3.4125
sub-06	3	14	jin	sub-06_run-03_trial-14.wav	12	3.4125	3.5525
sub-06	3	14	jin	sub-06_run-03_trial-14.wav	13	3.6325	3.7725
sub-06	3	14	jin	sub-06_run-03_trial-14.wav	14	3.8525	4.0525
sub-06	3	14	jin	sub-06_run-03_trial-14.wav	15	4.0525	4.1525
sub-06	3	14	jin	sub-06_run-03_trial-14.wav	16	4.2325	4.3325
sub-06	3	14	jin	sub-06_run-03_trial-14.wav	17	4.3325	4.4525
sub-06	3	15	mih	sub-06_run-03_trial-15.wav	1	0.0525	0.3325
sub-06	3	15	mih	sub-06_run-03_trial-15.wav	2	0.3325	0.7125
sub-06	3	15	mih	sub-06_run-03_trial-15.wav	3	0.7125	1.0325
sub-06	3	15	mih	sub-06_run-03_trial-15.wav	4	1.0325	1.3325
sub-06	3	15	mih	sub-06_run-03_trial-15.wav	5	1.3325	1.7525
sub-06	3	15	mih	sub-06_run-03_trial-15.wav	6	1.7525	2.1125
sub-06	3	15	mih	sub-06_run-03_trial-15.wav	7	2.1125	2.4725
sub-06	3	15	mih	sub-06_run-03_trial-15.wav	8	2.4725	2.8525
sub-06	3	15	mih	sub-06_run-03_trial-15.wav	9	2.8525	3.1925
sub-06	3	15	mih	sub-06_run-03_trial-15.wav	10	3.1925	3.5525
sub-06	3	15	mih	sub-06_run-03_trial-15.wav	11	3.5525	3.9525
sub-06	3	15	mih	sub-06_run-03_trial-15.wav	12	3.9525	4.2525
sub-06	3	15	mih	sub-06_run-03_trial-15.wav	13	4.2525	4.4325
sub-06	3	16	if	sub-06_run-03_trial-16.wav	1	0.2125	0.3125
sub-06	3	16	if	sub-06_run-03_trial-16.wav	2	0.3125	0.6325
sub-06	3	16	if	sub-06_run-03_trial-16.wav	3	0.6325	0.9325
sub-06	3	16	if	sub-06_run-03_trial-16.wav	4	0.9325	1.0725
sub-06	3	16	if	sub-06_run-03_trial-16.wav	5	1.1525	1.3125
sub-06	3	16	if	sub-06_run-03_trial-16.wav	6	1.3125	1.4125
sub-06	3	16	if	sub-06_run-03_trial-16.wav	7	1.4125	1.6525
sub-06	3	16	if	sub-06_run-03_trial-16.wav	8	1.6525	1.7725
sub-06	3	16	if	sub-06_run-03_trial-16.wav	9	1.8525	2.0125
sub-06	3	16	if	sub-06_run-03_trial-16.wav	10	2.0125	2.0925
sub-06	3	16	if	sub-06_run-03_trial-16.wav	11	2.0925	2.3725
sub-06	3	16	if	sub-06_run-03_trial-16.wav	12	2.3725	2.4925
sub-06	3	16	if	sub-06_run-03_trial-16.wav	13	2.4925	2.7325
sub-06	3	16	if	sub-06_run-03_trial-16.wav	14	2.7325	2.8525
sub-06	3	16	if	sub-06_run-03_trial-16.wav	15	2.8525	3.1325
sub-06	3	16	if	sub-06_run-03_trial-16.wav	16	3.1325	3.2525
sub-06	3	16	if	sub-06_run-03_trial-16.wav	17	3.2525	3.4325
sub-06	3	16	if	sub-06_run-03_trial-16.wav	18	3.5125	3.7525
sub-06	3	16	if	sub-06_run-03_trial-16.wav	19	3.7525	3.8525
sub-06	3	16	if	sub-06_run-03_trial-16.wav	20	3.8525	4.0725
sub-06	3	16	if	sub-06_run-03_trial-16.wav	21	4.0725	4.1925
sub-06	3	16	if	sub-06_run-03_trial-16.wav	22	4.1925	4.4125
sub-06	3	17	chuck	sub-06_run-03_trial-17.wav	1	0.0725	0.2525
sub-06	3	17	chuck	sub-06_run-03_trial-17.wav	2	0.2925	0.4925
sub-06	3	17	chuck	sub-06_run-03_trial-17.wav	3	0.5925	0.8125
sub-06	3	17	chuck	sub-06_run-03_trial-17.wav	4	0.9325	1.2125
sub-06	3	17	chuck	sub-06_run-03_trial-17.wav	5	1.2925	1.5925
sub-06	3	17	chuck	sub-06_run-03_trial-17.wav	6	1.6525	1.8525
sub-06	3	17	chuck	sub-06_run-03_trial-17.wav	7	1.9125	2.5925
sub-06	3	17	chuck	sub-06_run-03_trial-17.wav	8	2.6325	2.8525
sub-06	3	17	chuck	sub-06_run-03_trial-17.wav	9	2.8525	3.1125
sub-06	3	17	chuck	sub-06_run-03_trial-17.wav	10	3.1725	3.3925
sub-06	3	17	chuck	sub-06_run-03_trial-17.wav	11	3.4725	3.6925
sub-06	3	17	chuck	sub-06_run-03_trial-17.wav	12	3.6925	3.8325
sub-06	3	17	chuck	sub-06_run-03_trial-17.wav	13	3.9125	4.1325
sub-06	3	18	pro	sub-06_run-03_trial-18.wav	1	0.1925	0.4325
sub-06	3	18	pro	sub-06_run-03_trial-18.wav	2	0.5325	0.7525
sub-06	3	18	pro	sub-06_run-03_trial-18.wav	3	0.8525	1.0925
sub-06	3	18	pro	sub-06_run-03_trial-18.wav	4	1.1725	1.4125
sub-06	3	18	pro	sub-06_run-03_trial-18.wav	5	1.5125	1.6725
sub-06	3	18	pro	sub-06_run-03_trial-18.wav	6	1.7325	1.8925
sub-06	3	18	pro	sub-06_run-03_trial-18.wav	7	1.9725	2.1325
sub-06	3	18	pro	sub-06_run-03_trial-18.wav	8	2.1925	2.4525
sub-06	3	18	pro	sub-06_run-03_trial-18.wav	9	2.5125	2.7325
sub-06	3	18	pro	sub-06_run-03_trial-18.wav	10	2.8125	2.9725
sub-06	3	18	pro	sub-06_run-03_trial-18.wav	11	3.0525	3.3325
sub-06	3	18	pro	sub-06_run-03_trial-18.wav	12	3.3925	3.5725
sub-06	3	18	pro	sub-06_run-03_trial-18.wav	13	3.6325	3.7525
sub-06	3	18	pro	sub-06_run-03_trial-18.wav	14	3.8325	4.0925
sub-06	3	18	pro	sub-06_run-03_trial-18.wav	15	4.2925	4.4325
sub-06	3	19	jur	sub-06_run-03_trial-19.wav	1	0.1525	0.3925
sub-06	3	19	jur	sub-06_run-03_trial-19.wav	2	0.4525	0.7325
sub-06	3	19	jur	sub-06_run-03_trial-19.wav	3	0.8325	1.0725
sub-06	3	19	jur	sub-06_run-03_trial-19.wav	4	1.1525	1.4525
sub-06	3	19	jur	sub-06_run-03_trial-19.wav	5	1.5125	1.7925
sub-06	3	19	jur	sub-06_run-03_trial-19.wav	6	1.8925	2.1525
sub-06	3	19	jur	sub-06_run-03_trial-19.wav	7	2.2125	2.5325
sub-06	3	19	jur	sub-06_run-03_trial-19.wav	8	2.5325	2.7125
sub-06	3	19	jur	sub-06_run-03_trial-19.wav	9	2.7125	2.8525
sub-06	3	19	jur	sub-06_run-03_trial-19.wav	10	2.9125	3.0925
sub-06	3	19	jur	sub-06_run-03_trial-19.wav	11	3.1525	3.3325
sub-06	3	19	jur	sub-06_run-03_trial-19.wav	12	3.3325	3.5325
sub-06	3	19	jur	sub-06_run-03_trial-19.wav	13	3.5325	3.6725
sub-06	3	19	jur	sub-06_run-03_trial-19.wav	14	3.7525	3.8725
sub-06	3	19	jur	sub-06_run-03_trial-19.wav	15	3.9525	4.1125
sub-06	3	19	jur	sub-06_run-03_trial-19.wav	16	4.2325	4.4525
sub-06	3	20	naw	sub-06_run-03_trial-20.wav	1	0.0925	0.3725
sub-06	3	20	naw	sub-06_run-03_trial-20.wav	2	0.3725	0.6725
sub-06	3	20	naw	sub-06_run-03_trial-20.wav	3	0.6725	0.9725
sub-06	3	20	naw	sub-06_run-03_trial-20.wav	4	0.9725	1.2725
sub-06	3	20	naw	sub-06_run-03_trial-20.wav	5	1.2725	1.5125
sub-06	3	20	naw	sub-06_run-03_trial-20.wav	6	1.5125	1.6525
sub-06	3	20	naw	sub-06_run-03_trial-20.wav	7	1.6525	1.8125
sub-06	3	20	naw	sub-06_run-03_trial-20.wav	8	1.8125	1.9925
sub-06	3	20	naw	sub-06_run-03_trial-20.wav	9	1.9925	2.2525
sub-06	3	20	naw	sub-06_run-03_trial-20.wav	10	2.2525	2.5525
sub-06	3	20	naw	sub-06_run-03_trial-20.wav	11	2.5525	2.8525
sub-06	3	20	naw	sub-06_run-03_trial-20.wav	12	2.8525	3.1925
sub-06	3	20	naw	sub-06_run-03_trial-20.wav	13	3.1925	3.4725
sub-06	3	20	naw	sub-06_run-03_trial-20.wav	14	3.4725	3.7525
sub-06	3	20	naw	sub-06_run-03_trial-20.wav	15	3.7525	3.9725
sub-06	3	20	naw	sub-06_run-03_trial-20.wav	16	3.9725	4.2725
sub-06	3	20	naw	sub-06_run-03_trial-20.wav	17	4.2725	4.9974
sub-06	3	21	juh	sub-06_run-03_trial-21.wav	1	0.1925	0.4725
sub-06	3	21	juh	sub-06_run-03_trial-21.wav	2	0.5925	0.9125
sub-06	3	21	juh	sub-06_run-03_trial-21.wav	3	1.0125	1.2925
sub-06	3	21	juh	sub-06_run-03_trial-21.wav	4	1.3725	1.6925
sub-06	3	21	juh	sub-06_run-03_trial-21.wav	5	1.8125	2.1925
sub-06	3	21	juh	sub-06_run-03_trial-21.wav	6	2.4525	2.7725
sub-06	3	21	juh	sub-06_run-03_trial-21.wav	7	3.0125	3.2925
sub-06	3	21	juh	sub-06_run-03_trial-21.wav	8	3.5925	3.8525
sub-06	3	21	juh	sub-06_run-03_trial-21.wav	9	4.1925	4.3925
sub-06	3	22	thieves	sub-06_run-03_trial-22.wav	1	0.0925	0.5725
sub-06	3	22	thieves	sub-06_run-03_trial-22.wav	2	0.5725	1.0125
sub-06	3	22	thieves	sub-06_run-03_trial-22.wav	3	1.0125	1.2725
sub-06	3	22	thieves	sub-06_run-03_trial-22.wav	4	1.2725	1.5725
sub-06	3	22	thieves	sub-06_run-03_trial-22.wav	5	1.5725	2.4125
sub-06	3	22	thieves	sub-06_run-03_trial-22.wav	6	2.4725	2.7525
sub-06	3	22	thieves	sub-06_run-03_trial-22.wav	7	2.7525	3.3325
sub-06	3	22	thieves	sub-06_run-03_trial-22.wav	8	3.3325	3.8525
sub-06	3	22	thieves	sub-06_run-03_trial-22.wav	9	3.8925	4.6125
sub-06	3	23	three	sub-06_run-03_trial-23.wav	1	0.1325	0.4525
sub-06	3	23	three	sub-06_run-03_trial-23.wav	2	0.4525	0.7125
sub-06	3	23	three	sub-06_run-03_trial-23.wav	3	0.7125	0.8125
sub-06	3	23	three	sub-06_run-03_trial-23.wav	4	0.8125	1.0525
sub-06	3	23	three	sub-06_run-03_trial-23.wav	5	1.0525	1.1525
sub-06	3	23	three	sub-06_run-03_trial-23.wav	6	1.1525	1.3925
sub-06	3	23	three	sub-06_run-03_trial-23.wav	7	1.3925	1.5125
sub-06	3	23	three	sub-06_run-03_trial-23.wav	8	1.5125	1.7125
sub-06	3	23	three	sub-06_run-03_trial-23.wav	9	1.7125	2.0725
sub-06	3	23	three	sub-06_run-03_trial-23.wav	10	2.0725	2.2725
sub-06	3	23	three	sub-06_run-03_trial-23.wav	11	2.2725	2.5925
sub-06	3	23	three	sub-06_run-03_trial-23.wav	12	2.5925	2.7125
sub-06	3	23	three	sub-06_run-03_trial-23.wav	13	2.7125	2.9725
sub-06	3	23	three	sub-06_run-03_trial-23.wav	14	2.9725	3.0525
sub-06	3	23	three	sub-06_run-03_trial-23.wav	15	3.0525	3.2925
sub-06	3	23	three	sub-06_run-03_trial-23.wav	16	3.2925	3.4125
sub-06	3	23	three	sub-06_run-03_trial-23.wav	17	3.4125	3.6725
sub-06	3	23	three	sub-06_run-03_trial-23.wav	18	3.6725	3.7925
sub-06	3	23	three	sub-06_run-03_trial-23.wav	19	3.7925	4.0325
sub-06	3	23	three	sub-06_run-03_trial-23.wav	20	4.0325	4.1525
sub-06	3	23	three	sub-06_run-03_trial-23.wav	21	4.1525	4.3525
sub-06	3	24	thrilled	sub-06_run-03_trial-24.wav	1	0.0525	0.1925
sub-06	3	24	thrilled	sub-06_run-03_trial-24.wav	2	0.1925	0.3325
sub-06	3	24	thrilled	sub-06_run-03_trial-24.wav	3	0.3325	0.5325
sub-06	3	24	thrilled	sub-06_run-03_trial-24.wav	4	0.5325	1.2525
sub-06	3	24	thrilled	sub-06_run-03_trial-24.wav	5	1.2525	1.4125
sub-06	3	24	thrilled	sub-06_run-03_trial-24.wav	6	1.4125	1.7725
sub-06	3	24	thrilled	sub-06_run-03_trial-24.wav	7	1.7725	1.9325
sub-06	3	24	thrilled	sub-06_run-03_trial-24.wav	8	1.9325	2.0325
sub-06	3	24	thrilled	sub-06_run-03_trial-24.wav	9	2.0325	2.2125
sub-06	3	24	thrilled	sub-06_run-03_trial-24.wav	10	2.2125	2.5325
sub-06	3	24	thrilled	sub-06_run-03_trial-24.wav	11	2.5325	2.6525
sub-06	3	24	thrilled	sub-06_run-03_trial-24.wav	12	2.6525	3.2725
sub-06	3	24	thrilled	sub-06_run-03_trial-24.wav	13	3.2725	3.4125
sub-06	3	24	thrilled	sub-06_run-03_trial-24.wav	14	3.4125	3.7725
sub-06	3	24	thrilled	sub-06_run-03_trial-24.wav	15	3.7725	3.9125
sub-06	3	24	thrilled	sub-06_run-03_trial-24.wav	16	3.9125	4.0725
sub-06	3	24	thrilled	sub-06_run-03_trial-24.wav	17	4.0725	4.3525
sub-06	3	25	imah	sub-06_run-03_trial-25.wav	1	0.0725	0.3525
sub-06	3	25	imah	sub-06_run-03_trial-25.wav	2	0.4525	0.5325
sub-06	3	25	imah	sub-06_run-03_trial-25.wav	3	0.5325	0.8925
sub-06	3	25	imah	sub-06_run-03_trial-25.wav	4	0.9725	1.0525
sub-06	3	25	imah	sub-06_run-03_trial-25.wav	5	1.0525	1.3325
sub-06	3	25	imah	sub-06_run-03_trial-25.wav	6	1.3325	1.9725
sub-06	3	25	imah	sub-06_run-03_trial-25.wav	7	1.9725	2.2525
sub-06	3	25	imah	sub-06_run-03_trial-25.wav	8	2.2525	2.3725
sub-06	3	25	imah	sub-06_run-03_trial-25.wav	9	2.3725	2.6925
sub-06	3	25	imah	sub-06_run-03_trial-25.wav	10	2.7325	2.8325
sub-06	3	25	imah	sub-06_run-03_trial-25.wav	11	2.8325	3.3125
sub-06	3	25	imah	sub-06_run-03_trial-25.wav	12	3.3125	3.5725
sub-06	3	25	imah	sub-06_run-03_trial-25.wav	13	3.6125	3.7325
sub-06	3	25	imah	sub-06_run-03_trial-25.wav	14	3.7325	4.1725
sub-06	3	25	imah	sub-06_run-03_trial-25.wav	15	4.1725	4.4325
sub-06	3	26	ther	sub-06_run-03_trial-26.wav	1	0.1125	0.3725
sub-06	3	26	ther	sub-06_run-03_trial-26.wav	2	0.4525	0.8125
sub-06	3	26	ther	sub-06_run-03_trial-26.wav	3	0.8725	1.2325
sub-06	3	26	ther	sub-06_run-03_trial-26.wav	4	1.3325	1.6725
sub-06	3	26	ther	sub-06_run-03_trial-26.wav	5	1.7925	2.1325
sub-06	3	26	ther	sub-06_run-03_trial-26.wav	6	2.2325	2.5925
sub-06	3	26	ther	sub-06_run-03_trial-26.wav	7	2.6925	3.0925
sub-06	3	26	ther	sub-06_run-03_trial-26.wav	8	3.0925	3.4725
sub-06	3	26	ther	sub-06_run-03_trial-26.wav	9	3.5725	3.8325
sub-06	3	26	ther	sub-06_run-03_trial-26.wav	10	3.9325	4.2325
sub-06	3	26	ther	sub-06_run-03_trial-26.wav	11	4.3325	4.5325
sub-06	3	27	peck	sub-06_run-03_trial-27.wav	1	0.2925	0.6325
sub-06	3	27	peck	sub-06_run-03_trial-27.wav	2	0.7125	1.0125
sub-06	3	27	peck	sub-06_run-03_trial-27.wav	3	1.1125	1.3925
sub-06	3	27	peck	sub-06_run-03_trial-27.wav	4	1.4725	1.7525
sub-06	3	27	peck	sub-06_run-03_trial-27.wav	5	1.8525	2.1325
sub-06	3	27	peck	sub-06_run-03_trial-27.wav	6	2.2325	2.4925
sub-06	3	27	peck	sub-06_run-03_trial-27.wav	7	2.5925	2.8725
sub-06	3	27	peck	sub-06_run-03_trial-27.wav	8	2.9525	3.2525
sub-06	3	27	peck	sub-06_run-03_trial-27.wav	9	3.3325	3.5925
sub-06	3	27	peck	sub-06_run-03_trial-27.wav	10	3.6725	4.0125
sub-06	3	27	peck	sub-06_run-03_trial-27.wav	11	4.1525	4.4525
sub-06	3	28	less	sub-06_run-03_trial-28.wav	1	0.1725	0.5325
sub-06	3	28	less	sub-06_run-03_trial-28.wav	2	0.5325	0.8925
sub-06	3	28	less	sub-06_run-03_trial-28.wav	3	0.8925	1.2925
sub-06	3	28	less	sub-06_run-03_trial-28.wav	4	1.2925	1.6725
sub-06	3	28	less	sub-06_run-03_trial-28.wav	5	1.6725	2.0725
sub-06	3	28	less	sub-06_run-03_trial-28.wav	6	2.0725	2.3125
sub-06	3	28	less	sub-06_run-03_trial-28.wav	7	2.3125	2.4325
sub-06	3	28	less	sub-06_run-03_trial-28.wav	8	2.4325	2.7525
sub-06	3	28	less	sub-06_run-03_trial-28.wav	9	2.7525	2.9925
sub-06	3	28	less	sub-06_run-03_trial-28.wav	10	2.9925	3.1525
sub-06	3	28	less	sub-06_run-03_trial-28.wav	11	3.1525	3.3725
sub-06	3	28	less	sub-06_run-03_trial-28.wav	12	3.3725	3.5325
sub-06	3	28	less	sub-06_run-03_trial-28.wav	13	3.5325	3.7725
sub-06	3	28	less	sub-06_run-03_trial-28.wav	14	3.7725	3.9525
sub-06	3	28	less	sub-06_run-03_trial-28.wav	15	3.9525	4.3525
sub-06	3	29	day	sub-06_run-03_trial-29.wav	1	0.0525	0.2925
sub-06	3	29	day	sub-06_run-03_trial-29.wav	2	0.3325	0.5325
sub-06	3	29	day	sub-06_run-03_trial-29.wav	3	0.5725	0.7325
sub-06	3	29	day	sub-06_run-03_trial-29.wav	4	0.8125	1.0525
sub-06	3	29	day	sub-06_run-03_trial-29.wav	5	1.1125	1.3525
sub-06	3	29	day	sub-06_run-03_trial-29.wav	6	1.4525	1.6525
sub-06	3	29	day	sub-06_run-03_trial-29.wav	7	1.7325	1.9125
sub-06	3	29	day	sub-06_run-03_trial-29.wav	8	1.9125	2.0525
sub-06	3	29	day	sub-06_run-03_trial-29.wav	9	2.0525	2.2325
sub-06	3	29	day	sub-06_run-03_trial-29.wav	10	2.2925	2.4925
sub-06	3	29	day	sub-06_run-03_trial-29.wav	11	2.5525	2.7525
sub-06	3	29	day	sub-06_run-03_trial-29.wav	12	2.8325	3.0525
sub-06	3	29	day	sub-06_run-03_trial-29.wav	13	3.0525	3.2925
sub-06	3	29	day	sub-06_run-03_trial-29.wav	14	3.3325	3.5525
sub-06	3	29	day	sub-06_run-03_trial-29.wav	15	3.6125	3.8125
sub-06	3	29	day	sub-06_run-03_trial-29.wav	16	3.8925	4.0925
sub-06	3	29	day	sub-06_run-03_trial-29.wav	17	4.0925	4.2725
sub-06	3	29	day	sub-06_run-03_trial-29.wav	18	4.3325	4.5325
sub-06	3	30	how	sub-06_run-03_trial-30.wav	1	0.1525	0.5325
sub-06	3	30	how	sub-06_run-03_trial-30.wav	2	0.5325	0.9125
sub-06	3	30	how	sub-06_run-03_trial-30.wav	3	0.9125	1.2525
sub-06	3	30	how	sub-06_run-03_trial-30.wav	4	1.2525	1.6525
sub-06	3	30	how	sub-06_run-03_trial-30.wav	5	1.6525	2.0325
sub-06	3	30	how	sub-06_run-03_trial-30.wav	6	2.0325	2.4125
sub-06	3	30	how	sub-06_run-03_trial-30.wav	7	2.4125	2.8525
sub-06	3	30	how	sub-06_run-03_trial-30.wav	8	2.8525	3.5325
sub-06	3	30	how	sub-06_run-03_trial-30.wav	9	3.5325	3.8525
sub-06	3	30	how	sub-06_run-03_trial-30.wav	10	3.8525	4.1725
sub-06	3	30	how	sub-06_run-03_trial-30.wav	11	4.1725	4.3925
sub-06	3	30	how	sub-06_run-03_trial-30.wav	12	4.3925	4.5725
sub-06	3	31	leh	sub-06_run-03_trial-31.wav	1	0.0925	0.4125
sub-06	3	31	leh	sub-06_run-03_trial-31.wav	2	0.4125	0.7925
sub-06	3	31	leh	sub-06_run-03_trial-31.wav	3	0.9325	1.2725
sub-06	3	31	leh	sub-06_run-03_trial-31.wav	4	1.3925	1.7325
sub-06	3	31	leh	sub-06_run-03_trial-31.wav	5	1.8125	2.1725
sub-06	3	31	leh	sub-06_run-03_trial-31.wav	6	2.2925	2.6725
sub-06	3	31	leh	sub-06_run-03_trial-31.wav	7	2.7525	3.1325
sub-06	3	31	leh	sub-06_run-03_trial-31.wav	8	3.1325	3.5325
sub-06	3	31	leh	sub-06_run-03_trial-31.wav	9	3.5325	3.7925
sub-06	3	31	leh	sub-06_run-03_trial-31.wav	10	3.7925	4.0525
sub-06	3	31	leh	sub-06_run-03_trial-31.wav	11	4.0525	4.2925
sub-06	3	31	leh	sub-06_run-03_trial-31.wav	12	4.2925	4.5125
sub-06	3	32	pie	sub-06_run-03_trial-32.wav	1	0.1325	0.3925
sub-06	3	32	pie	sub-06_run-03_trial-32.wav	2	0.4525	0.6725
sub-06	3	32	pie	sub-06_run-03_trial-32.wav	3	0.7525	0.9925
sub-06	3	32	pie	sub-06_run-03_trial-32.wav	4	1.0725	1.2725
sub-06	3	32	pie	sub-06_run-03_trial-32.wav	5	1.3325	1.5525
sub-06	3	32	pie	sub-06_run-03_trial-32.wav	6	1.6125	1.8325
sub-06	3	32	pie	sub-06_run-03_trial-32.wav	7	1.8725	1.9525
sub-06	3	32	pie	sub-06_run-03_trial-32.wav	8	2.0325	2.1125
sub-06	3	32	pie	sub-06_run-03_trial-32.wav	9	2.1125	2.2525
sub-06	3	32	pie	sub-06_run-03_trial-32.wav	10	2.3325	2.4725
sub-06	3	32	pie	sub-06_run-03_trial-32.wav	11	2.5125	2.6525
sub-06	3	32	pie	sub-06_run-03_trial-32.wav	12	2.6525	2.7525
sub-06	3	32	pie	sub-06_run-03_trial-32.wav	13	2.8325	2.8925
sub-06	3	32	pie	sub-06_run-03_trial-32.wav	14	2.9725	3.0525
sub-06	3	32	pie	sub-06_run-03_trial-32.wav	15	3.1325	3.2125
sub-06	3	32	pie	sub-06_run-03_trial-32.wav	16	3.2925	3.3725
sub-06	3	32	pie	sub-06_run-03_trial-32.wav	17	3.4525	3.5325
sub-06	3	32	pie	sub-06_run-03_trial-32.wav	18	3.6125	3.6925
sub-06	3	32	pie	sub-06_run-03_trial-32.wav	19	3.7525	3.8325
sub-06	3	32	pie	sub-06_run-03_trial-32.wav	20	3.8925	3.9725
sub-06	3	32	pie	sub-06_run-03_trial-32.wav	21	4.0525	4.1125
sub-06	3	32	pie	sub-06_run-03_trial-32.wav	22	4.1925	4.2925
sub-06	3	32	pie	sub-06_run-03_trial-32.wav	23	4.3325	4.4325
sub-06	3	33	thir	sub-06_run-03_trial-33.wav	1	0.1325	0.4125
sub-06	3	33	thir	sub-06_run-03_trial-33.wav	2	0.4125	0.6925
sub-06	3	33	thir	sub-06_run-03_trial-33.wav	3	0.7325	0.9525
sub-06	3	33	thir	sub-06_run-03_trial-33.wav	4	1.0325	1.2125
sub-06	3	33	thir	sub-06_run-03_trial-33.wav	5	1.2125	1.6525
sub-06	3	33	thir	sub-06_run-03_trial-33.wav	6	1.6525	1.8925
sub-06	3	33	thir	sub-06_run-03_trial-33.wav	7	1.9325	2.1525
sub-06	3	33	thir	sub-06_run-03_trial-33.wav	8	2.1925	2.3925
sub-06	3	33	thir	sub-06_run-03_trial-33.wav	9	2.4525	2.6725
sub-06	3	33	thir	sub-06_run-03_trial-33.wav	10	2.7325	2.9725
sub-06	3	33	thir	sub-06_run-03_trial-33.wav	11	2.9725	3.2725
sub-06	3	33	thir	sub-06_run-03_trial-33.wav	12	3.2725	3.5325
sub-06	3	33	thir	sub-06_run-03_trial-33.wav	13	3.5325	3.7525
sub-06	3	33	thir	sub-06_run-03_trial-33.wav	14	3.7525	4.0525
sub-06	3	33	thir	sub-06_run-03_trial-33.wav	15	4.0525	4.3525
sub-06	3	34	would	sub-06_run-03_trial-34.wav	1	0.1325	0.5325
sub-06	3	34	would	sub-06_run-03_trial-34.wav	2	0.5325	0.9325
sub-06	3	34	would	sub-06_run-03_trial-34.wav	3	1.0125	1.3325
sub-06	3	34	would	sub-06_run-03_trial-34.wav	4	1.4325	1.7725
sub-06	3	34	would	sub-06_run-03_trial-34.wav	5	1.8125	2.1725
sub-06	3	34	would	sub-06_run-03_trial-34.wav	6	2.2325	2.5525
sub-06	3	34	would	sub-06_run-03_trial-34.wav	7	2.6725	2.8925
sub-06	3	34	would	sub-06_run-03_trial-34.wav	8	2.8925	3.2725
sub-06	3	34	would	sub-06_run-03_trial-34.wav	9	3.4125	3.6925
sub-06	3	34	would	sub-06_run-03_trial-34.wav	10	3.8525	4.1725
sub-06	3	34	would	sub-06_run-03_trial-34.wav	11	4.3125	4.4725
sub-06	3	35	a	sub-06_run-03_trial-35.wav	1	0.1325	0.3525
sub-06	3	35	a	sub-06_run-03_trial-35.wav	2	0.3525	0.5525
sub-06	3	35	a	sub-06_run-03_trial-35.wav	3	0.5525	0.7925
sub-06	3	35	a	sub-06_run-03_trial-35.wav	4	0.7925	0.9725
sub-06	3	35	a	sub-06_run-03_trial-35.wav	5	0.9725	1.2125
sub-06	3	35	a	sub-06_run-03_trial-35.wav	6	1.2125	1.4125
sub-06	3	35	a	sub-06_run-03_trial-35.wav	7	1.4125	1.7325
sub-06	3	35	a	sub-06_run-03_trial-35.wav	8	1.7325	1.9325
sub-06	3	35	a	sub-06_run-03_trial-35.wav	9	1.9325	2.1325
sub-06	3	35	a	sub-06_run-03_trial-35.wav	10	2.1325	2.3725
sub-06	3	35	a	sub-06_run-03_trial-35.wav	11	2.3725	2.5325
sub-06	3	35	a	sub-06_run-03_trial-35.wav	12	2.5325	2.8125
sub-06	3	35	a	sub-06_run-03_trial-35.wav	13	2.8125	2.9525
sub-06	3	35	a	sub-06_run-03_trial-35.wav	14	2.9525	3.1525
sub-06	3	35	a	sub-06_run-03_trial-35.wav	15	3.1925	3.3325
sub-06	3	35	a	sub-06_run-03_trial-35.wav	16	3.3925	3.5925
sub-06	3	35	a	sub-06_run-03_trial-35.wav	17	3.5925	3.7725
sub-06	3	35	a	sub-06_run-03_trial-35.wav	18	3.7725	3.9925
sub-06	3	35	a	sub-06_run-03_trial-35.wav	19	4.0525	4.1725
sub-06	3	35	a	sub-06_run-03_trial-35.wav	20	4.2325	4.3725
sub-06	3	36	ter	sub-06_run-03_trial-36.wav	1	0.1125	0.3525
sub-06	3	36	ter	sub-06_run-03_trial-36.wav	2	0.4125	0.6125
sub-06	3	36	ter	sub-06_run-03_trial-36.wav	3	0.6725	0.8925
sub-06	3	36	ter	sub-06_run-03_trial-36.wav	4	0.9525	1.1525
sub-06	3	36	ter	sub-06_run-03_trial-36.wav	5	1.2125	1.4325
sub-06	3	36	ter	sub-06_run-03_trial-36.wav	6	1.4925	1.7125
sub-06	3	36	ter	sub-06_run-03_trial-36.wav	7	1.7725	2.0125
sub-06	3	36	ter	sub-06_run-03_trial-36.wav	8	2.0125	2.2525
sub-06	3	36	ter	sub-06_run-03_trial-36.wav	9	2.3125	2.5125
sub-06	3	36	ter	sub-06_run-03_trial-36.wav	10	2.5925	2.7525
sub-06	3	36	ter	sub-06_run-03_trial-36.wav	11	2.8325	3.0125
sub-06	3	36	ter	sub-06_run-03_trial-36.wav	12	3.0725	3.3325
sub-06	3	36	ter	sub-06_run-03_trial-36.wav	13	3.3325	3.5725
sub-06	3	36	ter	sub-06_run-03_trial-36.wav	14	3.6325	3.8525
sub-06	3	36	ter	sub-06_run-03_trial-36.wav	15	3.9325	4.1525
sub-06	3	36	ter	sub-06_run-03_trial-36.wav	16	4.2325	4.3925
sub-06	3	37	ser	sub-06_run-03_trial-37.wav	1	0.0925	0.3725
sub-06	3	37	ser	sub-06_run-03_trial-37.wav	2	0.3725	0.6325
sub-06	3	37	ser	sub-06_run-03_trial-37.wav	3	0.6325	0.9525
sub-06	3	37	ser	sub-06_run-03_trial-37.wav	4	0.9525	1.2925
sub-06	3	37	ser	sub-06_run-03_trial-37.wav	5	1.2925	1.6125
sub-06	3	37	ser	sub-06_run-03_trial-37.wav	6	1.6125	1.9325
sub-06	3	37	ser	sub-06_run-03_trial-37.wav	7	1.9325	2.2725
sub-06	3	37	ser	sub-06_run-03_trial-37.wav	8	2.2725	2.6125
sub-06	3	37	ser	sub-06_run-03_trial-37.wav	9	2.6125	2.9325
sub-06	3	37	ser	sub-06_run-03_trial-37.wav	10	2.9325	3.3125
sub-06	3	37	ser	sub-06_run-03_trial-37.wav	11	3.3125	3.6925
sub-06	3	37	ser	sub-06_run-03_trial-37.wav	12	3.6925	4.0925
sub-06	3	37	ser	sub-06_run-03_trial-37.wav	13	4.0925	4.3725
sub-06	3	38	neh	sub-06_run-03_trial-38.wav	1	0.0925	0.4525
sub-06	3	38	neh	sub-06_run-03_trial-38.wav	2	0.4525	0.8325
sub-06	3	38	neh	sub-06_run-03_trial-38.wav	3	0.9325	1.2525
sub-06	3	38	neh	sub-06_run-03_trial-38.wav	4	1.3925	1.7125
sub-06	3	38	neh	sub-06_run-03_trial-38.wav	5	1.7125	2.0525
sub-06	3	38	neh	sub-06_run-03_trial-38.wav	6	2.0525	2.4925
sub-06	3	38	neh	sub-06_run-03_trial-38.wav	7	2.4925	2.8325
sub-06	3	38	neh	sub-06_run-03_trial-38.wav	8	2.9525	3.2125
sub-06	3	38	neh	sub-06_run-03_trial-38.wav	9	3.2125	3.5725
sub-06	3	38	neh	sub-06_run-03_trial-38.wav	10	3.5725	3.8725
sub-06	3	38	neh	sub-06_run-03_trial-38.wav	11	3.9925	4.2525
sub-06	3	39	throne	sub-06_run-03_trial-39.wav	1	0.2925	0.7525
sub-06	3	39	throne	sub-06_run-03_trial-39.wav	2	0.7525	1.0925
sub-06	3	39	throne	sub-06_run-03_trial-39.wav	3	1.0925	1.5325
sub-06	3	39	throne	sub-06_run-03_trial-39.wav	4	1.5325	2.0125
sub-06	3	39	throne	sub-06_run-03_trial-39.wav	5	2.0125	2.1125
sub-06	3	39	throne	sub-06_run-03_trial-39.wav	6	2.1125	2.4925
sub-06	3	39	throne	sub-06_run-03_trial-39.wav	7	2.4925	2.8125
sub-06	3	39	throne	sub-06_run-03_trial-39.wav	8	2.8125	3.0325
sub-06	3	39	throne	sub-06_run-03_trial-39.wav	9	3.0325	3.5525
sub-06	3	39	throne	sub-06_run-03_trial-39.wav	10	3.5525	3.6525
sub-06	3	39	throne	sub-06_run-03_trial-39.wav	11	3.6525	4.0325
sub-06	3	39	throne	sub-06_run-03_trial-39.wav	12	4.0325	4.4725
sub-06	3	40	through	sub-06_run-03_trial-40.wav	1	0.2725	0.4525
sub-06	3	40	through	sub-06_run-03_trial-40.wav	2	0.4525	0.6525
sub-06	3	40	through	sub-06_run-03_trial-40.wav	3	0.6525	0.8525
sub-06	3	40	through	sub-06_run-03_trial-40.wav	4	0.8525	1.0725
sub-06	3	40	through	sub-06_run-03_trial-40.wav	5	1.0725	1.4925
sub-06	3	40	through	sub-06_run-03_trial-40.wav	6	1.4925	1.8725
sub-06	3	40	through	sub-06_run-03_trial-40.wav	7	1.8725	2.2725
sub-06	3	40	through	sub-06_run-03_trial-40.wav	8	2.2725	2.6925
sub-06	3	40	through	sub-06_run-03_trial-40.wav	9	2.6925	3.1725
sub-06	3	40	through	sub-06_run-03_trial-40.wav	10	3.1725	3.5725
sub-06	3	40	through	sub-06_run-03_trial-40.wav	11	3.5725	4.0325
sub-06	3	40	through	sub-06_run-03_trial-40.wav	12	4.0925	4.3725
sub-06	3	41	ti	sub-06_run-03_trial-41.wav	1	0.0725	0.2925
sub-06	3	41	ti	sub-06_run-03_trial-41.wav	2	0.3525	0.5525
sub-06	3	41	ti	sub-06_run-03_trial-41.wav	3	0.6125	0.7325
sub-06	3	41	ti	sub-06_run-03_trial-41.wav	4	0.7925	0.9525
sub-06	3	41	ti	sub-06_run-03_trial-41.wav	5	1.0325	1.1925
sub-06	3	41	ti	sub-06_run-03_trial-41.wav	6	1.2525	1.4125
sub-06	3	41	ti	sub-06_run-03_trial-41.wav	7	1.4925	1.6725
sub-06	3	41	ti	sub-06_run-03_trial-41.wav	8	1.7725	1.9325
sub-06	3	41	ti	sub-06_run-03_trial-41.wav	9	1.9925	2.1525
sub-06	3	41	ti	sub-06_run-03_trial-41.wav	10	2.2525	2.4125
sub-06	3	41	ti	sub-06_run-03_trial-41.wav	11	2.4925	2.6125
sub-06	3	41	ti	sub-06_run-03_trial-41.wav	12	2.6725	2.8125
sub-06	3	41	ti	sub-06_run-03_trial-41.wav	13	2.8125	3.0125
sub-06	3	41	ti	sub-06_run-03_trial-41.wav	14	3.0925	3.2325
sub-06	3	41	ti	sub-06_run-03_trial-41.wav	15	3.2925	3.4525
sub-06	3	41	ti	sub-06_run-03_trial-41.wav	16	3.4525	3.5925
sub-06	3	41	ti	sub-06_run-03_trial-41.wav	17	3.6725	3.8325
sub-06	3	41	ti	sub-06_run-03_trial-41.wav	18	3.8725	4.0125
sub-06	3	41	ti	sub-06_run-03_trial-41.wav	19	4.0525	4.1725
sub-06	3	41	ti	sub-06_run-03_trial-41.wav	20	4.2325	4.3725
sub-06	3	42	pi	sub-06_run-03_trial-42.wav	1	0.2725	0.4525
sub-06	3	42	pi	sub-06_run-03_trial-42.wav	2	0.5525	0.6925
sub-06	3	42	pi	sub-06_run-03_trial-42.wav	3	0.7725	0.8925
sub-06	3	42	pi	sub-06_run-03_trial-42.wav	4	0.8925	1.0325
sub-06	3	42	pi	sub-06_run-03_trial-42.wav	5	1.0925	1.2525
sub-06	3	42	pi	sub-06_run-03_trial-42.wav	6	1.3125	1.4125
sub-06	3	42	pi	sub-06_run-03_trial-42.wav	7	1.4125	1.5725
sub-06	3	42	pi	sub-06_run-03_trial-42.wav	8	1.5725	1.7525
sub-06	3	42	pi	sub-06_run-03_trial-42.wav	9	1.8125	1.9325
sub-06	3	42	pi	sub-06_run-03_trial-42.wav	10	1.9325	2.0925
sub-06	3	42	pi	sub-06_run-03_trial-42.wav	11	2.0925	2.2525
sub-06	3	42	pi	sub-06_run-03_trial-42.wav	12	2.2925	2.4125
sub-06	3	42	pi	sub-06_run-03_trial-42.wav	13	2.4725	2.5725
sub-06	3	42	pi	sub-06_run-03_trial-42.wav	14	2.6325	2.7325
sub-06	3	42	pi	sub-06_run-03_trial-42.wav	15	2.7925	2.9325
sub-06	3	42	pi	sub-06_run-03_trial-42.wav	16	2.9325	3.0525
sub-06	3	42	pi	sub-06_run-03_trial-42.wav	17	3.1325	3.2325
sub-06	3	42	pi	sub-06_run-03_trial-42.wav	18	3.2925	3.3925
sub-06	3	42	pi	sub-06_run-03_trial-42.wav	19	3.4725	3.5725
sub-06	3	42	pi	sub-06_run-03_trial-42.wav	20	3.6525	3.7525
sub-06	3	42	pi	sub-06_run-03_trial-42.wav	21	3.8325	3.9325
sub-06	3	42	pi	sub-06_run-03_trial-42.wav	22	3.9925	4.0925
sub-06	3	42	pi	sub-06_run-03_trial-42.wav	23	4.1725	4.2725
sub-06	3	42	pi	sub-06_run-03_trial-42.wav	24	4.3525	4.5325
sub-06	4	1	much	sub-06_run-04_trial-01.wav	1	0.2925	0.7325
sub-06	4	1	much	sub-06_run-04_trial-01.wav	2	0.7325	1.1525
sub-06	4	1	much	sub-06_run-04_trial-01.wav	3	1.1525	1.6125
sub-06	4	1	much	sub-06_run-04_trial-01.wav	4	1.6125	2.0125
sub-06	4	1	much	sub-06_run-04_trial-01.wav	5	2.0125	2.3125
sub-06	4	1	much	sub-06_run-04_trial-01.wav	6	2.3125	2.6125
sub-06	4	1	much	sub-06_run-04_trial-01.wav	7	2.6125	2.8525
sub-06	4	1	much	sub-06_run-04_trial-01.wav	8	2.8525	3.1725
sub-06	4	1	much	sub-06_run-04_trial-01.wav	9	3.1725	3.4525
sub-06	4	1	much	sub-06_run-04_trial-01.wav	10	3.4525	3.7325
sub-06	4	1	much	sub-06_run-04_trial-01.wav	11	3.7325	4.0525
sub-06	4	1	much	sub-06_run-04_trial-01.wav	12	4.0525	4.3525
sub-06	4	1	much	sub-06_run-04_trial-01.wav	13	4.3525	4.9974
sub-06	4	2	throne	sub-06_run-04_trial-02.wav	1	0.2525	0.6725
sub-06	4	2	throne	sub-06_run-04_trial-02.wav	2	0.6725	1.0925
sub-06	4	2	throne	sub-06_run-04_trial-02.wav	3	1.0925	1.1925
sub-06	4	2	throne	sub-06_run-04_trial-02.wav	4	1.1925	1.5525
sub-06	4	2	throne	sub-06_run-04_trial-02.wav	5	1.5525	2.0325
sub-06	4	2	throne	sub-06_run-04_trial-02.wav	6	2.0325	2.5125
sub-06	4	2	throne	sub-06_run-04_trial-02.wav	7	2.5125	3.0125
sub-06	4	2	throne	sub-06_run-04_trial-02.wav	8	3.0125	3.4925
sub-06	4	2	throne	sub-06_run-04_trial-02.wav	9	3.4925	3.9525
sub-06	4	2	throne	sub-06_run-04_trial-02.wav	10	3.9525	4.3725
sub-06	4	3	pot	sub-06_run-04_trial-03.wav	1	0.1725	0.5125
sub-06	4	3	pot	sub-06_run-04_trial-03.wav	2	0.5725	0.8725
sub-06	4	3	pot	sub-06_run-04_trial-03.wav	3	0.9525	1.2725
sub-06	4	3	pot	sub-06_run-04_trial-03.wav	4	1.3525	1.6725
sub-06	4	3	pot	sub-06_run-04_trial-03.wav	5	1.7525	2.0725
sub-06	4	3	pot	sub-06_run-04_trial-03.wav	6	2.1725	2.4525
sub-06	4	3	pot	sub-06_run-04_trial-03.wav	7	2.5325	2.7925
sub-06	4	3	pot	sub-06_run-04_trial-03.wav	8	2.8725	3.2125
sub-06	4	3	pot	sub-06_run-04_trial-03.wav	9	3.3125	3.6325
sub-06	4	3	pot	sub-06_run-04_trial-03.wav	10	3.6925	3.9325
sub-06	4	3	pot	sub-06_run-04_trial-03.wav	11	4.0125	4.3125
sub-06	4	4	pro	sub-06_run-04_trial-04.wav	1	0.2525	0.5525
sub-06	4	4	pro	sub-06_run-04_trial-04.wav	2	0.6525	0.9325
sub-06	4	4	pro	sub-06_run-04_trial-04.wav	3	1.0325	1.3325
sub-06	4	4	pro	sub-06_run-04_trial-04.wav	4	1.4125	1.7325
sub-06	4	4	pro	sub-06_run-04_trial-04.wav	5	1.8525	2.1725
sub-06	4	4	pro	sub-06_run-04_trial-04.wav	6	2.1725	2.5125
sub-06	4	4	pro	sub-06_run-04_trial-04.wav	7	2.6325	2.8725
sub-06	4	4	pro	sub-06_run-04_trial-04.wav	8	2.9525	3.2725
sub-06	4	4	pro	sub-06_run-04_trial-04.wav	9	3.3325	3.6525
sub-06	4	4	pro	sub-06_run-04_trial-04.wav	10	3.7525	4.0725
sub-06	4	4	pro	sub-06_run-04_trial-04.wav	11	4.1325	4.4925
sub-06	4	5	thought	sub-06_run-04_trial-05.wav	1	0.3325	0.6925
sub-06	4	5	thought	sub-06_run-04_trial-05.wav	2	0.8125	1.1325
sub-06	4	5	thought	sub-06_run-04_trial-05.wav	3	1.3125	1.6525
sub-06	4	5	thought	sub-06_run-04_trial-05.wav	4	1.7725	2.2525
sub-06	4	5	thought	sub-06_run-04_trial-05.wav	5	2.2525	2.5725
sub-06	4	5	thought	sub-06_run-04_trial-05.wav	6	2.8325	3.1125
sub-06	4	5	thought	sub-06_run-04_trial-05.wav	7	3.3125	3.6525
sub-06	4	5	thought	sub-06_run-04_trial-05.wav	8	3.8325	4.1525
sub-06	4	5	thought	sub-06_run-04_trial-05.wav	9	4.3325	4.6725
sub-06	4	6	thir	sub-06_run-04_trial-06.wav	1	0.2725	0.6925
sub-06	4	6	thir	sub-06_run-04_trial-06.wav	2	0.6925	1.0925
sub-06	4	6	thir	sub-06_run-04_trial-06.wav	3	1.0925	1.4725
sub-06	4	6	thir	sub-06_run-04_trial-06.wav	4	1.4725	1.8725
sub-06	4	6	thir	sub-06_run-04_trial-06.wav	5	1.8725	2.2125
sub-06	4	6	thir	sub-06_run-04_trial-06.wav	6	2.2125	2.5725
sub-06	4	6	thir	sub-06_run-04_trial-06.wav	7	2.5725	2.9725
sub-06	4	6	thir	sub-06_run-04_trial-06.wav	8	2.9725	3.3325
sub-06	4	6	thir	sub-06_run-04_trial-06.wav	9	3.3325	3.7125
sub-06	4	6	thir	sub-06_run-04_trial-06.wav	10	3.7125	4.0725
sub-06	4	6	thir	sub-06_run-04_trial-06.wav	11	4.0725	4.3925
sub-06	4	7	chuck	sub-06_run-04_trial-07.wav	1	0.0925	0.3325
sub-06	4	7	chuck	sub-06_run-04_trial-07.wav	2	0.3925	0.6325
sub-06	4	7	chuck	sub-06_run-04_trial-07.wav	3	0.6925	0.9125
sub-06	4	7	chuck	sub-06_run-04_trial-07.wav	4	1.0125	1.3125
sub-06	4	7	chuck	sub-06_run-04_trial-07.wav	5	1.3925	1.6525
sub-06	4	7	chuck	sub-06_run-04_trial-07.wav	6	1.6525	1.9125
sub-06	4	7	chuck	sub-06_run-04_trial-07.wav	7	1.9925	2.2725
sub-06	4	7	chuck	sub-06_run-04_trial-07.wav	8	2.3325	2.5525
sub-06	4	7	chuck	sub-06_run-04_trial-07.wav	9	2.6125	2.8725
sub-06	4	7	chuck	sub-06_run-04_trial-07.wav	10	2.9725	3.3125
sub-06	4	7	chuck	sub-06_run-04_trial-07.wav	11	3.4325	3.6925
sub-06	4	7	chuck	sub-06_run-04_trial-07.wav	12	3.7525	4.0125
sub-06	4	7	chuck	sub-06_run-04_trial-07.wav	13	4.0725	4.3925
sub-06	4	8	ver	sub-06_run-04_trial-08.wav	1	0.2325	0.6325
sub-06	4	8	ver	sub-06_run-04_trial-08.wav	2	0.6325	1.0325
sub-06	4	8	ver	sub-06_run-04_trial-08.wav	3	1.0325	1.4125
sub-06	4	8	ver	sub-06_run-04_trial-08.wav	4	1.4525	1.7725
sub-06	4	8	ver	sub-06_run-04_trial-08.wav	5	1.7725	2.0725
sub-06	4	8	ver	sub-06_run-04_trial-08.wav	6	2.0725	2.3725
sub-06	4	8	ver	sub-06_run-04_trial-08.wav	7	2.3725	2.5925
sub-06	4	8	ver	sub-06_run-04_trial-08.wav	8	2.5925	2.8525
sub-06	4	8	ver	sub-06_run-04_trial-08.wav	9	2.8525	3.2525
sub-06	4	8	ver	sub-06_run-04_trial-08.wav	10	3.2525	3.5725
sub-06	4	8	ver	sub-06_run-04_trial-08.wav	11	3.5725	3.8725
sub-06	4	8	ver	sub-06_run-04_trial-08.wav	12	3.9325	4.1525
sub-06	4	8	ver	sub-06_run-04_trial-08.wav	13	4.1525	4.4725
sub-06	4	9	fee	sub-06_run-04_trial-09.wav	1	0.3325	0.6325
sub-06	4	9	fee	sub-06_run-04_trial-09.wav	2	0.6325	0.9525
sub-06	4	9	fee	sub-06_run-04_trial-09.wav	3	0.9525	1.2325
sub-06	4	9	fee	sub-06_run-04_trial-09.wav	4	1.2325	1.5125
sub-06	4	9	fee	sub-06_run-04_trial-09.wav	5	1.5125	1.7525
sub-06	4	9	fee	sub-06_run-04_trial-09.wav	6	1.7525	2.0125
sub-06	4	9	fee	sub-06_run-04_trial-09.wav	7	2.0125	2.3525
sub-06	4	9	fee	sub-06_run-04_trial-09.wav	8	2.3525	2.6525
sub-06	4	9	fee	sub-06_run-04_trial-09.wav	9	2.6525	2.9325
sub-06	4	9	fee	sub-06_run-04_trial-09.wav	10	2.9325	3.2725
sub-06	4	9	fee	sub-06_run-04_trial-09.wav	11	3.2725	3.5725
sub-06	4	9	fee	sub-06_run-04_trial-09.wav	12	3.5725	3.9125
sub-06	4	9	fee	sub-06_run-04_trial-09.wav	13	3.9125	4.1325
sub-06	4	9	fee	sub-06_run-04_trial-09.wav	14	4.1325	4.3925
sub-06	4	9	fee	sub-06_run-04_trial-09.wav	15	4.3925	4.6725
sub-06	4	10	naw	sub-06_run-04_trial-10.wav	1	0.0725	0.3725
sub-06	4	10	naw	sub-06_run-04_trial-10.wav	2	0.3725	0.6725
sub-06	4	10	naw	sub-06_run-04_trial-10.wav	3	0.6725	1.0125
sub-06	4	10	naw	sub-06_run-04_trial-10.wav	4	1.0125	1.2525
sub-06	4	10	naw	sub-06_run-04_trial-10.wav	5	1.2525	1.5325
sub-06	4	10	naw	sub-06_run-04_trial-10.wav	6	1.5325	1.7925
sub-06	4	10	naw	sub-06_run-04_trial-10.wav	7	1.7925	2.0725
sub-06	4	10	naw	sub-06_run-04_trial-10.wav	8	2.0725	2.3125
sub-06	4	10	naw	sub-06_run-04_trial-10.wav	9	2.3125	2.4925
sub-06	4	10	naw	sub-06_run-04_trial-10.wav	10	2.4925	2.6925
sub-06	4	10	naw	sub-06_run-04_trial-10.wav	11	2.6925	2.9125
sub-06	4	10	naw	sub-06_run-04_trial-10.wav	12	2.9125	3.2125
sub-06	4	10	naw	sub-06_run-04_trial-10.wav	13	3.2125	3.4725
sub-06	4	10	naw	sub-06_run-04_trial-10.wav	14	3.4725	3.7125
sub-06	4	10	naw	sub-06_run-04_trial-10.wav	15	3.7125	3.9525
sub-06	4	10	naw	sub-06_run-04_trial-10.wav	16	3.9525	4.1725
sub-06	4	10	naw	sub-06_run-04_trial-10.wav	17	4.1725	4.5125
sub-06	4	11	the	sub-06_run-04_trial-11.wav	1	0.2125	0.4525
sub-06	4	11	the	sub-06_run-04_trial-11.wav	2	0.4525	0.6525
sub-06	4	11	the	sub-06_run-04_trial-11.wav	3	0.7325	0.9725
sub-06	4	11	the	sub-06_run-04_trial-11.wav	4	0.9725	1.1325
sub-06	4	11	the	sub-06_run-04_trial-11.wav	5	1.2325	1.4525
sub-06	4	11	the	sub-06_run-04_trial-11.wav	6	1.4525	1.6525
sub-06	4	11	the	sub-06_run-04_trial-11.wav	7	1.6525	1.8925
sub-06	4	11	the	sub-06_run-04_trial-11.wav	8	1.8925	2.1525
sub-06	4	11	the	sub-06_run-04_trial-11.wav	9	2.1525	2.3725
sub-06	4	11	the	sub-06_run-04_trial-11.wav	10	2.3725	2.5525
sub-06	4	11	the	sub-06_run-04_trial-11.wav	11	2.6325	2.7525
sub-06	4	11	the	sub-06_run-04_trial-11.wav	12	2.8325	2.9525
sub-06	4	11	the	sub-06_run-04_trial-11.wav	13	3.0525	3.2925
sub-06	4	11	the	sub-06_run-04_trial-11.wav	14	3.2925	3.5125
sub-06	4	11	the	sub-06_run-04_trial-11.wav	15	3.5125	3.7525
sub-06	4	11	the	sub-06_run-04_trial-11.wav	16	3.7525	3.8525
sub-06	4	11	the	sub-06_run-04_trial-11.wav	17	3.9325	4.1325
sub-06	4	11	the	sub-06_run-04_trial-11.wav	18	4.1325	4.2925
sub-06	4	11	the	sub-06_run-04_trial-11.wav	19	4.3325	4.4325
sub-06	4	12	ti	sub-06_run-04_trial-12.wav	1	0.0725	0.2925
sub-06	4	12	ti	sub-06_run-04_trial-12.wav	2	0.2925	0.4725
sub-06	4	12	ti	sub-06_run-04_trial-12.wav	3	0.5525	0.6725
sub-06	4	12	ti	sub-06_run-04_trial-12.wav	4	0.7325	0.8725
sub-06	4	12	ti	sub-06_run-04_trial-12.wav	5	0.9325	1.0525
sub-06	4	12	ti	sub-06_run-04_trial-12.wav	6	1.1125	1.2925
sub-06	4	12	ti	sub-06_run-04_trial-12.wav	7	1.2925	1.4325
sub-06	4	12	ti	sub-06_run-04_trial-12.wav	8	1.4925	1.6125
sub-06	4	12	ti	sub-06_run-04_trial-12.wav	9	1.6925	1.7925
sub-06	4	12	ti	sub-06_run-04_trial-12.wav	10	1.8725	1.9925
sub-06	4	12	ti	sub-06_run-04_trial-12.wav	11	2.0525	2.1525
sub-06	4	12	ti	sub-06_run-04_trial-12.wav	12	2.2125	2.3325
sub-06	4	12	ti	sub-06_run-04_trial-12.wav	13	2.4125	2.5325
sub-06	4	12	ti	sub-06_run-04_trial-12.wav	14	2.6125	2.7325
sub-06	4	12	ti	sub-06_run-04_trial-12.wav	15	2.8125	2.9325
sub-06	4	12	ti	sub-06_run-04_trial-12.wav	16	2.9925	3.1325
sub-06	4	12	ti	sub-06_run-04_trial-12.wav	17	3.1925	3.3125
sub-06	4	12	ti	sub-06_run-04_trial-12.wav	18	3.3725	3.4925
sub-06	4	12	ti	sub-06_run-04_trial-12.wav	19	3.5725	3.6725
sub-06	4	12	ti	sub-06_run-04_trial-12.wav	20	3.7525	3.8525
sub-06	4	12	ti	sub-06_run-04_trial-12.wav	21	3.9125	4.0925
sub-06	4	12	ti	sub-06_run-04_trial-12.wav	22	4.0925	4.2925
sub-06	4	12	ti	sub-06_run-04_trial-12.wav	23	4.2925	4.4525
sub-06	4	13	airy	sub-06_run-04_trial-13.wav	1	0.0125	0.2325
sub-06	4	13	airy	sub-06_run-04_trial-13.wav	2	0.2725	0.4925
sub-06	4	13	airy	sub-06_run-04_trial-13.wav	3	0.4925	0.7125
sub-06	4	13	airy	sub-06_run-04_trial-13.wav	4	0.7125	0.9725
sub-06	4	13	airy	sub-06_run-04_trial-13.wav	5	0.9725	1.2125
sub-06	4	13	airy	sub-06_run-04_trial-13.wav	6	1.2125	1.4125
sub-06	4	13	airy	sub-06_run-04_trial-13.wav	7	1.4125	1.6325
sub-06	4	13	airy	sub-06_run-04_trial-13.wav	8	1.6925	1.8725
sub-06	4	13	airy	sub-06_run-04_trial-13.wav	9	1.8725	2.1125
sub-06	4	13	airy	sub-06_run-04_trial-13.wav	10	2.1925	2.4125
sub-06	4	13	airy	sub-06_run-04_trial-13.wav	11	2.4125	2.6725
sub-06	4	13	airy	sub-06_run-04_trial-13.wav	12	2.7125	2.9125
sub-06	4	13	airy	sub-06_run-04_trial-13.wav	13	2.9125	3.1725
sub-06	4	13	airy	sub-06_run-04_trial-13.wav	14	3.2125	3.4125
sub-06	4	13	airy	sub-06_run-04_trial-13.wav	15	3.4125	3.6525
sub-06	4	13	airy	sub-06_run-04_trial-13.wav	16	3.6525	3.8525
sub-06	4	13	airy	sub-06_run-04_trial-13.wav	17	3.8525	4.1325
sub-06	4	13	airy	sub-06_run-04_trial-13.wav	18	4.1925	4.3325
sub-06	4	13	airy	sub-06_run-04_trial-13.wav	19	4.3325	4.5525
sub-06	4	14	a	sub-06_run-04_trial-14.wav	1	0.2725	0.4725
sub-06	4	14	a	sub-06_run-04_trial-14.wav	2	0.4725	0.6925
sub-06	4	14	a	sub-06_run-04_trial-14.wav	3	0.6925	0.9125
sub-06	4	14	a	sub-06_run-04_trial-14.wav	4	0.9125	1.1125
sub-06	4	14	a	sub-06_run-04_trial-14.wav	5	1.1125	1.3325
sub-06	4	14	a	sub-06_run-04_trial-14.wav	6	1.3325	1.6125
sub-06	4	14	a	sub-06_run-04_trial-14.wav	7	1.6125	1.8125
sub-06	4	14	a	sub-06_run-04_trial-14.wav	8	1.8125	2.0125
sub-06	4	14	a	sub-06_run-04_trial-14.wav	9	2.0125	2.2125
sub-06	4	14	a	sub-06_run-04_trial-14.wav	10	2.2125	2.4525
sub-06	4	14	a	sub-06_run-04_trial-14.wav	11	2.4525	2.7125
sub-06	4	14	a	sub-06_run-04_trial-14.wav	12	2.7125	2.8725
sub-06	4	14	a	sub-06_run-04_trial-14.wav	13	2.8725	3.1125
sub-06	4	14	a	sub-06_run-04_trial-14.wav	14	3.1125	3.2925
sub-06	4	14	a	sub-06_run-04_trial-14.wav	15	3.2925	3.4925
sub-06	4	14	a	sub-06_run-04_trial-14.wav	16	3.4925	3.6925
sub-06	4	14	a	sub-06_run-04_trial-14.wav	17	3.6925	3.8925
sub-06	4	14	a	sub-06_run-04_trial-14.wav	18	3.8925	4.1725
sub-06	4	14	a	sub-06_run-04_trial-14.wav	19	4.1725	4.3725
sub-06	4	15	neh	sub-06_run-04_trial-15.wav	1	0.1325	0.4925
sub-06	4	15	neh	sub-06_run-04_trial-15.wav	2	0.4925	0.8925
sub-06	4	15	neh	sub-06_run-04_trial-15.wav	3	0.8925	1.3325
sub-06	4	15	neh	sub-06_run-04_trial-15.wav	4	1.3325	1.7725
sub-06	4	15	neh	sub-06_run-04_trial-15.wav	5	1.7725	2.2125
sub-06	4	15	neh	sub-06_run-04_trial-15.wav	6	2.2125	2.6925
sub-06	4	15	neh	sub-06_run-04_trial-15.wav	7	2.6925	3.0725
sub-06	4	15	neh	sub-06_run-04_trial-15.wav	8	3.0725	3.4525
sub-06	4	15	neh	sub-06_run-04_trial-15.wav	9	3.4525	3.7925
sub-06	4	15	neh	sub-06_run-04_trial-15.wav	10	3.7925	4.1125
sub-06	4	15	neh	sub-06_run-04_trial-15.wav	11	4.1125	4.3525
sub-06	4	15	neh	sub-06_run-04_trial-15.wav	12	4.3525	4.5925
sub-06	4	16	if	sub-06_run-04_trial-16.wav	1	0.0725	0.3125
sub-06	4	16	if	sub-06_run-04_trial-16.wav	2	0.3125	0.5325
sub-06	4	16	if	sub-06_run-04_trial-16.wav	3	0.5325	0.6525
sub-06	4	16	if	sub-06_run-04_trial-16.wav	4	0.6525	0.9725
sub-06	4	16	if	sub-06_run-04_trial-16.wav	5	0.9725	1.3125
sub-06	4	16	if	sub-06_run-04_trial-16.wav	6	1.3125	1.5925
sub-06	4	16	if	sub-06_run-04_trial-16.wav	7	1.5925	1.6925
sub-06	4	16	if	sub-06_run-04_trial-16.wav	8	1.7525	1.9525
sub-06	4	16	if	sub-06_run-04_trial-16.wav	9	1.9525	2.0525
sub-06	4	16	if	sub-06_run-04_trial-16.wav	10	2.1325	2.2725
sub-06	4	16	if	sub-06_run-04_trial-16.wav	11	2.2725	2.3725
sub-06	4	16	if	sub-06_run-04_trial-16.wav	12	2.3725	2.5725
sub-06	4	16	if	sub-06_run-04_trial-16.wav	13	2.5725	2.6725
sub-06	4	16	if	sub-06_run-04_trial-16.wav	14	2.6725	3.0125
sub-06	4	16	if	sub-06_run-04_trial-16.wav	15	3.0925	3.3125
sub-06	4	16	if	sub-06_run-04_trial-16.wav	16	3.3125	3.6525
sub-06	4	16	if	sub-06_run-04_trial-16.wav	17	3.6525	4.0125
sub-06	4	16	if	sub-06_run-04_trial-16.wav	18	4.0125	4.3325
sub-06	4	17	how	sub-06_run-04_trial-17.wav	1	0.1325	0.5125
sub-06	4	17	how	sub-06_run-04_trial-17.wav	2	0.5125	0.9325
sub-06	4	17	how	sub-06_run-04_trial-17.wav	3	0.9325	1.3525
sub-06	4	17	how	sub-06_run-04_trial-17.wav	4	1.3525	1.8325
sub-06	4	17	how	sub-06_run-04_trial-17.wav	5	1.8325	2.1925
sub-06	4	17	how	sub-06_run-04_trial-17.wav	6	2.1925	2.4925
sub-06	4	17	how	sub-06_run-04_trial-17.wav	7	2.4925	2.7325
sub-06	4	17	how	sub-06_run-04_trial-17.wav	8	2.7325	2.9325
sub-06	4	17	how	sub-06_run-04_trial-17.wav	9	2.9325	3.1725
sub-06	4	17	how	sub-06_run-04_trial-17.wav	10	3.1725	3.7325
sub-06	4	17	how	sub-06_run-04_trial-17.wav	11	3.7325	4.0525
sub-06	4	17	how	sub-06_run-04_trial-17.wav	12	4.0525	4.3925
sub-06	4	18	imah	sub-06_run-04_trial-18.wav	1	0.4125	0.7925
sub-06	4	18	imah	sub-06_run-04_trial-18.wav	2	0.8725	0.9925
sub-06	4	18	imah	sub-06_run-04_trial-18.wav	3	0.9925	1.3525
sub-06	4	18	imah	sub-06_run-04_trial-18.wav	4	1.4525	1.5325
sub-06	4	18	imah	sub-06_run-04_trial-18.wav	5	1.5325	1.9725
sub-06	4	18	imah	sub-06_run-04_trial-18.wav	6	1.9725	2.2925
sub-06	4	18	imah	sub-06_run-04_trial-18.wav	7	2.3925	2.7725
sub-06	4	18	imah	sub-06_run-04_trial-18.wav	8	2.7725	2.9325
sub-06	4	18	imah	sub-06_run-04_trial-18.wav	9	2.9325	3.1925
sub-06	4	18	imah	sub-06_run-04_trial-18.wav	10	3.3125	3.6325
sub-06	4	18	imah	sub-06_run-04_trial-18.wav	11	3.7125	3.8325
sub-06	4	18	imah	sub-06_run-04_trial-18.wav	12	3.8325	4.1525
sub-06	4	18	imah	sub-06_run-04_trial-18.wav	13	4.1525	4.3925
sub-06	4	19	through	sub-06_run-04_trial-19.wav	1	0.2725	0.4725
sub-06	4	19	through	sub-06_run-04_trial-19.wav	2	0.4725	0.6725
sub-06	4	19	through	sub-06_run-04_trial-19.wav	3	0.6725	1.0925
sub-06	4	19	through	sub-06_run-04_trial-19.wav	4	1.0925	1.5125
sub-06	4	19	through	sub-06_run-04_trial-19.wav	5	1.5125	1.7325
sub-06	4	19	through	sub-06_run-04_trial-19.wav	6	1.7325	1.9325
sub-06	4	19	through	sub-06_run-04_trial-19.wav	7	1.9325	2.3725
sub-06	4	19	through	sub-06_run-04_trial-19.wav	8	2.3725	2.7925
sub-06	4	19	through	sub-06_run-04_trial-19.wav	9	2.7925	3.2125
sub-06	4	19	through	sub-06_run-04_trial-19.wav	10	3.2125	3.6725
sub-06	4	19	through	sub-06_run-04_trial-19.wav	11	3.6725	4.1325
sub-06	4	19	through	sub-06_run-04_trial-19.wav	12	4.1325	4.5125
sub-06	4	20	thurs	sub-06_run-04_trial-20.wav	1	0.2125	0.6125
sub-06	4	20	thurs	sub-06_run-04_trial-20.wav	2	0.6125	0.9725
sub-06	4	20	thurs	sub-06_run-04_trial-20.wav	3	0.9725	1.3925
sub-06	4	20	thurs	sub-06_run-04_trial-20.wav	4	1.3925	1.7925
sub-06	4	20	thurs	sub-06_run-04_trial-20.wav	5	1.8525	2.1325
sub-06	4	20	thurs	sub-06_run-04_trial-20.wav	6	2.1325	2.5925
sub-06	4	20	thurs	sub-06_run-04_trial-20.wav	7	2.5925	3.0325
sub-06	4	20	thurs	sub-06_run-04_trial-20.wav	8	3.0325	3.4925
sub-06	4	20	thurs	sub-06_run-04_trial-20.wav	9	3.4925	3.8125
sub-06	4	20	thurs	sub-06_run-04_trial-20.wav	10	3.9325	4.1725
sub-06	4	21	less	sub-06_run-04_trial-21.wav	1	0.2125	0.6125
sub-06	4	21	less	sub-06_run-04_trial-21.wav	2	0.6125	0.9725
sub-06	4	21	less	sub-06_run-04_trial-21.wav	3	0.9725	1.3725
sub-06	4	21	less	sub-06_run-04_trial-21.wav	4	1.3725	1.7725
sub-06	4	21	less	sub-06_run-04_trial-21.wav	5	1.7725	2.2125
sub-06	4	21	less	sub-06_run-04_trial-21.wav	6	2.2125	2.6325
sub-06	4	21	less	sub-06_run-04_trial-21.wav	7	2.6325	2.8925
sub-06	4	21	less	sub-06_run-04_trial-21.wav	8	2.8925	3.0125
sub-06	4	21	less	sub-06_run-04_trial-21.wav	9	3.0125	3.2925
sub-06	4	21	less	sub-06_run-04_trial-21.wav	10	3.2925	3.4525
sub-06	4	21	less	sub-06_run-04_trial-21.wav	11	3.4525	3.7325
sub-06	4	21	less	sub-06_run-04_trial-21.wav	12	3.7325	3.8925
sub-06	4	21	less	sub-06_run-04_trial-21.wav	13	3.8925	4.2525
sub-06	4	21	less	sub-06_run-04_trial-21.wav	14	4.2525	4.5925
sub-06	4	22	per	sub-06_run-04_trial-22.wav	1	0.1525	0.4525
sub-06	4	22	per	sub-06_run-04_trial-22.wav	2	0.5725	0.8925
sub-06	4	22	per	sub-06_run-04_trial-22.wav	3	0.9725	1.2525
sub-06	4	22	per	sub-06_run-04_trial-22.wav	4	1.3125	1.5725
sub-06	4	22	per	sub-06_run-04_trial-22.wav	5	1.6525	1.8325
sub-06	4	22	per	sub-06_run-04_trial-22.wav	6	1.8725	1.9725
sub-06	4	22	per	sub-06_run-04_trial-22.wav	7	2.0325	2.1925
sub-06	4	22	per	sub-06_run-04_trial-22.wav	8	2.2525	2.4125
sub-06	4	22	per	sub-06_run-04_trial-22.wav	9	2.4125	2.5525
sub-06	4	22	per	sub-06_run-04_trial-22.wav	10	2.6325	2.7525
sub-06	4	22	per	sub-06_run-04_trial-22.wav	11	2.8125	2.9325
sub-06	4	22	per	sub-06_run-04_trial-22.wav	12	2.9925	3.2325
sub-06	4	22	per	sub-06_run-04_trial-22.wav	13	3.2925	3.4925
sub-06	4	22	per	sub-06_run-04_trial-22.wav	14	3.5325	3.6325
sub-06	4	22	per	sub-06_run-04_trial-22.wav	15	3.6925	3.7925
sub-06	4	22	per	sub-06_run-04_trial-22.wav	16	3.8725	3.9725
sub-06	4	22	per	sub-06_run-04_trial-22.wav	17	4.0525	4.1725
sub-06	4	22	per	sub-06_run-04_trial-22.wav	18	4.2325	4.4325
sub-06	4	23	day	sub-06_run-04_trial-23.wav	1	0.1325	0.4125
sub-06	4	23	day	sub-06_run-04_trial-23.wav	2	0.4925	0.7125
sub-06	4	23	day	sub-06_run-04_trial-23.wav	3	0.7125	0.8125
sub-06	4	23	day	sub-06_run-04_trial-23.wav	4	0.8725	1.1125
sub-06	4	23	day	sub-06_run-04_trial-23.wav	5	1.2125	1.4125
sub-06	4	23	day	sub-06_run-04_trial-23.wav	6	1.4725	1.6725
sub-06	4	23	day	sub-06_run-04_trial-23.wav	7	1.7525	1.9725
sub-06	4	23	day	sub-06_run-04_trial-23.wav	8	2.0525	2.3125
sub-06	4	23	day	sub-06_run-04_trial-23.wav	9	2.3725	2.6125
sub-06	4	23	day	sub-06_run-04_trial-23.wav	10	2.6725	2.8925
sub-06	4	23	day	sub-06_run-04_trial-23.wav	11	2.9525	3.1725
sub-06	4	23	day	sub-06_run-04_trial-23.wav	12	3.2525	3.3725
sub-06	4	23	day	sub-06_run-04_trial-23.wav	13	3.4325	3.6725
sub-06	4	23	day	sub-06_run-04_trial-23.wav	14	3.7325	3.9125
sub-06	4	23	day	sub-06_run-04_trial-23.wav	15	3.9725	4.0925
sub-06	4	23	day	sub-06_run-04_trial-23.wav	16	4.1525	4.2525
sub-06	4	23	day	sub-06_run-04_trial-23.wav	17	4.2525	4.4925
sub-06	4	24	peck	sub-06_run-04_trial-24.wav	1	0.2125	0.5125
sub-06	4	24	peck	sub-06_run-04_trial-24.wav	2	0.5925	0.9125
sub-06	4	24	peck	sub-06_run-04_trial-24.wav	3	1.0125	1.3125
sub-06	4	24	peck	sub-06_run-04_trial-24.wav	4	1.4125	1.7525
sub-06	4	24	peck	sub-06_run-04_trial-24.wav	5	1.8325	2.1525
sub-06	4	24	peck	sub-06_run-04_trial-24.wav	6	2.2525	2.5525
sub-06	4	24	peck	sub-06_run-04_trial-24.wav	7	2.6325	2.9125
sub-06	4	24	peck	sub-06_run-04_trial-24.wav	8	3.0325	3.3925
sub-06	4	24	peck	sub-06_run-04_trial-24.wav	9	3.4925	3.7725
sub-06	4	24	peck	sub-06_run-04_trial-24.wav	10	3.8725	4.1525
sub-06	4	24	peck	sub-06_run-04_trial-24.wav	11	4.2325	4.5525
sub-06	4	25	out	sub-06_run-04_trial-25.wav	1	0.3125	0.6125
sub-06	4	25	out	sub-06_run-04_trial-25.wav	2	0.6125	0.9925
sub-06	4	25	out	sub-06_run-04_trial-25.wav	3	1.0525	1.3325
sub-06	4	25	out	sub-06_run-04_trial-25.wav	4	1.3325	1.6925
sub-06	4	25	out	sub-06_run-04_trial-25.wav	5	1.7325	1.9925
sub-06	4	25	out	sub-06_run-04_trial-25.wav	6	1.9925	2.3525
sub-06	4	25	out	sub-06_run-04_trial-25.wav	7	2.4125	2.8925
sub-06	4	25	out	sub-06_run-04_trial-25.wav	8	3.0125	3.3325
sub-06	4	25	out	sub-06_run-04_trial-25.wav	9	3.3325	3.6525
sub-06	4	25	out	sub-06_run-04_trial-25.wav	10	3.6525	3.9725
sub-06	4	25	out	sub-06_run-04_trial-25.wav	11	3.9725	4.2925
sub-06	4	25	out	sub-06_run-04_trial-25.wav	12	4.2925	4.6925
sub-06	4	26	ter	sub-06_run-04_trial-26.wav	1	0.1925	0.4325
sub-06	4	26	ter	sub-06_run-04_trial-26.wav	2	0.4925	0.7325
sub-06	4	26	ter	sub-06_run-04_trial-26.wav	3	0.7925	1.0525
sub-06	4	26	ter	sub-06_run-04_trial-26.wav	4	1.1325	1.3925
sub-06	4	26	ter	sub-06_run-04_trial-26.wav	5	1.4325	1.7525
sub-06	4	26	ter	sub-06_run-04_trial-26.wav	6	1.8125	2.0725
sub-06	4	26	ter	sub-06_run-04_trial-26.wav	7	2.1525	2.3725
sub-06	4	26	ter	sub-06_run-04_trial-26.wav	8	2.4525	2.7325
sub-06	4	26	ter	sub-06_run-04_trial-26.wav	9	2.8125	3.0525
sub-06	4	26	ter	sub-06_run-04_trial-26.wav	10	3.1125	3.3925
sub-06	4	26	ter	sub-06_run-04_trial-26.wav	11	3.4725	3.6925
sub-06	4	26	ter	sub-06_run-04_trial-26.wav	12	3.7725	4.0125
sub-06	4	26	ter	sub-06_run-04_trial-26.wav	13	4.0925	4.3725
sub-06	4	27	mih	sub-06_run-04_trial-27.wav	1	0.0925	0.3925
sub-06	4	27	mih	sub-06_run-04_trial-27.wav	2	0.3925	0.7925
sub-06	4	27	mih	sub-06_run-04_trial-27.wav	3	0.7925	1.1525
sub-06	4	27	mih	sub-06_run-04_trial-27.wav	4	1.1525	1.4525
sub-06	4	27	mih	sub-06_run-04_trial-27.wav	5	1.4525	1.6925
sub-06	4	27	mih	sub-06_run-04_trial-27.wav	6	1.6925	1.9325
sub-06	4	27	mih	sub-06_run-04_trial-27.wav	7	1.9325	2.1325
sub-06	4	27	mih	sub-06_run-04_trial-27.wav	8	2.1325	2.3125
sub-06	4	27	mih	sub-06_run-04_trial-27.wav	9	2.3125	2.5325
sub-06	4	27	mih	sub-06_run-04_trial-27.wav	10	2.5325	2.7725
sub-06	4	27	mih	sub-06_run-04_trial-27.wav	11	2.7725	2.9725
sub-06	4	27	mih	sub-06_run-04_trial-27.wav	12	2.9725	3.1925
sub-06	4	27	mih	sub-06_run-04_trial-27.wav	13	3.1925	3.4325
sub-06	4	27	mih	sub-06_run-04_trial-27.wav	14	3.4325	3.6525
sub-06	4	27	mih	sub-06_run-04_trial-27.wav	15	3.6525	3.8325
sub-06	4	27	mih	sub-06_run-04_trial-27.wav	16	3.8325	4.0325
sub-06	4	27	mih	sub-06_run-04_trial-27.wav	17	4.0325	4.3125
sub-06	4	28	ther	sub-06_run-04_trial-28.wav	1	0.1725	0.4525
sub-06	4	28	ther	sub-06_run-04_trial-28.wav	2	0.5325	0.8325
sub-06	4	28	ther	sub-06_run-04_trial-28.wav	3	0.9125	1.1925
sub-06	4	28	ther	sub-06_run-04_trial-28.wav	4	1.2725	1.5325
sub-06	4	28	ther	sub-06_run-04_trial-28.wav	5	1.6125	1.8925
sub-06	4	28	ther	sub-06_run-04_trial-28.wav	6	1.9525	2.2525
sub-06	4	28	ther	sub-06_run-04_trial-28.wav	7	2.3125	2.6125
sub-06	4	28	ther	sub-06_run-04_trial-28.wav	8	2.6125	2.9725
sub-06	4	28	ther	sub-06_run-04_trial-28.wav	9	2.9725	3.3725
sub-06	4	28	ther	sub-06_run-04_trial-28.wav	10	3.3725	3.7125
sub-06	4	28	ther	sub-06_run-04_trial-28.wav	11	3.7925	4.0725
sub-06	4	28	ther	sub-06_run-04_trial-28.wav	12	4.0725	4.4525
sub-06	4	28	ther	sub-06_run-04_trial-28.wav	13	4.4525	4.7125
sub-06	4	29	caw	sub-06_run-04_trial-29.wav	1	0.2725	0.5525
sub-06	4	29	caw	sub-06_run-04_trial-29.wav	2	0.6325	0.8925
sub-06	4	29	caw	sub-06_run-04_trial-29.wav	3	0.9325	1.2125
sub-06	4	29	caw	sub-06_run-04_trial-29.wav	4	1.2925	1.5725
sub-06	4	29	caw	sub-06_run-04_trial-29.wav	5	1.6525	1.8925
sub-06	4	29	caw	sub-06_run-04_trial-29.wav	6	1.9525	2.1725
sub-06	4	29	caw	sub-06_run-04_trial-29.wav	7	2.2325	2.3925
sub-06	4	29	caw	sub-06_run-04_trial-29.wav	8	2.4525	2.6125
sub-06	4	29	caw	sub-06_run-04_trial-29.wav	9	2.6725	2.8725
sub-06	4	29	caw	sub-06_run-04_trial-29.wav	10	2.9325	3.0725
sub-06	4	29	caw	sub-06_run-04_trial-29.wav	11	3.1325	3.3125
sub-06	4	29	caw	sub-06_run-04_trial-29.wav	12	3.3725	3.5525
sub-06	4	29	caw	sub-06_run-04_trial-29.wav	13	3.6125	3.7525
sub-06	4	29	caw	sub-06_run-04_trial-29.wav	14	3.8125	4.0125
sub-06	4	29	caw	sub-06_run-04_trial-29.wav	15	4.0725	4.2125
sub-06	4	29	caw	sub-06_run-04_trial-29.wav	16	4.2525	4.3925
sub-06	4	29	caw	sub-06_run-04_trial-29.wav	17	4.4725	4.6325
sub-06	4	30	picked	sub-06_run-04_trial-30.wav	1	0.2725	0.6525
sub-06	4	30	picked	sub-06_run-04_trial-30.wav	2	0.7525	1.1125
sub-06	4	30	picked	sub-06_run-04_trial-30.wav	3	1.2125	1.5725
sub-06	4	30	picked	sub-06_run-04_trial-30.wav	4	1.6725	2.0125
sub-06	4	30	picked	sub-06_run-04_trial-30.wav	5	2.1325	2.4525
sub-06	4	30	picked	sub-06_run-04_trial-30.wav	6	2.5725	2.9125
sub-06	4	30	picked	sub-06_run-04_trial-30.wav	7	2.9925	3.3725
sub-06	4	30	picked	sub-06_run-04_trial-30.wav	8	3.4925	3.8525
sub-06	4	30	picked	sub-06_run-04_trial-30.wav	9	3.9525	4.2925
sub-06	4	30	picked	sub-06_run-04_trial-30.wav	10	4.3725	4.7125
sub-06	4	31	thrilled	sub-06_run-04_trial-31.wav	1	0.0925	0.3925
sub-06	4	31	thrilled	sub-06_run-04_trial-31.wav	2	0.4725	0.6925
sub-06	4	31	thrilled	sub-06_run-04_trial-31.wav	3	0.6925	1.0125
sub-06	4	31	thrilled	sub-06_run-04_trial-31.wav	4	1.0125	1.2725
sub-06	4	31	thrilled	sub-06_run-04_trial-31.wav	5	1.2725	1.8725
sub-06	4	31	thrilled	sub-06_run-04_trial-31.wav	6	1.8725	2.5325
sub-06	4	31	thrilled	sub-06_run-04_trial-31.wav	7	2.5325	2.6525
sub-06	4	31	thrilled	sub-06_run-04_trial-31.wav	8	2.6525	3.0925
sub-06	4	31	thrilled	sub-06_run-04_trial-31.wav	9	3.0925	3.3725
sub-06	4	31	thrilled	sub-06_run-04_trial-31.wav	10	3.4125	3.5125
sub-06	4	31	thrilled	sub-06_run-04_trial-31.wav	11	3.5525	3.6525
sub-06	4	31	thrilled	sub-06_run-04_trial-31.wav	12	3.6525	3.9325
sub-06	4	31	thrilled	sub-06_run-04_trial-31.wav	13	3.9325	4.0725
sub-06	4	31	thrilled	sub-06_run-04_trial-31.wav	14	4.0725	4.2125
sub-06	4	31	thrilled	sub-06_run-04_trial-31.wav	15	4.2125	4.3325
sub-06	4	31	thrilled	sub-06_run-04_trial-31.wav	16	4.3325	4.5925
sub-06	4	32	thieves	sub-06_run-04_trial-32.wav	1	0.8125	1.3325
sub-06	4	32	thieves	sub-06_run-04_trial-32.wav	2	1.3325	1.6125
sub-06	4	32	thieves	sub-06_run-04_trial-32.wav	3	1.8325	3.0125
sub-06	4	32	thieves	sub-06_run-04_trial-32.wav	4	3.0925	4.1525
sub-06	4	32	thieves	sub-06_run-04_trial-32.wav	5	4.2125	4.9716
sub-06	4	33	leh	sub-06_run-04_trial-33.wav	1	0.1725	0.5725
sub-06	4	33	leh	sub-06_run-04_trial-33.wav	2	0.5725	1.0725
sub-06	4	33	leh	sub-06_run-04_trial-33.wav	3	1.1925	1.4325
sub-06	4	33	leh	sub-06_run-04_trial-33.wav	4	1.4325	1.6925
sub-06	4	33	leh	sub-06_run-04_trial-33.wav	5	1.7725	2.0325
sub-06	4	33	leh	sub-06_run-04_trial-33.wav	6	2.0325	2.3525
sub-06	4	33	leh	sub-06_run-04_trial-33.wav	7	2.3525	2.6525
sub-06	4	33	leh	sub-06_run-04_trial-33.wav	8	2.6525	2.9125
sub-06	4	33	leh	sub-06_run-04_trial-33.wav	9	2.9125	3.1525
sub-06	4	33	leh	sub-06_run-04_trial-33.wav	10	3.1525	3.3325
sub-06	4	33	leh	sub-06_run-04_trial-33.wav	11	3.3325	3.5925
sub-06	4	33	leh	sub-06_run-04_trial-33.wav	12	3.5925	3.8925
sub-06	4	33	leh	sub-06_run-04_trial-33.wav	13	3.8925	4.1525
sub-06	4	33	leh	sub-06_run-04_trial-33.wav	14	4.1525	4.3725
sub-06	4	34	would	sub-06_run-04_trial-34.wav	1	0.4325	0.8125
sub-06	4	34	would	sub-06_run-04_trial-34.wav	2	0.9725	1.3325
sub-06	4	34	would	sub-06_run-04_trial-34.wav	3	1.4125	1.9325
sub-06	4	34	would	sub-06_run-04_trial-34.wav	4	1.9325	2.3525
sub-06	4	34	would	sub-06_run-04_trial-34.wav	5	2.4325	2.8125
sub-06	4	34	would	sub-06_run-04_trial-34.wav	6	2.9125	3.3525
sub-06	4	34	would	sub-06_run-04_trial-34.wav	7	3.3525	3.7525
sub-06	4	34	would	sub-06_run-04_trial-34.wav	8	3.8725	4.2125
sub-06	4	34	would	sub-06_run-04_trial-34.wav	9	4.2125	4.6125
sub-06	4	35	jin	sub-06_run-04_trial-35.wav	1	0.2925	0.5725
sub-06	4	35	jin	sub-06_run-04_trial-35.wav	2	0.5725	0.8725
sub-06	4	35	jin	sub-06_run-04_trial-35.wav	3	0.8725	1.1725
sub-06	4	35	jin	sub-06_run-04_trial-35.wav	4	1.1725	1.4525
sub-06	4	35	jin	sub-06_run-04_trial-35.wav	5	1.4525	1.6925
sub-06	4	35	jin	sub-06_run-04_trial-35.wav	6	1.6925	1.9725
sub-06	4	35	jin	sub-06_run-04_trial-35.wav	7	1.9725	2.2525
sub-06	4	35	jin	sub-06_run-04_trial-35.wav	8	2.2525	2.5125
sub-06	4	35	jin	sub-06_run-04_trial-35.wav	9	2.5125	2.7525
sub-06	4	35	jin	sub-06_run-04_trial-35.wav	10	2.7525	2.9525
sub-06	4	35	jin	sub-06_run-04_trial-35.wav	11	2.9525	3.1325
sub-06	4	35	jin	sub-06_run-04_trial-35.wav	12	3.1325	3.3525
sub-06	4	35	jin	sub-06_run-04_trial-35.wav	13	3.3525	3.5725
sub-06	4	35	jin	sub-06_run-04_trial-35.wav	14	3.5725	3.7725
sub-06	4	35	jin	sub-06_run-04_trial-35.wav	15	3.7725	3.8925
sub-06	4	35	jin	sub-06_run-04_trial-35.wav	16	3.8925	3.9725
sub-06	4	35	jin	sub-06_run-04_trial-35.wav	17	3.9725	4.0725
sub-06	4	35	jin	sub-06_run-04_trial-35.wav	18	4.1325	4.2925
sub-06	4	35	jin	sub-06_run-04_trial-35.wav	19	4.2925	4.4125
sub-06	4	36	juh	sub-06_run-04_trial-36.wav	1	0.1325	0.3725
sub-06	4	36	juh	sub-06_run-04_trial-36.wav	2	0.4725	0.7725
sub-06	4	36	juh	sub-06_run-04_trial-36.wav	3	0.8925	1.1925
sub-06	4	36	juh	sub-06_run-04_trial-36.wav	4	1.3125	1.6525
sub-06	4	36	juh	sub-06_run-04_trial-36.wav	5	1.7925	2.1325
sub-06	4	36	juh	sub-06_run-04_trial-36.wav	6	2.2325	2.5725
sub-06	4	36	juh	sub-06_run-04_trial-36.wav	7	2.6925	2.9925
sub-06	4	36	juh	sub-06_run-04_trial-36.wav	8	3.1325	3.4125
sub-06	4	36	juh	sub-06_run-04_trial-36.wav	9	3.4125	3.9525
sub-06	4	36	juh	sub-06_run-04_trial-36.wav	10	4.0725	4.3725
sub-06	4	37	pie	sub-06_run-04_trial-37.wav	1	0.1725	0.5525
sub-06	4	37	pie	sub-06_run-04_trial-37.wav	2	0.6125	0.8725
sub-06	4	37	pie	sub-06_run-04_trial-37.wav	3	0.9125	1.0125
sub-06	4	37	pie	sub-06_run-04_trial-37.wav	4	1.0725	1.2125
sub-06	4	37	pie	sub-06_run-04_trial-37.wav	5	1.2725	1.4125
sub-06	4	37	pie	sub-06_run-04_trial-37.wav	6	1.4125	1.6325
sub-06	4	37	pie	sub-06_run-04_trial-37.wav	7	1.6925	1.8725
sub-06	4	37	pie	sub-06_run-04_trial-37.wav	8	1.9325	2.0725
sub-06	4	37	pie	sub-06_run-04_trial-37.wav	9	2.1325	2.3525
sub-06	4	37	pie	sub-06_run-04_trial-37.wav	10	2.4125	2.5525
sub-06	4	37	pie	sub-06_run-04_trial-37.wav	11	2.6125	2.7125
sub-06	4	37	pie	sub-06_run-04_trial-37.wav	12	2.7725	2.8525
sub-06	4	37	pie	sub-06_run-04_trial-37.wav	13	2.9125	2.9925
sub-06	4	37	pie	sub-06_run-04_trial-37.wav	14	3.0725	3.1725
sub-06	4	37	pie	sub-06_run-04_trial-37.wav	15	3.2325	3.3325
sub-06	4	37	pie	sub-06_run-04_trial-37.wav	16	3.4125	3.6725
sub-06	4	37	pie	sub-06_run-04_trial-37.wav	17	3.7325	3.9525
sub-06	4	37	pie	sub-06_run-04_trial-37.wav	18	4.0125	4.1925
sub-06	4	37	pie	sub-06_run-04_trial-37.wav	19	4.2725	4.4325
sub-06	4	38	jur	sub-06_run-04_trial-38.wav	1	0.2325	0.5725
sub-06	4	38	jur	sub-06_run-04_trial-38.wav	2	0.5725	0.9125
sub-06	4	38	jur	sub-06_run-04_trial-38.wav	3	0.9525	1.2725
sub-06	4	38	jur	sub-06_run-04_trial-38.wav	4	1.3325	1.6125
sub-06	4	38	jur	sub-06_run-04_trial-38.wav	5	1.6725	1.9925
sub-06	4	38	jur	sub-06_run-04_trial-38.wav	6	2.0325	2.3125
sub-06	4	38	jur	sub-06_run-04_trial-38.wav	7	2.3725	2.6925
sub-06	4	38	jur	sub-06_run-04_trial-38.wav	8	2.6925	2.9725
sub-06	4	38	jur	sub-06_run-04_trial-38.wav	9	3.0525	3.2525
sub-06	4	38	jur	sub-06_run-04_trial-38.wav	10	3.2525	3.4125
sub-06	4	38	jur	sub-06_run-04_trial-38.wav	11	3.4125	3.6525
sub-06	4	38	jur	sub-06_run-04_trial-38.wav	12	3.6925	3.8325
sub-06	4	38	jur	sub-06_run-04_trial-38.wav	13	3.8725	4.0125
sub-06	4	38	jur	sub-06_run-04_trial-38.wav	14	4.0525	4.2125
sub-06	4	38	jur	sub-06_run-04_trial-38.wav	15	4.2125	4.4325
sub-06	4	39	three	sub-06_run-04_trial-39.wav	1	0.0925	0.4525
sub-06	4	39	three	sub-06_run-04_trial-39.wav	2	0.4525	0.5525
sub-06	4	39	three	sub-06_run-04_trial-39.wav	3	0.5525	0.8125
sub-06	4	39	three	sub-06_run-04_trial-39.wav	4	0.8125	0.9125
sub-06	4	39	three	sub-06_run-04_trial-39.wav	5	0.9125	1.1525
sub-06	4	39	three	sub-06_run-04_trial-39.wav	6	1.1525	1.2525
sub-06	4	39	three	sub-06_run-04_trial-39.wav	7	1.2525	1.4925
sub-06	4	39	three	sub-06_run-04_trial-39.wav	8	1.4925	1.6125
sub-06	4	39	three	sub-06_run-04_trial-39.wav	9	1.6125	1.8525
sub-06	4	39	three	sub-06_run-04_trial-39.wav	10	1.8525	1.9725
sub-06	4	39	three	sub-06_run-04_trial-39.wav	11	1.9725	2.2125
sub-06	4	39	three	sub-06_run-04_trial-39.wav	12	2.2125	2.5525
sub-06	4	39	three	sub-06_run-04_trial-39.wav	13	2.5525	2.8925
sub-06	4	39	three	sub-06_run-04_trial-39.wav	14	2.8925	3.2325
sub-06	4	39	three	sub-06_run-04_trial-39.wav	15	3.2325	3.5525
sub-06	4	39	three	sub-06_run-04_trial-39.wav	16	3.5525	3.8525
sub-06	4	39	three	sub-06_run-04_trial-39.wav	17	3.8525	4.5525
sub-06	4	40	pi	sub-06_run-04_trial-40.wav	1	0.0525	0.3325
sub-06	4	40	pi	sub-06_run-04_trial-40.wav	2	0.3325	0.5725
sub-06	4	40	pi	sub-06_run-04_trial-40.wav	3	0.6325	0.8125
sub-06	4	40	pi	sub-06_run-04_trial-40.wav	4	0.8125	1.0725
sub-06	4	40	pi	sub-06_run-04_trial-40.wav	5	1.1325	1.2925
sub-06	4	40	pi	sub-06_run-04_trial-40.wav	6	1.3525	1.5525
sub-06	4	40	pi	sub-06_run-04_trial-40.wav	7	1.6125	1.7325
sub-06	4	40	pi	sub-06_run-04_trial-40.wav	8	1.7925	1.8925
sub-06	4	40	pi	sub-06_run-04_trial-40.wav	9	1.9325	2.0525
sub-06	4	40	pi	sub-06_run-04_trial-40.wav	10	2.0925	2.2125
sub-06	4	40	pi	sub-06_run-04_trial-40.wav	11	2.2725	2.3725
sub-06	4	40	pi	sub-06_run-04_trial-40.wav	12	2.4325	2.5325
sub-06	4	40	pi	sub-06_run-04_trial-40.wav	13	2.5925	2.6925
sub-06	4	40	pi	sub-06_run-04_trial-40.wav	14	2.7725	2.8725
sub-06	4	40	pi	sub-06_run-04_trial-40.wav	15	2.9325	3.0325
sub-06	4	40	pi	sub-06_run-04_trial-40.wav	16	3.1125	3.2125
sub-06	4	40	pi	sub-06_run-04_trial-40.wav	17	3.2925	3.3725
sub-06	4	40	pi	sub-06_run-04_trial-40.wav	18	3.4525	3.5325
sub-06	4	40	pi	sub-06_run-04_trial-40.wav	19	3.6325	3.7325
sub-06	4	40	pi	sub-06_run-04_trial-40.wav	20	3.8125	3.9125
sub-06	4	40	pi	sub-06_run-04_trial-40.wav	21	3.9925	4.0925
sub-06	4	40	pi	sub-06_run-04_trial-40.wav	22	4.1725	4.2925
sub-06	4	40	pi	sub-06_run-04_trial-40.wav	23	4.2925	4.4925
sub-06	4	41	per	sub-06_run-04_trial-41.wav	1	0.0525	0.2525
sub-06	4	41	per	sub-06_run-04_trial-41.wav	2	0.3125	0.4925
sub-06	4	41	per	sub-06_run-04_trial-41.wav	3	0.5525	0.7125
sub-06	4	41	per	sub-06_run-04_trial-41.wav	4	0.7925	0.9725
sub-06	4	41	per	sub-06_run-04_trial-41.wav	5	1.0325	1.1725
sub-06	4	41	per	sub-06_run-04_trial-41.wav	6	1.2525	1.4325
sub-06	4	41	per	sub-06_run-04_trial-41.wav	7	1.5125	1.6325
sub-06	4	41	per	sub-06_run-04_trial-41.wav	8	1.6925	1.8125
sub-06	4	41	per	sub-06_run-04_trial-41.wav	9	1.8725	2.0325
sub-06	4	41	per	sub-06_run-04_trial-41.wav	10	2.1125	2.2925
sub-06	4	41	per	sub-06_run-04_trial-41.wav	11	2.3725	2.5925
sub-06	4	41	per	sub-06_run-04_trial-41.wav	12	2.6525	2.8525
sub-06	4	41	per	sub-06_run-04_trial-41.wav	13	2.9325	3.0725
sub-06	4	41	per	sub-06_run-04_trial-41.wav	14	3.1725	3.2925
sub-06	4	41	per	sub-06_run-04_trial-41.wav	15	3.3725	3.5325
sub-06	4	41	per	sub-06_run-04_trial-41.wav	16	3.6125	3.6925
sub-06	4	41	per	sub-06_run-04_trial-41.wav	17	3.7925	3.8725
sub-06	4	41	per	sub-06_run-04_trial-41.wav	18	3.9725	4.0925
sub-06	4	41	per	sub-06_run-04_trial-41.wav	19	4.1725	4.2725
sub-06	4	41	per	sub-06_run-04_trial-41.wav	20	4.3325	4.4725
sub-06	4	42	ser	sub-06_run-04_trial-42.wav	1	0.0925	0.4325
sub-06	4	42	ser	sub-06_run-04_trial-42.wav	2	0.4325	0.7525
sub-06	4	42	ser	sub-06_run-04_trial-42.wav	3	0.7525	1.0725
sub-06	4	42	ser	sub-06_run-04_trial-42.wav	4	1.0725	1.3925
sub-06	4	42	ser	sub-06_run-04_trial-42.wav	5	1.3925	1.6925
sub-06	4	42	ser	sub-06_run-04_trial-42.wav	6	1.6925	1.9925
sub-06	4	42	ser	sub-06_run-04_trial-42.wav	7	1.9925	2.3325
sub-06	4	42	ser	sub-06_run-04_trial-42.wav	8	2.3325	2.6525
sub-06	4	42	ser	sub-06_run-04_trial-42.wav	9	2.6525	2.9525
sub-06	4	42	ser	sub-06_run-04_trial-42.wav	10	2.9525	3.2725
sub-06	4	42	ser	sub-06_run-04_trial-42.wav	11	3.2725	3.5925
sub-06	4	42	ser	sub-06_run-04_trial-42.wav	12	3.5925	3.9325
sub-06	4	42	ser	sub-06_run-04_trial-42.wav	13	3.9325	4.2525
sub-06	4	42	ser	sub-06_run-04_trial-42.wav	14	4.2525	4.4925
sub-06	5	1	much	sub-06_run-05_trial-01.wav	1	0.2725	0.5925
sub-06	5	1	much	sub-06_run-05_trial-01.wav	2	0.5925	0.9125
sub-06	5	1	much	sub-06_run-05_trial-01.wav	3	0.9125	1.2925
sub-06	5	1	much	sub-06_run-05_trial-01.wav	4	1.2925	1.5725
sub-06	5	1	much	sub-06_run-05_trial-01.wav	5	1.5725	1.9325
sub-06	5	1	much	sub-06_run-05_trial-01.wav	6	1.9325	2.2125
sub-06	5	1	much	sub-06_run-05_trial-01.wav	7	2.2125	2.5325
sub-06	5	1	much	sub-06_run-05_trial-01.wav	8	2.5325	2.8725
sub-06	5	1	much	sub-06_run-05_trial-01.wav	9	2.8725	3.1925
sub-06	5	1	much	sub-06_run-05_trial-01.wav	10	3.1925	3.4725
sub-06	5	1	much	sub-06_run-05_trial-01.wav	11	3.4725	3.7725
sub-06	5	1	much	sub-06_run-05_trial-01.wav	12	3.7725	4.0525
sub-06	5	1	much	sub-06_run-05_trial-01.wav	13	4.1125	4.5325
sub-06	5	2	caw	sub-06_run-05_trial-02.wav	1	0.2125	0.4725
sub-06	5	2	caw	sub-06_run-05_trial-02.wav	2	0.5725	0.8325
sub-06	5	2	caw	sub-06_run-05_trial-02.wav	3	0.8925	1.1725
sub-06	5	2	caw	sub-06_run-05_trial-02.wav	4	1.1725	1.4925
sub-06	5	2	caw	sub-06_run-05_trial-02.wav	5	1.4925	1.8125
sub-06	5	2	caw	sub-06_run-05_trial-02.wav	6	1.8125	2.0925
sub-06	5	2	caw	sub-06_run-05_trial-02.wav	7	2.0925	2.3125
sub-06	5	2	caw	sub-06_run-05_trial-02.wav	8	2.3525	2.6125
sub-06	5	2	caw	sub-06_run-05_trial-02.wav	9	2.6125	2.7925
sub-06	5	2	caw	sub-06_run-05_trial-02.wav	10	2.8325	2.9725
sub-06	5	2	caw	sub-06_run-05_trial-02.wav	11	2.9725	3.1725
sub-06	5	2	caw	sub-06_run-05_trial-02.wav	12	3.2325	3.4725
sub-06	5	2	caw	sub-06_run-05_trial-02.wav	13	3.5125	3.7525
sub-06	5	2	caw	sub-06_run-05_trial-02.wav	14	3.8125	3.9525
sub-06	5	2	caw	sub-06_run-05_trial-02.wav	15	3.9925	4.1325
sub-06	5	2	caw	sub-06_run-05_trial-02.wav	16	4.1925	4.3725
sub-06	5	2	caw	sub-06_run-05_trial-02.wav	17	4.3725	4.5525
sub-06	5	3	thought	sub-06_run-05_trial-03.wav	1	0.2125	0.6525
sub-06	5	3	thought	sub-06_run-05_trial-03.wav	2	0.6525	1.1125
sub-06	5	3	thought	sub-06_run-05_trial-03.wav	3	1.2725	1.7125
sub-06	5	3	thought	sub-06_run-05_trial-03.wav	4	1.7125	2.1725
sub-06	5	3	thought	sub-06_run-05_trial-03.wav	5	2.2125	2.5725
sub-06	5	3	thought	sub-06_run-05_trial-03.wav	6	2.7725	3.1125
sub-06	5	3	thought	sub-06_run-05_trial-03.wav	7	3.2525	3.5525
sub-06	5	3	thought	sub-06_run-05_trial-03.wav	8	3.7925	4.0925
sub-06	5	3	thought	sub-06_run-05_trial-03.wav	9	4.2725	4.6525
sub-06	5	4	chuck	sub-06_run-05_trial-04.wav	1	0.1525	0.4525
sub-06	5	4	chuck	sub-06_run-05_trial-04.wav	2	0.4525	0.7725
sub-06	5	4	chuck	sub-06_run-05_trial-04.wav	3	0.7725	1.1325
sub-06	5	4	chuck	sub-06_run-05_trial-04.wav	4	1.1325	1.4725
sub-06	5	4	chuck	sub-06_run-05_trial-04.wav	5	1.5325	1.7925
sub-06	5	4	chuck	sub-06_run-05_trial-04.wav	6	1.8925	2.1125
sub-06	5	4	chuck	sub-06_run-05_trial-04.wav	7	2.1925	2.5125
sub-06	5	4	chuck	sub-06_run-05_trial-04.wav	8	2.5925	2.8525
sub-06	5	4	chuck	sub-06_run-05_trial-04.wav	9	2.8925	3.1725
sub-06	5	4	chuck	sub-06_run-05_trial-04.wav	10	3.2325	3.4925
sub-06	5	4	chuck	sub-06_run-05_trial-04.wav	11	3.5525	3.6925
sub-06	5	4	chuck	sub-06_run-05_trial-04.wav	12	3.7725	4.5325
sub-06	5	5	ti	sub-06_run-05_trial-05.wav	1	0.2525	0.4725
sub-06	5	5	ti	sub-06_run-05_trial-05.wav	2	0.5325	0.6925
sub-06	5	5	ti	sub-06_run-05_trial-05.wav	3	0.7925	0.9725
sub-06	5	5	ti	sub-06_run-05_trial-05.wav	4	0.9725	1.1725
sub-06	5	5	ti	sub-06_run-05_trial-05.wav	5	1.1725	1.3525
sub-06	5	5	ti	sub-06_run-05_trial-05.wav	6	1.4125	1.5925
sub-06	5	5	ti	sub-06_run-05_trial-05.wav	7	1.5925	1.7725
sub-06	5	5	ti	sub-06_run-05_trial-05.wav	8	1.8325	1.9725
sub-06	5	5	ti	sub-06_run-05_trial-05.wav	9	2.0325	2.2125
sub-06	5	5	ti	sub-06_run-05_trial-05.wav	10	2.2125	2.3725
sub-06	5	5	ti	sub-06_run-05_trial-05.wav	11	2.3725	2.5325
sub-06	5	5	ti	sub-06_run-05_trial-05.wav	12	2.5925	2.7525
sub-06	5	5	ti	sub-06_run-05_trial-05.wav	13	2.8325	2.9325
sub-06	5	5	ti	sub-06_run-05_trial-05.wav	14	2.9925	3.1525
sub-06	5	5	ti	sub-06_run-05_trial-05.wav	15	3.2125	3.3325
sub-06	5	5	ti	sub-06_run-05_trial-05.wav	16	3.3925	3.5125
sub-06	5	5	ti	sub-06_run-05_trial-05.wav	17	3.6125	3.7325
sub-06	5	5	ti	sub-06_run-05_trial-05.wav	18	3.8125	3.9125
sub-06	5	5	ti	sub-06_run-05_trial-05.wav	19	4.0125	4.1325
sub-06	5	5	ti	sub-06_run-05_trial-05.wav	20	4.1925	4.3325
sub-06	5	5	ti	sub-06_run-05_trial-05.wav	21	4.3325	4.5125
sub-06	5	6	mih	sub-06_run-05_trial-06.wav	1	0.2725	0.6525
sub-06	5	6	mih	sub-06_run-05_trial-06.wav	2	0.6525	1.0325
sub-06	5	6	mih	sub-06_run-05_trial-06.wav	3	1.0325	1.3525
sub-06	5	6	mih	sub-06_run-05_trial-06.wav	4	1.3525	1.6925
sub-06	5	6	mih	sub-06_run-05_trial-06.wav	5	1.6925	2.1125
sub-06	5	6	mih	sub-06_run-05_trial-06.wav	6	2.1125	2.4125
sub-06	5	6	mih	sub-06_run-05_trial-06.wav	7	2.4125	2.8525
sub-06	5	6	mih	sub-06_run-05_trial-06.wav	8	2.8525	3.2725
sub-06	5	6	mih	sub-06_run-05_trial-06.wav	9	3.2725	3.5525
sub-06	5	6	mih	sub-06_run-05_trial-06.wav	10	3.5525	3.7325
sub-06	5	6	mih	sub-06_run-05_trial-06.wav	11	3.7325	3.9125
sub-06	5	6	mih	sub-06_run-05_trial-06.wav	12	3.9125	4.1125
sub-06	5	6	mih	sub-06_run-05_trial-06.wav	13	4.1125	4.3125
sub-06	5	6	mih	sub-06_run-05_trial-06.wav	14	4.3125	4.5125
sub-06	5	7	a	sub-06_run-05_trial-07.wav	1	0.0925	0.2925
sub-06	5	7	a	sub-06_run-05_trial-07.wav	2	0.2925	0.5525
sub-06	5	7	a	sub-06_run-05_trial-07.wav	3	0.5525	0.8125
sub-06	5	7	a	sub-06_run-05_trial-07.wav	4	0.8125	1.0725
sub-06	5	7	a	sub-06_run-05_trial-07.wav	5	1.1325	1.3725
sub-06	5	7	a	sub-06_run-05_trial-07.wav	6	1.4125	1.6125
sub-06	5	7	a	sub-06_run-05_trial-07.wav	7	1.6125	1.8125
sub-06	5	7	a	sub-06_run-05_trial-07.wav	8	1.8125	2.0925
sub-06	5	7	a	sub-06_run-05_trial-07.wav	9	2.0925	2.2925
sub-06	5	7	a	sub-06_run-05_trial-07.wav	10	2.2925	2.5525
sub-06	5	7	a	sub-06_run-05_trial-07.wav	11	2.5525	2.7325
sub-06	5	7	a	sub-06_run-05_trial-07.wav	12	2.7325	2.8925
sub-06	5	7	a	sub-06_run-05_trial-07.wav	13	2.8925	3.1925
sub-06	5	7	a	sub-06_run-05_trial-07.wav	14	3.1925	3.3925
sub-06	5	7	a	sub-06_run-05_trial-07.wav	15	3.3925	3.6525
sub-06	5	7	a	sub-06_run-05_trial-07.wav	16	3.6525	3.8725
sub-06	5	7	a	sub-06_run-05_trial-07.wav	17	3.8725	4.0725
sub-06	5	7	a	sub-06_run-05_trial-07.wav	18	4.0725	4.2925
sub-06	5	7	a	sub-06_run-05_trial-07.wav	19	4.2925	4.4525
sub-06	5	8	through	sub-06_run-05_trial-08.wav	1	0.1525	0.5325
sub-06	5	8	through	sub-06_run-05_trial-08.wav	2	0.5325	0.8925
sub-06	5	8	through	sub-06_run-05_trial-08.wav	3	0.8925	1.2525
sub-06	5	8	through	sub-06_run-05_trial-08.wav	4	1.2525	1.6525
sub-06	5	8	through	sub-06_run-05_trial-08.wav	5	1.6525	2.0325
sub-06	5	8	through	sub-06_run-05_trial-08.wav	6	2.0325	2.4125
sub-06	5	8	through	sub-06_run-05_trial-08.wav	7	2.4125	2.8125
sub-06	5	8	through	sub-06_run-05_trial-08.wav	8	2.8125	3.2325
sub-06	5	8	through	sub-06_run-05_trial-08.wav	9	3.2325	3.6525
sub-06	5	8	through	sub-06_run-05_trial-08.wav	10	3.6525	4.0725
sub-06	5	8	through	sub-06_run-05_trial-08.wav	11	4.0725	4.4925
sub-06	5	9	pi	sub-06_run-05_trial-09.wav	1	0.0725	0.2925
sub-06	5	9	pi	sub-06_run-05_trial-09.wav	2	0.3325	0.5125
sub-06	5	9	pi	sub-06_run-05_trial-09.wav	3	0.5925	0.8125
sub-06	5	9	pi	sub-06_run-05_trial-09.wav	4	0.8925	1.0725
sub-06	5	9	pi	sub-06_run-05_trial-09.wav	5	1.1325	1.3325
sub-06	5	9	pi	sub-06_run-05_trial-09.wav	6	1.4125	1.5725
sub-06	5	9	pi	sub-06_run-05_trial-09.wav	7	1.6525	1.7925
sub-06	5	9	pi	sub-06_run-05_trial-09.wav	8	1.8725	2.0125
sub-06	5	9	pi	sub-06_run-05_trial-09.wav	9	2.0925	2.2725
sub-06	5	9	pi	sub-06_run-05_trial-09.wav	10	2.3525	2.4725
sub-06	5	9	pi	sub-06_run-05_trial-09.wav	11	2.5125	2.6325
sub-06	5	9	pi	sub-06_run-05_trial-09.wav	12	2.6725	2.7725
sub-06	5	9	pi	sub-06_run-05_trial-09.wav	13	2.8325	2.9525
sub-06	5	9	pi	sub-06_run-05_trial-09.wav	14	3.0125	3.1325
sub-06	5	9	pi	sub-06_run-05_trial-09.wav	15	3.1925	3.3125
sub-06	5	9	pi	sub-06_run-05_trial-09.wav	16	3.3725	3.4925
sub-06	5	9	pi	sub-06_run-05_trial-09.wav	17	3.4925	3.6725
sub-06	5	9	pi	sub-06_run-05_trial-09.wav	18	3.7125	3.8125
sub-06	5	9	pi	sub-06_run-05_trial-09.wav	19	3.8725	3.9725
sub-06	5	9	pi	sub-06_run-05_trial-09.wav	20	4.0525	4.1525
sub-06	5	9	pi	sub-06_run-05_trial-09.wav	21	4.2325	4.4125
sub-06	5	10	the	sub-06_run-05_trial-10.wav	1	0.0725	0.2925
sub-06	5	10	the	sub-06_run-05_trial-10.wav	2	0.2925	0.4125
sub-06	5	10	the	sub-06_run-05_trial-10.wav	3	0.4925	0.7325
sub-06	5	10	the	sub-06_run-05_trial-10.wav	4	0.7325	0.9325
sub-06	5	10	the	sub-06_run-05_trial-10.wav	5	0.9325	1.1325
sub-06	5	10	the	sub-06_run-05_trial-10.wav	6	1.1325	1.2525
sub-06	5	10	the	sub-06_run-05_trial-10.wav	7	1.2525	1.4325
sub-06	5	10	the	sub-06_run-05_trial-10.wav	8	1.5125	1.6925
sub-06	5	10	the	sub-06_run-05_trial-10.wav	9	1.6925	1.7925
sub-06	5	10	the	sub-06_run-05_trial-10.wav	10	1.8525	1.9725
sub-06	5	10	the	sub-06_run-05_trial-10.wav	11	1.9725	2.3125
sub-06	5	10	the	sub-06_run-05_trial-10.wav	12	2.3925	2.5125
sub-06	5	10	the	sub-06_run-05_trial-10.wav	13	2.5925	2.6925
sub-06	5	10	the	sub-06_run-05_trial-10.wav	14	2.6925	2.8925
sub-06	5	10	the	sub-06_run-05_trial-10.wav	15	2.8925	3.1725
sub-06	5	10	the	sub-06_run-05_trial-10.wav	16	3.1725	3.4525
sub-06	5	10	the	sub-06_run-05_trial-10.wav	17	3.4525	3.5725
sub-06	5	10	the	sub-06_run-05_trial-10.wav	18	3.6525	3.7325
sub-06	5	10	the	sub-06_run-05_trial-10.wav	19	3.8125	3.9925
sub-06	5	10	the	sub-06_run-05_trial-10.wav	20	3.9925	4.0925
sub-06	5	10	the	sub-06_run-05_trial-10.wav	21	4.1925	4.3725
sub-06	5	10	the	sub-06_run-05_trial-10.wav	22	4.3725	4.4925
sub-06	5	10	the	sub-06_run-05_trial-10.wav	23	4.4925	4.6125
sub-06	5	11	juh	sub-06_run-05_trial-11.wav	1	0.2325	0.5325
sub-06	5	11	juh	sub-06_run-05_trial-11.wav	2	0.6525	0.9525
sub-06	5	11	juh	sub-06_run-05_trial-11.wav	3	1.0725	1.3925
sub-06	5	11	juh	sub-06_run-05_trial-11.wav	4	1.5325	1.8925
sub-06	5	11	juh	sub-06_run-05_trial-11.wav	5	1.9925	2.3325
sub-06	5	11	juh	sub-06_run-05_trial-11.wav	6	2.4525	2.7925
sub-06	5	11	juh	sub-06_run-05_trial-11.wav	7	2.9125	3.2725
sub-06	5	11	juh	sub-06_run-05_trial-11.wav	8	3.3725	3.7125
sub-06	5	11	juh	sub-06_run-05_trial-11.wav	9	3.8325	4.1725
sub-06	5	11	juh	sub-06_run-05_trial-11.wav	10	4.2925	4.5125
sub-06	5	12	airy	sub-06_run-05_trial-12.wav	1	0.2125	0.4925
sub-06	5	12	airy	sub-06_run-05_trial-12.wav	2	0.4925	0.7525
sub-06	5	12	airy	sub-06_run-05_trial-12.wav	3	0.8325	1.0325
sub-06	5	12	airy	sub-06_run-05_trial-12.wav	4	1.0325	1.2925
sub-06	5	12	airy	sub-06_run-05_trial-12.wav	5	1.3525	1.5525
sub-06	5	12	airy	sub-06_run-05_trial-12.wav	6	1.5525	1.8125
sub-06	5	12	airy	sub-06_run-05_trial-12.wav	7	1.8725	2.0525
sub-06	5	12	airy	sub-06_run-05_trial-12.wav	8	2.0525	2.3525
sub-06	5	12	airy	sub-06_run-05_trial-12.wav	9	2.3525	2.5725
sub-06	5	12	airy	sub-06_run-05_trial-12.wav	10	2.5725	2.8325
sub-06	5	12	airy	sub-06_run-05_trial-12.wav	11	2.9125	3.0925
sub-06	5	12	airy	sub-06_run-05_trial-12.wav	12	3.0925	3.3525
sub-06	5	12	airy	sub-06_run-05_trial-12.wav	13	3.4325	3.6325
sub-06	5	12	airy	sub-06_run-05_trial-12.wav	14	3.6325	3.8725
sub-06	5	12	airy	sub-06_run-05_trial-12.wav	15	3.9325	4.1525
sub-06	5	12	airy	sub-06_run-05_trial-12.wav	16	4.1525	4.3925
sub-06	5	13	pro	sub-06_run-05_trial-13.wav	1	0.1925	0.5125
sub-06	5	13	pro	sub-06_run-05_trial-13.wav	2	0.5925	0.9125
sub-06	5	13	pro	sub-06_run-05_trial-13.wav	3	0.9925	1.3125
sub-06	5	13	pro	sub-06_run-05_trial-13.wav	4	1.3925	1.6925
sub-06	5	13	pro	sub-06_run-05_trial-13.wav	5	1.7925	2.1325
sub-06	5	13	pro	sub-06_run-05_trial-13.wav	6	2.2125	2.4925
sub-06	5	13	pro	sub-06_run-05_trial-13.wav	7	2.5725	2.9325
sub-06	5	13	pro	sub-06_run-05_trial-13.wav	8	2.9325	3.2725
sub-06	5	13	pro	sub-06_run-05_trial-13.wav	9	3.3725	3.6125
sub-06	5	13	pro	sub-06_run-05_trial-13.wav	10	3.6125	3.7725
sub-06	5	13	pro	sub-06_run-05_trial-13.wav	11	3.8525	3.9725
sub-06	5	13	pro	sub-06_run-05_trial-13.wav	12	4.0325	4.3725
sub-06	5	14	if	sub-06_run-05_trial-14.wav	1	0.1325	0.2725
sub-06	5	14	if	sub-06_run-05_trial-14.wav	2	0.2725	0.3925
sub-06	5	14	if	sub-06_run-05_trial-14.wav	3	0.3925	0.5525
sub-06	5	14	if	sub-06_run-05_trial-14.wav	4	0.5525	0.9925
sub-06	5	14	if	sub-06_run-05_trial-14.wav	5	1.0725	1.3325
sub-06	5	14	if	sub-06_run-05_trial-14.wav	6	1.3325	1.5125
sub-06	5	14	if	sub-06_run-05_trial-14.wav	7	1.5925	1.9725
sub-06	5	14	if	sub-06_run-05_trial-14.wav	8	1.9725	2.1325
sub-06	5	14	if	sub-06_run-05_trial-14.wav	9	2.1325	2.2325
sub-06	5	14	if	sub-06_run-05_trial-14.wav	10	2.3325	2.4525
sub-06	5	14	if	sub-06_run-05_trial-14.wav	11	2.4525	2.5725
sub-06	5	14	if	sub-06_run-05_trial-14.wav	12	2.5725	2.9125
sub-06	5	14	if	sub-06_run-05_trial-14.wav	13	2.9125	3.2125
sub-06	5	14	if	sub-06_run-05_trial-14.wav	14	3.2125	3.4125
sub-06	5	14	if	sub-06_run-05_trial-14.wav	15	3.4125	3.5925
sub-06	5	14	if	sub-06_run-05_trial-14.wav	16	3.6725	3.9925
sub-06	5	14	if	sub-06_run-05_trial-14.wav	17	4.0525	4.3925
sub-06	5	15	throne	sub-06_run-05_trial-15.wav	1	0.3325	0.6925
sub-06	5	15	throne	sub-06_run-05_trial-15.wav	2	0.6925	1.2325
sub-06	5	15	throne	sub-06_run-05_trial-15.wav	3	1.2325	1.6125
sub-06	5	15	throne	sub-06_run-05_trial-15.wav	4	1.6125	1.6925
sub-06	5	15	throne	sub-06_run-05_trial-15.wav	5	1.6925	2.0925
sub-06	5	15	throne	sub-06_run-05_trial-15.wav	6	2.0925	2.5525
sub-06	5	15	throne	sub-06_run-05_trial-15.wav	7	2.5525	3.0125
sub-06	5	15	throne	sub-06_run-05_trial-15.wav	8	3.0125	3.4725
sub-06	5	15	throne	sub-06_run-05_trial-15.wav	9	3.4725	3.9725
sub-06	5	15	throne	sub-06_run-05_trial-15.wav	10	3.9725	4.4125
sub-06	5	16	picked	sub-06_run-05_trial-16.wav	1	0.1725	0.3725
sub-06	5	16	picked	sub-06_run-05_trial-16.wav	2	0.4725	0.5525
sub-06	5	16	picked	sub-06_run-05_trial-16.wav	3	0.6525	1.0525
sub-06	5	16	picked	sub-06_run-05_trial-16.wav	4	1.1325	1.5125
sub-06	5	16	picked	sub-06_run-05_trial-16.wav	5	1.6125	1.9725
sub-06	5	16	picked	sub-06_run-05_trial-16.wav	6	2.0525	2.4125
sub-06	5	16	picked	sub-06_run-05_trial-16.wav	7	2.5125	2.8525
sub-06	5	16	picked	sub-06_run-05_trial-16.wav	8	2.9325	3.2925
sub-06	5	16	picked	sub-06_run-05_trial-16.wav	9	3.3925	3.7925
sub-06	5	16	picked	sub-06_run-05_trial-16.wav	10	3.8925	4.2325
sub-06	5	17	day	sub-06_run-05_trial-17.wav	1	0.0125	0.2325
sub-06	5	17	day	sub-06_run-05_trial-17.wav	2	0.2925	0.4925
sub-06	5	17	day	sub-06_run-05_trial-17.wav	3	0.5725	0.8125
sub-06	5	17	day	sub-06_run-05_trial-17.wav	4	0.8925	1.0925
sub-06	5	17	day	sub-06_run-05_trial-17.wav	5	1.1925	1.3925
sub-06	5	17	day	sub-06_run-05_trial-17.wav	6	1.4725	1.5925
sub-06	5	17	day	sub-06_run-05_trial-17.wav	7	1.6325	1.7525
sub-06	5	17	day	sub-06_run-05_trial-17.wav	8	1.7525	1.9725
sub-06	5	17	day	sub-06_run-05_trial-17.wav	9	2.0325	2.2125
sub-06	5	17	day	sub-06_run-05_trial-17.wav	10	2.2125	2.3725
sub-06	5	17	day	sub-06_run-05_trial-17.wav	11	2.3725	2.5325
sub-06	5	17	day	sub-06_run-05_trial-17.wav	12	2.5325	2.6925
sub-06	5	17	day	sub-06_run-05_trial-17.wav	13	2.7725	2.8925
sub-06	5	17	day	sub-06_run-05_trial-17.wav	14	2.9925	3.2125
sub-06	5	17	day	sub-06_run-05_trial-17.wav	15	3.2725	3.4325
sub-06	5	17	day	sub-06_run-05_trial-17.wav	16	3.5125	3.6325
sub-06	5	17	day	sub-06_run-05_trial-17.wav	17	3.6325	3.8725
sub-06	5	17	day	sub-06_run-05_trial-17.wav	18	3.9525	4.0925
sub-06	5	17	day	sub-06_run-05_trial-17.wav	19	4.1725	4.3125
sub-06	5	17	day	sub-06_run-05_trial-17.wav	20	4.3125	4.5125
sub-06	5	18	peck	sub-06_run-05_trial-18.wav	1	0.2725	0.5925
sub-06	5	18	peck	sub-06_run-05_trial-18.wav	2	0.6525	0.9525
sub-06	5	18	peck	sub-06_run-05_trial-18.wav	3	1.0325	1.3125
sub-06	5	18	peck	sub-06_run-05_trial-18.wav	4	1.3725	1.6325
sub-06	5	18	peck	sub-06_run-05_trial-18.wav	5	1.6925	1.9725
sub-06	5	18	peck	sub-06_run-05_trial-18.wav	6	2.0525	2.3325
sub-06	5	18	peck	sub-06_run-05_trial-18.wav	7	2.4125	2.7125
sub-06	5	18	peck	sub-06_run-05_trial-18.wav	8	2.7925	3.0925
sub-06	5	18	peck	sub-06_run-05_trial-18.wav	9	3.1525	3.4325
sub-06	5	18	peck	sub-06_run-05_trial-18.wav	10	3.4925	3.8125
sub-06	5	18	peck	sub-06_run-05_trial-18.wav	11	3.8725	4.1925
sub-06	5	18	peck	sub-06_run-05_trial-18.wav	12	4.2725	4.5925
sub-06	5	19	ter	sub-06_run-05_trial-19.wav	1	0.2525	0.5325
sub-06	5	19	ter	sub-06_run-05_trial-19.wav	2	0.6125	0.9325
sub-06	5	19	ter	sub-06_run-05_trial-19.wav	3	1.0125	1.2925
sub-06	5	19	ter	sub-06_run-05_trial-19.wav	4	1.3925	1.7125
sub-06	5	19	ter	sub-06_run-05_trial-19.wav	5	1.7925	2.1325
sub-06	5	19	ter	sub-06_run-05_trial-19.wav	6	2.1925	2.5125
sub-06	5	19	ter	sub-06_run-05_trial-19.wav	7	2.5925	2.8525
sub-06	5	19	ter	sub-06_run-05_trial-19.wav	8	2.9125	3.1525
sub-06	5	19	ter	sub-06_run-05_trial-19.wav	9	3.1925	3.4125
sub-06	5	19	ter	sub-06_run-05_trial-19.wav	10	3.4125	3.5725
sub-06	5	19	ter	sub-06_run-05_trial-19.wav	11	3.6325	3.7725
sub-06	5	19	ter	sub-06_run-05_trial-19.wav	12	3.8325	3.9525
sub-06	5	19	ter	sub-06_run-05_trial-19.wav	13	3.9925	4.1325
sub-06	5	19	ter	sub-06_run-05_trial-19.wav	14	4.1325	4.2725
sub-06	5	19	ter	sub-06_run-05_trial-19.wav	15	4.3125	4.4725
sub-06	5	20	thrilled	sub-06_run-05_trial-20.wav	1	0.0925	0.5525
sub-06	5	20	thrilled	sub-06_run-05_trial-20.wav	2	0.5525	0.6925
sub-06	5	20	thrilled	sub-06_run-05_trial-20.wav	3	0.6925	0.9525
sub-06	5	20	thrilled	sub-06_run-05_trial-20.wav	4	1.0125	1.0925
sub-06	5	20	thrilled	sub-06_run-05_trial-20.wav	5	1.0925	1.2325
sub-06	5	20	thrilled	sub-06_run-05_trial-20.wav	6	1.2325	1.5325
sub-06	5	20	thrilled	sub-06_run-05_trial-20.wav	7	1.5325	1.6525
sub-06	5	20	thrilled	sub-06_run-05_trial-20.wav	8	1.6525	1.7725
sub-06	5	20	thrilled	sub-06_run-05_trial-20.wav	9	1.7725	2.0725
sub-06	5	20	thrilled	sub-06_run-05_trial-20.wav	10	2.0725	2.2125
sub-06	5	20	thrilled	sub-06_run-05_trial-20.wav	11	2.2125	2.3325
sub-06	5	20	thrilled	sub-06_run-05_trial-20.wav	12	2.3325	2.6525
sub-06	5	20	thrilled	sub-06_run-05_trial-20.wav	13	2.6525	2.7525
sub-06	5	20	thrilled	sub-06_run-05_trial-20.wav	14	2.7525	2.9125
sub-06	5	20	thrilled	sub-06_run-05_trial-20.wav	15	2.9125	3.0725
sub-06	5	20	thrilled	sub-06_run-05_trial-20.wav	16	3.0725	3.2125
sub-06	5	20	thrilled	sub-06_run-05_trial-20.wav	17	3.2125	3.3725
sub-06	5	20	thrilled	sub-06_run-05_trial-20.wav	18	3.3725	3.5125
sub-06	5	20	thrilled	sub-06_run-05_trial-20.wav	19	3.5125	3.6525
sub-06	5	20	thrilled	sub-06_run-05_trial-20.wav	20	3.6525	3.7925
sub-06	5	20	thrilled	sub-06_run-05_trial-20.wav	21	3.8525	3.9525
sub-06	5	20	thrilled	sub-06_run-05_trial-20.wav	22	3.9525	4.0925
sub-06	5	20	thrilled	sub-06_run-05_trial-20.wav	23	4.0925	4.4525
sub-06	5	21	less	sub-06_run-05_trial-21.wav	1	0.1925	0.6325
sub-06	5	21	less	sub-06_run-05_trial-21.wav	2	0.6325	1.0125
sub-06	5	21	less	sub-06_run-05_trial-21.wav	3	1.0125	1.4125
sub-06	5	21	less	sub-06_run-05_trial-21.wav	4	1.4125	1.7925
sub-06	5	21	less	sub-06_run-05_trial-21.wav	5	1.7925	2.1325
sub-06	5	21	less	sub-06_run-05_trial-21.wav	6	2.1325	2.3925
sub-06	5	21	less	sub-06_run-05_trial-21.wav	7	2.3925	2.4925
sub-06	5	21	less	sub-06_run-05_trial-21.wav	8	2.4925	2.8125
sub-06	5	21	less	sub-06_run-05_trial-21.wav	9	2.8125	3.1525
sub-06	5	21	less	sub-06_run-05_trial-21.wav	10	3.1525	3.4725
sub-06	5	21	less	sub-06_run-05_trial-21.wav	11	3.4725	3.8125
sub-06	5	21	less	sub-06_run-05_trial-21.wav	12	3.8125	4.0525
sub-06	5	21	less	sub-06_run-05_trial-21.wav	13	4.0525	4.1525
sub-06	5	21	less	sub-06_run-05_trial-21.wav	14	4.1525	4.5125
sub-06	5	22	per	sub-06_run-05_trial-22.wav	1	0.2925	0.5125
sub-06	5	22	per	sub-06_run-05_trial-22.wav	2	0.5925	0.7925
sub-06	5	22	per	sub-06_run-05_trial-22.wav	3	0.8725	1.0525
sub-06	5	22	per	sub-06_run-05_trial-22.wav	4	1.1125	1.3125
sub-06	5	22	per	sub-06_run-05_trial-22.wav	5	1.3725	1.5325
sub-06	5	22	per	sub-06_run-05_trial-22.wav	6	1.5925	1.6925
sub-06	5	22	per	sub-06_run-05_trial-22.wav	7	1.7525	1.8325
sub-06	5	22	per	sub-06_run-05_trial-22.wav	8	1.8925	2.0125
sub-06	5	22	per	sub-06_run-05_trial-22.wav	9	2.0925	2.2925
sub-06	5	22	per	sub-06_run-05_trial-22.wav	10	2.3525	2.5125
sub-06	5	22	per	sub-06_run-05_trial-22.wav	11	2.5725	2.6725
sub-06	5	22	per	sub-06_run-05_trial-22.wav	12	2.7325	2.8725
sub-06	5	22	per	sub-06_run-05_trial-22.wav	13	2.9525	3.1925
sub-06	5	22	per	sub-06_run-05_trial-22.wav	14	3.2325	3.4125
sub-06	5	22	per	sub-06_run-05_trial-22.wav	15	3.4725	3.5925
sub-06	5	22	per	sub-06_run-05_trial-22.wav	16	3.6725	3.7725
sub-06	5	22	per	sub-06_run-05_trial-22.wav	17	3.8525	3.9725
sub-06	5	22	per	sub-06_run-05_trial-22.wav	18	4.0525	4.1725
sub-06	5	22	per	sub-06_run-05_trial-22.wav	19	4.2325	4.3725
sub-06	5	22	per	sub-06_run-05_trial-22.wav	20	4.4325	4.5525
sub-06	5	23	ver	sub-06_run-05_trial-23.wav	1	0.1525	0.3325
sub-06	5	23	ver	sub-06_run-05_trial-23.wav	2	0.3325	0.5325
sub-06	5	23	ver	sub-06_run-05_trial-23.wav	3	0.5325	0.8125
sub-06	5	23	ver	sub-06_run-05_trial-23.wav	4	0.8725	1.0525
sub-06	5	23	ver	sub-06_run-05_trial-23.wav	5	1.0525	1.2325
sub-06	5	23	ver	sub-06_run-05_trial-23.wav	6	1.2325	1.3925
sub-06	5	23	ver	sub-06_run-05_trial-23.wav	7	1.3925	1.5725
sub-06	5	23	ver	sub-06_run-05_trial-23.wav	8	1.5725	1.7325
sub-06	5	23	ver	sub-06_run-05_trial-23.wav	9	1.7325	1.8925
sub-06	5	23	ver	sub-06_run-05_trial-23.wav	10	1.8925	2.0925
sub-06	5	23	ver	sub-06_run-05_trial-23.wav	11	2.0925	2.2725
sub-06	5	23	ver	sub-06_run-05_trial-23.wav	12	2.2725	2.4325
sub-06	5	23	ver	sub-06_run-05_trial-23.wav	13	2.4325	2.6125
sub-06	5	23	ver	sub-06_run-05_trial-23.wav	14	2.6125	2.8525
sub-06	5	23	ver	sub-06_run-05_trial-23.wav	15	2.8525	2.9925
sub-06	5	23	ver	sub-06_run-05_trial-23.wav	16	3.0525	3.1925
sub-06	5	23	ver	sub-06_run-05_trial-23.wav	17	3.2525	3.3725
sub-06	5	23	ver	sub-06_run-05_trial-23.wav	18	3.3725	3.6125
sub-06	5	23	ver	sub-06_run-05_trial-23.wav	19	3.6125	3.7925
sub-06	5	23	ver	sub-06_run-05_trial-23.wav	20	3.7925	3.9725
sub-06	5	23	ver	sub-06_run-05_trial-23.wav	21	3.9725	4.1725
sub-06	5	23	ver	sub-06_run-05_trial-23.wav	22	4.1725	4.3325
sub-06	5	23	ver	sub-06_run-05_trial-23.wav	23	4.3325	4.5325
sub-06	5	24	per	sub-06_run-05_trial-24.wav	1	0.0125	0.1925
sub-06	5	24	per	sub-06_run-05_trial-24.wav	2	0.2525	0.3525
sub-06	5	24	per	sub-06_run-05_trial-24.wav	3	0.4125	0.4925
sub-06	5	24	per	sub-06_run-05_trial-24.wav	4	0.5725	0.6725
sub-06	5	24	per	sub-06_run-05_trial-24.wav	5	0.7525	0.8525
sub-06	5	24	per	sub-06_run-05_trial-24.wav	6	0.9325	1.0525
sub-06	5	24	per	sub-06_run-05_trial-24.wav	7	1.1325	1.2125
sub-06	5	24	per	sub-06_run-05_trial-24.wav	8	1.3125	1.3925
sub-06	5	24	per	sub-06_run-05_trial-24.wav	9	1.4725	1.5725
sub-06	5	24	per	sub-06_run-05_trial-24.wav	10	1.6325	1.7325
sub-06	5	24	per	sub-06_run-05_trial-24.wav	11	1.8125	1.9325
sub-06	5	24	per	sub-06_run-05_trial-24.wav	12	2.0325	2.1925
sub-06	5	24	per	sub-06_run-05_trial-24.wav	13	2.1925	2.3925
sub-06	5	24	per	sub-06_run-05_trial-24.wav	14	2.4725	2.5925
sub-06	5	24	per	sub-06_run-05_trial-24.wav	15	2.6725	2.7925
sub-06	5	24	per	sub-06_run-05_trial-24.wav	16	2.8725	3.0925
sub-06	5	24	per	sub-06_run-05_trial-24.wav	17	3.1525	3.2925
sub-06	5	24	per	sub-06_run-05_trial-24.wav	18	3.3925	3.4725
sub-06	5	24	per	sub-06_run-05_trial-24.wav	19	3.5525	3.7325
sub-06	5	24	per	sub-06_run-05_trial-24.wav	20	3.8125	3.9325
sub-06	5	24	per	sub-06_run-05_trial-24.wav	21	4.0125	4.0725
sub-06	5	24	per	sub-06_run-05_trial-24.wav	22	4.1525	4.2325
sub-06	5	24	per	sub-06_run-05_trial-24.wav	23	4.3125	4.4725
sub-06	5	25	three	sub-06_run-05_trial-25.wav	1	0.1525	0.4125
sub-06	5	25	three	sub-06_run-05_trial-25.wav	2	0.4125	0.8125
sub-06	5	25	three	sub-06_run-05_trial-25.wav	3	0.8125	1.0925
sub-06	5	25	three	sub-06_run-05_trial-25.wav	4	1.0925	1.1925
sub-06	5	25	three	sub-06_run-05_trial-25.wav	5	1.1925	1.5325
sub-06	5	25	three	sub-06_run-05_trial-25.wav	6	1.5325	1.8725
sub-06	5	25	three	sub-06_run-05_trial-25.wav	7	1.8725	2.2325
sub-06	5	25	three	sub-06_run-05_trial-25.wav	8	2.2325	2.6125
sub-06	5	25	three	sub-06_run-05_trial-25.wav	9	2.6125	2.9525
sub-06	5	25	three	sub-06_run-05_trial-25.wav	10	2.9525	3.1725
sub-06	5	25	three	sub-06_run-05_trial-25.wav	11	3.1725	3.3125
sub-06	5	25	three	sub-06_run-05_trial-25.wav	12	3.3125	3.5525
sub-06	5	25	three	sub-06_run-05_trial-25.wav	13	3.5525	3.6525
sub-06	5	25	three	sub-06_run-05_trial-25.wav	14	3.6525	3.9725
sub-06	5	25	three	sub-06_run-05_trial-25.wav	15	3.9725	4.1725
sub-06	5	25	three	sub-06_run-05_trial-25.wav	16	4.1725	4.2925
sub-06	5	25	three	sub-06_run-05_trial-25.wav	17	4.2925	4.4525
sub-06	5	26	fee	sub-06_run-05_trial-26.wav	1	0.2725	0.6325
sub-06	5	26	fee	sub-06_run-05_trial-26.wav	2	0.6325	0.9325
sub-06	5	26	fee	sub-06_run-05_trial-26.wav	3	0.9325	1.2925
sub-06	5	26	fee	sub-06_run-05_trial-26.wav	4	1.2925	1.5925
sub-06	5	26	fee	sub-06_run-05_trial-26.wav	5	1.5925	1.9125
sub-06	5	26	fee	sub-06_run-05_trial-26.wav	6	1.9125	2.1725
sub-06	5	26	fee	sub-06_run-05_trial-26.wav	7	2.1725	2.4525
sub-06	5	26	fee	sub-06_run-05_trial-26.wav	8	2.4525	2.7925
sub-06	5	26	fee	sub-06_run-05_trial-26.wav	9	2.7925	3.1325
sub-06	5	26	fee	sub-06_run-05_trial-26.wav	10	3.1325	3.4125
sub-06	5	26	fee	sub-06_run-05_trial-26.wav	11	3.4125	3.6925
sub-06	5	26	fee	sub-06_run-05_trial-26.wav	12	3.6925	4.0325
sub-06	5	26	fee	sub-06_run-05_trial-26.wav	13	4.0325	4.3925
sub-06	5	27	naw	sub-06_run-05_trial-27.wav	1	0.0925	0.4725
sub-06	5	27	naw	sub-06_run-05_trial-27.wav	2	0.4725	0.8725
sub-06	5	27	naw	sub-06_run-05_trial-27.wav	3	0.8725	1.1925
sub-06	5	27	naw	sub-06_run-05_trial-27.wav	4	1.1925	1.5925
sub-06	5	27	naw	sub-06_run-05_trial-27.wav	5	1.5925	1.9925
sub-06	5	27	naw	sub-06_run-05_trial-27.wav	6	1.9925	2.3925
sub-06	5	27	naw	sub-06_run-05_trial-27.wav	7	2.4725	2.8325
sub-06	5	27	naw	sub-06_run-05_trial-27.wav	8	2.8325	3.1725
sub-06	5	27	naw	sub-06_run-05_trial-27.wav	9	3.1725	3.4525
sub-06	5	27	naw	sub-06_run-05_trial-27.wav	10	3.4525	3.6125
sub-06	5	27	naw	sub-06_run-05_trial-27.wav	11	3.6125	3.8925
sub-06	5	27	naw	sub-06_run-05_trial-27.wav	12	3.8925	4.1125
sub-06	5	27	naw	sub-06_run-05_trial-27.wav	13	4.1125	4.2725
sub-06	5	27	naw	sub-06_run-05_trial-27.wav	14	4.2725	4.4525
sub-06	5	28	ser	sub-06_run-05_trial-28.wav	1	0.1325	0.4125
sub-06	5	28	ser	sub-06_run-05_trial-28.wav	2	0.4125	0.7325
sub-06	5	28	ser	sub-06_run-05_trial-28.wav	3	0.7325	1.0525
sub-06	5	28	ser	sub-06_run-05_trial-28.wav	4	1.0525	1.3325
sub-06	5	28	ser	sub-06_run-05_trial-28.wav	5	1.3325	1.6525
sub-06	5	28	ser	sub-06_run-05_trial-28.wav	6	1.6525	1.9325
sub-06	5	28	ser	sub-06_run-05_trial-28.wav	7	1.9325	2.1525
sub-06	5	28	ser	sub-06_run-05_trial-28.wav	8	2.1525	2.4325
sub-06	5	28	ser	sub-06_run-05_trial-28.wav	9	2.4325	2.6925
sub-06	5	28	ser	sub-06_run-05_trial-28.wav	10	2.6925	2.9525
sub-06	5	28	ser	sub-06_run-05_trial-28.wav	11	2.9525	3.1925
sub-06	5	28	ser	sub-06_run-05_trial-28.wav	12	3.1925	3.3925
sub-06	5	28	ser	sub-06_run-05_trial-28.wav	13	3.3925	3.6325
sub-06	5	28	ser	sub-06_run-05_trial-28.wav	14	3.6325	3.9125
sub-06	5	28	ser	sub-06_run-05_trial-28.wav	15	3.9125	4.1725
sub-06	5	28	ser	sub-06_run-05_trial-28.wav	16	4.1725	4.4725
sub-06	5	29	pot	sub-06_run-05_trial-29.wav	1	0.1925	0.4925
sub-06	5	29	pot	sub-06_run-05_trial-29.wav	2	0.5725	0.8725
sub-06	5	29	pot	sub-06_run-05_trial-29.wav	3	0.9325	1.2325
sub-06	5	29	pot	sub-06_run-05_trial-29.wav	4	1.3125	1.5925
sub-06	5	29	pot	sub-06_run-05_trial-29.wav	5	1.6525	1.9325
sub-06	5	29	pot	sub-06_run-05_trial-29.wav	6	2.0125	2.3325
sub-06	5	29	pot	sub-06_run-05_trial-29.wav	7	2.4125	2.7125
sub-06	5	29	pot	sub-06_run-05_trial-29.wav	8	2.7925	3.0725
sub-06	5	29	pot	sub-06_run-05_trial-29.wav	9	3.1525	3.4325
sub-06	5	29	pot	sub-06_run-05_trial-29.wav	10	3.4925	3.7925
sub-06	5	29	pot	sub-06_run-05_trial-29.wav	11	3.8725	4.1525
sub-06	5	29	pot	sub-06_run-05_trial-29.wav	12	4.2325	4.5325
sub-06	5	29	pot	sub-06_run-05_trial-29.wav	13	4.6325	4.9716
sub-06	5	30	thurs	sub-06_run-05_trial-30.wav	1	0.1125	0.3125
sub-06	5	30	thurs	sub-06_run-05_trial-30.wav	2	0.3125	0.6725
sub-06	5	30	thurs	sub-06_run-05_trial-30.wav	3	0.6725	1.0125
sub-06	5	30	thurs	sub-06_run-05_trial-30.wav	4	1.0125	1.3725
sub-06	5	30	thurs	sub-06_run-05_trial-30.wav	5	1.3725	1.7525
sub-06	5	30	thurs	sub-06_run-05_trial-30.wav	6	1.7525	2.1525
sub-06	5	30	thurs	sub-06_run-05_trial-30.wav	7	2.1525	2.5325
sub-06	5	30	thurs	sub-06_run-05_trial-30.wav	8	2.5325	2.8725
sub-06	5	30	thurs	sub-06_run-05_trial-30.wav	9	2.8725	3.3925
sub-06	5	30	thurs	sub-06_run-05_trial-30.wav	10	3.3925	4.4125
sub-06	5	31	thir	sub-06_run-05_trial-31.wav	1	0.2325	0.6125
sub-06	5	31	thir	sub-06_run-05_trial-31.wav	2	0.6125	1.0125
sub-06	5	31	thir	sub-06_run-05_trial-31.wav	3	1.0125	1.4325
sub-06	5	31	thir	sub-06_run-05_trial-31.wav	4	1.4325	1.7725
sub-06	5	31	thir	sub-06_run-05_trial-31.wav	5	1.7725	2.0725
sub-06	5	31	thir	sub-06_run-05_trial-31.wav	6	2.0725	2.3725
sub-06	5	31	thir	sub-06_run-05_trial-31.wav	7	2.3725	2.6925
sub-06	5	31	thir	sub-06_run-05_trial-31.wav	8	2.6925	3.0125
sub-06	5	31	thir	sub-06_run-05_trial-31.wav	9	3.0125	3.3725
sub-06	5	31	thir	sub-06_run-05_trial-31.wav	10	3.3725	3.6925
sub-06	5	31	thir	sub-06_run-05_trial-31.wav	11	3.6925	4.0725
sub-06	5	31	thir	sub-06_run-05_trial-31.wav	12	4.0725	4.3525
sub-06	5	31	thir	sub-06_run-05_trial-31.wav	13	4.3525	4.5125
sub-06	5	32	thieves	sub-06_run-05_trial-32.wav	1	0.1925	0.4925
sub-06	5	32	thieves	sub-06_run-05_trial-32.wav	2	0.4925	0.6525
sub-06	5	32	thieves	sub-06_run-05_trial-32.wav	3	0.6525	0.8925
sub-06	5	32	thieves	sub-06_run-05_trial-32.wav	4	0.8925	1.3525
sub-06	5	32	thieves	sub-06_run-05_trial-32.wav	5	1.6125	1.8125
sub-06	5	32	thieves	sub-06_run-05_trial-32.wav	6	1.8125	2.1325
sub-06	5	32	thieves	sub-06_run-05_trial-32.wav	7	2.1325	2.3725
sub-06	5	32	thieves	sub-06_run-05_trial-32.wav	8	2.3725	2.7125
sub-06	5	32	thieves	sub-06_run-05_trial-32.wav	9	2.7125	3.1525
sub-06	5	32	thieves	sub-06_run-05_trial-32.wav	10	3.1525	3.6525
sub-06	5	32	thieves	sub-06_run-05_trial-32.wav	11	3.6525	3.7325
sub-06	5	32	thieves	sub-06_run-05_trial-32.wav	12	3.7325	3.9125
sub-06	5	32	thieves	sub-06_run-05_trial-32.wav	13	3.9125	4.1525
sub-06	5	32	thieves	sub-06_run-05_trial-32.wav	14	4.1525	4.2325
sub-06	5	32	thieves	sub-06_run-05_trial-32.wav	15	4.2325	4.6925
sub-06	5	33	ther	sub-06_run-05_trial-33.wav	1	0.1525	0.3925
sub-06	5	33	ther	sub-06_run-05_trial-33.wav	2	0.4725	0.7525
sub-06	5	33	ther	sub-06_run-05_trial-33.wav	3	0.8525	1.0925
sub-06	5	33	ther	sub-06_run-05_trial-33.wav	4	1.1725	1.3525
sub-06	5	33	ther	sub-06_run-05_trial-33.wav	5	1.4725	1.6725
sub-06	5	33	ther	sub-06_run-05_trial-33.wav	6	1.7525	1.9725
sub-06	5	33	ther	sub-06_run-05_trial-33.wav	7	1.9725	2.2725
sub-06	5	33	ther	sub-06_run-05_trial-33.wav	8	2.3325	2.6125
sub-06	5	33	ther	sub-06_run-05_trial-33.wav	9	2.6125	2.8725
sub-06	5	33	ther	sub-06_run-05_trial-33.wav	10	2.9925	3.2125
sub-06	5	33	ther	sub-06_run-05_trial-33.wav	11	3.3325	3.5325
sub-06	5	33	ther	sub-06_run-05_trial-33.wav	12	3.5325	3.8525
sub-06	5	33	ther	sub-06_run-05_trial-33.wav	13	3.9925	4.1525
sub-06	5	33	ther	sub-06_run-05_trial-33.wav	14	4.2525	4.4525
sub-06	5	34	how	sub-06_run-05_trial-34.wav	1	0.2925	0.6925
sub-06	5	34	how	sub-06_run-05_trial-34.wav	2	0.6925	1.0925
sub-06	5	34	how	sub-06_run-05_trial-34.wav	3	1.0925	1.5325
sub-06	5	34	how	sub-06_run-05_trial-34.wav	4	1.5325	1.8925
sub-06	5	34	how	sub-06_run-05_trial-34.wav	5	1.8925	2.2525
sub-06	5	34	how	sub-06_run-05_trial-34.wav	6	2.2525	2.5925
sub-06	5	34	how	sub-06_run-05_trial-34.wav	7	2.5925	2.9325
sub-06	5	34	how	sub-06_run-05_trial-34.wav	8	2.9325	3.5325
sub-06	5	34	how	sub-06_run-05_trial-34.wav	9	3.5725	3.8325
sub-06	5	34	how	sub-06_run-05_trial-34.wav	10	3.8325	4.1325
sub-06	5	34	how	sub-06_run-05_trial-34.wav	11	4.1325	4.3925
sub-06	5	34	how	sub-06_run-05_trial-34.wav	12	4.3925	4.5525
sub-06	5	35	jur	sub-06_run-05_trial-35.wav	1	0.0925	0.3925
sub-06	5	35	jur	sub-06_run-05_trial-35.wav	2	0.3925	0.6525
sub-06	5	35	jur	sub-06_run-05_trial-35.wav	3	0.6525	0.9725
sub-06	5	35	jur	sub-06_run-05_trial-35.wav	4	0.9725	1.2725
sub-06	5	35	jur	sub-06_run-05_trial-35.wav	5	1.2725	1.5525
sub-06	5	35	jur	sub-06_run-05_trial-35.wav	6	1.6125	1.8525
sub-06	5	35	jur	sub-06_run-05_trial-35.wav	7	1.8525	2.0725
sub-06	5	35	jur	sub-06_run-05_trial-35.wav	8	2.0725	2.2125
sub-06	5	35	jur	sub-06_run-05_trial-35.wav	9	2.2725	2.4125
sub-06	5	35	jur	sub-06_run-05_trial-35.wav	10	2.4125	2.5925
sub-06	5	35	jur	sub-06_run-05_trial-35.wav	11	2.5925	2.7525
sub-06	5	35	jur	sub-06_run-05_trial-35.wav	12	2.7525	2.9325
sub-06	5	35	jur	sub-06_run-05_trial-35.wav	13	2.9325	3.1125
sub-06	5	35	jur	sub-06_run-05_trial-35.wav	14	3.1125	3.2925
sub-06	5	35	jur	sub-06_run-05_trial-35.wav	15	3.2925	3.4725
sub-06	5	35	jur	sub-06_run-05_trial-35.wav	16	3.5325	3.6525
sub-06	5	35	jur	sub-06_run-05_trial-35.wav	17	3.7325	3.8725
sub-06	5	35	jur	sub-06_run-05_trial-35.wav	18	3.9325	4.0525
sub-06	5	35	jur	sub-06_run-05_trial-35.wav	19	4.0925	4.2525
sub-06	5	35	jur	sub-06_run-05_trial-35.wav	20	4.3125	4.4525
sub-06	5	36	imah	sub-06_run-05_trial-36.wav	1	0.3525	0.4525
sub-06	5	36	imah	sub-06_run-05_trial-36.wav	2	0.4525	0.7725
sub-06	5	36	imah	sub-06_run-05_trial-36.wav	3	0.7725	0.9325
sub-06	5	36	imah	sub-06_run-05_trial-36.wav	4	0.9325	1.2325
sub-06	5	36	imah	sub-06_run-05_trial-36.wav	5	1.3525	1.7725
sub-06	5	36	imah	sub-06_run-05_trial-36.wav	6	1.7725	2.1725
sub-06	5	36	imah	sub-06_run-05_trial-36.wav	7	2.1725	2.4525
sub-06	5	36	imah	sub-06_run-05_trial-36.wav	8	2.4525	2.5725
sub-06	5	36	imah	sub-06_run-05_trial-36.wav	9	2.5725	2.8325
sub-06	5	36	imah	sub-06_run-05_trial-36.wav	10	2.9325	3.2325
sub-06	5	36	imah	sub-06_run-05_trial-36.wav	11	3.3325	3.7125
sub-06	5	36	imah	sub-06_run-05_trial-36.wav	12	3.7125	3.9725
sub-06	5	36	imah	sub-06_run-05_trial-36.wav	13	3.9725	4.1125
sub-06	5	36	imah	sub-06_run-05_trial-36.wav	14	4.1125	4.3525
sub-06	5	37	would	sub-06_run-05_trial-37.wav	1	0.2525	0.6125
sub-06	5	37	would	sub-06_run-05_trial-37.wav	2	0.6925	1.1725
sub-06	5	37	would	sub-06_run-05_trial-37.wav	3	1.2325	1.6125
sub-06	5	37	would	sub-06_run-05_trial-37.wav	4	1.6125	1.8725
sub-06	5	37	would	sub-06_run-05_trial-37.wav	5	1.9525	2.0525
sub-06	5	37	would	sub-06_run-05_trial-37.wav	6	2.0525	2.3925
sub-06	5	37	would	sub-06_run-05_trial-37.wav	7	2.3925	2.8725
sub-06	5	37	would	sub-06_run-05_trial-37.wav	8	2.8725	3.2525
sub-06	5	37	would	sub-06_run-05_trial-37.wav	9	3.2525	3.6925
sub-06	5	37	would	sub-06_run-05_trial-37.wav	10	3.7725	4.1325
sub-06	5	37	would	sub-06_run-05_trial-37.wav	11	4.1325	4.3525
sub-06	5	38	jin	sub-06_run-05_trial-38.wav	1	0.0525	0.2925
sub-06	5	38	jin	sub-06_run-05_trial-38.wav	2	0.2925	0.5525
sub-06	5	38	jin	sub-06_run-05_trial-38.wav	3	0.5525	0.8125
sub-06	5	38	jin	sub-06_run-05_trial-38.wav	4	0.8125	1.0325
sub-06	5	38	jin	sub-06_run-05_trial-38.wav	5	1.0325	1.2725
sub-06	5	38	jin	sub-06_run-05_trial-38.wav	6	1.2725	1.5525
sub-06	5	38	jin	sub-06_run-05_trial-38.wav	7	1.5525	1.8125
sub-06	5	38	jin	sub-06_run-05_trial-38.wav	8	1.8125	2.0325
sub-06	5	38	jin	sub-06_run-05_trial-38.wav	9	2.0325	2.2725
sub-06	5	38	jin	sub-06_run-05_trial-38.wav	10	2.2725	2.5325
sub-06	5	38	jin	sub-06_run-05_trial-38.wav	11	2.5325	2.7525
sub-06	5	38	jin	sub-06_run-05_trial-38.wav	12	2.7525	3.0125
sub-06	5	38	jin	sub-06_run-05_trial-38.wav	13	3.0125	3.2725
sub-06	5	38	jin	sub-06_run-05_trial-38.wav	14	3.2725	3.5125
sub-06	5	38	jin	sub-06_run-05_trial-38.wav	15	3.5125	3.7325
sub-06	5	38	jin	sub-06_run-05_trial-38.wav	16	3.7325	3.9925
sub-06	5	38	jin	sub-06_run-05_trial-38.wav	17	3.9925	4.2725
sub-06	5	38	jin	sub-06_run-05_trial-38.wav	18	4.2725	4.4525
sub-06	5	39	out	sub-06_run-05_trial-39.wav	1	0.0925	0.3325
sub-06	5	39	out	sub-06_run-05_trial-39.wav	2	0.3325	0.4325
sub-06	5	39	out	sub-06_run-05_trial-39.wav	3	0.4325	0.7325
sub-06	5	39	out	sub-06_run-05_trial-39.wav	4	0.7325	1.0525
sub-06	5	39	out	sub-06_run-05_trial-39.wav	5	1.0525	1.3725
sub-06	5	39	out	sub-06_run-05_trial-39.wav	6	1.3725	1.5525
sub-06	5	39	out	sub-06_run-05_trial-39.wav	7	1.6325	1.8925
sub-06	5	39	out	sub-06_run-05_trial-39.wav	8	1.9525	2.0325
sub-06	5	39	out	sub-06_run-05_trial-39.wav	9	2.0325	2.1925
sub-06	5	39	out	sub-06_run-05_trial-39.wav	10	2.2725	2.3325
sub-06	5	39	out	sub-06_run-05_trial-39.wav	11	2.3725	2.5725
sub-06	5	39	out	sub-06_run-05_trial-39.wav	12	2.6325	2.7325
sub-06	5	39	out	sub-06_run-05_trial-39.wav	13	2.7325	2.8725
sub-06	5	39	out	sub-06_run-05_trial-39.wav	14	2.9725	3.0525
sub-06	5	39	out	sub-06_run-05_trial-39.wav	15	3.0925	3.2525
sub-06	5	39	out	sub-06_run-05_trial-39.wav	16	3.3325	3.4125
sub-06	5	39	out	sub-06_run-05_trial-39.wav	17	3.4725	3.6125
sub-06	5	39	out	sub-06_run-05_trial-39.wav	18	3.6925	3.7925
sub-06	5	39	out	sub-06_run-05_trial-39.wav	19	3.8525	4.2125
sub-06	5	39	out	sub-06_run-05_trial-39.wav	20	4.2125	4.9974
sub-06	5	40	leh	sub-06_run-05_trial-40.wav	1	0.1125	0.4125
sub-06	5	40	leh	sub-06_run-05_trial-40.wav	2	0.4125	0.7125
sub-06	5	40	leh	sub-06_run-05_trial-40.wav	3	0.7125	0.9925
sub-06	5	40	leh	sub-06_run-05_trial-40.wav	4	0.9925	1.3525
sub-06	5	40	leh	sub-06_run-05_trial-40.wav	5	1.3525	1.6125
sub-06	5	40	leh	sub-06_run-05_trial-40.wav	6	1.6125	1.8725
sub-06	5	40	leh	sub-06_run-05_trial-40.wav	7	1.8725	2.1725
sub-06	5	40	leh	sub-06_run-05_trial-40.wav	8	2.1725	2.4325
sub-06	5	40	leh	sub-06_run-05_trial-40.wav	9	2.4325	2.6925
sub-06	5	40	leh	sub-06_run-05_trial-40.wav	10	2.6925	3.0125
sub-06	5	40	leh	sub-06_run-05_trial-40.wav	11	3.0125	3.2525
sub-06	5	40	leh	sub-06_run-05_trial-40.wav	12	3.2525	3.5325
sub-06	5	40	leh	sub-06_run-05_trial-40.wav	13	3.5325	3.8125
sub-06	5	40	leh	sub-06_run-05_trial-40.wav	14	3.8125	4.0125
sub-06	5	40	leh	sub-06_run-05_trial-40.wav	15	4.0125	4.1725
sub-06	5	40	leh	sub-06_run-05_trial-40.wav	16	4.1725	4.3325
sub-06	5	40	leh	sub-06_run-05_trial-40.wav	17	4.3325	4.5525
sub-06	5	41	pie	sub-06_run-05_trial-41.wav	1	0.1725	0.4725
sub-06	5	41	pie	sub-06_run-05_trial-41.wav	2	0.5125	0.8125
sub-06	5	41	pie	sub-06_run-05_trial-41.wav	3	0.8925	1.1525
sub-06	5	41	pie	sub-06_run-05_trial-41.wav	4	1.2325	1.5125
sub-06	5	41	pie	sub-06_run-05_trial-41.wav	5	1.5725	1.6725
sub-06	5	41	pie	sub-06_run-05_trial-41.wav	6	1.7325	1.8525
sub-06	5	41	pie	sub-06_run-05_trial-41.wav	7	1.9125	2.1325
sub-06	5	41	pie	sub-06_run-05_trial-41.wav	8	2.1925	2.3725
sub-06	5	41	pie	sub-06_run-05_trial-41.wav	9	2.4325	2.6525
sub-06	5	41	pie	sub-06_run-05_trial-41.wav	10	2.7325	2.8925
sub-06	5	41	pie	sub-06_run-05_trial-41.wav	11	2.8925	3.0725
sub-06	5	41	pie	sub-06_run-05_trial-41.wav	12	3.0725	3.1925
sub-06	5	41	pie	sub-06_run-05_trial-41.wav	13	3.2525	3.3725
sub-06	5	41	pie	sub-06_run-05_trial-41.wav	14	3.4525	3.6325
sub-06	5	41	pie	sub-06_run-05_trial-41.wav	15	3.7125	3.8525
sub-06	5	41	pie	sub-06_run-05_trial-41.wav	16	3.9325	4.0525
sub-06	5	41	pie	sub-06_run-05_trial-41.wav	17	4.1325	4.2125
sub-06	5	41	pie	sub-06_run-05_trial-41.wav	18	4.2925	4.4725
sub-06	5	42	neh	sub-06_run-05_trial-42.wav	1	0.1725	0.4525
sub-06	5	42	neh	sub-06_run-05_trial-42.wav	2	0.4525	0.8125
sub-06	5	42	neh	sub-06_run-05_trial-42.wav	3	0.8125	1.0925
sub-06	5	42	neh	sub-06_run-05_trial-42.wav	4	1.0925	1.3725
sub-06	5	42	neh	sub-06_run-05_trial-42.wav	5	1.3725	1.6925
sub-06	5	42	neh	sub-06_run-05_trial-42.wav	6	1.6925	1.9925
sub-06	5	42	neh	sub-06_run-05_trial-42.wav	7	1.9925	2.2925
sub-06	5	42	neh	sub-06_run-05_trial-42.wav	8	2.2925	2.5925
sub-06	5	42	neh	sub-06_run-05_trial-42.wav	9	2.5925	2.9125
sub-06	5	42	neh	sub-06_run-05_trial-42.wav	10	2.9125	3.2525
sub-06	5	42	neh	sub-06_run-05_trial-42.wav	11	3.2525	3.4525
sub-06	5	42	neh	sub-06_run-05_trial-42.wav	12	3.4525	3.7325
sub-06	5	42	neh	sub-06_run-05_trial-42.wav	13	3.7325	4.0125
sub-06	5	42	neh	sub-06_run-05_trial-42.wav	14	4.0125	4.1925
sub-06	5	42	neh	sub-06_run-05_trial-42.wav	15	4.1925	4.4325
sub-06	6	1	out	sub-06_run-06_trial-01.wav	1	0.2325	0.5725
sub-06	6	1	out	sub-06_run-06_trial-01.wav	2	0.6325	0.7725
sub-06	6	1	out	sub-06_run-06_trial-01.wav	3	0.8525	0.9525
sub-06	6	1	out	sub-06_run-06_trial-01.wav	4	0.9525	1.1325
sub-06	6	1	out	sub-06_run-06_trial-01.wav	5	1.1925	1.2925
sub-06	6	1	out	sub-06_run-06_trial-01.wav	6	1.2925	1.5125
sub-06	6	1	out	sub-06_run-06_trial-01.wav	7	1.5725	1.6525
sub-06	6	1	out	sub-06_run-06_trial-01.wav	8	1.6525	1.8525
sub-06	6	1	out	sub-06_run-06_trial-01.wav	9	1.9125	2.1925
sub-06	6	1	out	sub-06_run-06_trial-01.wav	10	2.2725	2.5125
sub-06	6	1	out	sub-06_run-06_trial-01.wav	11	2.5725	2.7725
sub-06	6	1	out	sub-06_run-06_trial-01.wav	12	2.8525	3.0925
sub-06	6	1	out	sub-06_run-06_trial-01.wav	13	3.1925	3.4325
sub-06	6	1	out	sub-06_run-06_trial-01.wav	14	3.5525	3.7125
sub-06	6	1	out	sub-06_run-06_trial-01.wav	15	3.7925	4.0525
sub-06	6	1	out	sub-06_run-06_trial-01.wav	16	4.1325	4.5125
sub-06	6	2	leh	sub-06_run-06_trial-02.wav	1	0.0925	0.3725
sub-06	6	2	leh	sub-06_run-06_trial-02.wav	2	0.3725	0.6525
sub-06	6	2	leh	sub-06_run-06_trial-02.wav	3	0.6525	0.8925
sub-06	6	2	leh	sub-06_run-06_trial-02.wav	4	0.8925	1.1525
sub-06	6	2	leh	sub-06_run-06_trial-02.wav	5	1.1525	1.4125
sub-06	6	2	leh	sub-06_run-06_trial-02.wav	6	1.4125	1.6125
sub-06	6	2	leh	sub-06_run-06_trial-02.wav	7	1.6125	1.8125
sub-06	6	2	leh	sub-06_run-06_trial-02.wav	8	1.8125	2.0125
sub-06	6	2	leh	sub-06_run-06_trial-02.wav	9	2.0125	2.2125
sub-06	6	2	leh	sub-06_run-06_trial-02.wav	10	2.2125	2.5325
sub-06	6	2	leh	sub-06_run-06_trial-02.wav	11	2.5325	2.7725
sub-06	6	2	leh	sub-06_run-06_trial-02.wav	12	2.7725	2.9925
sub-06	6	2	leh	sub-06_run-06_trial-02.wav	13	2.9925	3.1725
sub-06	6	2	leh	sub-06_run-06_trial-02.wav	14	3.1725	3.3725
sub-06	6	2	leh	sub-06_run-06_trial-02.wav	15	3.3725	3.5725
sub-06	6	2	leh	sub-06_run-06_trial-02.wav	16	3.5725	3.7525
sub-06	6	2	leh	sub-06_run-06_trial-02.wav	17	3.7525	3.9125
sub-06	6	2	leh	sub-06_run-06_trial-02.wav	18	3.9125	4.0725
sub-06	6	2	leh	sub-06_run-06_trial-02.wav	19	4.0725	4.2525
sub-06	6	2	leh	sub-06_run-06_trial-02.wav	20	4.2525	4.4125
sub-06	6	3	throne	sub-06_run-06_trial-03.wav	1	0.3325	0.9925
sub-06	6	3	throne	sub-06_run-06_trial-03.wav	2	0.9925	1.2125
sub-06	6	3	throne	sub-06_run-06_trial-03.wav	3	1.2125	1.3525
sub-06	6	3	throne	sub-06_run-06_trial-03.wav	4	1.3525	1.9725
sub-06	6	3	throne	sub-06_run-06_trial-03.wav	5	1.9725	2.4925
sub-06	6	3	throne	sub-06_run-06_trial-03.wav	6	2.4925	2.8725
sub-06	6	3	throne	sub-06_run-06_trial-03.wav	7	2.8725	3.3725
sub-06	6	3	throne	sub-06_run-06_trial-03.wav	8	3.3725	3.8925
sub-06	6	3	throne	sub-06_run-06_trial-03.wav	9	3.8925	4.4125
sub-06	6	4	per	sub-06_run-06_trial-04.wav	1	0.0525	0.2525
sub-06	6	4	per	sub-06_run-06_trial-04.wav	2	0.3325	0.5525
sub-06	6	4	per	sub-06_run-06_trial-04.wav	3	0.5925	0.7525
sub-06	6	4	per	sub-06_run-06_trial-04.wav	4	0.8325	0.9125
sub-06	6	4	per	sub-06_run-06_trial-04.wav	5	0.9925	1.1925
sub-06	6	4	per	sub-06_run-06_trial-04.wav	6	1.2525	1.3725
sub-06	6	4	per	sub-06_run-06_trial-04.wav	7	1.4325	1.5325
sub-06	6	4	per	sub-06_run-06_trial-04.wav	8	1.5925	1.7125
sub-06	6	4	per	sub-06_run-06_trial-04.wav	9	1.7725	1.8725
sub-06	6	4	per	sub-06_run-06_trial-04.wav	10	1.9525	2.0525
sub-06	6	4	per	sub-06_run-06_trial-04.wav	11	2.1325	2.2325
sub-06	6	4	per	sub-06_run-06_trial-04.wav	12	2.3125	2.4125
sub-06	6	4	per	sub-06_run-06_trial-04.wav	13	2.4725	2.5725
sub-06	6	4	per	sub-06_run-06_trial-04.wav	14	2.6525	2.7325
sub-06	6	4	per	sub-06_run-06_trial-04.wav	15	2.8125	2.8925
sub-06	6	4	per	sub-06_run-06_trial-04.wav	16	2.9925	3.0925
sub-06	6	4	per	sub-06_run-06_trial-04.wav	17	3.1725	3.2725
sub-06	6	4	per	sub-06_run-06_trial-04.wav	18	3.3525	3.4525
sub-06	6	4	per	sub-06_run-06_trial-04.wav	19	3.5525	3.7925
sub-06	6	4	per	sub-06_run-06_trial-04.wav	20	3.8725	4.0325
sub-06	6	4	per	sub-06_run-06_trial-04.wav	21	4.1125	4.3125
sub-06	6	5	thurs	sub-06_run-06_trial-05.wav	1	0.2525	0.6525
sub-06	6	5	thurs	sub-06_run-06_trial-05.wav	2	0.6525	1.0525
sub-06	6	5	thurs	sub-06_run-06_trial-05.wav	3	1.0525	1.4725
sub-06	6	5	thurs	sub-06_run-06_trial-05.wav	4	1.4725	1.8925
sub-06	6	5	thurs	sub-06_run-06_trial-05.wav	5	1.8925	2.3125
sub-06	6	5	thurs	sub-06_run-06_trial-05.wav	6	2.3125	2.6525
sub-06	6	5	thurs	sub-06_run-06_trial-05.wav	7	2.6525	3.0125
sub-06	6	5	thurs	sub-06_run-06_trial-05.wav	8	3.0125	3.4125
sub-06	6	5	thurs	sub-06_run-06_trial-05.wav	9	3.4125	3.8925
sub-06	6	5	thurs	sub-06_run-06_trial-05.wav	10	3.8925	4.3325
sub-06	6	5	thurs	sub-06_run-06_trial-05.wav	11	4.3325	4.9716
sub-06	6	6	the	sub-06_run-06_trial-06.wav	1	0.2125	0.4725
sub-06	6	6	the	sub-06_run-06_trial-06.wav	2	0.4725	0.7325
sub-06	6	6	the	sub-06_run-06_trial-06.wav	3	0.7325	0.9325
sub-06	6	6	the	sub-06_run-06_trial-06.wav	4	0.9325	1.0325
sub-06	6	6	the	sub-06_run-06_trial-06.wav	5	1.0925	1.3525
sub-06	6	6	the	sub-06_run-06_trial-06.wav	6	1.4125	1.6125
sub-06	6	6	the	sub-06_run-06_trial-06.wav	7	1.6125	1.7725
sub-06	6	6	the	sub-06_run-06_trial-06.wav	8	1.7725	1.9525
sub-06	6	6	the	sub-06_run-06_trial-06.wav	9	1.9525	2.1325
sub-06	6	6	the	sub-06_run-06_trial-06.wav	10	2.1325	2.3325
sub-06	6	6	the	sub-06_run-06_trial-06.wav	11	2.3325	2.5525
sub-06	6	6	the	sub-06_run-06_trial-06.wav	12	2.5525	2.7325
sub-06	6	6	the	sub-06_run-06_trial-06.wav	13	2.7325	2.8325
sub-06	6	6	the	sub-06_run-06_trial-06.wav	14	2.8925	3.0925
sub-06	6	6	the	sub-06_run-06_trial-06.wav	15	3.0925	3.2925
sub-06	6	6	the	sub-06_run-06_trial-06.wav	16	3.2925	3.3725
sub-06	6	6	the	sub-06_run-06_trial-06.wav	17	3.4525	3.5725
sub-06	6	6	the	sub-06_run-06_trial-06.wav	18	3.6525	3.7525
sub-06	6	6	the	sub-06_run-06_trial-06.wav	19	3.8325	3.9525
sub-06	6	6	the	sub-06_run-06_trial-06.wav	20	3.9525	4.1125
sub-06	6	6	the	sub-06_run-06_trial-06.wav	21	4.1925	4.3525
sub-06	6	7	day	sub-06_run-06_trial-07.wav	1	0.1525	0.3525
sub-06	6	7	day	sub-06_run-06_trial-07.wav	2	0.4125	0.5325
sub-06	6	7	day	sub-06_run-06_trial-07.wav	3	0.5325	0.6525
sub-06	6	7	day	sub-06_run-06_trial-07.wav	4	0.6925	0.8125
sub-06	6	7	day	sub-06_run-06_trial-07.wav	5	0.8925	0.9925
sub-06	6	7	day	sub-06_run-06_trial-07.wav	6	1.0525	1.1525
sub-06	6	7	day	sub-06_run-06_trial-07.wav	7	1.1925	1.3125
sub-06	6	7	day	sub-06_run-06_trial-07.wav	8	1.3925	1.4925
sub-06	6	7	day	sub-06_run-06_trial-07.wav	9	1.5525	1.6725
sub-06	6	7	day	sub-06_run-06_trial-07.wav	10	1.7525	1.8725
sub-06	6	7	day	sub-06_run-06_trial-07.wav	11	1.9525	2.0525
sub-06	6	7	day	sub-06_run-06_trial-07.wav	12	2.1125	2.2725
sub-06	6	7	day	sub-06_run-06_trial-07.wav	13	2.2725	2.5725
sub-06	6	7	day	sub-06_run-06_trial-07.wav	14	2.5725	2.6525
sub-06	6	7	day	sub-06_run-06_trial-07.wav	15	2.7325	2.8325
sub-06	6	7	day	sub-06_run-06_trial-07.wav	16	2.9125	3.0525
sub-06	6	7	day	sub-06_run-06_trial-07.wav	17	3.0525	3.1925
sub-06	6	7	day	sub-06_run-06_trial-07.wav	18	3.2525	3.3725
sub-06	6	7	day	sub-06_run-06_trial-07.wav	19	3.4325	3.5325
sub-06	6	7	day	sub-06_run-06_trial-07.wav	20	3.5725	3.6925
sub-06	6	7	day	sub-06_run-06_trial-07.wav	21	3.7525	3.8725
sub-06	6	7	day	sub-06_run-06_trial-07.wav	22	3.9325	4.0325
sub-06	6	7	day	sub-06_run-06_trial-07.wav	23	4.1125	4.2525
sub-06	6	7	day	sub-06_run-06_trial-07.wav	24	4.2525	4.3925
sub-06	6	8	thieves	sub-06_run-06_trial-08.wav	1	0.1925	0.6925
sub-06	6	8	thieves	sub-06_run-06_trial-08.wav	2	0.6925	1.7525
sub-06	6	8	thieves	sub-06_run-06_trial-08.wav	3	1.7525	2.2125
sub-06	6	8	thieves	sub-06_run-06_trial-08.wav	4	2.2125	2.7525
sub-06	6	8	thieves	sub-06_run-06_trial-08.wav	5	2.7525	3.3125
sub-06	6	8	thieves	sub-06_run-06_trial-08.wav	6	3.3125	3.8725
sub-06	6	8	thieves	sub-06_run-06_trial-08.wav	7	3.8725	4.5525
sub-06	6	9	juh	sub-06_run-06_trial-09.wav	1	0.3125	0.6125
sub-06	6	9	juh	sub-06_run-06_trial-09.wav	2	0.7125	1.0125
sub-06	6	9	juh	sub-06_run-06_trial-09.wav	3	1.1525	1.4125
sub-06	6	9	juh	sub-06_run-06_trial-09.wav	4	1.5125	1.8125
sub-06	6	9	juh	sub-06_run-06_trial-09.wav	5	1.9325	2.2325
sub-06	6	9	juh	sub-06_run-06_trial-09.wav	6	2.3525	2.6125
sub-06	6	9	juh	sub-06_run-06_trial-09.wav	7	2.7525	3.0125
sub-06	6	9	juh	sub-06_run-06_trial-09.wav	8	3.1325	3.3725
sub-06	6	9	juh	sub-06_run-06_trial-09.wav	9	3.4525	3.6125
sub-06	6	9	juh	sub-06_run-06_trial-09.wav	10	3.6125	3.7725
sub-06	6	9	juh	sub-06_run-06_trial-09.wav	11	3.8725	4.0125
sub-06	6	9	juh	sub-06_run-06_trial-09.wav	12	4.0725	4.1725
sub-06	6	9	juh	sub-06_run-06_trial-09.wav	13	4.2125	4.3325
sub-06	6	9	juh	sub-06_run-06_trial-09.wav	14	4.3925	4.4725
sub-06	6	10	chuck	sub-06_run-06_trial-10.wav	1	0.0925	0.3725
sub-06	6	10	chuck	sub-06_run-06_trial-10.wav	2	0.4525	0.7525
sub-06	6	10	chuck	sub-06_run-06_trial-10.wav	3	0.8325	1.1125
sub-06	6	10	chuck	sub-06_run-06_trial-10.wav	4	1.1725	1.4725
sub-06	6	10	chuck	sub-06_run-06_trial-10.wav	5	1.5525	1.9725
sub-06	6	10	chuck	sub-06_run-06_trial-10.wav	6	1.9725	2.2325
sub-06	6	10	chuck	sub-06_run-06_trial-10.wav	7	2.2925	2.5925
sub-06	6	10	chuck	sub-06_run-06_trial-10.wav	8	2.6725	2.8725
sub-06	6	10	chuck	sub-06_run-06_trial-10.wav	9	2.9325	3.0525
sub-06	6	10	chuck	sub-06_run-06_trial-10.wav	10	3.1325	3.2725
sub-06	6	10	chuck	sub-06_run-06_trial-10.wav	11	3.3525	3.6125
sub-06	6	10	chuck	sub-06_run-06_trial-10.wav	12	3.7125	4.0125
sub-06	6	10	chuck	sub-06_run-06_trial-10.wav	13	4.1125	4.3925
sub-06	6	11	pi	sub-06_run-06_trial-11.wav	1	0.1525	0.3325
sub-06	6	11	pi	sub-06_run-06_trial-11.wav	2	0.4125	0.5525
sub-06	6	11	pi	sub-06_run-06_trial-11.wav	3	0.6325	0.8325
sub-06	6	11	pi	sub-06_run-06_trial-11.wav	4	0.9125	1.0325
sub-06	6	11	pi	sub-06_run-06_trial-11.wav	5	1.0925	1.1925
sub-06	6	11	pi	sub-06_run-06_trial-11.wav	6	1.2325	1.3525
sub-06	6	11	pi	sub-06_run-06_trial-11.wav	7	1.4325	1.6525
sub-06	6	11	pi	sub-06_run-06_trial-11.wav	8	1.7125	1.8925
sub-06	6	11	pi	sub-06_run-06_trial-11.wav	9	1.9525	2.0925
sub-06	6	11	pi	sub-06_run-06_trial-11.wav	10	2.0925	2.2125
sub-06	6	11	pi	sub-06_run-06_trial-11.wav	11	2.2725	2.3725
sub-06	6	11	pi	sub-06_run-06_trial-11.wav	12	2.4525	2.5525
sub-06	6	11	pi	sub-06_run-06_trial-11.wav	13	2.6325	2.7325
sub-06	6	11	pi	sub-06_run-06_trial-11.wav	14	2.8125	2.9325
sub-06	6	11	pi	sub-06_run-06_trial-11.wav	15	3.0125	3.1125
sub-06	6	11	pi	sub-06_run-06_trial-11.wav	16	3.1525	3.2725
sub-06	6	11	pi	sub-06_run-06_trial-11.wav	17	3.3325	3.4525
sub-06	6	11	pi	sub-06_run-06_trial-11.wav	18	3.5125	3.6125
sub-06	6	11	pi	sub-06_run-06_trial-11.wav	19	3.6725	3.7925
sub-06	6	11	pi	sub-06_run-06_trial-11.wav	20	3.8525	3.9725
sub-06	6	11	pi	sub-06_run-06_trial-11.wav	21	4.0325	4.1325
sub-06	6	11	pi	sub-06_run-06_trial-11.wav	22	4.2125	4.3325
sub-06	6	11	pi	sub-06_run-06_trial-11.wav	23	4.3725	4.6325
sub-06	6	12	pot	sub-06_run-06_trial-12.wav	1	0.1525	0.4325
sub-06	6	12	pot	sub-06_run-06_trial-12.wav	2	0.4925	0.7925
sub-06	6	12	pot	sub-06_run-06_trial-12.wav	3	0.8725	1.1725
sub-06	6	12	pot	sub-06_run-06_trial-12.wav	4	1.2525	1.5325
sub-06	6	12	pot	sub-06_run-06_trial-12.wav	5	1.6125	1.9325
sub-06	6	12	pot	sub-06_run-06_trial-12.wav	6	1.9325	2.2325
sub-06	6	12	pot	sub-06_run-06_trial-12.wav	7	2.3125	2.6125
sub-06	6	12	pot	sub-06_run-06_trial-12.wav	8	2.6925	2.9725
sub-06	6	12	pot	sub-06_run-06_trial-12.wav	9	3.0525	3.3525
sub-06	6	12	pot	sub-06_run-06_trial-12.wav	10	3.4125	3.7325
sub-06	6	12	pot	sub-06_run-06_trial-12.wav	11	3.7325	3.9325
sub-06	6	12	pot	sub-06_run-06_trial-12.wav	12	4.0325	4.4125
sub-06	6	13	if	sub-06_run-06_trial-13.wav	1	0.0725	0.3325
sub-06	6	13	if	sub-06_run-06_trial-13.wav	2	0.3325	0.6925
sub-06	6	13	if	sub-06_run-06_trial-13.wav	3	0.6925	1.0325
sub-06	6	13	if	sub-06_run-06_trial-13.wav	4	1.0925	1.2125
sub-06	6	13	if	sub-06_run-06_trial-13.wav	5	1.2125	1.3725
sub-06	6	13	if	sub-06_run-06_trial-13.wav	6	1.3725	1.7325
sub-06	6	13	if	sub-06_run-06_trial-13.wav	7	1.7325	1.9525
sub-06	6	13	if	sub-06_run-06_trial-13.wav	8	1.9525	2.0725
sub-06	6	13	if	sub-06_run-06_trial-13.wav	9	2.0725	2.4125
sub-06	6	13	if	sub-06_run-06_trial-13.wav	10	2.4125	2.7525
sub-06	6	13	if	sub-06_run-06_trial-13.wav	11	2.7525	2.9125
sub-06	6	13	if	sub-06_run-06_trial-13.wav	12	2.9125	3.1325
sub-06	6	13	if	sub-06_run-06_trial-13.wav	13	3.1325	3.4125
sub-06	6	13	if	sub-06_run-06_trial-13.wav	14	3.4125	3.5325
sub-06	6	13	if	sub-06_run-06_trial-13.wav	15	3.5325	3.9525
sub-06	6	13	if	sub-06_run-06_trial-13.wav	16	4.0325	4.3725
sub-06	6	14	a	sub-06_run-06_trial-14.wav	1	0.1325	0.2925
sub-06	6	14	a	sub-06_run-06_trial-14.wav	2	0.3325	0.5325
sub-06	6	14	a	sub-06_run-06_trial-14.wav	3	0.5325	0.6525
sub-06	6	14	a	sub-06_run-06_trial-14.wav	4	0.9725	1.6125
sub-06	6	14	a	sub-06_run-06_trial-14.wav	5	1.6125	1.9125
sub-06	6	14	a	sub-06_run-06_trial-14.wav	6	1.9125	3.6525
sub-06	6	14	a	sub-06_run-06_trial-14.wav	7	3.8125	4.4125
sub-06	6	15	three	sub-06_run-06_trial-15.wav	1	0.0925	0.3725
sub-06	6	15	three	sub-06_run-06_trial-15.wav	2	0.5725	0.9125
sub-06	6	15	three	sub-06_run-06_trial-15.wav	3	0.9125	1.0925
sub-06	6	15	three	sub-06_run-06_trial-15.wav	4	1.0925	1.1925
sub-06	6	15	three	sub-06_run-06_trial-15.wav	5	1.1925	1.3725
sub-06	6	15	three	sub-06_run-06_trial-15.wav	6	1.3725	1.6125
sub-06	6	15	three	sub-06_run-06_trial-15.wav	7	1.6125	1.9525
sub-06	6	15	three	sub-06_run-06_trial-15.wav	8	1.9525	2.4125
sub-06	6	15	three	sub-06_run-06_trial-15.wav	9	2.4125	2.6125
sub-06	6	15	three	sub-06_run-06_trial-15.wav	10	2.6125	2.7325
sub-06	6	15	three	sub-06_run-06_trial-15.wav	11	2.7325	2.9525
sub-06	6	15	three	sub-06_run-06_trial-15.wav	12	2.9525	3.0725
sub-06	6	15	three	sub-06_run-06_trial-15.wav	13	3.0725	3.2925
sub-06	6	15	three	sub-06_run-06_trial-15.wav	14	3.2925	3.3925
sub-06	6	15	three	sub-06_run-06_trial-15.wav	15	3.3925	3.5725
sub-06	6	15	three	sub-06_run-06_trial-15.wav	16	3.5725	3.7125
sub-06	6	15	three	sub-06_run-06_trial-15.wav	17	3.7125	3.9325
sub-06	6	15	three	sub-06_run-06_trial-15.wav	18	3.9325	4.1525
sub-06	6	15	three	sub-06_run-06_trial-15.wav	19	4.1525	4.3525
sub-06	6	16	how	sub-06_run-06_trial-16.wav	1	0.1525	0.4525
sub-06	6	16	how	sub-06_run-06_trial-16.wav	2	0.4525	0.8325
sub-06	6	16	how	sub-06_run-06_trial-16.wav	3	0.8325	1.1725
sub-06	6	16	how	sub-06_run-06_trial-16.wav	4	1.1725	1.4725
sub-06	6	16	how	sub-06_run-06_trial-16.wav	5	1.4725	1.8125
sub-06	6	16	how	sub-06_run-06_trial-16.wav	6	1.8125	2.1325
sub-06	6	16	how	sub-06_run-06_trial-16.wav	7	2.1325	2.4525
sub-06	6	16	how	sub-06_run-06_trial-16.wav	8	2.4525	2.7925
sub-06	6	16	how	sub-06_run-06_trial-16.wav	9	2.7925	3.1725
sub-06	6	16	how	sub-06_run-06_trial-16.wav	10	3.1725	3.4725
sub-06	6	16	how	sub-06_run-06_trial-16.wav	11	3.4725	3.8125
sub-06	6	16	how	sub-06_run-06_trial-16.wav	12	3.8125	4.1325
sub-06	6	16	how	sub-06_run-06_trial-16.wav	13	4.1325	4.4125
sub-06	6	17	mih	sub-06_run-06_trial-17.wav	1	0.2325	0.5125
sub-06	6	17	mih	sub-06_run-06_trial-17.wav	2	0.5125	0.8125
sub-06	6	17	mih	sub-06_run-06_trial-17.wav	3	0.8125	1.0325
sub-06	6	17	mih	sub-06_run-06_trial-17.wav	4	1.0325	1.2725
sub-06	6	17	mih	sub-06_run-06_trial-17.wav	5	1.2725	1.5325
sub-06	6	17	mih	sub-06_run-06_trial-17.wav	6	1.5325	1.8525
sub-06	6	17	mih	sub-06_run-06_trial-17.wav	7	1.8525	2.0725
sub-06	6	17	mih	sub-06_run-06_trial-17.wav	8	2.0725	2.2125
sub-06	6	17	mih	sub-06_run-06_trial-17.wav	9	2.2125	2.3725
sub-06	6	17	mih	sub-06_run-06_trial-17.wav	10	2.3725	2.5325
sub-06	6	17	mih	sub-06_run-06_trial-17.wav	11	2.5325	2.7325
sub-06	6	17	mih	sub-06_run-06_trial-17.wav	12	2.7325	2.9325
sub-06	6	17	mih	sub-06_run-06_trial-17.wav	13	2.9325	3.1125
sub-06	6	17	mih	sub-06_run-06_trial-17.wav	14	3.1125	3.2725
sub-06	6	17	mih	sub-06_run-06_trial-17.wav	15	3.2725	3.4325
sub-06	6	17	mih	sub-06_run-06_trial-17.wav	16	3.4325	3.6125
sub-06	6	17	mih	sub-06_run-06_trial-17.wav	17	3.6125	3.7725
sub-06	6	17	mih	sub-06_run-06_trial-17.wav	18	3.7725	3.9325
sub-06	6	17	mih	sub-06_run-06_trial-17.wav	19	3.9325	4.0725
sub-06	6	17	mih	sub-06_run-06_trial-17.wav	20	4.0725	4.2325
sub-06	6	17	mih	sub-06_run-06_trial-17.wav	21	4.2325	4.4125
sub-06	6	18	less	sub-06_run-06_trial-18.wav	1	0.2325	0.5325
sub-06	6	18	less	sub-06_run-06_trial-18.wav	2	0.5325	0.8525
sub-06	6	18	less	sub-06_run-06_trial-18.wav	3	0.8525	1.1725
sub-06	6	18	less	sub-06_run-06_trial-18.wav	4	1.1725	1.4925
sub-06	6	18	less	sub-06_run-06_trial-18.wav	5	1.4925	1.7925
sub-06	6	18	less	sub-06_run-06_trial-18.wav	6	1.7925	2.1125
sub-06	6	18	less	sub-06_run-06_trial-18.wav	7	2.1125	2.3125
sub-06	6	18	less	sub-06_run-06_trial-18.wav	8	2.3125	2.4325
sub-06	6	18	less	sub-06_run-06_trial-18.wav	9	2.4325	2.6325
sub-06	6	18	less	sub-06_run-06_trial-18.wav	10	2.6325	2.7525
sub-06	6	18	less	sub-06_run-06_trial-18.wav	11	2.7525	2.9725
sub-06	6	18	less	sub-06_run-06_trial-18.wav	12	2.9725	3.1125
sub-06	6	18	less	sub-06_run-06_trial-18.wav	13	3.1125	3.3125
sub-06	6	18	less	sub-06_run-06_trial-18.wav	14	3.3125	3.4525
sub-06	6	18	less	sub-06_run-06_trial-18.wav	15	3.4525	3.7525
sub-06	6	18	less	sub-06_run-06_trial-18.wav	16	3.7525	4.0925
sub-06	6	18	less	sub-06_run-06_trial-18.wav	17	4.0925	4.4125
sub-06	6	19	ther	sub-06_run-06_trial-19.wav	1	0.2325	0.5325
sub-06	6	19	ther	sub-06_run-06_trial-19.wav	2	0.5725	0.8125
sub-06	6	19	ther	sub-06_run-06_trial-19.wav	3	0.8725	1.1525
sub-06	6	19	ther	sub-06_run-06_trial-19.wav	4	1.2125	1.4725
sub-06	6	19	ther	sub-06_run-06_trial-19.wav	5	1.5325	1.8125
sub-06	6	19	ther	sub-06_run-06_trial-19.wav	6	1.8725	2.1125
sub-06	6	19	ther	sub-06_run-06_trial-19.wav	7	2.1725	2.4125
sub-06	6	19	ther	sub-06_run-06_trial-19.wav	8	2.4925	2.7325
sub-06	6	19	ther	sub-06_run-06_trial-19.wav	9	2.8125	3.0525
sub-06	6	19	ther	sub-06_run-06_trial-19.wav	10	3.0925	3.3325
sub-06	6	19	ther	sub-06_run-06_trial-19.wav	11	3.3325	3.6325
sub-06	6	19	ther	sub-06_run-06_trial-19.wav	12	3.6925	3.9325
sub-06	6	19	ther	sub-06_run-06_trial-19.wav	13	3.9925	4.2325
sub-06	6	19	ther	sub-06_run-06_trial-19.wav	14	4.2725	4.5325
sub-06	6	20	airy	sub-06_run-06_trial-20.wav	1	0.1725	0.4725
sub-06	6	20	airy	sub-06_run-06_trial-20.wav	2	0.5525	0.7525
sub-06	6	20	airy	sub-06_run-06_trial-20.wav	3	0.7525	0.9525
sub-06	6	20	airy	sub-06_run-06_trial-20.wav	4	0.9525	1.1725
sub-06	6	20	airy	sub-06_run-06_trial-20.wav	5	1.1725	1.3725
sub-06	6	20	airy	sub-06_run-06_trial-20.wav	6	1.3725	1.5525
sub-06	6	20	airy	sub-06_run-06_trial-20.wav	7	1.5525	1.7525
sub-06	6	20	airy	sub-06_run-06_trial-20.wav	8	1.8125	1.9725
sub-06	6	20	airy	sub-06_run-06_trial-20.wav	9	1.9725	2.2125
sub-06	6	20	airy	sub-06_run-06_trial-20.wav	10	2.2125	2.4125
sub-06	6	20	airy	sub-06_run-06_trial-20.wav	11	2.4125	2.6525
sub-06	6	20	airy	sub-06_run-06_trial-20.wav	12	2.6525	2.8525
sub-06	6	20	airy	sub-06_run-06_trial-20.wav	13	2.8525	3.0925
sub-06	6	20	airy	sub-06_run-06_trial-20.wav	14	3.0925	3.2925
sub-06	6	20	airy	sub-06_run-06_trial-20.wav	15	3.2925	3.4925
sub-06	6	20	airy	sub-06_run-06_trial-20.wav	16	3.4925	3.6725
sub-06	6	20	airy	sub-06_run-06_trial-20.wav	17	3.6725	3.8725
sub-06	6	20	airy	sub-06_run-06_trial-20.wav	18	3.8725	4.0725
sub-06	6	20	airy	sub-06_run-06_trial-20.wav	19	4.0725	4.3125
sub-06	6	21	fee	sub-06_run-06_trial-21.wav	1	0.2725	0.5725
sub-06	6	21	fee	sub-06_run-06_trial-21.wav	2	0.5725	0.9125
sub-06	6	21	fee	sub-06_run-06_trial-21.wav	3	0.9125	1.2125
sub-06	6	21	fee	sub-06_run-06_trial-21.wav	4	1.2125	1.4925
sub-06	6	21	fee	sub-06_run-06_trial-21.wav	5	1.4925	1.7725
sub-06	6	21	fee	sub-06_run-06_trial-21.wav	6	1.7725	1.9725
sub-06	6	21	fee	sub-06_run-06_trial-21.wav	7	1.9725	2.1725
sub-06	6	21	fee	sub-06_run-06_trial-21.wav	8	2.1725	2.3925
sub-06	6	21	fee	sub-06_run-06_trial-21.wav	9	2.3925	2.5725
sub-06	6	21	fee	sub-06_run-06_trial-21.wav	10	2.5725	2.7925
sub-06	6	21	fee	sub-06_run-06_trial-21.wav	11	2.7925	2.9925
sub-06	6	21	fee	sub-06_run-06_trial-21.wav	12	2.9925	3.1925
sub-06	6	21	fee	sub-06_run-06_trial-21.wav	13	3.1925	3.3725
sub-06	6	21	fee	sub-06_run-06_trial-21.wav	14	3.3725	3.5725
sub-06	6	21	fee	sub-06_run-06_trial-21.wav	15	3.5725	3.8925
sub-06	6	21	fee	sub-06_run-06_trial-21.wav	16	3.8925	4.1725
sub-06	6	21	fee	sub-06_run-06_trial-21.wav	17	4.1725	4.4125
sub-06	6	22	ter	sub-06_run-06_trial-22.wav	1	0.2325	0.4725
sub-06	6	22	ter	sub-06_run-06_trial-22.wav	2	0.5525	0.7325
sub-06	6	22	ter	sub-06_run-06_trial-22.wav	3	0.8325	0.9925
sub-06	6	22	ter	sub-06_run-06_trial-22.wav	4	1.0725	1.2525
sub-06	6	22	ter	sub-06_run-06_trial-22.wav	5	1.3325	1.5125
sub-06	6	22	ter	sub-06_run-06_trial-22.wav	6	1.5125	1.7925
sub-06	6	22	ter	sub-06_run-06_trial-22.wav	7	1.8725	2.0725
sub-06	6	22	ter	sub-06_run-06_trial-22.wav	8	2.1325	2.3125
sub-06	6	22	ter	sub-06_run-06_trial-22.wav	9	2.3725	2.6525
sub-06	6	22	ter	sub-06_run-06_trial-22.wav	10	2.7325	2.9325
sub-06	6	22	ter	sub-06_run-06_trial-22.wav	11	3.0125	3.2925
sub-06	6	22	ter	sub-06_run-06_trial-22.wav	12	3.3525	3.5525
sub-06	6	22	ter	sub-06_run-06_trial-22.wav	13	3.6125	3.8125
sub-06	6	22	ter	sub-06_run-06_trial-22.wav	14	3.8925	4.0925
sub-06	6	22	ter	sub-06_run-06_trial-22.wav	15	4.1725	4.3925
sub-06	6	23	thought	sub-06_run-06_trial-23.wav	1	0.3325	0.7125
sub-06	6	23	thought	sub-06_run-06_trial-23.wav	2	0.7725	1.1325
sub-06	6	23	thought	sub-06_run-06_trial-23.wav	3	1.2325	1.6125
sub-06	6	23	thought	sub-06_run-06_trial-23.wav	4	1.6125	2.2325
sub-06	6	23	thought	sub-06_run-06_trial-23.wav	5	2.2725	2.7525
sub-06	6	23	thought	sub-06_run-06_trial-23.wav	6	2.8525	3.2725
sub-06	6	23	thought	sub-06_run-06_trial-23.wav	7	3.3925	3.7925
sub-06	6	23	thought	sub-06_run-06_trial-23.wav	8	3.9525	4.3525
sub-06	6	24	naw	sub-06_run-06_trial-24.wav	1	0.2125	0.5725
sub-06	6	24	naw	sub-06_run-06_trial-24.wav	2	0.5725	0.9125
sub-06	6	24	naw	sub-06_run-06_trial-24.wav	3	0.9125	1.2125
sub-06	6	24	naw	sub-06_run-06_trial-24.wav	4	1.2125	1.4925
sub-06	6	24	naw	sub-06_run-06_trial-24.wav	5	1.4925	1.7725
sub-06	6	24	naw	sub-06_run-06_trial-24.wav	6	1.7725	2.1725
sub-06	6	24	naw	sub-06_run-06_trial-24.wav	7	2.1725	2.4925
sub-06	6	24	naw	sub-06_run-06_trial-24.wav	8	2.4925	2.7725
sub-06	6	24	naw	sub-06_run-06_trial-24.wav	9	2.7725	3.0725
sub-06	6	24	naw	sub-06_run-06_trial-24.wav	10	3.0725	3.4325
sub-06	6	24	naw	sub-06_run-06_trial-24.wav	11	3.4325	3.7525
sub-06	6	24	naw	sub-06_run-06_trial-24.wav	12	3.7525	4.0925
sub-06	6	24	naw	sub-06_run-06_trial-24.wav	13	4.0925	4.4525
sub-06	6	25	peck	sub-06_run-06_trial-25.wav	1	0.5125	0.6525
sub-06	6	25	peck	sub-06_run-06_trial-25.wav	2	0.7525	1.0325
sub-06	6	25	peck	sub-06_run-06_trial-25.wav	3	1.0925	1.3725
sub-06	6	25	peck	sub-06_run-06_trial-25.wav	4	1.4325	1.6925
sub-06	6	25	peck	sub-06_run-06_trial-25.wav	5	1.7725	2.0325
sub-06	6	25	peck	sub-06_run-06_trial-25.wav	6	2.1125	2.4125
sub-06	6	25	peck	sub-06_run-06_trial-25.wav	7	2.4725	2.7725
sub-06	6	25	peck	sub-06_run-06_trial-25.wav	8	2.8525	3.1325
sub-06	6	25	peck	sub-06_run-06_trial-25.wav	9	3.1925	3.4725
sub-06	6	25	peck	sub-06_run-06_trial-25.wav	10	3.5325	3.7925
sub-06	6	25	peck	sub-06_run-06_trial-25.wav	11	3.8525	4.1325
sub-06	6	25	peck	sub-06_run-06_trial-25.wav	12	4.1925	4.4725
sub-06	6	26	thir	sub-06_run-06_trial-26.wav	1	0.4125	0.7325
sub-06	6	26	thir	sub-06_run-06_trial-26.wav	2	0.7925	1.0725
sub-06	6	26	thir	sub-06_run-06_trial-26.wav	3	1.0725	1.4125
sub-06	6	26	thir	sub-06_run-06_trial-26.wav	4	1.4125	1.7725
sub-06	6	26	thir	sub-06_run-06_trial-26.wav	5	1.7725	2.1525
sub-06	6	26	thir	sub-06_run-06_trial-26.wav	6	2.1525	2.4925
sub-06	6	26	thir	sub-06_run-06_trial-26.wav	7	2.4925	2.8125
sub-06	6	26	thir	sub-06_run-06_trial-26.wav	8	2.8125	3.1525
sub-06	6	26	thir	sub-06_run-06_trial-26.wav	9	3.1525	3.5125
sub-06	6	26	thir	sub-06_run-06_trial-26.wav	10	3.5125	3.8925
sub-06	6	26	thir	sub-06_run-06_trial-26.wav	11	3.8925	4.2325
sub-06	6	26	thir	sub-06_run-06_trial-26.wav	12	4.2325	4.4925
sub-06	6	27	picked	sub-06_run-06_trial-27.wav	1	0.3725	0.5325
sub-06	6	27	picked	sub-06_run-06_trial-27.wav	2	0.6125	0.7125
sub-06	6	27	picked	sub-06_run-06_trial-27.wav	3	0.7925	1.2125
sub-06	6	27	picked	sub-06_run-06_trial-27.wav	4	1.2925	1.6325
sub-06	6	27	picked	sub-06_run-06_trial-27.wav	5	1.6925	2.0725
sub-06	6	27	picked	sub-06_run-06_trial-27.wav	6	2.1325	2.4725
sub-06	6	27	picked	sub-06_run-06_trial-27.wav	7	2.5725	2.9325
sub-06	6	27	picked	sub-06_run-06_trial-27.wav	8	3.0325	3.3925
sub-06	6	27	picked	sub-06_run-06_trial-27.wav	9	3.4925	3.8525
sub-06	6	27	picked	sub-06_run-06_trial-27.wav	10	3.9325	4.2925
sub-06	6	28	through	sub-06_run-06_trial-28.wav	1	0.4725	0.5725
sub-06	6	28	through	sub-06_run-06_trial-28.wav	2	0.5725	0.7925
sub-06	6	28	through	sub-06_run-06_trial-28.wav	3	0.7925	1.1125
sub-06	6	28	through	sub-06_run-06_trial-28.wav	4	1.1125	1.2325
sub-06	6	28	through	sub-06_run-06_trial-28.wav	5	1.2325	1.4925
sub-06	6	28	through	sub-06_run-06_trial-28.wav	6	1.4925	1.8125
sub-06	6	28	through	sub-06_run-06_trial-28.wav	7	1.8125	2.1925
sub-06	6	28	through	sub-06_run-06_trial-28.wav	8	2.2525	2.5725
sub-06	6	28	through	sub-06_run-06_trial-28.wav	9	2.6325	2.9925
sub-06	6	28	through	sub-06_run-06_trial-28.wav	10	2.9925	3.3325
sub-06	6	28	through	sub-06_run-06_trial-28.wav	11	3.3325	3.7525
sub-06	6	28	through	sub-06_run-06_trial-28.wav	12	3.7525	4.1325
sub-06	6	28	through	sub-06_run-06_trial-28.wav	13	4.1325	4.5525
sub-06	6	29	caw	sub-06_run-06_trial-29.wav	1	0.2725	0.5725
sub-06	6	29	caw	sub-06_run-06_trial-29.wav	2	0.6525	0.8925
sub-06	6	29	caw	sub-06_run-06_trial-29.wav	3	0.9325	1.1725
sub-06	6	29	caw	sub-06_run-06_trial-29.wav	4	1.2325	1.4725
sub-06	6	29	caw	sub-06_run-06_trial-29.wav	5	1.5325	1.7525
sub-06	6	29	caw	sub-06_run-06_trial-29.wav	6	1.8125	1.9725
sub-06	6	29	caw	sub-06_run-06_trial-29.wav	7	1.9725	2.1125
sub-06	6	29	caw	sub-06_run-06_trial-29.wav	8	2.1125	2.2325
sub-06	6	29	caw	sub-06_run-06_trial-29.wav	9	2.3125	2.4125
sub-06	6	29	caw	sub-06_run-06_trial-29.wav	10	2.4125	2.5725
sub-06	6	29	caw	sub-06_run-06_trial-29.wav	11	2.6325	2.9325
sub-06	6	29	caw	sub-06_run-06_trial-29.wav	12	2.9325	3.1925
sub-06	6	29	caw	sub-06_run-06_trial-29.wav	13	3.2525	3.4525
sub-06	6	29	caw	sub-06_run-06_trial-29.wav	14	3.4525	3.6925
sub-06	6	29	caw	sub-06_run-06_trial-29.wav	15	3.7525	3.9325
sub-06	6	29	caw	sub-06_run-06_trial-29.wav	16	3.9925	4.2125
sub-06	6	29	caw	sub-06_run-06_trial-29.wav	17	4.2725	4.4525
sub-06	6	30	imah	sub-06_run-06_trial-30.wav	1	0.3725	0.6525
sub-06	6	30	imah	sub-06_run-06_trial-30.wav	2	0.6525	0.7925
sub-06	6	30	imah	sub-06_run-06_trial-30.wav	3	0.7925	1.0525
sub-06	6	30	imah	sub-06_run-06_trial-30.wav	4	1.0525	1.1925
sub-06	6	30	imah	sub-06_run-06_trial-30.wav	5	1.1925	1.4925
sub-06	6	30	imah	sub-06_run-06_trial-30.wav	6	1.4925	1.5925
sub-06	6	30	imah	sub-06_run-06_trial-30.wav	7	1.5925	1.8925
sub-06	6	30	imah	sub-06_run-06_trial-30.wav	8	1.8925	1.9925
sub-06	6	30	imah	sub-06_run-06_trial-30.wav	9	1.9925	2.2925
sub-06	6	30	imah	sub-06_run-06_trial-30.wav	10	2.3725	2.6925
sub-06	6	30	imah	sub-06_run-06_trial-30.wav	11	2.7925	3.2125
sub-06	6	30	imah	sub-06_run-06_trial-30.wav	12	3.2125	3.4525
sub-06	6	30	imah	sub-06_run-06_trial-30.wav	13	3.5325	3.9325
sub-06	6	30	imah	sub-06_run-06_trial-30.wav	14	3.9325	4.2125
sub-06	6	30	imah	sub-06_run-06_trial-30.wav	15	4.2125	4.3325
sub-06	6	30	imah	sub-06_run-06_trial-30.wav	16	4.3325	4.5725
sub-06	6	31	per	sub-06_run-06_trial-31.wav	1	0.0725	0.2725
sub-06	6	31	per	sub-06_run-06_trial-31.wav	2	0.3325	0.4525
sub-06	6	31	per	sub-06_run-06_trial-31.wav	3	0.5125	0.7325
sub-06	6	31	per	sub-06_run-06_trial-31.wav	4	0.7925	0.9525
sub-06	6	31	per	sub-06_run-06_trial-31.wav	5	1.0525	1.2325
sub-06	6	31	per	sub-06_run-06_trial-31.wav	6	1.2925	1.4925
sub-06	6	31	per	sub-06_run-06_trial-31.wav	7	1.5325	1.7525
sub-06	6	31	per	sub-06_run-06_trial-31.wav	8	1.8125	1.9725
sub-06	6	31	per	sub-06_run-06_trial-31.wav	9	2.0325	2.1525
sub-06	6	31	per	sub-06_run-06_trial-31.wav	10	2.1925	2.3125
sub-06	6	31	per	sub-06_run-06_trial-31.wav	11	2.3725	2.5125
sub-06	6	31	per	sub-06_run-06_trial-31.wav	12	2.5925	2.7725
sub-06	6	31	per	sub-06_run-06_trial-31.wav	13	2.8125	2.9725
sub-06	6	31	per	sub-06_run-06_trial-31.wav	14	3.0325	3.2525
sub-06	6	31	per	sub-06_run-06_trial-31.wav	15	3.3125	3.4925
sub-06	6	31	per	sub-06_run-06_trial-31.wav	16	3.5525	3.6725
sub-06	6	31	per	sub-06_run-06_trial-31.wav	17	3.7525	3.8725
sub-06	6	31	per	sub-06_run-06_trial-31.wav	18	3.9325	4.0525
sub-06	6	31	per	sub-06_run-06_trial-31.wav	19	4.1325	4.2325
sub-06	6	31	per	sub-06_run-06_trial-31.wav	20	4.3125	4.4725
sub-06	6	32	neh	sub-06_run-06_trial-32.wav	1	0.1925	0.5125
sub-06	6	32	neh	sub-06_run-06_trial-32.wav	2	0.5725	0.8725
sub-06	6	32	neh	sub-06_run-06_trial-32.wav	3	0.8725	1.1925
sub-06	6	32	neh	sub-06_run-06_trial-32.wav	4	1.1925	1.4925
sub-06	6	32	neh	sub-06_run-06_trial-32.wav	5	1.4925	1.8325
sub-06	6	32	neh	sub-06_run-06_trial-32.wav	6	1.8325	2.1725
sub-06	6	32	neh	sub-06_run-06_trial-32.wav	7	2.1725	2.5325
sub-06	6	32	neh	sub-06_run-06_trial-32.wav	8	2.5325	2.8125
sub-06	6	32	neh	sub-06_run-06_trial-32.wav	9	2.8125	3.0325
sub-06	6	32	neh	sub-06_run-06_trial-32.wav	10	3.0325	3.2725
sub-06	6	32	neh	sub-06_run-06_trial-32.wav	11	3.2725	3.5525
sub-06	6	32	neh	sub-06_run-06_trial-32.wav	12	3.5525	3.8125
sub-06	6	32	neh	sub-06_run-06_trial-32.wav	13	3.8125	4.0125
sub-06	6	32	neh	sub-06_run-06_trial-32.wav	14	4.0125	4.2725
sub-06	6	33	ti	sub-06_run-06_trial-33.wav	1	0.2325	0.4325
sub-06	6	33	ti	sub-06_run-06_trial-33.wav	2	0.4925	0.6325
sub-06	6	33	ti	sub-06_run-06_trial-33.wav	3	0.7125	0.8925
sub-06	6	33	ti	sub-06_run-06_trial-33.wav	4	0.9725	1.1325
sub-06	6	33	ti	sub-06_run-06_trial-33.wav	5	1.1325	1.2725
sub-06	6	33	ti	sub-06_run-06_trial-33.wav	6	1.3525	1.4925
sub-06	6	33	ti	sub-06_run-06_trial-33.wav	7	1.5525	1.6725
sub-06	6	33	ti	sub-06_run-06_trial-33.wav	8	1.7525	1.8725
sub-06	6	33	ti	sub-06_run-06_trial-33.wav	9	1.9925	2.1325
sub-06	6	33	ti	sub-06_run-06_trial-33.wav	10	2.1925	2.3125
sub-06	6	33	ti	sub-06_run-06_trial-33.wav	11	2.3925	2.4925
sub-06	6	33	ti	sub-06_run-06_trial-33.wav	12	2.5925	2.7325
sub-06	6	33	ti	sub-06_run-06_trial-33.wav	13	2.7925	2.9325
sub-06	6	33	ti	sub-06_run-06_trial-33.wav	14	3.0325	3.1325
sub-06	6	33	ti	sub-06_run-06_trial-33.wav	15	3.1925	3.3325
sub-06	6	33	ti	sub-06_run-06_trial-33.wav	16	3.3325	3.5125
sub-06	6	33	ti	sub-06_run-06_trial-33.wav	17	3.5925	3.7325
sub-06	6	33	ti	sub-06_run-06_trial-33.wav	18	3.8125	3.9325
sub-06	6	33	ti	sub-06_run-06_trial-33.wav	19	3.9925	4.1325
sub-06	6	33	ti	sub-06_run-06_trial-33.wav	20	4.1725	4.3325
sub-06	6	33	ti	sub-06_run-06_trial-33.wav	21	4.3325	4.5125
sub-06	6	34	would	sub-06_run-06_trial-34.wav	1	0.0525	0.4725
sub-06	6	34	would	sub-06_run-06_trial-34.wav	2	0.5525	0.7725
sub-06	6	34	would	sub-06_run-06_trial-34.wav	3	0.7725	0.8925
sub-06	6	34	would	sub-06_run-06_trial-34.wav	4	0.8925	1.1725
sub-06	6	34	would	sub-06_run-06_trial-34.wav	5	1.1725	1.3125
sub-06	6	34	would	sub-06_run-06_trial-34.wav	6	1.3125	1.5725
sub-06	6	34	would	sub-06_run-06_trial-34.wav	7	1.5725	1.7325
sub-06	6	34	would	sub-06_run-06_trial-34.wav	8	1.7325	2.0125
sub-06	6	34	would	sub-06_run-06_trial-34.wav	9	2.0125	2.1525
sub-06	6	34	would	sub-06_run-06_trial-34.wav	10	2.1525	2.4525
sub-06	6	34	would	sub-06_run-06_trial-34.wav	11	2.4525	2.6325
sub-06	6	34	would	sub-06_run-06_trial-34.wav	12	2.6325	2.9325
sub-06	6	34	would	sub-06_run-06_trial-34.wav	13	2.9325	3.1125
sub-06	6	34	would	sub-06_run-06_trial-34.wav	14	3.1125	3.3725
sub-06	6	34	would	sub-06_run-06_trial-34.wav	15	3.3725	3.5325
sub-06	6	34	would	sub-06_run-06_trial-34.wav	16	3.5325	3.7525
sub-06	6	34	would	sub-06_run-06_trial-34.wav	17	3.8125	3.9325
sub-06	6	34	would	sub-06_run-06_trial-34.wav	18	3.9325	4.1725
sub-06	6	34	would	sub-06_run-06_trial-34.wav	19	4.1725	4.3925
sub-06	6	35	ser	sub-06_run-06_trial-35.wav	1	0.1325	0.4725
sub-06	6	35	ser	sub-06_run-06_trial-35.wav	2	0.4725	0.7725
sub-06	6	35	ser	sub-06_run-06_trial-35.wav	3	0.7725	1.0925
sub-06	6	35	ser	sub-06_run-06_trial-35.wav	4	1.0925	1.3725
sub-06	6	35	ser	sub-06_run-06_trial-35.wav	5	1.3725	1.6525
sub-06	6	35	ser	sub-06_run-06_trial-35.wav	6	1.6525	1.9125
sub-06	6	35	ser	sub-06_run-06_trial-35.wav	7	1.9125	2.1925
sub-06	6	35	ser	sub-06_run-06_trial-35.wav	8	2.1925	2.4525
sub-06	6	35	ser	sub-06_run-06_trial-35.wav	9	2.4525	2.7325
sub-06	6	35	ser	sub-06_run-06_trial-35.wav	10	2.7725	2.9925
sub-06	6	35	ser	sub-06_run-06_trial-35.wav	11	2.9925	3.2125
sub-06	6	35	ser	sub-06_run-06_trial-35.wav	12	3.2125	3.4525
sub-06	6	35	ser	sub-06_run-06_trial-35.wav	13	3.4525	3.6925
sub-06	6	35	ser	sub-06_run-06_trial-35.wav	14	3.6925	3.9725
sub-06	6	35	ser	sub-06_run-06_trial-35.wav	15	3.9725	4.2325
sub-06	6	35	ser	sub-06_run-06_trial-35.wav	16	4.2325	4.3725
sub-06	6	36	jur	sub-06_run-06_trial-36.wav	1	0.3725	0.6125
sub-06	6	36	jur	sub-06_run-06_trial-36.wav	2	0.6125	0.8525
sub-06	6	36	jur	sub-06_run-06_trial-36.wav	3	0.8525	1.1125
sub-06	6	36	jur	sub-06_run-06_trial-36.wav	4	1.1725	1.4125
sub-06	6	36	jur	sub-06_run-06_trial-36.wav	5	1.4125	1.6125
sub-06	6	36	jur	sub-06_run-06_trial-36.wav	6	1.6125	1.8125
sub-06	6	36	jur	sub-06_run-06_trial-36.wav	7	1.8725	2.0725
sub-06	6	36	jur	sub-06_run-06_trial-36.wav	8	2.1125	2.2725
sub-06	6	36	jur	sub-06_run-06_trial-36.wav	9	2.2725	2.4525
sub-06	6	36	jur	sub-06_run-06_trial-36.wav	10	2.4525	2.7325
sub-06	6	36	jur	sub-06_run-06_trial-36.wav	11	2.7325	3.0125
sub-06	6	36	jur	sub-06_run-06_trial-36.wav	12	3.0125	3.2125
sub-06	6	36	jur	sub-06_run-06_trial-36.wav	13	3.2925	3.4525
sub-06	6	36	jur	sub-06_run-06_trial-36.wav	14	3.4525	3.6125
sub-06	6	36	jur	sub-06_run-06_trial-36.wav	15	3.6125	3.8325
sub-06	6	36	jur	sub-06_run-06_trial-36.wav	16	3.8925	4.0325
sub-06	6	36	jur	sub-06_run-06_trial-36.wav	17	4.0725	4.2525
sub-06	6	36	jur	sub-06_run-06_trial-36.wav	18	4.2525	4.5325
sub-06	6	37	thrilled	sub-06_run-06_trial-37.wav	1	0.1125	0.2525
sub-06	6	37	thrilled	sub-06_run-06_trial-37.wav	2	0.2525	0.4125
sub-06	6	37	thrilled	sub-06_run-06_trial-37.wav	3	0.4125	0.5325
sub-06	6	37	thrilled	sub-06_run-06_trial-37.wav	4	0.5325	0.8125
sub-06	6	37	thrilled	sub-06_run-06_trial-37.wav	5	0.8125	1.0925
sub-06	6	37	thrilled	sub-06_run-06_trial-37.wav	6	1.0925	1.2325
sub-06	6	37	thrilled	sub-06_run-06_trial-37.wav	7	1.2325	1.3525
sub-06	6	37	thrilled	sub-06_run-06_trial-37.wav	8	1.3525	1.4925
sub-06	6	37	thrilled	sub-06_run-06_trial-37.wav	9	1.4925	1.6325
sub-06	6	37	thrilled	sub-06_run-06_trial-37.wav	10	1.6325	1.7725
sub-06	6	37	thrilled	sub-06_run-06_trial-37.wav	11	1.7725	1.8925
sub-06	6	37	thrilled	sub-06_run-06_trial-37.wav	12	1.8925	2.3525
sub-06	6	37	thrilled	sub-06_run-06_trial-37.wav	13	2.3525	2.4725
sub-06	6	37	thrilled	sub-06_run-06_trial-37.wav	14	2.4725	2.7725
sub-06	6	37	thrilled	sub-06_run-06_trial-37.wav	15	2.7725	2.9325
sub-06	6	37	thrilled	sub-06_run-06_trial-37.wav	16	2.9325	3.0725
sub-06	6	37	thrilled	sub-06_run-06_trial-37.wav	17	3.0725	3.3725
sub-06	6	37	thrilled	sub-06_run-06_trial-37.wav	18	3.3725	3.4925
sub-06	6	37	thrilled	sub-06_run-06_trial-37.wav	19	3.4925	3.6125
sub-06	6	37	thrilled	sub-06_run-06_trial-37.wav	20	3.6125	3.8925
sub-06	6	37	thrilled	sub-06_run-06_trial-37.wav	21	3.8925	4.0525
sub-06	6	37	thrilled	sub-06_run-06_trial-37.wav	22	4.0525	4.2125
sub-06	6	37	thrilled	sub-06_run-06_trial-37.wav	23	4.2125	4.3325
sub-06	6	37	thrilled	sub-06_run-06_trial-37.wav	24	4.3325	4.5925
sub-06	6	38	much	sub-06_run-06_trial-38.wav	1	0.4925	0.6925
sub-06	6	38	much	sub-06_run-06_trial-38.wav	2	0.6925	0.8125
sub-06	6	38	much	sub-06_run-06_trial-38.wav	3	0.8125	1.0925
sub-06	6	38	much	sub-06_run-06_trial-38.wav	4	1.0925	1.3925
sub-06	6	38	much	sub-06_run-06_trial-38.wav	5	1.3925	1.6925
sub-06	6	38	much	sub-06_run-06_trial-38.wav	6	1.6925	1.9925
sub-06	6	38	much	sub-06_run-06_trial-38.wav	7	1.9925	2.2525
sub-06	6	38	much	sub-06_run-06_trial-38.wav	8	2.2525	2.5325
sub-06	6	38	much	sub-06_run-06_trial-38.wav	9	2.5325	2.8125
sub-06	6	38	much	sub-06_run-06_trial-38.wav	10	2.8125	3.0525
sub-06	6	38	much	sub-06_run-06_trial-38.wav	11	3.0525	3.3325
sub-06	6	38	much	sub-06_run-06_trial-38.wav	12	3.3325	3.5725
sub-06	6	38	much	sub-06_run-06_trial-38.wav	13	3.5725	3.8125
sub-06	6	38	much	sub-06_run-06_trial-38.wav	14	3.8125	4.0925
sub-06	6	38	much	sub-06_run-06_trial-38.wav	15	4.0925	4.3525
sub-06	6	38	much	sub-06_run-06_trial-38.wav	16	4.3525	4.5125
sub-06	6	39	jin	sub-06_run-06_trial-39.wav	1	0.1525	0.4325
sub-06	6	39	jin	sub-06_run-06_trial-39.wav	2	0.4325	0.6925
sub-06	6	39	jin	sub-06_run-06_trial-39.wav	3	0.6925	0.9725
sub-06	6	39	jin	sub-06_run-06_trial-39.wav	4	0.9725	1.2125
sub-06	6	39	jin	sub-06_run-06_trial-39.wav	5	1.2125	1.4725
sub-06	6	39	jin	sub-06_run-06_trial-39.wav	6	1.4725	1.7325
sub-06	6	39	jin	sub-06_run-06_trial-39.wav	7	1.7325	1.9925
sub-06	6	39	jin	sub-06_run-06_trial-39.wav	8	1.9925	2.2525
sub-06	6	39	jin	sub-06_run-06_trial-39.wav	9	2.2525	2.4725
sub-06	6	39	jin	sub-06_run-06_trial-39.wav	10	2.4725	2.7125
sub-06	6	39	jin	sub-06_run-06_trial-39.wav	11	2.7125	2.9725
sub-06	6	39	jin	sub-06_run-06_trial-39.wav	12	2.9725	3.2525
sub-06	6	39	jin	sub-06_run-06_trial-39.wav	13	3.2525	3.4925
sub-06	6	39	jin	sub-06_run-06_trial-39.wav	14	3.4925	3.7325
sub-06	6	39	jin	sub-06_run-06_trial-39.wav	15	3.7325	4.0125
sub-06	6	39	jin	sub-06_run-06_trial-39.wav	16	4.0125	4.2925
sub-06	6	39	jin	sub-06_run-06_trial-39.wav	17	4.2925	4.5125
sub-06	6	40	ver	sub-06_run-06_trial-40.wav	1	0.1725	0.3725
sub-06	6	40	ver	sub-06_run-06_trial-40.wav	2	0.3725	0.6125
sub-06	6	40	ver	sub-06_run-06_trial-40.wav	3	0.6125	0.8525
sub-06	6	40	ver	sub-06_run-06_trial-40.wav	4	0.8525	1.0525
sub-06	6	40	ver	sub-06_run-06_trial-40.wav	5	1.0525	1.3525
sub-06	6	40	ver	sub-06_run-06_trial-40.wav	6	1.3525	1.5325
sub-06	6	40	ver	sub-06_run-06_trial-40.wav	7	1.5325	1.6925
sub-06	6	40	ver	sub-06_run-06_trial-40.wav	8	1.7525	1.8925
sub-06	6	40	ver	sub-06_run-06_trial-40.wav	9	1.8925	2.1725
sub-06	6	40	ver	sub-06_run-06_trial-40.wav	10	2.2325	2.3925
sub-06	6	40	ver	sub-06_run-06_trial-40.wav	11	2.3925	2.6125
sub-06	6	40	ver	sub-06_run-06_trial-40.wav	12	2.6125	2.8125
sub-06	6	40	ver	sub-06_run-06_trial-40.wav	13	2.8125	3.0525
sub-06	6	40	ver	sub-06_run-06_trial-40.wav	14	3.0525	3.2525
sub-06	6	40	ver	sub-06_run-06_trial-40.wav	15	3.2525	3.4725
sub-06	6	40	ver	sub-06_run-06_trial-40.wav	16	3.4725	3.6725
sub-06	6	40	ver	sub-06_run-06_trial-40.wav	17	3.6725	3.8725
sub-06	6	40	ver	sub-06_run-06_trial-40.wav	18	3.8725	4.0525
sub-06	6	40	ver	sub-06_run-06_trial-40.wav	19	4.0525	4.2725
sub-06	6	40	ver	sub-06_run-06_trial-40.wav	20	4.2725	4.4525
sub-06	6	41	pie	sub-06_run-06_trial-41.wav	1	0.2925	0.5725
sub-06	6	41	pie	sub-06_run-06_trial-41.wav	2	0.6125	0.8725
sub-06	6	41	pie	sub-06_run-06_trial-41.wav	3	0.9525	1.2125
sub-06	6	41	pie	sub-06_run-06_trial-41.wav	4	1.2725	1.4925
sub-06	6	41	pie	sub-06_run-06_trial-41.wav	5	1.5525	1.8125
sub-06	6	41	pie	sub-06_run-06_trial-41.wav	6	1.8525	2.1125
sub-06	6	41	pie	sub-06_run-06_trial-41.wav	7	2.1725	2.4125
sub-06	6	41	pie	sub-06_run-06_trial-41.wav	8	2.4925	2.7325
sub-06	6	41	pie	sub-06_run-06_trial-41.wav	9	2.8125	3.0325
sub-06	6	41	pie	sub-06_run-06_trial-41.wav	10	3.0925	3.2725
sub-06	6	41	pie	sub-06_run-06_trial-41.wav	11	3.3125	3.4325
sub-06	6	41	pie	sub-06_run-06_trial-41.wav	12	3.5125	3.7125
sub-06	6	41	pie	sub-06_run-06_trial-41.wav	13	3.7725	3.9125
sub-06	6	41	pie	sub-06_run-06_trial-41.wav	14	3.9725	4.0725
sub-06	6	41	pie	sub-06_run-06_trial-41.wav	15	4.1325	4.2525
sub-06	6	41	pie	sub-06_run-06_trial-41.wav	16	4.3125	4.4325
sub-06	6	42	pro	sub-06_run-06_trial-42.wav	1	0.2325	0.4925
sub-06	6	42	pro	sub-06_run-06_trial-42.wav	2	0.5525	0.8325
sub-06	6	42	pro	sub-06_run-06_trial-42.wav	3	0.8925	1.1325
sub-06	6	42	pro	sub-06_run-06_trial-42.wav	4	1.1925	1.4125
sub-06	6	42	pro	sub-06_run-06_trial-42.wav	5	1.5125	1.7525
sub-06	6	42	pro	sub-06_run-06_trial-42.wav	6	1.8525	2.0125
sub-06	6	42	pro	sub-06_run-06_trial-42.wav	7	2.0925	2.3525
sub-06	6	42	pro	sub-06_run-06_trial-42.wav	8	2.4325	2.7125
sub-06	6	42	pro	sub-06_run-06_trial-42.wav	9	2.8125	3.0525
sub-06	6	42	pro	sub-06_run-06_trial-42.wav	10	3.0525	3.3125
sub-06	6	42	pro	sub-06_run-06_trial-42.wav	11	3.3725	3.6125
sub-06	6	42	pro	sub-06_run-06_trial-42.wav	12	3.6925	3.8725
sub-06	6	42	pro	sub-06_run-06_trial-42.wav	13	3.8725	4.0725
sub-06	6	42	pro	sub-06_run-06_trial-42.wav	14	4.1525	4.3725
sub-06	7	1	a	sub-06_run-07_trial-01.wav	1	0.3925	0.6525
sub-06	7	1	a	sub-06_run-07_trial-01.wav	2	0.6525	0.9125
sub-06	7	1	a	sub-06_run-07_trial-01.wav	3	0.9925	1.2525
sub-06	7	1	a	sub-06_run-07_trial-01.wav	4	1.2525	1.5125
sub-06	7	1	a	sub-06_run-07_trial-01.wav	5	1.5125	1.8125
sub-06	7	1	a	sub-06_run-07_trial-01.wav	6	1.8925	2.1325
sub-06	7	1	a	sub-06_run-07_trial-01.wav	7	2.1325	2.3725
sub-06	7	1	a	sub-06_run-07_trial-01.wav	8	2.3725	2.5925
sub-06	7	1	a	sub-06_run-07_trial-01.wav	9	2.5925	2.8325
sub-06	7	1	a	sub-06_run-07_trial-01.wav	10	2.8325	3.0925
sub-06	7	1	a	sub-06_run-07_trial-01.wav	11	3.0925	3.2925
sub-06	7	1	a	sub-06_run-07_trial-01.wav	12	3.2925	4.2125
sub-06	7	1	a	sub-06_run-07_trial-01.wav	13	4.2125	4.5325
sub-06	7	2	thought	sub-06_run-07_trial-02.wav	1	0.4725	0.7125
sub-06	7	2	thought	sub-06_run-07_trial-02.wav	2	0.8525	0.9725
sub-06	7	2	thought	sub-06_run-07_trial-02.wav	3	0.9725	1.2125
sub-06	7	2	thought	sub-06_run-07_trial-02.wav	4	1.2125	1.5925
sub-06	7	2	thought	sub-06_run-07_trial-02.wav	5	1.7525	2.0125
sub-06	7	2	thought	sub-06_run-07_trial-02.wav	6	2.3525	2.7525
sub-06	7	2	thought	sub-06_run-07_trial-02.wav	7	2.7525	3.3125
sub-06	7	2	thought	sub-06_run-07_trial-02.wav	8	3.3125	3.7725
sub-06	7	2	thought	sub-06_run-07_trial-02.wav	9	3.8725	4.2325
sub-06	7	2	thought	sub-06_run-07_trial-02.wav	10	4.3125	4.5925
sub-06	7	3	jin	sub-06_run-07_trial-03.wav	1	0.3125	0.6525
sub-06	7	3	jin	sub-06_run-07_trial-03.wav	2	0.6525	0.9925
sub-06	7	3	jin	sub-06_run-07_trial-03.wav	3	0.9925	1.1725
sub-06	7	3	jin	sub-06_run-07_trial-03.wav	4	1.1725	1.4125
sub-06	7	3	jin	sub-06_run-07_trial-03.wav	5	1.4125	1.6125
sub-06	7	3	jin	sub-06_run-07_trial-03.wav	6	1.6125	1.7525
sub-06	7	3	jin	sub-06_run-07_trial-03.wav	7	1.7525	1.9925
sub-06	7	3	jin	sub-06_run-07_trial-03.wav	8	1.9925	2.1725
sub-06	7	3	jin	sub-06_run-07_trial-03.wav	9	2.1725	2.3725
sub-06	7	3	jin	sub-06_run-07_trial-03.wav	10	2.3725	2.5925
sub-06	7	3	jin	sub-06_run-07_trial-03.wav	11	2.5925	2.7725
sub-06	7	3	jin	sub-06_run-07_trial-03.wav	12	2.7725	3.0125
sub-06	7	3	jin	sub-06_run-07_trial-03.wav	13	3.0125	3.1925
sub-06	7	3	jin	sub-06_run-07_trial-03.wav	14	3.1925	3.3125
sub-06	7	3	jin	sub-06_run-07_trial-03.wav	15	3.3925	3.4925
sub-06	7	3	jin	sub-06_run-07_trial-03.wav	16	3.4925	3.7525
sub-06	7	3	jin	sub-06_run-07_trial-03.wav	17	3.7525	3.9725
sub-06	7	3	jin	sub-06_run-07_trial-03.wav	18	3.9725	4.1925
sub-06	7	3	jin	sub-06_run-07_trial-03.wav	19	4.1925	4.4125
sub-06	7	3	jin	sub-06_run-07_trial-03.wav	20	4.4125	4.5325
sub-06	7	4	thir	sub-06_run-07_trial-04.wav	1	0.3725	0.6525
sub-06	7	4	thir	sub-06_run-07_trial-04.wav	2	0.6525	0.9525
sub-06	7	4	thir	sub-06_run-07_trial-04.wav	3	0.9525	1.2925
sub-06	7	4	thir	sub-06_run-07_trial-04.wav	4	1.2925	1.6525
sub-06	7	4	thir	sub-06_run-07_trial-04.wav	5	1.6525	1.9325
sub-06	7	4	thir	sub-06_run-07_trial-04.wav	6	1.9325	2.2325
sub-06	7	4	thir	sub-06_run-07_trial-04.wav	7	2.2325	2.5125
sub-06	7	4	thir	sub-06_run-07_trial-04.wav	8	2.5125	2.8125
sub-06	7	4	thir	sub-06_run-07_trial-04.wav	9	2.8125	3.0725
sub-06	7	4	thir	sub-06_run-07_trial-04.wav	10	3.1525	3.4125
sub-06	7	4	thir	sub-06_run-07_trial-04.wav	11	3.4725	3.6725
sub-06	7	4	thir	sub-06_run-07_trial-04.wav	12	3.6725	3.9325
sub-06	7	4	thir	sub-06_run-07_trial-04.wav	13	3.9325	4.2525
sub-06	7	4	thir	sub-06_run-07_trial-04.wav	14	4.2525	4.4925
sub-06	7	5	per	sub-06_run-07_trial-05.wav	1	0.2925	0.4525
sub-06	7	5	per	sub-06_run-07_trial-05.wav	2	0.5325	0.6925
sub-06	7	5	per	sub-06_run-07_trial-05.wav	3	0.7525	0.8725
sub-06	7	5	per	sub-06_run-07_trial-05.wav	4	0.9325	1.1725
sub-06	7	5	per	sub-06_run-07_trial-05.wav	5	1.2525	1.3925
sub-06	7	5	per	sub-06_run-07_trial-05.wav	6	1.4725	1.5725
sub-06	7	5	per	sub-06_run-07_trial-05.wav	7	1.6725	1.7325
sub-06	7	5	per	sub-06_run-07_trial-05.wav	8	1.8125	1.9125
sub-06	7	5	per	sub-06_run-07_trial-05.wav	9	1.9925	2.1525
sub-06	7	5	per	sub-06_run-07_trial-05.wav	10	2.2325	2.3525
sub-06	7	5	per	sub-06_run-07_trial-05.wav	11	2.4125	2.5525
sub-06	7	5	per	sub-06_run-07_trial-05.wav	12	2.6125	2.7325
sub-06	7	5	per	sub-06_run-07_trial-05.wav	13	2.7925	3.0125
sub-06	7	5	per	sub-06_run-07_trial-05.wav	14	3.0925	3.1925
sub-06	7	5	per	sub-06_run-07_trial-05.wav	15	3.2725	3.3725
sub-06	7	5	per	sub-06_run-07_trial-05.wav	16	3.4525	3.5525
sub-06	7	5	per	sub-06_run-07_trial-05.wav	17	3.6325	3.7525
sub-06	7	5	per	sub-06_run-07_trial-05.wav	18	3.8125	3.9325
sub-06	7	5	per	sub-06_run-07_trial-05.wav	19	3.9925	4.2125
sub-06	7	5	per	sub-06_run-07_trial-05.wav	20	4.2125	4.3525
sub-06	7	6	pi	sub-06_run-07_trial-06.wav	1	0.0925	0.2525
sub-06	7	6	pi	sub-06_run-07_trial-06.wav	2	0.2525	0.4725
sub-06	7	6	pi	sub-06_run-07_trial-06.wav	3	0.4725	0.7125
sub-06	7	6	pi	sub-06_run-07_trial-06.wav	4	0.7125	0.9325
sub-06	7	6	pi	sub-06_run-07_trial-06.wav	5	0.9325	1.1325
sub-06	7	6	pi	sub-06_run-07_trial-06.wav	6	1.1925	1.3725
sub-06	7	6	pi	sub-06_run-07_trial-06.wav	7	1.3725	1.6125
sub-06	7	6	pi	sub-06_run-07_trial-06.wav	8	1.6125	1.8125
sub-06	7	6	pi	sub-06_run-07_trial-06.wav	9	1.8725	2.0525
sub-06	7	6	pi	sub-06_run-07_trial-06.wav	10	2.0525	2.2925
sub-06	7	6	pi	sub-06_run-07_trial-06.wav	11	2.2925	2.4925
sub-06	7	6	pi	sub-06_run-07_trial-06.wav	12	2.4925	2.6725
sub-06	7	6	pi	sub-06_run-07_trial-06.wav	13	2.7325	2.8925
sub-06	7	6	pi	sub-06_run-07_trial-06.wav	14	2.8925	3.0925
sub-06	7	6	pi	sub-06_run-07_trial-06.wav	15	3.0925	3.3325
sub-06	7	6	pi	sub-06_run-07_trial-06.wav	16	3.3325	3.6125
sub-06	7	6	pi	sub-06_run-07_trial-06.wav	17	3.6125	3.7925
sub-06	7	6	pi	sub-06_run-07_trial-06.wav	18	3.8525	4.0125
sub-06	7	6	pi	sub-06_run-07_trial-06.wav	19	4.0125	4.2125
sub-06	7	6	pi	sub-06_run-07_trial-06.wav	20	4.2125	4.4325
sub-06	7	7	less	sub-06_run-07_trial-07.wav	1	0.3525	0.7125
sub-06	7	7	less	sub-06_run-07_trial-07.wav	2	0.7125	1.0525
sub-06	7	7	less	sub-06_run-07_trial-07.wav	3	1.0525	1.3725
sub-06	7	7	less	sub-06_run-07_trial-07.wav	4	1.3725	1.7125
sub-06	7	7	less	sub-06_run-07_trial-07.wav	5	1.7125	1.9325
sub-06	7	7	less	sub-06_run-07_trial-07.wav	6	1.9325	2.0725
sub-06	7	7	less	sub-06_run-07_trial-07.wav	7	2.0725	2.2725
sub-06	7	7	less	sub-06_run-07_trial-07.wav	8	2.2725	2.3925
sub-06	7	7	less	sub-06_run-07_trial-07.wav	9	2.3925	2.6125
sub-06	7	7	less	sub-06_run-07_trial-07.wav	10	2.6125	2.7525
sub-06	7	7	less	sub-06_run-07_trial-07.wav	11	2.7525	2.9525
sub-06	7	7	less	sub-06_run-07_trial-07.wav	12	2.9525	3.0925
sub-06	7	7	less	sub-06_run-07_trial-07.wav	13	3.0925	3.2925
sub-06	7	7	less	sub-06_run-07_trial-07.wav	14	3.2925	3.3925
sub-06	7	7	less	sub-06_run-07_trial-07.wav	15	3.3925	3.6125
sub-06	7	7	less	sub-06_run-07_trial-07.wav	16	3.6125	3.7325
sub-06	7	7	less	sub-06_run-07_trial-07.wav	17	3.7325	4.0925
sub-06	7	7	less	sub-06_run-07_trial-07.wav	18	4.0925	4.9974
sub-06	7	8	would	sub-06_run-07_trial-08.wav	1	0.1525	0.2325
sub-06	7	8	would	sub-06_run-07_trial-08.wav	2	0.2325	0.4525
sub-06	7	8	would	sub-06_run-07_trial-08.wav	3	0.4525	0.5925
sub-06	7	8	would	sub-06_run-07_trial-08.wav	4	0.5925	0.8525
sub-06	7	8	would	sub-06_run-07_trial-08.wav	5	0.8525	0.9925
sub-06	7	8	would	sub-06_run-07_trial-08.wav	6	0.9925	1.2125
sub-06	7	8	would	sub-06_run-07_trial-08.wav	7	1.2125	1.3525
sub-06	7	8	would	sub-06_run-07_trial-08.wav	8	1.3525	1.6125
sub-06	7	8	would	sub-06_run-07_trial-08.wav	9	1.6125	1.7725
sub-06	7	8	would	sub-06_run-07_trial-08.wav	10	1.7725	2.0125
sub-06	7	8	would	sub-06_run-07_trial-08.wav	11	2.0125	2.1725
sub-06	7	8	would	sub-06_run-07_trial-08.wav	12	2.1725	2.3525
sub-06	7	8	would	sub-06_run-07_trial-08.wav	13	2.4125	2.5325
sub-06	7	8	would	sub-06_run-07_trial-08.wav	14	2.5325	2.7325
sub-06	7	8	would	sub-06_run-07_trial-08.wav	15	2.7725	3.1325
sub-06	7	8	would	sub-06_run-07_trial-08.wav	16	3.1325	3.2725
sub-06	7	8	would	sub-06_run-07_trial-08.wav	17	3.2725	3.5325
sub-06	7	8	would	sub-06_run-07_trial-08.wav	18	3.5925	3.9725
sub-06	7	8	would	sub-06_run-07_trial-08.wav	19	3.9725	4.1725
sub-06	7	8	would	sub-06_run-07_trial-08.wav	20	4.1725	4.5125
sub-06	7	9	pie	sub-06_run-07_trial-09.wav	1	0.2725	0.5725
sub-06	7	9	pie	sub-06_run-07_trial-09.wav	2	0.6325	0.8925
sub-06	7	9	pie	sub-06_run-07_trial-09.wav	3	0.9525	1.1725
sub-06	7	9	pie	sub-06_run-07_trial-09.wav	4	1.2125	1.4325
sub-06	7	9	pie	sub-06_run-07_trial-09.wav	5	1.4925	1.6925
sub-06	7	9	pie	sub-06_run-07_trial-09.wav	6	1.7525	1.9125
sub-06	7	9	pie	sub-06_run-07_trial-09.wav	7	1.9725	2.1525
sub-06	7	9	pie	sub-06_run-07_trial-09.wav	8	2.2125	2.4125
sub-06	7	9	pie	sub-06_run-07_trial-09.wav	9	2.4725	2.6725
sub-06	7	9	pie	sub-06_run-07_trial-09.wav	10	2.7325	2.8525
sub-06	7	9	pie	sub-06_run-07_trial-09.wav	11	2.9125	3.0925
sub-06	7	9	pie	sub-06_run-07_trial-09.wav	12	3.1525	3.3725
sub-06	7	9	pie	sub-06_run-07_trial-09.wav	13	3.4525	3.6925
sub-06	7	9	pie	sub-06_run-07_trial-09.wav	14	3.7525	4.0325
sub-06	7	9	pie	sub-06_run-07_trial-09.wav	15	4.0925	4.3725
sub-06	7	10	jur	sub-06_run-07_trial-10.wav	1	0.0725	0.2925
sub-06	7	10	jur	sub-06_run-07_trial-10.wav	2	0.3725	0.5925
sub-06	7	10	jur	sub-06_run-07_trial-10.wav	3	0.6525	0.8525
sub-06	7	10	jur	sub-06_run-07_trial-10.wav	4	0.9125	1.0925
sub-06	7	10	jur	sub-06_run-07_trial-10.wav	5	1.1525	1.3725
sub-06	7	10	jur	sub-06_run-07_trial-10.wav	6	1.4525	1.6925
sub-06	7	10	jur	sub-06_run-07_trial-10.wav	7	1.7325	2.0125
sub-06	7	10	jur	sub-06_run-07_trial-10.wav	8	2.0525	2.2525
sub-06	7	10	jur	sub-06_run-07_trial-10.wav	9	2.2525	2.5325
sub-06	7	10	jur	sub-06_run-07_trial-10.wav	10	2.5325	2.7725
sub-06	7	10	jur	sub-06_run-07_trial-10.wav	11	2.8325	3.0125
sub-06	7	10	jur	sub-06_run-07_trial-10.wav	12	3.0925	3.3325
sub-06	7	10	jur	sub-06_run-07_trial-10.wav	13	3.3325	3.5325
sub-06	7	10	jur	sub-06_run-07_trial-10.wav	14	3.5925	3.7525
sub-06	7	10	jur	sub-06_run-07_trial-10.wav	15	3.8125	3.9525
sub-06	7	10	jur	sub-06_run-07_trial-10.wav	16	4.0125	4.1725
sub-06	7	10	jur	sub-06_run-07_trial-10.wav	17	4.1725	4.4125
sub-06	7	11	naw	sub-06_run-07_trial-11.wav	1	0.3325	0.6125
sub-06	7	11	naw	sub-06_run-07_trial-11.wav	2	0.6125	0.8925
sub-06	7	11	naw	sub-06_run-07_trial-11.wav	3	0.8925	1.1325
sub-06	7	11	naw	sub-06_run-07_trial-11.wav	4	1.1325	1.3725
sub-06	7	11	naw	sub-06_run-07_trial-11.wav	5	1.3725	1.6125
sub-06	7	11	naw	sub-06_run-07_trial-11.wav	6	1.6125	1.8325
sub-06	7	11	naw	sub-06_run-07_trial-11.wav	7	1.8325	2.0725
sub-06	7	11	naw	sub-06_run-07_trial-11.wav	8	2.0725	2.3125
sub-06	7	11	naw	sub-06_run-07_trial-11.wav	9	2.3125	2.5325
sub-06	7	11	naw	sub-06_run-07_trial-11.wav	10	2.5325	2.7325
sub-06	7	11	naw	sub-06_run-07_trial-11.wav	11	2.7325	2.9325
sub-06	7	11	naw	sub-06_run-07_trial-11.wav	12	2.9325	3.1525
sub-06	7	11	naw	sub-06_run-07_trial-11.wav	13	3.1525	3.3725
sub-06	7	11	naw	sub-06_run-07_trial-11.wav	14	3.3725	3.5725
sub-06	7	11	naw	sub-06_run-07_trial-11.wav	15	3.5725	3.7725
sub-06	7	11	naw	sub-06_run-07_trial-11.wav	16	3.7725	3.9925
sub-06	7	11	naw	sub-06_run-07_trial-11.wav	17	3.9925	4.2325
sub-06	7	11	naw	sub-06_run-07_trial-11.wav	18	4.2325	4.4525
sub-06	7	12	out	sub-06_run-07_trial-12.wav	1	0.3725	0.6925
sub-06	7	12	out	sub-06_run-07_trial-12.wav	2	0.6925	1.0125
sub-06	7	12	out	sub-06_run-07_trial-12.wav	3	1.0125	1.3725
sub-06	7	12	out	sub-06_run-07_trial-12.wav	4	1.3725	1.7125
sub-06	7	12	out	sub-06_run-07_trial-12.wav	5	1.7125	2.0725
sub-06	7	12	out	sub-06_run-07_trial-12.wav	6	2.0725	2.3725
sub-06	7	12	out	sub-06_run-07_trial-12.wav	7	2.3725	2.7525
sub-06	7	12	out	sub-06_run-07_trial-12.wav	8	2.7525	3.0725
sub-06	7	12	out	sub-06_run-07_trial-12.wav	9	3.0725	3.4325
sub-06	7	12	out	sub-06_run-07_trial-12.wav	10	3.4925	3.8125
sub-06	7	12	out	sub-06_run-07_trial-12.wav	11	3.8125	4.1525
sub-06	7	12	out	sub-06_run-07_trial-12.wav	12	4.1525	4.5125
sub-06	7	13	ser	sub-06_run-07_trial-13.wav	1	0.4525	0.7925
sub-06	7	13	ser	sub-06_run-07_trial-13.wav	2	0.7925	1.0925
sub-06	7	13	ser	sub-06_run-07_trial-13.wav	3	1.0925	1.3925
sub-06	7	13	ser	sub-06_run-07_trial-13.wav	4	1.3925	1.6925
sub-06	7	13	ser	sub-06_run-07_trial-13.wav	5	1.6925	2.0125
sub-06	7	13	ser	sub-06_run-07_trial-13.wav	6	2.0125	2.3125
sub-06	7	13	ser	sub-06_run-07_trial-13.wav	7	2.3125	2.5925
sub-06	7	13	ser	sub-06_run-07_trial-13.wav	8	2.5925	2.8725
sub-06	7	13	ser	sub-06_run-07_trial-13.wav	9	2.8725	3.1525
sub-06	7	13	ser	sub-06_run-07_trial-13.wav	10	3.1525	3.4525
sub-06	7	13	ser	sub-06_run-07_trial-13.wav	11	3.4525	3.7125
sub-06	7	13	ser	sub-06_run-07_trial-13.wav	12	3.7125	4.0125
sub-06	7	13	ser	sub-06_run-07_trial-13.wav	13	4.0125	4.2525
sub-06	7	13	ser	sub-06_run-07_trial-13.wav	14	4.2525	4.5525
sub-06	7	14	if	sub-06_run-07_trial-14.wav	1	0.3125	0.5925
sub-06	7	14	if	sub-06_run-07_trial-14.wav	2	0.5925	0.8325
sub-06	7	14	if	sub-06_run-07_trial-14.wav	3	0.8325	0.9125
sub-06	7	14	if	sub-06_run-07_trial-14.wav	4	0.9125	1.2525
sub-06	7	14	if	sub-06_run-07_trial-14.wav	5	1.3325	1.6125
sub-06	7	14	if	sub-06_run-07_trial-14.wav	6	1.6125	1.9725
sub-06	7	14	if	sub-06_run-07_trial-14.wav	7	1.9725	2.3325
sub-06	7	14	if	sub-06_run-07_trial-14.wav	8	2.4325	2.5925
sub-06	7	14	if	sub-06_run-07_trial-14.wav	9	2.5925	2.6925
sub-06	7	14	if	sub-06_run-07_trial-14.wav	10	2.6925	3.0525
sub-06	7	14	if	sub-06_run-07_trial-14.wav	11	3.0525	3.4125
sub-06	7	14	if	sub-06_run-07_trial-14.wav	12	3.4125	3.7925
sub-06	7	14	if	sub-06_run-07_trial-14.wav	13	3.8925	4.1725
sub-06	7	14	if	sub-06_run-07_trial-14.wav	14	4.1725	4.4325
sub-06	7	15	thurs	sub-06_run-07_trial-15.wav	1	0.4125	0.6125
sub-06	7	15	thurs	sub-06_run-07_trial-15.wav	2	0.6125	1.0125
sub-06	7	15	thurs	sub-06_run-07_trial-15.wav	3	1.0125	1.3725
sub-06	7	15	thurs	sub-06_run-07_trial-15.wav	4	1.3725	1.7725
sub-06	7	15	thurs	sub-06_run-07_trial-15.wav	5	1.7725	2.1525
sub-06	7	15	thurs	sub-06_run-07_trial-15.wav	6	2.1525	2.6125
sub-06	7	15	thurs	sub-06_run-07_trial-15.wav	7	2.6125	3.0725
sub-06	7	15	thurs	sub-06_run-07_trial-15.wav	8	3.0725	3.4525
sub-06	7	15	thurs	sub-06_run-07_trial-15.wav	9	3.4525	3.9325
sub-06	7	15	thurs	sub-06_run-07_trial-15.wav	10	3.9325	4.2925
sub-06	7	16	imah	sub-06_run-07_trial-16.wav	1	0.1125	0.1925
sub-06	7	16	imah	sub-06_run-07_trial-16.wav	2	0.1925	0.4725
sub-06	7	16	imah	sub-06_run-07_trial-16.wav	3	0.4725	0.6125
sub-06	7	16	imah	sub-06_run-07_trial-16.wav	4	0.6125	0.8725
sub-06	7	16	imah	sub-06_run-07_trial-16.wav	5	0.8725	1.0125
sub-06	7	16	imah	sub-06_run-07_trial-16.wav	6	1.0125	1.3725
sub-06	7	16	imah	sub-06_run-07_trial-16.wav	7	1.3725	1.6125
sub-06	7	16	imah	sub-06_run-07_trial-16.wav	8	1.6125	1.7125
sub-06	7	16	imah	sub-06_run-07_trial-16.wav	9	1.7125	2.0725
sub-06	7	16	imah	sub-06_run-07_trial-16.wav	10	2.0725	2.3125
sub-06	7	16	imah	sub-06_run-07_trial-16.wav	11	2.3925	2.4925
sub-06	7	16	imah	sub-06_run-07_trial-16.wav	12	2.4925	2.7125
sub-06	7	16	imah	sub-06_run-07_trial-16.wav	13	2.7725	2.8525
sub-06	7	16	imah	sub-06_run-07_trial-16.wav	14	2.8525	3.0525
sub-06	7	16	imah	sub-06_run-07_trial-16.wav	15	3.0525	3.3525
sub-06	7	16	imah	sub-06_run-07_trial-16.wav	16	3.4725	3.6125
sub-06	7	16	imah	sub-06_run-07_trial-16.wav	17	3.6125	3.9125
sub-06	7	16	imah	sub-06_run-07_trial-16.wav	18	3.9725	4.2525
sub-06	7	16	imah	sub-06_run-07_trial-16.wav	19	4.2525	4.5125
sub-06	7	17	pot	sub-06_run-07_trial-17.wav	1	0.3725	0.6725
sub-06	7	17	pot	sub-06_run-07_trial-17.wav	2	0.7525	1.0525
sub-06	7	17	pot	sub-06_run-07_trial-17.wav	3	1.1325	1.4525
sub-06	7	17	pot	sub-06_run-07_trial-17.wav	4	1.5325	1.8525
sub-06	7	17	pot	sub-06_run-07_trial-17.wav	5	1.9325	2.2525
sub-06	7	17	pot	sub-06_run-07_trial-17.wav	6	2.3125	2.6325
sub-06	7	17	pot	sub-06_run-07_trial-17.wav	7	2.6925	2.9925
sub-06	7	17	pot	sub-06_run-07_trial-17.wav	8	3.0725	3.3925
sub-06	7	17	pot	sub-06_run-07_trial-17.wav	9	3.4725	3.7725
sub-06	7	17	pot	sub-06_run-07_trial-17.wav	10	3.8525	4.1525
sub-06	7	17	pot	sub-06_run-07_trial-17.wav	11	4.2125	4.5525
sub-06	7	18	fee	sub-06_run-07_trial-18.wav	1	0.1925	0.5325
sub-06	7	18	fee	sub-06_run-07_trial-18.wav	2	0.5325	0.8525
sub-06	7	18	fee	sub-06_run-07_trial-18.wav	3	0.8525	1.1125
sub-06	7	18	fee	sub-06_run-07_trial-18.wav	4	1.1125	1.4325
sub-06	7	18	fee	sub-06_run-07_trial-18.wav	5	1.4325	1.6925
sub-06	7	18	fee	sub-06_run-07_trial-18.wav	6	1.6925	2.0125
sub-06	7	18	fee	sub-06_run-07_trial-18.wav	7	2.0125	2.2925
sub-06	7	18	fee	sub-06_run-07_trial-18.wav	8	2.2925	2.5525
sub-06	7	18	fee	sub-06_run-07_trial-18.wav	9	2.5525	2.8125
sub-06	7	18	fee	sub-06_run-07_trial-18.wav	10	2.8125	3.0725
sub-06	7	18	fee	sub-06_run-07_trial-18.wav	11	3.0725	3.3125
sub-06	7	18	fee	sub-06_run-07_trial-18.wav	12	3.3125	3.5525
sub-06	7	18	fee	sub-06_run-07_trial-18.wav	13	3.5525	3.7525
sub-06	7	18	fee	sub-06_run-07_trial-18.wav	14	3.7525	3.9925
sub-06	7	18	fee	sub-06_run-07_trial-18.wav	15	3.9925	4.1925
sub-06	7	18	fee	sub-06_run-07_trial-18.wav	16	4.1925	4.4125
sub-06	7	19	day	sub-06_run-07_trial-19.wav	1	0.3525	0.6125
sub-06	7	19	day	sub-06_run-07_trial-19.wav	2	0.6525	0.8925
sub-06	7	19	day	sub-06_run-07_trial-19.wav	3	0.9325	1.1925
sub-06	7	19	day	sub-06_run-07_trial-19.wav	4	1.2525	1.4525
sub-06	7	19	day	sub-06_run-07_trial-19.wav	5	1.4525	1.5925
sub-06	7	19	day	sub-06_run-07_trial-19.wav	6	1.5925	1.7725
sub-06	7	19	day	sub-06_run-07_trial-19.wav	7	1.8125	1.9725
sub-06	7	19	day	sub-06_run-07_trial-19.wav	8	1.9725	2.1325
sub-06	7	19	day	sub-06_run-07_trial-19.wav	9	2.1325	2.2925
sub-06	7	19	day	sub-06_run-07_trial-19.wav	10	2.3325	2.4525
sub-06	7	19	day	sub-06_run-07_trial-19.wav	11	2.5325	2.7725
sub-06	7	19	day	sub-06_run-07_trial-19.wav	12	2.7725	3.0125
sub-06	7	19	day	sub-06_run-07_trial-19.wav	13	3.0125	3.1725
sub-06	7	19	day	sub-06_run-07_trial-19.wav	14	3.1725	3.3525
sub-06	7	19	day	sub-06_run-07_trial-19.wav	15	3.3525	3.5325
sub-06	7	19	day	sub-06_run-07_trial-19.wav	16	3.5925	3.7925
sub-06	7	19	day	sub-06_run-07_trial-19.wav	17	3.8525	3.9525
sub-06	7	19	day	sub-06_run-07_trial-19.wav	18	4.0125	4.1125
sub-06	7	19	day	sub-06_run-07_trial-19.wav	19	4.1125	4.2525
sub-06	7	19	day	sub-06_run-07_trial-19.wav	20	4.3125	4.4525
sub-06	7	20	thieves	sub-06_run-07_trial-20.wav	1	0.2125	0.6125
sub-06	7	20	thieves	sub-06_run-07_trial-20.wav	2	0.6125	0.8325
sub-06	7	20	thieves	sub-06_run-07_trial-20.wav	3	0.8325	1.0725
sub-06	7	20	thieves	sub-06_run-07_trial-20.wav	4	1.0725	1.4725
sub-06	7	20	thieves	sub-06_run-07_trial-20.wav	5	1.4725	1.5525
sub-06	7	20	thieves	sub-06_run-07_trial-20.wav	6	1.7125	2.0525
sub-06	7	20	thieves	sub-06_run-07_trial-20.wav	7	2.3525	2.6125
sub-06	7	20	thieves	sub-06_run-07_trial-20.wav	8	2.6125	3.2925
sub-06	7	20	thieves	sub-06_run-07_trial-20.wav	9	3.2925	3.6325
sub-06	7	20	thieves	sub-06_run-07_trial-20.wav	10	3.6725	3.9925
sub-06	7	20	thieves	sub-06_run-07_trial-20.wav	11	4.3525	4.5125
sub-06	7	20	thieves	sub-06_run-07_trial-20.wav	12	4.5125	4.9716
sub-06	7	21	pro	sub-06_run-07_trial-21.wav	1	0.1525	0.4325
sub-06	7	21	pro	sub-06_run-07_trial-21.wav	2	0.4725	0.7725
sub-06	7	21	pro	sub-06_run-07_trial-21.wav	3	0.7725	0.9725
sub-06	7	21	pro	sub-06_run-07_trial-21.wav	4	1.0525	1.1925
sub-06	7	21	pro	sub-06_run-07_trial-21.wav	5	1.2725	1.4725
sub-06	7	21	pro	sub-06_run-07_trial-21.wav	6	1.4725	1.6725
sub-06	7	21	pro	sub-06_run-07_trial-21.wav	7	1.7325	1.8925
sub-06	7	21	pro	sub-06_run-07_trial-21.wav	8	1.9725	2.1725
sub-06	7	21	pro	sub-06_run-07_trial-21.wav	9	2.2125	2.4525
sub-06	7	21	pro	sub-06_run-07_trial-21.wav	10	2.5325	2.7525
sub-06	7	21	pro	sub-06_run-07_trial-21.wav	11	2.8125	3.0525
sub-06	7	21	pro	sub-06_run-07_trial-21.wav	12	3.0525	3.2925
sub-06	7	21	pro	sub-06_run-07_trial-21.wav	13	3.2925	3.5325
sub-06	7	21	pro	sub-06_run-07_trial-21.wav	14	3.5325	3.7725
sub-06	7	21	pro	sub-06_run-07_trial-21.wav	15	3.7725	4.0325
sub-06	7	21	pro	sub-06_run-07_trial-21.wav	16	4.0925	4.2525
sub-06	7	21	pro	sub-06_run-07_trial-21.wav	17	4.2525	4.4525
sub-06	7	22	three	sub-06_run-07_trial-22.wav	1	0.1925	0.2925
sub-06	7	22	three	sub-06_run-07_trial-22.wav	2	0.2925	0.5125
sub-06	7	22	three	sub-06_run-07_trial-22.wav	3	0.5125	0.8525
sub-06	7	22	three	sub-06_run-07_trial-22.wav	4	0.8525	0.9725
sub-06	7	22	three	sub-06_run-07_trial-22.wav	5	0.9725	1.1925
sub-06	7	22	three	sub-06_run-07_trial-22.wav	6	1.1925	1.5325
sub-06	7	22	three	sub-06_run-07_trial-22.wav	7	1.5325	1.6125
sub-06	7	22	three	sub-06_run-07_trial-22.wav	8	1.6125	1.8525
sub-06	7	22	three	sub-06_run-07_trial-22.wav	9	1.8525	1.9325
sub-06	7	22	three	sub-06_run-07_trial-22.wav	10	1.9325	2.2925
sub-06	7	22	three	sub-06_run-07_trial-22.wav	11	2.2925	2.5125
sub-06	7	22	three	sub-06_run-07_trial-22.wav	12	2.5125	2.6525
sub-06	7	22	three	sub-06_run-07_trial-22.wav	13	2.7125	2.8725
sub-06	7	22	three	sub-06_run-07_trial-22.wav	14	2.8725	3.0525
sub-06	7	22	three	sub-06_run-07_trial-22.wav	15	3.0525	3.2725
sub-06	7	22	three	sub-06_run-07_trial-22.wav	16	3.2725	3.4125
sub-06	7	22	three	sub-06_run-07_trial-22.wav	17	3.4125	3.6325
sub-06	7	22	three	sub-06_run-07_trial-22.wav	18	3.6325	3.7525
sub-06	7	22	three	sub-06_run-07_trial-22.wav	19	3.7525	3.9525
sub-06	7	22	three	sub-06_run-07_trial-22.wav	20	3.9525	4.0925
sub-06	7	22	three	sub-06_run-07_trial-22.wav	21	4.0925	4.2925
sub-06	7	22	three	sub-06_run-07_trial-22.wav	22	4.2925	4.5325
sub-06	7	23	thrilled	sub-06_run-07_trial-23.wav	1	0.2325	0.3325
sub-06	7	23	thrilled	sub-06_run-07_trial-23.wav	2	0.3325	0.6325
sub-06	7	23	thrilled	sub-06_run-07_trial-23.wav	3	0.6325	0.7925
sub-06	7	23	thrilled	sub-06_run-07_trial-23.wav	4	0.7925	1.0725
sub-06	7	23	thrilled	sub-06_run-07_trial-23.wav	5	1.0725	1.2325
sub-06	7	23	thrilled	sub-06_run-07_trial-23.wav	6	1.2325	1.3525
sub-06	7	23	thrilled	sub-06_run-07_trial-23.wav	7	1.3525	1.6525
sub-06	7	23	thrilled	sub-06_run-07_trial-23.wav	8	1.6525	1.8125
sub-06	7	23	thrilled	sub-06_run-07_trial-23.wav	9	1.8125	1.8925
sub-06	7	23	thrilled	sub-06_run-07_trial-23.wav	10	1.8925	2.2125
sub-06	7	23	thrilled	sub-06_run-07_trial-23.wav	11	2.2125	2.3725
sub-06	7	23	thrilled	sub-06_run-07_trial-23.wav	12	2.4525	2.5325
sub-06	7	23	thrilled	sub-06_run-07_trial-23.wav	13	2.5325	2.8125
sub-06	7	23	thrilled	sub-06_run-07_trial-23.wav	14	2.8125	2.9925
sub-06	7	23	thrilled	sub-06_run-07_trial-23.wav	15	2.9925	3.1525
sub-06	7	23	thrilled	sub-06_run-07_trial-23.wav	16	3.1525	3.6525
sub-06	7	23	thrilled	sub-06_run-07_trial-23.wav	17	3.6525	3.8925
sub-06	7	23	thrilled	sub-06_run-07_trial-23.wav	18	3.8925	4.1525
sub-06	7	23	thrilled	sub-06_run-07_trial-23.wav	19	4.1525	4.2725
sub-06	7	24	the	sub-06_run-07_trial-24.wav	1	0.4525	0.6925
sub-06	7	24	the	sub-06_run-07_trial-24.wav	2	0.6925	0.8725
sub-06	7	24	the	sub-06_run-07_trial-24.wav	3	0.8725	1.1125
sub-06	7	24	the	sub-06_run-07_trial-24.wav	4	1.1125	1.3125
sub-06	7	24	the	sub-06_run-07_trial-24.wav	5	1.3125	1.5125
sub-06	7	24	the	sub-06_run-07_trial-24.wav	6	1.5125	1.7125
sub-06	7	24	the	sub-06_run-07_trial-24.wav	7	1.7125	1.9125
sub-06	7	24	the	sub-06_run-07_trial-24.wav	8	1.9125	2.0925
sub-06	7	24	the	sub-06_run-07_trial-24.wav	9	2.0925	2.2925
sub-06	7	24	the	sub-06_run-07_trial-24.wav	10	2.2925	2.4925
sub-06	7	24	the	sub-06_run-07_trial-24.wav	11	2.4925	2.6725
sub-06	7	24	the	sub-06_run-07_trial-24.wav	12	2.6725	2.8525
sub-06	7	24	the	sub-06_run-07_trial-24.wav	13	2.8525	3.0525
sub-06	7	24	the	sub-06_run-07_trial-24.wav	14	3.0525	3.2325
sub-06	7	24	the	sub-06_run-07_trial-24.wav	15	3.2325	3.3525
sub-06	7	24	the	sub-06_run-07_trial-24.wav	16	3.4125	3.6125
sub-06	7	24	the	sub-06_run-07_trial-24.wav	17	3.6125	3.8125
sub-06	7	24	the	sub-06_run-07_trial-24.wav	18	3.8125	3.9925
sub-06	7	24	the	sub-06_run-07_trial-24.wav	19	3.9925	4.1925
sub-06	7	24	the	sub-06_run-07_trial-24.wav	20	4.1925	4.3725
sub-06	7	24	the	sub-06_run-07_trial-24.wav	21	4.3725	4.4725
sub-06	7	25	picked	sub-06_run-07_trial-25.wav	1	0.3525	0.6925
sub-06	7	25	picked	sub-06_run-07_trial-25.wav	2	0.7725	1.1525
sub-06	7	25	picked	sub-06_run-07_trial-25.wav	3	1.2325	1.3725
sub-06	7	25	picked	sub-06_run-07_trial-25.wav	4	1.3725	1.5525
sub-06	7	25	picked	sub-06_run-07_trial-25.wav	5	1.6525	1.9925
sub-06	7	25	picked	sub-06_run-07_trial-25.wav	6	2.0925	2.4325
sub-06	7	25	picked	sub-06_run-07_trial-25.wav	7	2.5325	2.8525
sub-06	7	25	picked	sub-06_run-07_trial-25.wav	8	2.9925	3.3125
sub-06	7	25	picked	sub-06_run-07_trial-25.wav	9	3.4125	3.7525
sub-06	7	25	picked	sub-06_run-07_trial-25.wav	10	3.8525	4.1925
sub-06	7	25	picked	sub-06_run-07_trial-25.wav	11	4.2925	4.6325
sub-06	7	26	ver	sub-06_run-07_trial-26.wav	1	0.1125	0.3725
sub-06	7	26	ver	sub-06_run-07_trial-26.wav	2	0.3725	0.7325
sub-06	7	26	ver	sub-06_run-07_trial-26.wav	3	0.7925	1.0125
sub-06	7	26	ver	sub-06_run-07_trial-26.wav	4	1.0125	1.2925
sub-06	7	26	ver	sub-06_run-07_trial-26.wav	5	1.3325	1.4925
sub-06	7	26	ver	sub-06_run-07_trial-26.wav	6	1.4925	1.6925
sub-06	7	26	ver	sub-06_run-07_trial-26.wav	7	1.7525	1.9325
sub-06	7	26	ver	sub-06_run-07_trial-26.wav	8	1.9325	2.1325
sub-06	7	26	ver	sub-06_run-07_trial-26.wav	9	2.1325	2.3525
sub-06	7	26	ver	sub-06_run-07_trial-26.wav	10	2.4325	2.5725
sub-06	7	26	ver	sub-06_run-07_trial-26.wav	11	2.5725	2.8325
sub-06	7	26	ver	sub-06_run-07_trial-26.wav	12	2.9125	3.1325
sub-06	7	26	ver	sub-06_run-07_trial-26.wav	13	3.1725	3.3925
sub-06	7	26	ver	sub-06_run-07_trial-26.wav	14	3.3925	3.6525
sub-06	7	26	ver	sub-06_run-07_trial-26.wav	15	3.6525	3.9725
sub-06	7	26	ver	sub-06_run-07_trial-26.wav	16	4.0325	4.2325
sub-06	7	26	ver	sub-06_run-07_trial-26.wav	17	4.2925	4.4925
sub-06	7	27	juh	sub-06_run-07_trial-27.wav	1	0.3325	0.6525
sub-06	7	27	juh	sub-06_run-07_trial-27.wav	2	0.7325	1.0125
sub-06	7	27	juh	sub-06_run-07_trial-27.wav	3	1.1125	1.3925
sub-06	7	27	juh	sub-06_run-07_trial-27.wav	4	1.4525	1.7325
sub-06	7	27	juh	sub-06_run-07_trial-27.wav	5	1.8125	2.1125
sub-06	7	27	juh	sub-06_run-07_trial-27.wav	6	2.1925	2.4925
sub-06	7	27	juh	sub-06_run-07_trial-27.wav	7	2.5725	2.8325
sub-06	7	27	juh	sub-06_run-07_trial-27.wav	8	2.9125	3.2125
sub-06	7	27	juh	sub-06_run-07_trial-27.wav	9	3.2725	3.5325
sub-06	7	27	juh	sub-06_run-07_trial-27.wav	10	3.6325	3.9125
sub-06	7	27	juh	sub-06_run-07_trial-27.wav	11	4.0125	4.2525
sub-06	7	27	juh	sub-06_run-07_trial-27.wav	12	4.3525	4.5125
sub-06	7	28	neh	sub-06_run-07_trial-28.wav	1	0.2525	0.6125
sub-06	7	28	neh	sub-06_run-07_trial-28.wav	2	0.6125	0.9725
sub-06	7	28	neh	sub-06_run-07_trial-28.wav	3	0.9725	1.3325
sub-06	7	28	neh	sub-06_run-07_trial-28.wav	4	1.3325	1.7325
sub-06	7	28	neh	sub-06_run-07_trial-28.wav	5	1.7325	2.0525
sub-06	7	28	neh	sub-06_run-07_trial-28.wav	6	2.0525	2.3525
sub-06	7	28	neh	sub-06_run-07_trial-28.wav	7	2.3525	2.6125
sub-06	7	28	neh	sub-06_run-07_trial-28.wav	8	2.6125	2.8125
sub-06	7	28	neh	sub-06_run-07_trial-28.wav	9	2.8125	2.9925
sub-06	7	28	neh	sub-06_run-07_trial-28.wav	10	2.9925	3.2525
sub-06	7	28	neh	sub-06_run-07_trial-28.wav	11	3.2525	3.4525
sub-06	7	28	neh	sub-06_run-07_trial-28.wav	12	3.4525	3.6725
sub-06	7	28	neh	sub-06_run-07_trial-28.wav	13	3.6725	3.9525
sub-06	7	28	neh	sub-06_run-07_trial-28.wav	14	3.9525	4.1325
sub-06	7	28	neh	sub-06_run-07_trial-28.wav	15	4.1325	4.3725
sub-06	7	29	caw	sub-06_run-07_trial-29.wav	1	0.0525	0.4125
sub-06	7	29	caw	sub-06_run-07_trial-29.wav	2	0.4525	0.7725
sub-06	7	29	caw	sub-06_run-07_trial-29.wav	3	0.8325	1.1125
sub-06	7	29	caw	sub-06_run-07_trial-29.wav	4	1.1725	1.3925
sub-06	7	29	caw	sub-06_run-07_trial-29.wav	5	1.4725	1.6725
sub-06	7	29	caw	sub-06_run-07_trial-29.wav	6	1.7325	1.9125
sub-06	7	29	caw	sub-06_run-07_trial-29.wav	7	1.9925	2.1725
sub-06	7	29	caw	sub-06_run-07_trial-29.wav	8	2.2325	2.4125
sub-06	7	29	caw	sub-06_run-07_trial-29.wav	9	2.4725	2.6525
sub-06	7	29	caw	sub-06_run-07_trial-29.wav	10	2.6925	2.8725
sub-06	7	29	caw	sub-06_run-07_trial-29.wav	11	2.9325	3.1125
sub-06	7	29	caw	sub-06_run-07_trial-29.wav	12	3.1725	3.3925
sub-06	7	29	caw	sub-06_run-07_trial-29.wav	13	3.4725	3.6525
sub-06	7	29	caw	sub-06_run-07_trial-29.wav	14	3.7325	3.9325
sub-06	7	29	caw	sub-06_run-07_trial-29.wav	15	3.9725	4.1725
sub-06	7	29	caw	sub-06_run-07_trial-29.wav	16	4.2325	4.4125
sub-06	7	30	chuck	sub-06_run-07_trial-30.wav	1	0.1725	0.5325
sub-06	7	30	chuck	sub-06_run-07_trial-30.wav	2	0.5325	0.7925
sub-06	7	30	chuck	sub-06_run-07_trial-30.wav	3	0.8525	1.0725
sub-06	7	30	chuck	sub-06_run-07_trial-30.wav	4	1.1525	1.3925
sub-06	7	30	chuck	sub-06_run-07_trial-30.wav	5	1.4525	1.6725
sub-06	7	30	chuck	sub-06_run-07_trial-30.wav	6	1.7525	2.1325
sub-06	7	30	chuck	sub-06_run-07_trial-30.wav	7	2.1325	2.4525
sub-06	7	30	chuck	sub-06_run-07_trial-30.wav	8	2.4525	2.7925
sub-06	7	30	chuck	sub-06_run-07_trial-30.wav	9	2.8525	3.1325
sub-06	7	30	chuck	sub-06_run-07_trial-30.wav	10	3.1725	3.3925
sub-06	7	30	chuck	sub-06_run-07_trial-30.wav	11	3.4525	3.6325
sub-06	7	30	chuck	sub-06_run-07_trial-30.wav	12	3.6925	3.9725
sub-06	7	30	chuck	sub-06_run-07_trial-30.wav	13	4.0325	4.3525
sub-06	7	31	per	sub-06_run-07_trial-31.wav	1	0.3125	0.5525
sub-06	7	31	per	sub-06_run-07_trial-31.wav	2	0.6125	0.8525
sub-06	7	31	per	sub-06_run-07_trial-31.wav	3	0.9325	1.1525
sub-06	7	31	per	sub-06_run-07_trial-31.wav	4	1.2125	1.3925
sub-06	7	31	per	sub-06_run-07_trial-31.wav	5	1.4525	1.6125
sub-06	7	31	per	sub-06_run-07_trial-31.wav	6	1.6725	1.8525
sub-06	7	31	per	sub-06_run-07_trial-31.wav	7	1.9125	2.0525
sub-06	7	31	per	sub-06_run-07_trial-31.wav	8	2.1125	2.2525
sub-06	7	31	per	sub-06_run-07_trial-31.wav	9	2.3325	2.4725
sub-06	7	31	per	sub-06_run-07_trial-31.wav	10	2.5325	2.6925
sub-06	7	31	per	sub-06_run-07_trial-31.wav	11	2.7525	2.8725
sub-06	7	31	per	sub-06_run-07_trial-31.wav	12	2.9525	3.0925
sub-06	7	31	per	sub-06_run-07_trial-31.wav	13	3.1725	3.3325
sub-06	7	31	per	sub-06_run-07_trial-31.wav	14	3.4125	3.6125
sub-06	7	31	per	sub-06_run-07_trial-31.wav	15	3.6925	3.8725
sub-06	7	31	per	sub-06_run-07_trial-31.wav	16	3.9325	4.1925
sub-06	7	31	per	sub-06_run-07_trial-31.wav	17	4.2525	4.3925
sub-06	7	32	mih	sub-06_run-07_trial-32.wav	1	0.1125	0.3925
sub-06	7	32	mih	sub-06_run-07_trial-32.wav	2	0.3925	0.6925
sub-06	7	32	mih	sub-06_run-07_trial-32.wav	3	0.6925	0.9925
sub-06	7	32	mih	sub-06_run-07_trial-32.wav	4	0.9925	1.2525
sub-06	7	32	mih	sub-06_run-07_trial-32.wav	5	1.2525	1.5525
sub-06	7	32	mih	sub-06_run-07_trial-32.wav	6	1.5525	1.8325
sub-06	7	32	mih	sub-06_run-07_trial-32.wav	7	1.8325	2.0525
sub-06	7	32	mih	sub-06_run-07_trial-32.wav	8	2.0525	2.2325
sub-06	7	32	mih	sub-06_run-07_trial-32.wav	9	2.2325	2.4325
sub-06	7	32	mih	sub-06_run-07_trial-32.wav	10	2.4325	2.7325
sub-06	7	32	mih	sub-06_run-07_trial-32.wav	11	2.7325	2.9325
sub-06	7	32	mih	sub-06_run-07_trial-32.wav	12	2.9325	3.1325
sub-06	7	32	mih	sub-06_run-07_trial-32.wav	13	3.1325	3.3725
sub-06	7	32	mih	sub-06_run-07_trial-32.wav	14	3.3725	3.6325
sub-06	7	32	mih	sub-06_run-07_trial-32.wav	15	3.6325	3.8525
sub-06	7	32	mih	sub-06_run-07_trial-32.wav	16	3.8525	4.0525
sub-06	7	32	mih	sub-06_run-07_trial-32.wav	17	4.0525	4.2525
sub-06	7	32	mih	sub-06_run-07_trial-32.wav	18	4.2525	4.4325
sub-06	7	33	ther	sub-06_run-07_trial-33.wav	1	0.2125	0.5325
sub-06	7	33	ther	sub-06_run-07_trial-33.wav	2	0.5925	0.8525
sub-06	7	33	ther	sub-06_run-07_trial-33.wav	3	0.8525	1.1525
sub-06	7	33	ther	sub-06_run-07_trial-33.wav	4	1.2125	1.4325
sub-06	7	33	ther	sub-06_run-07_trial-33.wav	5	1.4925	1.7325
sub-06	7	33	ther	sub-06_run-07_trial-33.wav	6	1.7925	2.0125
sub-06	7	33	ther	sub-06_run-07_trial-33.wav	7	2.1125	2.3325
sub-06	7	33	ther	sub-06_run-07_trial-33.wav	8	2.3925	2.6525
sub-06	7	33	ther	sub-06_run-07_trial-33.wav	9	2.6525	2.9325
sub-06	7	33	ther	sub-06_run-07_trial-33.wav	10	3.0125	3.2325
sub-06	7	33	ther	sub-06_run-07_trial-33.wav	11	3.2925	3.5725
sub-06	7	33	ther	sub-06_run-07_trial-33.wav	12	3.5725	3.8325
sub-06	7	33	ther	sub-06_run-07_trial-33.wav	13	3.9325	4.1725
sub-06	7	33	ther	sub-06_run-07_trial-33.wav	14	4.2325	4.4725
sub-06	7	34	airy	sub-06_run-07_trial-34.wav	1	0.1325	0.3325
sub-06	7	34	airy	sub-06_run-07_trial-34.wav	2	0.4125	0.6325
sub-06	7	34	airy	sub-06_run-07_trial-34.wav	3	0.6325	0.8325
sub-06	7	34	airy	sub-06_run-07_trial-34.wav	4	0.8325	1.0725
sub-06	7	34	airy	sub-06_run-07_trial-34.wav	5	1.0725	1.3325
sub-06	7	34	airy	sub-06_run-07_trial-34.wav	6	1.4125	1.5925
sub-06	7	34	airy	sub-06_run-07_trial-34.wav	7	1.5925	1.8925
sub-06	7	34	airy	sub-06_run-07_trial-34.wav	8	1.8925	2.0925
sub-06	7	34	airy	sub-06_run-07_trial-34.wav	9	2.0925	2.3525
sub-06	7	34	airy	sub-06_run-07_trial-34.wav	10	2.4325	2.6125
sub-06	7	34	airy	sub-06_run-07_trial-34.wav	11	2.6125	2.8725
sub-06	7	34	airy	sub-06_run-07_trial-34.wav	12	2.9525	3.1525
sub-06	7	34	airy	sub-06_run-07_trial-34.wav	13	3.1525	3.4125
sub-06	7	34	airy	sub-06_run-07_trial-34.wav	14	3.4725	3.6725
sub-06	7	34	airy	sub-06_run-07_trial-34.wav	15	3.6725	3.9325
sub-06	7	34	airy	sub-06_run-07_trial-34.wav	16	4.0125	4.2125
sub-06	7	34	airy	sub-06_run-07_trial-34.wav	17	4.2125	4.4325
sub-06	7	35	leh	sub-06_run-07_trial-35.wav	1	0.4125	0.7525
sub-06	7	35	leh	sub-06_run-07_trial-35.wav	2	0.7525	1.0725
sub-06	7	35	leh	sub-06_run-07_trial-35.wav	3	1.0725	1.3725
sub-06	7	35	leh	sub-06_run-07_trial-35.wav	4	1.3725	1.6325
sub-06	7	35	leh	sub-06_run-07_trial-35.wav	5	1.6325	1.8725
sub-06	7	35	leh	sub-06_run-07_trial-35.wav	6	1.8725	2.0925
sub-06	7	35	leh	sub-06_run-07_trial-35.wav	7	2.0925	2.3125
sub-06	7	35	leh	sub-06_run-07_trial-35.wav	8	2.3125	2.5325
sub-06	7	35	leh	sub-06_run-07_trial-35.wav	9	2.5325	2.7925
sub-06	7	35	leh	sub-06_run-07_trial-35.wav	10	2.7925	2.9925
sub-06	7	35	leh	sub-06_run-07_trial-35.wav	11	2.9925	3.2525
sub-06	7	35	leh	sub-06_run-07_trial-35.wav	12	3.2525	3.5325
sub-06	7	35	leh	sub-06_run-07_trial-35.wav	13	3.5325	3.8125
sub-06	7	35	leh	sub-06_run-07_trial-35.wav	14	3.8125	3.9725
sub-06	7	35	leh	sub-06_run-07_trial-35.wav	15	3.9725	4.1525
sub-06	7	35	leh	sub-06_run-07_trial-35.wav	16	4.1525	4.3325
sub-06	7	35	leh	sub-06_run-07_trial-35.wav	17	4.3325	4.5325
sub-06	7	36	much	sub-06_run-07_trial-36.wav	1	0.1925	0.5325
sub-06	7	36	much	sub-06_run-07_trial-36.wav	2	0.5325	0.9325
sub-06	7	36	much	sub-06_run-07_trial-36.wav	3	0.9725	1.2525
sub-06	7	36	much	sub-06_run-07_trial-36.wav	4	1.2525	1.5925
sub-06	7	36	much	sub-06_run-07_trial-36.wav	5	1.5925	1.9525
sub-06	7	36	much	sub-06_run-07_trial-36.wav	6	1.9525	2.2925
sub-06	7	36	much	sub-06_run-07_trial-36.wav	7	2.2925	2.6325
sub-06	7	36	much	sub-06_run-07_trial-36.wav	8	2.6325	2.9325
sub-06	7	36	much	sub-06_run-07_trial-36.wav	9	2.9325	3.2525
sub-06	7	36	much	sub-06_run-07_trial-36.wav	10	3.2525	3.5725
sub-06	7	36	much	sub-06_run-07_trial-36.wav	11	3.5725	3.8925
sub-06	7	36	much	sub-06_run-07_trial-36.wav	12	3.8925	4.2125
sub-06	7	36	much	sub-06_run-07_trial-36.wav	13	4.2125	4.5525
sub-06	7	37	ti	sub-06_run-07_trial-37.wav	1	0.3525	0.5725
sub-06	7	37	ti	sub-06_run-07_trial-37.wav	2	0.5725	0.7325
sub-06	7	37	ti	sub-06_run-07_trial-37.wav	3	0.7925	0.9325
sub-06	7	37	ti	sub-06_run-07_trial-37.wav	4	1.0125	1.1525
sub-06	7	37	ti	sub-06_run-07_trial-37.wav	5	1.2325	1.3925
sub-06	7	37	ti	sub-06_run-07_trial-37.wav	6	1.4725	1.5925
sub-06	7	37	ti	sub-06_run-07_trial-37.wav	7	1.6725	1.8125
sub-06	7	37	ti	sub-06_run-07_trial-37.wav	8	1.8725	2.0125
sub-06	7	37	ti	sub-06_run-07_trial-37.wav	9	2.0925	2.2325
sub-06	7	37	ti	sub-06_run-07_trial-37.wav	10	2.2925	2.4925
sub-06	7	37	ti	sub-06_run-07_trial-37.wav	11	2.5925	2.7325
sub-06	7	37	ti	sub-06_run-07_trial-37.wav	12	2.7725	2.9125
sub-06	7	37	ti	sub-06_run-07_trial-37.wav	13	2.9725	3.1325
sub-06	7	37	ti	sub-06_run-07_trial-37.wav	14	3.1925	3.3725
sub-06	7	37	ti	sub-06_run-07_trial-37.wav	15	3.4325	3.6125
sub-06	7	37	ti	sub-06_run-07_trial-37.wav	16	3.6125	3.7525
sub-06	7	37	ti	sub-06_run-07_trial-37.wav	17	3.8325	3.9525
sub-06	7	37	ti	sub-06_run-07_trial-37.wav	18	4.0125	4.1525
sub-06	7	37	ti	sub-06_run-07_trial-37.wav	19	4.2125	4.4125
sub-06	7	38	throne	sub-06_run-07_trial-38.wav	1	0.5125	0.8925
sub-06	7	38	throne	sub-06_run-07_trial-38.wav	2	0.8925	1.2525
sub-06	7	38	throne	sub-06_run-07_trial-38.wav	3	1.2525	1.6525
sub-06	7	38	throne	sub-06_run-07_trial-38.wav	4	1.6925	2.0325
sub-06	7	38	throne	sub-06_run-07_trial-38.wav	5	2.0325	2.4525
sub-06	7	38	throne	sub-06_run-07_trial-38.wav	6	2.4525	2.8725
sub-06	7	38	throne	sub-06_run-07_trial-38.wav	7	2.8725	3.2525
sub-06	7	38	throne	sub-06_run-07_trial-38.wav	8	3.3925	3.7725
sub-06	7	38	throne	sub-06_run-07_trial-38.wav	9	3.7725	4.2125
sub-06	7	38	throne	sub-06_run-07_trial-38.wav	10	4.2125	4.5525
sub-06	7	39	ter	sub-06_run-07_trial-39.wav	1	0.1725	0.4125
sub-06	7	39	ter	sub-06_run-07_trial-39.wav	2	0.4925	0.7325
sub-06	7	39	ter	sub-06_run-07_trial-39.wav	3	0.7925	0.9525
sub-06	7	39	ter	sub-06_run-07_trial-39.wav	4	1.0325	1.2325
sub-06	7	39	ter	sub-06_run-07_trial-39.wav	5	1.2925	1.5125
sub-06	7	39	ter	sub-06_run-07_trial-39.wav	6	1.5725	1.7525
sub-06	7	39	ter	sub-06_run-07_trial-39.wav	7	1.8325	2.0325
sub-06	7	39	ter	sub-06_run-07_trial-39.wav	8	2.0925	2.2525
sub-06	7	39	ter	sub-06_run-07_trial-39.wav	9	2.2925	2.4925
sub-06	7	39	ter	sub-06_run-07_trial-39.wav	10	2.4925	2.6925
sub-06	7	39	ter	sub-06_run-07_trial-39.wav	11	2.6925	2.9925
sub-06	7	39	ter	sub-06_run-07_trial-39.wav	12	3.0725	3.2725
sub-06	7	39	ter	sub-06_run-07_trial-39.wav	13	3.3325	3.4125
sub-06	7	39	ter	sub-06_run-07_trial-39.wav	14	3.5125	3.6325
sub-06	7	39	ter	sub-06_run-07_trial-39.wav	15	3.7125	3.9725
sub-06	7	39	ter	sub-06_run-07_trial-39.wav	16	4.0325	4.2725
sub-06	7	39	ter	sub-06_run-07_trial-39.wav	17	4.3325	4.4925
sub-06	7	40	through	sub-06_run-07_trial-40.wav	1	0.2525	0.6125
sub-06	7	40	through	sub-06_run-07_trial-40.wav	2	0.6125	0.9925
sub-06	7	40	through	sub-06_run-07_trial-40.wav	3	0.9925	1.1525
sub-06	7	40	through	sub-06_run-07_trial-40.wav	4	1.1525	1.3525
sub-06	7	40	through	sub-06_run-07_trial-40.wav	5	1.3525	1.7125
sub-06	7	40	through	sub-06_run-07_trial-40.wav	6	1.7125	2.0925
sub-06	7	40	through	sub-06_run-07_trial-40.wav	7	2.0925	2.4925
sub-06	7	40	through	sub-06_run-07_trial-40.wav	8	2.4925	2.8525
sub-06	7	40	through	sub-06_run-07_trial-40.wav	9	2.8525	3.2325
sub-06	7	40	through	sub-06_run-07_trial-40.wav	10	3.2325	3.6125
sub-06	7	40	through	sub-06_run-07_trial-40.wav	11	3.6125	4.0325
sub-06	7	40	through	sub-06_run-07_trial-40.wav	12	4.0325	4.4125
sub-06	7	41	peck	sub-06_run-07_trial-41.wav	1	0.3325	0.6325
sub-06	7	41	peck	sub-06_run-07_trial-41.wav	2	0.7125	0.9925
sub-06	7	41	peck	sub-06_run-07_trial-41.wav	3	1.0525	1.3325
sub-06	7	41	peck	sub-06_run-07_trial-41.wav	4	1.4125	1.6525
sub-06	7	41	peck	sub-06_run-07_trial-41.wav	5	1.7325	1.9925
sub-06	7	41	peck	sub-06_run-07_trial-41.wav	6	2.0725	2.3125
sub-06	7	41	peck	sub-06_run-07_trial-41.wav	7	2.3925	2.6525
sub-06	7	41	peck	sub-06_run-07_trial-41.wav	8	2.7125	2.9925
sub-06	7	41	peck	sub-06_run-07_trial-41.wav	9	3.0725	3.3325
sub-06	7	41	peck	sub-06_run-07_trial-41.wav	10	3.4125	3.6725
sub-06	7	41	peck	sub-06_run-07_trial-41.wav	11	3.7525	4.0125
sub-06	7	41	peck	sub-06_run-07_trial-41.wav	12	4.0925	4.3725
sub-06	7	42	how	sub-06_run-07_trial-42.wav	1	0.0525	0.4125
sub-06	7	42	how	sub-06_run-07_trial-42.wav	2	0.4125	0.7725
sub-06	7	42	how	sub-06_run-07_trial-42.wav	3	0.7725	1.1725
sub-06	7	42	how	sub-06_run-07_trial-42.wav	4	1.1725	1.5925
sub-06	7	42	how	sub-06_run-07_trial-42.wav	5	1.5925	1.9725
sub-06	7	42	how	sub-06_run-07_trial-42.wav	6	1.9725	2.3925
sub-06	7	42	how	sub-06_run-07_trial-42.wav	7	2.3925	2.7725
sub-06	7	42	how	sub-06_run-07_trial-42.wav	8	2.7725	3.0725
sub-06	7	42	how	sub-06_run-07_trial-42.wav	9	3.0725	3.2925
sub-06	7	42	how	sub-06_run-07_trial-42.wav	10	3.2925	3.5125
sub-06	7	42	how	sub-06_run-07_trial-42.wav	11	3.5125	3.7525
sub-06	7	42	how	sub-06_run-07_trial-42.wav	12	3.7525	4.0325
sub-06	7	42	how	sub-06_run-07_trial-42.wav	13	4.0325	4.4125
sub-06	8	1	less	sub-06_run-08_trial-01.wav	1	0.3925	0.7125
sub-06	8	1	less	sub-06_run-08_trial-01.wav	2	0.7125	1.0325
sub-06	8	1	less	sub-06_run-08_trial-01.wav	3	1.0325	1.3725
sub-06	8	1	less	sub-06_run-08_trial-01.wav	4	1.3725	1.7125
sub-06	8	1	less	sub-06_run-08_trial-01.wav	5	1.7125	1.9125
sub-06	8	1	less	sub-06_run-08_trial-01.wav	6	1.9125	2.0325
sub-06	8	1	less	sub-06_run-08_trial-01.wav	7	2.0325	2.2525
sub-06	8	1	less	sub-06_run-08_trial-01.wav	8	2.2525	2.3525
sub-06	8	1	less	sub-06_run-08_trial-01.wav	9	2.3525	2.5725
sub-06	8	1	less	sub-06_run-08_trial-01.wav	10	2.5725	2.7125
sub-06	8	1	less	sub-06_run-08_trial-01.wav	11	2.7125	2.8925
sub-06	8	1	less	sub-06_run-08_trial-01.wav	12	2.8925	3.0325
sub-06	8	1	less	sub-06_run-08_trial-01.wav	13	3.0325	3.2525
sub-06	8	1	less	sub-06_run-08_trial-01.wav	14	3.2525	3.3725
sub-06	8	1	less	sub-06_run-08_trial-01.wav	15	3.3725	3.7125
sub-06	8	1	less	sub-06_run-08_trial-01.wav	16	3.7125	3.9725
sub-06	8	1	less	sub-06_run-08_trial-01.wav	17	3.9725	4.1125
sub-06	8	1	less	sub-06_run-08_trial-01.wav	18	4.1125	4.4525
sub-06	8	2	ver	sub-06_run-08_trial-02.wav	1	0.4725	0.7725
sub-06	8	2	ver	sub-06_run-08_trial-02.wav	2	0.7725	1.1125
sub-06	8	2	ver	sub-06_run-08_trial-02.wav	3	1.1925	1.4125
sub-06	8	2	ver	sub-06_run-08_trial-02.wav	4	1.4125	1.6525
sub-06	8	2	ver	sub-06_run-08_trial-02.wav	5	1.6525	1.9525
sub-06	8	2	ver	sub-06_run-08_trial-02.wav	6	1.9525	2.1525
sub-06	8	2	ver	sub-06_run-08_trial-02.wav	7	2.1525	2.3725
sub-06	8	2	ver	sub-06_run-08_trial-02.wav	8	2.3725	2.6925
sub-06	8	2	ver	sub-06_run-08_trial-02.wav	9	2.6925	2.9725
sub-06	8	2	ver	sub-06_run-08_trial-02.wav	10	2.9725	3.1925
sub-06	8	2	ver	sub-06_run-08_trial-02.wav	11	3.1925	3.4525
sub-06	8	2	ver	sub-06_run-08_trial-02.wav	12	3.4525	3.6725
sub-06	8	2	ver	sub-06_run-08_trial-02.wav	13	3.6725	3.8525
sub-06	8	2	ver	sub-06_run-08_trial-02.wav	14	3.8525	4.0725
sub-06	8	2	ver	sub-06_run-08_trial-02.wav	15	4.0725	4.2525
sub-06	8	2	ver	sub-06_run-08_trial-02.wav	16	4.2525	4.4725
sub-06	8	3	pot	sub-06_run-08_trial-03.wav	1	0.0125	0.3125
sub-06	8	3	pot	sub-06_run-08_trial-03.wav	2	0.3925	0.6725
sub-06	8	3	pot	sub-06_run-08_trial-03.wav	3	0.7325	0.9725
sub-06	8	3	pot	sub-06_run-08_trial-03.wav	4	1.0525	1.3525
sub-06	8	3	pot	sub-06_run-08_trial-03.wav	5	1.4325	1.6925
sub-06	8	3	pot	sub-06_run-08_trial-03.wav	6	1.7725	2.0325
sub-06	8	3	pot	sub-06_run-08_trial-03.wav	7	2.1125	2.4325
sub-06	8	3	pot	sub-06_run-08_trial-03.wav	8	2.5125	2.8125
sub-06	8	3	pot	sub-06_run-08_trial-03.wav	9	2.8925	3.1925
sub-06	8	3	pot	sub-06_run-08_trial-03.wav	10	3.2725	3.5925
sub-06	8	3	pot	sub-06_run-08_trial-03.wav	11	3.6325	3.9325
sub-06	8	3	pot	sub-06_run-08_trial-03.wav	12	4.0125	4.2725
sub-06	8	3	pot	sub-06_run-08_trial-03.wav	13	4.3525	4.6925
sub-06	8	4	if	sub-06_run-08_trial-04.wav	1	0.2525	0.3925
sub-06	8	4	if	sub-06_run-08_trial-04.wav	2	0.3925	0.5125
sub-06	8	4	if	sub-06_run-08_trial-04.wav	3	0.5725	0.8125
sub-06	8	4	if	sub-06_run-08_trial-04.wav	4	0.8925	1.1325
sub-06	8	4	if	sub-06_run-08_trial-04.wav	5	1.1325	1.4525
sub-06	8	4	if	sub-06_run-08_trial-04.wav	6	1.4525	1.8525
sub-06	8	4	if	sub-06_run-08_trial-04.wav	7	1.8525	2.1725
sub-06	8	4	if	sub-06_run-08_trial-04.wav	8	2.2725	2.4125
sub-06	8	4	if	sub-06_run-08_trial-04.wav	9	2.4125	2.5325
sub-06	8	4	if	sub-06_run-08_trial-04.wav	10	2.5325	2.7725
sub-06	8	4	if	sub-06_run-08_trial-04.wav	11	2.7725	2.9525
sub-06	8	4	if	sub-06_run-08_trial-04.wav	12	3.1525	3.3125
sub-06	8	4	if	sub-06_run-08_trial-04.wav	13	3.3125	3.4125
sub-06	8	4	if	sub-06_run-08_trial-04.wav	14	3.4125	3.7925
sub-06	8	4	if	sub-06_run-08_trial-04.wav	15	3.8725	4.1325
sub-06	8	4	if	sub-06_run-08_trial-04.wav	16	4.2125	4.4325
sub-06	8	5	how	sub-06_run-08_trial-05.wav	1	0.2325	0.6725
sub-06	8	5	how	sub-06_run-08_trial-05.wav	2	0.6725	1.0525
sub-06	8	5	how	sub-06_run-08_trial-05.wav	3	1.0525	1.3325
sub-06	8	5	how	sub-06_run-08_trial-05.wav	4	1.3325	1.6525
sub-06	8	5	how	sub-06_run-08_trial-05.wav	5	1.6525	1.9525
sub-06	8	5	how	sub-06_run-08_trial-05.wav	6	1.9525	2.2525
sub-06	8	5	how	sub-06_run-08_trial-05.wav	7	2.2525	2.6125
sub-06	8	5	how	sub-06_run-08_trial-05.wav	8	2.6125	2.9925
sub-06	8	5	how	sub-06_run-08_trial-05.wav	9	2.9925	3.3525
sub-06	8	5	how	sub-06_run-08_trial-05.wav	10	3.3525	3.6725
sub-06	8	5	how	sub-06_run-08_trial-05.wav	11	3.6725	3.8925
sub-06	8	5	how	sub-06_run-08_trial-05.wav	12	3.8925	4.1525
sub-06	8	6	much	sub-06_run-08_trial-06.wav	1	0.2125	0.4925
sub-06	8	6	much	sub-06_run-08_trial-06.wav	2	0.4925	0.8125
sub-06	8	6	much	sub-06_run-08_trial-06.wav	3	0.8125	1.1125
sub-06	8	6	much	sub-06_run-08_trial-06.wav	4	1.1125	1.4325
sub-06	8	6	much	sub-06_run-08_trial-06.wav	5	1.4325	1.7525
sub-06	8	6	much	sub-06_run-08_trial-06.wav	6	1.7525	2.0525
sub-06	8	6	much	sub-06_run-08_trial-06.wav	7	2.0525	2.3525
sub-06	8	6	much	sub-06_run-08_trial-06.wav	8	2.3525	2.6525
sub-06	8	6	much	sub-06_run-08_trial-06.wav	9	2.6525	2.9325
sub-06	8	6	much	sub-06_run-08_trial-06.wav	10	2.9325	3.2125
sub-06	8	6	much	sub-06_run-08_trial-06.wav	11	3.2125	3.4725
sub-06	8	6	much	sub-06_run-08_trial-06.wav	12	3.4725	3.8125
sub-06	8	6	much	sub-06_run-08_trial-06.wav	13	3.8125	4.1325
sub-06	8	6	much	sub-06_run-08_trial-06.wav	14	4.1325	4.4125
sub-06	8	7	thieves	sub-06_run-08_trial-07.wav	1	0.1725	0.5925
sub-06	8	7	thieves	sub-06_run-08_trial-07.wav	2	0.5925	1.0125
sub-06	8	7	thieves	sub-06_run-08_trial-07.wav	3	1.0125	1.1725
sub-06	8	7	thieves	sub-06_run-08_trial-07.wav	4	1.1725	1.3925
sub-06	8	7	thieves	sub-06_run-08_trial-07.wav	5	1.3925	1.8125
sub-06	8	7	thieves	sub-06_run-08_trial-07.wav	6	1.8125	2.1925
sub-06	8	7	thieves	sub-06_run-08_trial-07.wav	7	2.1925	2.6925
sub-06	8	7	thieves	sub-06_run-08_trial-07.wav	8	2.6925	3.1325
sub-06	8	7	thieves	sub-06_run-08_trial-07.wav	9	3.1325	3.7125
sub-06	8	7	thieves	sub-06_run-08_trial-07.wav	10	3.7125	4.7925
sub-06	8	8	would	sub-06_run-08_trial-08.wav	1	0.0125	0.3125
sub-06	8	8	would	sub-06_run-08_trial-08.wav	2	0.4525	0.7525
sub-06	8	8	would	sub-06_run-08_trial-08.wav	3	0.8125	1.1725
sub-06	8	8	would	sub-06_run-08_trial-08.wav	4	1.2325	1.6125
sub-06	8	8	would	sub-06_run-08_trial-08.wav	5	1.6125	2.0525
sub-06	8	8	would	sub-06_run-08_trial-08.wav	6	2.0925	2.4725
sub-06	8	8	would	sub-06_run-08_trial-08.wav	7	2.4725	2.8525
sub-06	8	8	would	sub-06_run-08_trial-08.wav	8	2.9325	3.2925
sub-06	8	8	would	sub-06_run-08_trial-08.wav	9	3.2925	3.6525
sub-06	8	8	would	sub-06_run-08_trial-08.wav	10	3.7125	4.1125
sub-06	8	8	would	sub-06_run-08_trial-08.wav	11	4.1725	4.4925
sub-06	8	9	airy	sub-06_run-08_trial-09.wav	1	0.5725	0.7725
sub-06	8	9	airy	sub-06_run-08_trial-09.wav	2	0.7725	1.0325
sub-06	8	9	airy	sub-06_run-08_trial-09.wav	3	1.0325	1.2525
sub-06	8	9	airy	sub-06_run-08_trial-09.wav	4	1.2525	1.4525
sub-06	8	9	airy	sub-06_run-08_trial-09.wav	5	1.4525	1.7325
sub-06	8	9	airy	sub-06_run-08_trial-09.wav	6	1.7325	1.9525
sub-06	8	9	airy	sub-06_run-08_trial-09.wav	7	1.9525	2.1725
sub-06	8	9	airy	sub-06_run-08_trial-09.wav	8	2.1725	2.3925
sub-06	8	9	airy	sub-06_run-08_trial-09.wav	9	2.3925	2.6125
sub-06	8	9	airy	sub-06_run-08_trial-09.wav	10	2.6125	2.8525
sub-06	8	9	airy	sub-06_run-08_trial-09.wav	11	2.8925	3.0725
sub-06	8	9	airy	sub-06_run-08_trial-09.wav	12	3.0725	3.2925
sub-06	8	9	airy	sub-06_run-08_trial-09.wav	13	3.2925	3.5125
sub-06	8	9	airy	sub-06_run-08_trial-09.wav	14	3.5125	3.7725
sub-06	8	9	airy	sub-06_run-08_trial-09.wav	15	3.7725	3.9725
sub-06	8	9	airy	sub-06_run-08_trial-09.wav	16	3.9725	4.2525
sub-06	8	10	naw	sub-06_run-08_trial-10.wav	1	0.1725	0.4525
sub-06	8	10	naw	sub-06_run-08_trial-10.wav	2	0.4525	0.7325
sub-06	8	10	naw	sub-06_run-08_trial-10.wav	3	0.7325	1.0125
sub-06	8	10	naw	sub-06_run-08_trial-10.wav	4	1.0125	1.2925
sub-06	8	10	naw	sub-06_run-08_trial-10.wav	5	1.2925	1.5325
sub-06	8	10	naw	sub-06_run-08_trial-10.wav	6	1.5325	1.8525
sub-06	8	10	naw	sub-06_run-08_trial-10.wav	7	1.8525	2.1125
sub-06	8	10	naw	sub-06_run-08_trial-10.wav	8	2.1125	2.3325
sub-06	8	10	naw	sub-06_run-08_trial-10.wav	9	2.3325	2.5925
sub-06	8	10	naw	sub-06_run-08_trial-10.wav	10	2.5925	2.8525
sub-06	8	10	naw	sub-06_run-08_trial-10.wav	11	2.8525	3.0525
sub-06	8	10	naw	sub-06_run-08_trial-10.wav	12	3.0525	3.2525
sub-06	8	10	naw	sub-06_run-08_trial-10.wav	13	3.2525	3.4725
sub-06	8	10	naw	sub-06_run-08_trial-10.wav	14	3.4725	3.6725
sub-06	8	10	naw	sub-06_run-08_trial-10.wav	15	3.6725	3.8925
sub-06	8	10	naw	sub-06_run-08_trial-10.wav	16	3.8925	4.1125
sub-06	8	10	naw	sub-06_run-08_trial-10.wav	17	4.1125	4.4125
sub-06	8	11	pi	sub-06_run-08_trial-11.wav	1	0.4125	0.6325
sub-06	8	11	pi	sub-06_run-08_trial-11.wav	2	0.6725	0.8925
sub-06	8	11	pi	sub-06_run-08_trial-11.wav	3	0.8925	1.0725
sub-06	8	11	pi	sub-06_run-08_trial-11.wav	4	1.1525	1.3325
sub-06	8	11	pi	sub-06_run-08_trial-11.wav	5	1.3325	1.5525
sub-06	8	11	pi	sub-06_run-08_trial-11.wav	6	1.5525	1.7125
sub-06	8	11	pi	sub-06_run-08_trial-11.wav	7	1.7925	1.9125
sub-06	8	11	pi	sub-06_run-08_trial-11.wav	8	1.9925	2.1725
sub-06	8	11	pi	sub-06_run-08_trial-11.wav	9	2.2325	2.3525
sub-06	8	11	pi	sub-06_run-08_trial-11.wav	10	2.4325	2.5525
sub-06	8	11	pi	sub-06_run-08_trial-11.wav	11	2.6125	2.7325
sub-06	8	11	pi	sub-06_run-08_trial-11.wav	12	2.7925	2.9525
sub-06	8	11	pi	sub-06_run-08_trial-11.wav	13	2.9925	3.1325
sub-06	8	11	pi	sub-06_run-08_trial-11.wav	14	3.1325	3.3325
sub-06	8	11	pi	sub-06_run-08_trial-11.wav	15	3.3325	3.5325
sub-06	8	11	pi	sub-06_run-08_trial-11.wav	16	3.5925	3.7125
sub-06	8	11	pi	sub-06_run-08_trial-11.wav	17	3.7725	3.9125
sub-06	8	11	pi	sub-06_run-08_trial-11.wav	18	3.9725	4.1725
sub-06	8	11	pi	sub-06_run-08_trial-11.wav	19	4.1725	4.4925
sub-06	8	12	three	sub-06_run-08_trial-12.wav	1	0.4125	0.5125
sub-06	8	12	three	sub-06_run-08_trial-12.wav	2	0.5125	0.7725
sub-06	8	12	three	sub-06_run-08_trial-12.wav	3	0.7725	1.0525
sub-06	8	12	three	sub-06_run-08_trial-12.wav	4	1.0525	1.3725
sub-06	8	12	three	sub-06_run-08_trial-12.wav	5	1.3725	1.8125
sub-06	8	12	three	sub-06_run-08_trial-12.wav	6	1.8125	2.1525
sub-06	8	12	three	sub-06_run-08_trial-12.wav	7	2.1525	2.4925
sub-06	8	12	three	sub-06_run-08_trial-12.wav	8	2.4925	2.7325
sub-06	8	12	three	sub-06_run-08_trial-12.wav	9	2.7925	3.0925
sub-06	8	12	three	sub-06_run-08_trial-12.wav	10	3.0925	3.1725
sub-06	8	12	three	sub-06_run-08_trial-12.wav	11	3.1725	3.4325
sub-06	8	12	three	sub-06_run-08_trial-12.wav	12	3.4925	3.8925
sub-06	8	12	three	sub-06_run-08_trial-12.wav	13	3.8925	4.2325
sub-06	8	12	three	sub-06_run-08_trial-12.wav	14	4.2325	4.4325
sub-06	8	13	ter	sub-06_run-08_trial-13.wav	1	0.3125	0.5525
sub-06	8	13	ter	sub-06_run-08_trial-13.wav	2	0.6125	0.8525
sub-06	8	13	ter	sub-06_run-08_trial-13.wav	3	0.9125	1.1325
sub-06	8	13	ter	sub-06_run-08_trial-13.wav	4	1.1725	1.4125
sub-06	8	13	ter	sub-06_run-08_trial-13.wav	5	1.4525	1.6725
sub-06	8	13	ter	sub-06_run-08_trial-13.wav	6	1.7125	1.9725
sub-06	8	13	ter	sub-06_run-08_trial-13.wav	7	1.9725	2.2125
sub-06	8	13	ter	sub-06_run-08_trial-13.wav	8	2.2125	2.4525
sub-06	8	13	ter	sub-06_run-08_trial-13.wav	9	2.4525	2.6525
sub-06	8	13	ter	sub-06_run-08_trial-13.wav	10	2.7325	2.9325
sub-06	8	13	ter	sub-06_run-08_trial-13.wav	11	2.9325	3.1125
sub-06	8	13	ter	sub-06_run-08_trial-13.wav	12	3.1725	3.3125
sub-06	8	13	ter	sub-06_run-08_trial-13.wav	13	3.3925	3.5525
sub-06	8	13	ter	sub-06_run-08_trial-13.wav	14	3.6125	3.7525
sub-06	8	13	ter	sub-06_run-08_trial-13.wav	15	3.8325	3.9525
sub-06	8	13	ter	sub-06_run-08_trial-13.wav	16	4.0325	4.1525
sub-06	8	13	ter	sub-06_run-08_trial-13.wav	17	4.2325	4.4525
sub-06	8	14	thir	sub-06_run-08_trial-14.wav	1	0.5725	0.8325
sub-06	8	14	thir	sub-06_run-08_trial-14.wav	2	0.8325	1.1125
sub-06	8	14	thir	sub-06_run-08_trial-14.wav	3	1.1125	1.4125
sub-06	8	14	thir	sub-06_run-08_trial-14.wav	4	1.4125	1.6925
sub-06	8	14	thir	sub-06_run-08_trial-14.wav	5	1.6925	1.9925
sub-06	8	14	thir	sub-06_run-08_trial-14.wav	6	1.9925	2.3125
sub-06	8	14	thir	sub-06_run-08_trial-14.wav	7	2.3125	2.5925
sub-06	8	14	thir	sub-06_run-08_trial-14.wav	8	2.5925	2.9325
sub-06	8	14	thir	sub-06_run-08_trial-14.wav	9	3.0125	3.2125
sub-06	8	14	thir	sub-06_run-08_trial-14.wav	10	3.2125	3.4925
sub-06	8	14	thir	sub-06_run-08_trial-14.wav	11	3.4925	3.7925
sub-06	8	14	thir	sub-06_run-08_trial-14.wav	12	3.7925	4.1325
sub-06	8	14	thir	sub-06_run-08_trial-14.wav	13	4.1325	4.4325
sub-06	8	15	pie	sub-06_run-08_trial-15.wav	1	0.5525	0.7525
sub-06	8	15	pie	sub-06_run-08_trial-15.wav	2	0.8125	0.9925
sub-06	8	15	pie	sub-06_run-08_trial-15.wav	3	1.0525	1.1725
sub-06	8	15	pie	sub-06_run-08_trial-15.wav	4	1.1725	1.3525
sub-06	8	15	pie	sub-06_run-08_trial-15.wav	5	1.3925	1.5725
sub-06	8	15	pie	sub-06_run-08_trial-15.wav	6	1.6325	1.7725
sub-06	8	15	pie	sub-06_run-08_trial-15.wav	7	1.7725	1.9325
sub-06	8	15	pie	sub-06_run-08_trial-15.wav	8	2.0125	2.0925
sub-06	8	15	pie	sub-06_run-08_trial-15.wav	9	2.1725	2.2925
sub-06	8	15	pie	sub-06_run-08_trial-15.wav	10	2.3525	2.4525
sub-06	8	15	pie	sub-06_run-08_trial-15.wav	11	2.5325	2.6325
sub-06	8	15	pie	sub-06_run-08_trial-15.wav	12	2.6925	2.7925
sub-06	8	15	pie	sub-06_run-08_trial-15.wav	13	2.8725	2.9925
sub-06	8	15	pie	sub-06_run-08_trial-15.wav	14	3.0525	3.1525
sub-06	8	15	pie	sub-06_run-08_trial-15.wav	15	3.2325	3.3325
sub-06	8	15	pie	sub-06_run-08_trial-15.wav	16	3.4125	3.5125
sub-06	8	15	pie	sub-06_run-08_trial-15.wav	17	3.5925	3.6925
sub-06	8	15	pie	sub-06_run-08_trial-15.wav	18	3.7725	3.8925
sub-06	8	15	pie	sub-06_run-08_trial-15.wav	19	3.9725	4.0725
sub-06	8	15	pie	sub-06_run-08_trial-15.wav	20	4.1325	4.2325
sub-06	8	15	pie	sub-06_run-08_trial-15.wav	21	4.2925	4.4725
sub-06	8	16	day	sub-06_run-08_trial-16.wav	1	0.5325	0.7725
sub-06	8	16	day	sub-06_run-08_trial-16.wav	2	0.7725	0.9325
sub-06	8	16	day	sub-06_run-08_trial-16.wav	3	0.9325	1.1525
sub-06	8	16	day	sub-06_run-08_trial-16.wav	4	1.2125	1.3725
sub-06	8	16	day	sub-06_run-08_trial-16.wav	5	1.3725	1.5525
sub-06	8	16	day	sub-06_run-08_trial-16.wav	6	1.5925	1.7725
sub-06	8	16	day	sub-06_run-08_trial-16.wav	7	1.7725	1.9325
sub-06	8	16	day	sub-06_run-08_trial-16.wav	8	1.9725	2.1325
sub-06	8	16	day	sub-06_run-08_trial-16.wav	9	2.1325	2.3325
sub-06	8	16	day	sub-06_run-08_trial-16.wav	10	2.3325	2.4725
sub-06	8	16	day	sub-06_run-08_trial-16.wav	11	2.5525	2.6725
sub-06	8	16	day	sub-06_run-08_trial-16.wav	12	2.7125	2.8925
sub-06	8	16	day	sub-06_run-08_trial-16.wav	13	2.9525	3.0725
sub-06	8	16	day	sub-06_run-08_trial-16.wav	14	3.1325	3.2525
sub-06	8	16	day	sub-06_run-08_trial-16.wav	15	3.2525	3.4525
sub-06	8	16	day	sub-06_run-08_trial-16.wav	16	3.4525	3.5925
sub-06	8	16	day	sub-06_run-08_trial-16.wav	17	3.6525	3.7725
sub-06	8	16	day	sub-06_run-08_trial-16.wav	18	3.8325	3.9525
sub-06	8	16	day	sub-06_run-08_trial-16.wav	19	4.0125	4.1325
sub-06	8	16	day	sub-06_run-08_trial-16.wav	20	4.1325	4.3325
sub-06	8	16	day	sub-06_run-08_trial-16.wav	21	4.3325	4.4925
sub-06	8	17	the	sub-06_run-08_trial-17.wav	1	0.1525	0.3325
sub-06	8	17	the	sub-06_run-08_trial-17.wav	2	0.3325	0.5325
sub-06	8	17	the	sub-06_run-08_trial-17.wav	3	0.5325	0.6925
sub-06	8	17	the	sub-06_run-08_trial-17.wav	4	0.6925	0.8925
sub-06	8	17	the	sub-06_run-08_trial-17.wav	5	0.8925	0.9925
sub-06	8	17	the	sub-06_run-08_trial-17.wav	6	1.0725	1.2725
sub-06	8	17	the	sub-06_run-08_trial-17.wav	7	1.2725	1.4525
sub-06	8	17	the	sub-06_run-08_trial-17.wav	8	1.4525	1.6525
sub-06	8	17	the	sub-06_run-08_trial-17.wav	9	1.6525	1.7725
sub-06	8	17	the	sub-06_run-08_trial-17.wav	10	1.8325	1.9525
sub-06	8	17	the	sub-06_run-08_trial-17.wav	11	2.0325	2.2125
sub-06	8	17	the	sub-06_run-08_trial-17.wav	12	2.2125	2.4325
sub-06	8	17	the	sub-06_run-08_trial-17.wav	13	2.4325	2.6125
sub-06	8	17	the	sub-06_run-08_trial-17.wav	14	2.6125	2.7125
sub-06	8	17	the	sub-06_run-08_trial-17.wav	15	2.8125	2.9125
sub-06	8	17	the	sub-06_run-08_trial-17.wav	16	2.9925	3.1125
sub-06	8	17	the	sub-06_run-08_trial-17.wav	17	3.1125	3.2925
sub-06	8	17	the	sub-06_run-08_trial-17.wav	18	3.2925	3.3925
sub-06	8	17	the	sub-06_run-08_trial-17.wav	19	3.3925	3.5925
sub-06	8	17	the	sub-06_run-08_trial-17.wav	20	3.5925	3.7525
sub-06	8	17	the	sub-06_run-08_trial-17.wav	21	3.8325	3.9525
sub-06	8	17	the	sub-06_run-08_trial-17.wav	22	3.9525	4.3525
sub-06	8	18	thurs	sub-06_run-08_trial-18.wav	1	0.4325	0.6925
sub-06	8	18	thurs	sub-06_run-08_trial-18.wav	2	0.6925	1.2325
sub-06	8	18	thurs	sub-06_run-08_trial-18.wav	3	1.2325	1.5125
sub-06	8	18	thurs	sub-06_run-08_trial-18.wav	4	1.5125	1.7325
sub-06	8	18	thurs	sub-06_run-08_trial-18.wav	5	1.7325	1.9725
sub-06	8	18	thurs	sub-06_run-08_trial-18.wav	6	1.9725	2.2125
sub-06	8	18	thurs	sub-06_run-08_trial-18.wav	7	2.2125	2.5325
sub-06	8	18	thurs	sub-06_run-08_trial-18.wav	8	2.5325	2.7725
sub-06	8	18	thurs	sub-06_run-08_trial-18.wav	9	3.0325	3.2725
sub-06	8	18	thurs	sub-06_run-08_trial-18.wav	10	3.3125	3.5125
sub-06	8	18	thurs	sub-06_run-08_trial-18.wav	11	3.5125	3.7125
sub-06	8	18	thurs	sub-06_run-08_trial-18.wav	12	3.7125	4.2325
sub-06	8	18	thurs	sub-06_run-08_trial-18.wav	13	4.2325	4.9716
sub-06	8	19	jin	sub-06_run-08_trial-19.wav	1	0.4925	0.7925
sub-06	8	19	jin	sub-06_run-08_trial-19.wav	2	0.7925	1.0525
sub-06	8	19	jin	sub-06_run-08_trial-19.wav	3	1.0525	1.2925
sub-06	8	19	jin	sub-06_run-08_trial-19.wav	4	1.2925	1.5325
sub-06	8	19	jin	sub-06_run-08_trial-19.wav	5	1.5325	1.7725
sub-06	8	19	jin	sub-06_run-08_trial-19.wav	6	1.7725	2.0725
sub-06	8	19	jin	sub-06_run-08_trial-19.wav	7	2.0725	2.3125
sub-06	8	19	jin	sub-06_run-08_trial-19.wav	8	2.3125	2.5725
sub-06	8	19	jin	sub-06_run-08_trial-19.wav	9	2.5725	2.8125
sub-06	8	19	jin	sub-06_run-08_trial-19.wav	10	2.8125	3.0525
sub-06	8	19	jin	sub-06_run-08_trial-19.wav	11	3.0525	3.2925
sub-06	8	19	jin	sub-06_run-08_trial-19.wav	12	3.2925	3.5125
sub-06	8	19	jin	sub-06_run-08_trial-19.wav	13	3.5125	3.7325
sub-06	8	19	jin	sub-06_run-08_trial-19.wav	14	3.7325	3.9525
sub-06	8	19	jin	sub-06_run-08_trial-19.wav	15	3.9525	4.1725
sub-06	8	19	jin	sub-06_run-08_trial-19.wav	16	4.1725	4.4125
sub-06	8	20	peck	sub-06_run-08_trial-20.wav	1	0.4925	0.7525
sub-06	8	20	peck	sub-06_run-08_trial-20.wav	2	0.8325	1.0725
sub-06	8	20	peck	sub-06_run-08_trial-20.wav	3	1.1525	1.3925
sub-06	8	20	peck	sub-06_run-08_trial-20.wav	4	1.4725	1.7125
sub-06	8	20	peck	sub-06_run-08_trial-20.wav	5	1.7925	2.0325
sub-06	8	20	peck	sub-06_run-08_trial-20.wav	6	2.0925	2.3525
sub-06	8	20	peck	sub-06_run-08_trial-20.wav	7	2.4325	2.6925
sub-06	8	20	peck	sub-06_run-08_trial-20.wav	8	2.7725	3.0325
sub-06	8	20	peck	sub-06_run-08_trial-20.wav	9	3.1325	3.4125
sub-06	8	20	peck	sub-06_run-08_trial-20.wav	10	3.4925	3.7725
sub-06	8	20	peck	sub-06_run-08_trial-20.wav	11	3.8725	4.1725
sub-06	8	20	peck	sub-06_run-08_trial-20.wav	12	4.2525	4.6125
sub-06	8	21	picked	sub-06_run-08_trial-21.wav	1	0.3525	0.6525
sub-06	8	21	picked	sub-06_run-08_trial-21.wav	2	0.7125	1.0525
sub-06	8	21	picked	sub-06_run-08_trial-21.wav	3	1.1325	1.4725
sub-06	8	21	picked	sub-06_run-08_trial-21.wav	4	1.5325	1.8725
sub-06	8	21	picked	sub-06_run-08_trial-21.wav	5	1.9525	2.2725
sub-06	8	21	picked	sub-06_run-08_trial-21.wav	6	2.3325	2.7125
sub-06	8	21	picked	sub-06_run-08_trial-21.wav	7	2.8125	3.3125
sub-06	8	21	picked	sub-06_run-08_trial-21.wav	8	3.4325	3.7925
sub-06	8	21	picked	sub-06_run-08_trial-21.wav	9	3.8525	4.2125
sub-06	8	21	picked	sub-06_run-08_trial-21.wav	10	4.2725	4.6325
sub-06	8	22	leh	sub-06_run-08_trial-22.wav	1	0.3325	0.6125
sub-06	8	22	leh	sub-06_run-08_trial-22.wav	2	0.6125	0.8125
sub-06	8	22	leh	sub-06_run-08_trial-22.wav	3	0.8125	1.0325
sub-06	8	22	leh	sub-06_run-08_trial-22.wav	4	1.0325	1.2525
sub-06	8	22	leh	sub-06_run-08_trial-22.wav	5	1.2525	1.4925
sub-06	8	22	leh	sub-06_run-08_trial-22.wav	6	1.4925	1.7325
sub-06	8	22	leh	sub-06_run-08_trial-22.wav	7	1.7325	1.9725
sub-06	8	22	leh	sub-06_run-08_trial-22.wav	8	1.9725	2.1725
sub-06	8	22	leh	sub-06_run-08_trial-22.wav	9	2.1725	2.3925
sub-06	8	22	leh	sub-06_run-08_trial-22.wav	10	2.3925	2.7125
sub-06	8	22	leh	sub-06_run-08_trial-22.wav	11	2.7125	2.9325
sub-06	8	22	leh	sub-06_run-08_trial-22.wav	12	2.9325	3.1325
sub-06	8	22	leh	sub-06_run-08_trial-22.wav	13	3.1325	3.3325
sub-06	8	22	leh	sub-06_run-08_trial-22.wav	14	3.3325	3.5325
sub-06	8	22	leh	sub-06_run-08_trial-22.wav	15	3.5325	3.7125
sub-06	8	22	leh	sub-06_run-08_trial-22.wav	16	3.7125	3.8725
sub-06	8	22	leh	sub-06_run-08_trial-22.wav	17	3.8725	4.0525
sub-06	8	22	leh	sub-06_run-08_trial-22.wav	18	4.0525	4.2525
sub-06	8	22	leh	sub-06_run-08_trial-22.wav	19	4.2525	4.4125
sub-06	8	23	chuck	sub-06_run-08_trial-23.wav	1	0.1725	0.4525
sub-06	8	23	chuck	sub-06_run-08_trial-23.wav	2	0.4925	0.7325
sub-06	8	23	chuck	sub-06_run-08_trial-23.wav	3	0.7725	1.0325
sub-06	8	23	chuck	sub-06_run-08_trial-23.wav	4	1.0725	1.3325
sub-06	8	23	chuck	sub-06_run-08_trial-23.wav	5	1.3725	1.6125
sub-06	8	23	chuck	sub-06_run-08_trial-23.wav	6	1.7125	1.9925
sub-06	8	23	chuck	sub-06_run-08_trial-23.wav	7	2.0325	2.2525
sub-06	8	23	chuck	sub-06_run-08_trial-23.wav	8	2.3325	2.6325
sub-06	8	23	chuck	sub-06_run-08_trial-23.wav	9	2.7125	2.9725
sub-06	8	23	chuck	sub-06_run-08_trial-23.wav	10	3.0325	3.4325
sub-06	8	23	chuck	sub-06_run-08_trial-23.wav	11	3.5325	3.8125
sub-06	8	23	chuck	sub-06_run-08_trial-23.wav	12	3.8125	4.0925
sub-06	8	23	chuck	sub-06_run-08_trial-23.wav	13	4.0925	4.4725
sub-06	8	24	pro	sub-06_run-08_trial-24.wav	1	0.5125	0.7525
sub-06	8	24	pro	sub-06_run-08_trial-24.wav	2	0.8125	0.9925
sub-06	8	24	pro	sub-06_run-08_trial-24.wav	3	1.0725	1.3125
sub-06	8	24	pro	sub-06_run-08_trial-24.wav	4	1.3725	1.6125
sub-06	8	24	pro	sub-06_run-08_trial-24.wav	5	1.6525	1.8925
sub-06	8	24	pro	sub-06_run-08_trial-24.wav	6	1.9725	2.2125
sub-06	8	24	pro	sub-06_run-08_trial-24.wav	7	2.2925	2.4725
sub-06	8	24	pro	sub-06_run-08_trial-24.wav	8	2.5725	2.8325
sub-06	8	24	pro	sub-06_run-08_trial-24.wav	9	2.8925	3.0725
sub-06	8	24	pro	sub-06_run-08_trial-24.wav	10	3.1525	3.3925
sub-06	8	24	pro	sub-06_run-08_trial-24.wav	11	3.4725	3.6525
sub-06	8	24	pro	sub-06_run-08_trial-24.wav	12	3.6925	3.9525
sub-06	8	24	pro	sub-06_run-08_trial-24.wav	13	4.0325	4.2125
sub-06	8	24	pro	sub-06_run-08_trial-24.wav	14	4.2725	4.4525
sub-06	8	25	neh	sub-06_run-08_trial-25.wav	1	0.2725	0.5925
sub-06	8	25	neh	sub-06_run-08_trial-25.wav	2	0.5925	0.8525
sub-06	8	25	neh	sub-06_run-08_trial-25.wav	3	0.8525	1.0925
sub-06	8	25	neh	sub-06_run-08_trial-25.wav	4	1.0925	1.3125
sub-06	8	25	neh	sub-06_run-08_trial-25.wav	5	1.3125	1.5725
sub-06	8	25	neh	sub-06_run-08_trial-25.wav	6	1.5725	1.8125
sub-06	8	25	neh	sub-06_run-08_trial-25.wav	7	1.8125	2.1325
sub-06	8	25	neh	sub-06_run-08_trial-25.wav	8	2.1325	2.3925
sub-06	8	25	neh	sub-06_run-08_trial-25.wav	9	2.3925	2.7325
sub-06	8	25	neh	sub-06_run-08_trial-25.wav	10	2.7325	2.9725
sub-06	8	25	neh	sub-06_run-08_trial-25.wav	11	2.9725	3.1725
sub-06	8	25	neh	sub-06_run-08_trial-25.wav	12	3.1725	3.4325
sub-06	8	25	neh	sub-06_run-08_trial-25.wav	13	3.4325	3.5925
sub-06	8	25	neh	sub-06_run-08_trial-25.wav	14	3.5925	3.7525
sub-06	8	25	neh	sub-06_run-08_trial-25.wav	15	3.7525	3.9325
sub-06	8	25	neh	sub-06_run-08_trial-25.wav	16	3.9325	4.1325
sub-06	8	25	neh	sub-06_run-08_trial-25.wav	17	4.1325	4.2925
sub-06	8	25	neh	sub-06_run-08_trial-25.wav	18	4.2925	4.4125
sub-06	8	26	out	sub-06_run-08_trial-26.wav	1	0.3525	0.5125
sub-06	8	26	out	sub-06_run-08_trial-26.wav	2	0.5725	0.6325
sub-06	8	26	out	sub-06_run-08_trial-26.wav	3	0.7125	0.8525
sub-06	8	26	out	sub-06_run-08_trial-26.wav	4	0.9125	1.0125
sub-06	8	26	out	sub-06_run-08_trial-26.wav	5	1.0125	1.3325
sub-06	8	26	out	sub-06_run-08_trial-26.wav	6	1.3325	1.4925
sub-06	8	26	out	sub-06_run-08_trial-26.wav	7	1.5525	1.6525
sub-06	8	26	out	sub-06_run-08_trial-26.wav	8	1.6525	1.8125
sub-06	8	26	out	sub-06_run-08_trial-26.wav	9	1.8725	2.1125
sub-06	8	26	out	sub-06_run-08_trial-26.wav	10	2.1725	2.2925
sub-06	8	26	out	sub-06_run-08_trial-26.wav	11	2.2925	2.4725
sub-06	8	26	out	sub-06_run-08_trial-26.wav	12	2.5525	2.6325
sub-06	8	26	out	sub-06_run-08_trial-26.wav	13	2.6325	2.7925
sub-06	8	26	out	sub-06_run-08_trial-26.wav	14	2.8525	2.9525
sub-06	8	26	out	sub-06_run-08_trial-26.wav	15	2.9525	3.3325
sub-06	8	26	out	sub-06_run-08_trial-26.wav	16	3.3325	3.7125
sub-06	8	26	out	sub-06_run-08_trial-26.wav	17	3.7125	3.8725
sub-06	8	26	out	sub-06_run-08_trial-26.wav	18	3.9525	4.0325
sub-06	8	26	out	sub-06_run-08_trial-26.wav	19	4.0325	4.1925
sub-06	8	26	out	sub-06_run-08_trial-26.wav	20	4.2725	4.3525
sub-06	8	26	out	sub-06_run-08_trial-26.wav	21	4.3525	4.6525
sub-06	8	27	a	sub-06_run-08_trial-27.wav	1	0.3525	0.6125
sub-06	8	27	a	sub-06_run-08_trial-27.wav	2	0.6125	0.8925
sub-06	8	27	a	sub-06_run-08_trial-27.wav	3	0.8925	1.0725
sub-06	8	27	a	sub-06_run-08_trial-27.wav	4	1.0725	1.3525
sub-06	8	27	a	sub-06_run-08_trial-27.wav	5	1.3525	1.5525
sub-06	8	27	a	sub-06_run-08_trial-27.wav	6	1.5525	1.7925
sub-06	8	27	a	sub-06_run-08_trial-27.wav	7	1.7925	2.0325
sub-06	8	27	a	sub-06_run-08_trial-27.wav	8	2.0325	2.2925
sub-06	8	27	a	sub-06_run-08_trial-27.wav	9	2.2925	2.5125
sub-06	8	27	a	sub-06_run-08_trial-27.wav	10	2.5125	2.8125
sub-06	8	27	a	sub-06_run-08_trial-27.wav	11	2.8125	3.0525
sub-06	8	27	a	sub-06_run-08_trial-27.wav	12	3.0525	3.2725
sub-06	8	27	a	sub-06_run-08_trial-27.wav	13	3.3125	3.5325
sub-06	8	27	a	sub-06_run-08_trial-27.wav	14	3.5325	3.7125
sub-06	8	27	a	sub-06_run-08_trial-27.wav	15	3.7125	3.9325
sub-06	8	27	a	sub-06_run-08_trial-27.wav	16	3.9325	4.1325
sub-06	8	27	a	sub-06_run-08_trial-27.wav	17	4.1325	4.4525
sub-06	8	28	fee	sub-06_run-08_trial-28.wav	1	0.2925	0.6125
sub-06	8	28	fee	sub-06_run-08_trial-28.wav	2	0.6125	0.8725
sub-06	8	28	fee	sub-06_run-08_trial-28.wav	3	0.8725	1.1325
sub-06	8	28	fee	sub-06_run-08_trial-28.wav	4	1.1325	1.3725
sub-06	8	28	fee	sub-06_run-08_trial-28.wav	5	1.3725	1.6125
sub-06	8	28	fee	sub-06_run-08_trial-28.wav	6	1.6125	1.8725
sub-06	8	28	fee	sub-06_run-08_trial-28.wav	7	1.8725	2.1125
sub-06	8	28	fee	sub-06_run-08_trial-28.wav	8	2.1125	2.3525
sub-06	8	28	fee	sub-06_run-08_trial-28.wav	9	2.3525	2.5925
sub-06	8	28	fee	sub-06_run-08_trial-28.wav	10	2.5925	2.8125
sub-06	8	28	fee	sub-06_run-08_trial-28.wav	11	2.8125	3.0725
sub-06	8	28	fee	sub-06_run-08_trial-28.wav	12	3.0725	3.2925
sub-06	8	28	fee	sub-06_run-08_trial-28.wav	13	3.2925	3.5125
sub-06	8	28	fee	sub-06_run-08_trial-28.wav	14	3.5125	3.7325
sub-06	8	28	fee	sub-06_run-08_trial-28.wav	15	3.7325	3.9325
sub-06	8	28	fee	sub-06_run-08_trial-28.wav	16	3.9325	4.1725
sub-06	8	28	fee	sub-06_run-08_trial-28.wav	17	4.1725	4.3725
sub-06	8	28	fee	sub-06_run-08_trial-28.wav	18	4.3725	4.5325
sub-06	8	29	ser	sub-06_run-08_trial-29.wav	1	0.4125	0.7125
sub-06	8	29	ser	sub-06_run-08_trial-29.wav	2	0.7125	0.9725
sub-06	8	29	ser	sub-06_run-08_trial-29.wav	3	0.9725	1.2525
sub-06	8	29	ser	sub-06_run-08_trial-29.wav	4	1.2525	1.5725
sub-06	8	29	ser	sub-06_run-08_trial-29.wav	5	1.5725	1.8125
sub-06	8	29	ser	sub-06_run-08_trial-29.wav	6	1.8125	2.0925
sub-06	8	29	ser	sub-06_run-08_trial-29.wav	7	2.0925	2.3325
sub-06	8	29	ser	sub-06_run-08_trial-29.wav	8	2.3325	2.5725
sub-06	8	29	ser	sub-06_run-08_trial-29.wav	9	2.5725	2.7925
sub-06	8	29	ser	sub-06_run-08_trial-29.wav	10	2.7925	3.0725
sub-06	8	29	ser	sub-06_run-08_trial-29.wav	11	3.0725	3.2725
sub-06	8	29	ser	sub-06_run-08_trial-29.wav	12	3.3125	3.4925
sub-06	8	29	ser	sub-06_run-08_trial-29.wav	13	3.4925	3.7325
sub-06	8	29	ser	sub-06_run-08_trial-29.wav	14	3.7325	3.9925
sub-06	8	29	ser	sub-06_run-08_trial-29.wav	15	3.9925	4.2125
sub-06	8	29	ser	sub-06_run-08_trial-29.wav	16	4.2125	4.4525
sub-06	8	30	imah	sub-06_run-08_trial-30.wav	1	0.0925	0.3525
sub-06	8	30	imah	sub-06_run-08_trial-30.wav	2	0.3525	0.4925
sub-06	8	30	imah	sub-06_run-08_trial-30.wav	3	0.4925	0.6925
sub-06	8	30	imah	sub-06_run-08_trial-30.wav	4	0.6925	0.8325
sub-06	8	30	imah	sub-06_run-08_trial-30.wav	5	0.8325	1.0725
sub-06	8	30	imah	sub-06_run-08_trial-30.wav	6	1.0725	1.1725
sub-06	8	30	imah	sub-06_run-08_trial-30.wav	7	1.1725	1.3725
sub-06	8	30	imah	sub-06_run-08_trial-30.wav	8	1.4525	1.5725
sub-06	8	30	imah	sub-06_run-08_trial-30.wav	9	1.5725	1.9125
sub-06	8	30	imah	sub-06_run-08_trial-30.wav	10	1.9125	2.2325
sub-06	8	30	imah	sub-06_run-08_trial-30.wav	11	2.2325	2.4325
sub-06	8	30	imah	sub-06_run-08_trial-30.wav	12	2.4325	2.5525
sub-06	8	30	imah	sub-06_run-08_trial-30.wav	13	2.5525	2.7325
sub-06	8	30	imah	sub-06_run-08_trial-30.wav	14	2.7325	2.8525
sub-06	8	30	imah	sub-06_run-08_trial-30.wav	15	2.8525	3.0725
sub-06	8	30	imah	sub-06_run-08_trial-30.wav	16	3.1525	3.3725
sub-06	8	30	imah	sub-06_run-08_trial-30.wav	17	3.3725	3.6725
sub-06	8	30	imah	sub-06_run-08_trial-30.wav	18	3.6725	3.8325
sub-06	8	30	imah	sub-06_run-08_trial-30.wav	19	3.8325	4.0125
sub-06	8	30	imah	sub-06_run-08_trial-30.wav	20	4.0925	4.1725
sub-06	8	30	imah	sub-06_run-08_trial-30.wav	21	4.1725	4.3725
sub-06	8	31	caw	sub-06_run-08_trial-31.wav	1	0.3725	0.7725
sub-06	8	31	caw	sub-06_run-08_trial-31.wav	2	0.7725	1.1325
sub-06	8	31	caw	sub-06_run-08_trial-31.wav	3	1.1925	1.4125
sub-06	8	31	caw	sub-06_run-08_trial-31.wav	4	1.4725	1.7125
sub-06	8	31	caw	sub-06_run-08_trial-31.wav	5	1.7725	2.0125
sub-06	8	31	caw	sub-06_run-08_trial-31.wav	6	2.0925	2.3325
sub-06	8	31	caw	sub-06_run-08_trial-31.wav	7	2.3325	2.6325
sub-06	8	31	caw	sub-06_run-08_trial-31.wav	8	2.6925	2.9325
sub-06	8	31	caw	sub-06_run-08_trial-31.wav	9	2.9325	3.2125
sub-06	8	31	caw	sub-06_run-08_trial-31.wav	10	3.2725	3.4525
sub-06	8	31	caw	sub-06_run-08_trial-31.wav	11	3.5125	3.6925
sub-06	8	31	caw	sub-06_run-08_trial-31.wav	12	3.6925	3.8925
sub-06	8	31	caw	sub-06_run-08_trial-31.wav	13	3.8925	4.0925
sub-06	8	31	caw	sub-06_run-08_trial-31.wav	14	4.1525	4.2525
sub-06	8	31	caw	sub-06_run-08_trial-31.wav	15	4.3125	4.4525
sub-06	8	32	juh	sub-06_run-08_trial-32.wav	1	0.2525	0.5125
sub-06	8	32	juh	sub-06_run-08_trial-32.wav	2	0.5725	0.8125
sub-06	8	32	juh	sub-06_run-08_trial-32.wav	3	0.8725	1.0725
sub-06	8	32	juh	sub-06_run-08_trial-32.wav	4	1.1725	1.3725
sub-06	8	32	juh	sub-06_run-08_trial-32.wav	5	1.3725	1.5125
sub-06	8	32	juh	sub-06_run-08_trial-32.wav	6	1.5125	1.6925
sub-06	8	32	juh	sub-06_run-08_trial-32.wav	7	1.6925	1.8925
sub-06	8	32	juh	sub-06_run-08_trial-32.wav	8	1.9725	2.1925
sub-06	8	32	juh	sub-06_run-08_trial-32.wav	9	2.1925	2.3925
sub-06	8	32	juh	sub-06_run-08_trial-32.wav	10	2.4525	2.5725
sub-06	8	32	juh	sub-06_run-08_trial-32.wav	11	2.5725	2.7525
sub-06	8	32	juh	sub-06_run-08_trial-32.wav	12	2.7525	2.9325
sub-06	8	32	juh	sub-06_run-08_trial-32.wav	13	2.9325	3.1325
sub-06	8	32	juh	sub-06_run-08_trial-32.wav	14	3.2125	3.3325
sub-06	8	32	juh	sub-06_run-08_trial-32.wav	15	3.4125	3.5325
sub-06	8	32	juh	sub-06_run-08_trial-32.wav	16	3.5325	3.6925
sub-06	8	32	juh	sub-06_run-08_trial-32.wav	17	3.7725	3.9525
sub-06	8	32	juh	sub-06_run-08_trial-32.wav	18	4.0525	4.1525
sub-06	8	32	juh	sub-06_run-08_trial-32.wav	19	4.2325	4.3925
sub-06	8	33	mih	sub-06_run-08_trial-33.wav	1	0.0725	0.3125
sub-06	8	33	mih	sub-06_run-08_trial-33.wav	2	0.3125	0.5325
sub-06	8	33	mih	sub-06_run-08_trial-33.wav	3	0.5325	0.7125
sub-06	8	33	mih	sub-06_run-08_trial-33.wav	4	0.7125	0.9325
sub-06	8	33	mih	sub-06_run-08_trial-33.wav	5	0.9325	1.2125
sub-06	8	33	mih	sub-06_run-08_trial-33.wav	6	1.2125	1.4725
sub-06	8	33	mih	sub-06_run-08_trial-33.wav	7	1.4725	1.6925
sub-06	8	33	mih	sub-06_run-08_trial-33.wav	8	1.6925	1.9525
sub-06	8	33	mih	sub-06_run-08_trial-33.wav	9	1.9525	2.2325
sub-06	8	33	mih	sub-06_run-08_trial-33.wav	10	2.2325	2.4325
sub-06	8	33	mih	sub-06_run-08_trial-33.wav	11	2.4325	2.6525
sub-06	8	33	mih	sub-06_run-08_trial-33.wav	12	2.6525	2.8525
sub-06	8	33	mih	sub-06_run-08_trial-33.wav	13	2.8525	3.0525
sub-06	8	33	mih	sub-06_run-08_trial-33.wav	14	3.0525	3.2725
sub-06	8	33	mih	sub-06_run-08_trial-33.wav	15	3.2725	3.4925
sub-06	8	33	mih	sub-06_run-08_trial-33.wav	16	3.4925	3.6925
sub-06	8	33	mih	sub-06_run-08_trial-33.wav	17	3.6925	3.8925
sub-06	8	33	mih	sub-06_run-08_trial-33.wav	18	3.8925	4.1525
sub-06	8	33	mih	sub-06_run-08_trial-33.wav	19	4.1525	4.4125
sub-06	8	34	thrilled	sub-06_run-08_trial-34.wav	1	0.2125	0.4925
sub-06	8	34	thrilled	sub-06_run-08_trial-34.wav	2	0.4925	0.6525
sub-06	8	34	thrilled	sub-06_run-08_trial-34.wav	3	0.6525	1.0325
sub-06	8	34	thrilled	sub-06_run-08_trial-34.wav	4	1.0325	1.1725
sub-06	8	34	thrilled	sub-06_run-08_trial-34.wav	5	1.1725	1.5725
sub-06	8	34	thrilled	sub-06_run-08_trial-34.wav	6	1.5725	1.7325
sub-06	8	34	thrilled	sub-06_run-08_trial-34.wav	7	1.7325	2.0925
sub-06	8	34	thrilled	sub-06_run-08_trial-34.wav	8	2.0925	2.2325
sub-06	8	34	thrilled	sub-06_run-08_trial-34.wav	9	2.3125	2.3725
sub-06	8	34	thrilled	sub-06_run-08_trial-34.wav	10	2.3725	2.6325
sub-06	8	34	thrilled	sub-06_run-08_trial-34.wav	11	2.6925	2.9125
sub-06	8	34	thrilled	sub-06_run-08_trial-34.wav	12	2.9125	3.1725
sub-06	8	34	thrilled	sub-06_run-08_trial-34.wav	13	3.1725	3.3325
sub-06	8	34	thrilled	sub-06_run-08_trial-34.wav	14	3.3325	3.4725
sub-06	8	34	thrilled	sub-06_run-08_trial-34.wav	15	3.4725	3.7325
sub-06	8	34	thrilled	sub-06_run-08_trial-34.wav	16	3.7325	3.8525
sub-06	8	34	thrilled	sub-06_run-08_trial-34.wav	17	3.9125	3.9925
sub-06	8	34	thrilled	sub-06_run-08_trial-34.wav	18	3.9925	4.1525
sub-06	8	34	thrilled	sub-06_run-08_trial-34.wav	19	4.1525	4.3525
sub-06	8	35	jur	sub-06_run-08_trial-35.wav	1	0.2925	0.5525
sub-06	8	35	jur	sub-06_run-08_trial-35.wav	2	0.6325	0.8925
sub-06	8	35	jur	sub-06_run-08_trial-35.wav	3	0.8925	1.1325
sub-06	8	35	jur	sub-06_run-08_trial-35.wav	4	1.2125	1.4525
sub-06	8	35	jur	sub-06_run-08_trial-35.wav	5	1.4525	1.6925
sub-06	8	35	jur	sub-06_run-08_trial-35.wav	6	1.7525	2.0325
sub-06	8	35	jur	sub-06_run-08_trial-35.wav	7	2.0925	2.3125
sub-06	8	35	jur	sub-06_run-08_trial-35.wav	8	2.3925	2.5925
sub-06	8	35	jur	sub-06_run-08_trial-35.wav	9	2.6925	2.8525
sub-06	8	35	jur	sub-06_run-08_trial-35.wav	10	2.8925	3.0725
sub-06	8	35	jur	sub-06_run-08_trial-35.wav	11	3.1325	3.3725
sub-06	8	35	jur	sub-06_run-08_trial-35.wav	12	3.4525	3.6125
sub-06	8	35	jur	sub-06_run-08_trial-35.wav	13	3.6925	3.8525
sub-06	8	35	jur	sub-06_run-08_trial-35.wav	14	3.8925	4.0725
sub-06	8	35	jur	sub-06_run-08_trial-35.wav	15	4.1525	4.3525
sub-06	8	36	per	sub-06_run-08_trial-36.wav	1	0.4925	0.6925
sub-06	8	36	per	sub-06_run-08_trial-36.wav	2	0.7525	0.9325
sub-06	8	36	per	sub-06_run-08_trial-36.wav	3	1.0125	1.1725
sub-06	8	36	per	sub-06_run-08_trial-36.wav	4	1.2525	1.3925
sub-06	8	36	per	sub-06_run-08_trial-36.wav	5	1.4525	1.5925
sub-06	8	36	per	sub-06_run-08_trial-36.wav	6	1.6725	1.7925
sub-06	8	36	per	sub-06_run-08_trial-36.wav	7	1.8725	2.0125
sub-06	8	36	per	sub-06_run-08_trial-36.wav	8	2.1125	2.2325
sub-06	8	36	per	sub-06_run-08_trial-36.wav	9	2.3125	2.4125
sub-06	8	36	per	sub-06_run-08_trial-36.wav	10	2.4725	2.6125
sub-06	8	36	per	sub-06_run-08_trial-36.wav	11	2.6925	2.8125
sub-06	8	36	per	sub-06_run-08_trial-36.wav	12	2.8125	2.9725
sub-06	8	36	per	sub-06_run-08_trial-36.wav	13	3.0725	3.1925
sub-06	8	36	per	sub-06_run-08_trial-36.wav	14	3.2525	3.4125
sub-06	8	36	per	sub-06_run-08_trial-36.wav	15	3.4125	3.5525
sub-06	8	36	per	sub-06_run-08_trial-36.wav	16	3.6325	3.7325
sub-06	8	36	per	sub-06_run-08_trial-36.wav	17	3.8125	3.9325
sub-06	8	36	per	sub-06_run-08_trial-36.wav	18	4.0125	4.0925
sub-06	8	36	per	sub-06_run-08_trial-36.wav	19	4.1925	4.2925
sub-06	8	36	per	sub-06_run-08_trial-36.wav	20	4.3525	4.4925
sub-06	8	37	per	sub-06_run-08_trial-37.wav	1	0.1525	0.3125
sub-06	8	37	per	sub-06_run-08_trial-37.wav	2	0.3725	0.5325
sub-06	8	37	per	sub-06_run-08_trial-37.wav	3	0.6125	0.6925
sub-06	8	37	per	sub-06_run-08_trial-37.wav	4	0.7525	0.8525
sub-06	8	37	per	sub-06_run-08_trial-37.wav	5	0.9325	1.0325
sub-06	8	37	per	sub-06_run-08_trial-37.wav	6	1.1125	1.2125
sub-06	8	37	per	sub-06_run-08_trial-37.wav	7	1.2925	1.3925
sub-06	8	37	per	sub-06_run-08_trial-37.wav	8	1.4925	1.5725
sub-06	8	37	per	sub-06_run-08_trial-37.wav	9	1.6525	1.7725
sub-06	8	37	per	sub-06_run-08_trial-37.wav	10	1.8525	1.9925
sub-06	8	37	per	sub-06_run-08_trial-37.wav	11	2.0525	2.1925
sub-06	8	37	per	sub-06_run-08_trial-37.wav	12	2.2725	2.3925
sub-06	8	37	per	sub-06_run-08_trial-37.wav	13	2.4725	2.5725
sub-06	8	37	per	sub-06_run-08_trial-37.wav	14	2.6525	2.7725
sub-06	8	37	per	sub-06_run-08_trial-37.wav	15	2.8525	2.9525
sub-06	8	37	per	sub-06_run-08_trial-37.wav	16	3.0325	3.1325
sub-06	8	37	per	sub-06_run-08_trial-37.wav	17	3.2125	3.3125
sub-06	8	37	per	sub-06_run-08_trial-37.wav	18	3.3925	3.4725
sub-06	8	37	per	sub-06_run-08_trial-37.wav	19	3.5525	3.6525
sub-06	8	37	per	sub-06_run-08_trial-37.wav	20	3.7525	3.8325
sub-06	8	37	per	sub-06_run-08_trial-37.wav	21	3.9125	4.0325
sub-06	8	37	per	sub-06_run-08_trial-37.wav	22	4.1125	4.2125
sub-06	8	37	per	sub-06_run-08_trial-37.wav	23	4.2725	4.3725
sub-06	8	38	ther	sub-06_run-08_trial-38.wav	1	0.2325	0.4925
sub-06	8	38	ther	sub-06_run-08_trial-38.wav	2	0.4925	0.7725
sub-06	8	38	ther	sub-06_run-08_trial-38.wav	3	0.7725	1.0525
sub-06	8	38	ther	sub-06_run-08_trial-38.wav	4	1.1125	1.3125
sub-06	8	38	ther	sub-06_run-08_trial-38.wav	5	1.4125	1.6325
sub-06	8	38	ther	sub-06_run-08_trial-38.wav	6	1.6925	1.9325
sub-06	8	38	ther	sub-06_run-08_trial-38.wav	7	1.9325	2.2525
sub-06	8	38	ther	sub-06_run-08_trial-38.wav	8	2.2525	2.6125
sub-06	8	38	ther	sub-06_run-08_trial-38.wav	9	2.6725	2.8925
sub-06	8	38	ther	sub-06_run-08_trial-38.wav	10	2.9525	3.2525
sub-06	8	38	ther	sub-06_run-08_trial-38.wav	11	3.2525	3.4925
sub-06	8	38	ther	sub-06_run-08_trial-38.wav	12	3.4925	3.7725
sub-06	8	38	ther	sub-06_run-08_trial-38.wav	13	3.7725	4.1325
sub-06	8	38	ther	sub-06_run-08_trial-38.wav	14	4.1325	4.4925
sub-06	8	39	throne	sub-06_run-08_trial-39.wav	1	0.5525	0.9525
sub-06	8	39	throne	sub-06_run-08_trial-39.wav	2	0.9525	1.3325
sub-06	8	39	throne	sub-06_run-08_trial-39.wav	3	1.3325	1.6925
sub-06	8	39	throne	sub-06_run-08_trial-39.wav	4	1.7525	2.1125
sub-06	8	39	throne	sub-06_run-08_trial-39.wav	5	2.1125	2.5325
sub-06	8	39	throne	sub-06_run-08_trial-39.wav	6	2.5325	2.8525
sub-06	8	39	throne	sub-06_run-08_trial-39.wav	7	2.8525	2.9925
sub-06	8	39	throne	sub-06_run-08_trial-39.wav	8	2.9925	3.4725
sub-06	8	39	throne	sub-06_run-08_trial-39.wav	9	3.4725	3.9525
sub-06	8	39	throne	sub-06_run-08_trial-39.wav	10	3.9525	4.3725
sub-06	8	40	thought	sub-06_run-08_trial-40.wav	1	0.4325	0.8125
sub-06	8	40	thought	sub-06_run-08_trial-40.wav	2	0.8925	1.3325
sub-06	8	40	thought	sub-06_run-08_trial-40.wav	3	1.3325	1.7725
sub-06	8	40	thought	sub-06_run-08_trial-40.wav	4	1.8525	2.2525
sub-06	8	40	thought	sub-06_run-08_trial-40.wav	5	2.2925	2.6525
sub-06	8	40	thought	sub-06_run-08_trial-40.wav	6	2.6525	3.1325
sub-06	8	40	thought	sub-06_run-08_trial-40.wav	7	3.1325	4.6125
sub-06	8	41	through	sub-06_run-08_trial-41.wav	1	0.3325	0.4525
sub-06	8	41	through	sub-06_run-08_trial-41.wav	2	0.4525	0.7125
sub-06	8	41	through	sub-06_run-08_trial-41.wav	3	0.7125	1.0925
sub-06	8	41	through	sub-06_run-08_trial-41.wav	4	1.0925	1.4925
sub-06	8	41	through	sub-06_run-08_trial-41.wav	5	1.4925	1.9325
sub-06	8	41	through	sub-06_run-08_trial-41.wav	6	1.9325	2.3125
sub-06	8	41	through	sub-06_run-08_trial-41.wav	7	2.3125	2.7125
sub-06	8	41	through	sub-06_run-08_trial-41.wav	8	2.7125	2.8925
sub-06	8	41	through	sub-06_run-08_trial-41.wav	9	2.8925	3.1325
sub-06	8	41	through	sub-06_run-08_trial-41.wav	10	3.1325	3.5325
sub-06	8	41	through	sub-06_run-08_trial-41.wav	11	3.5325	4.4325
sub-06	8	42	ti	sub-06_run-08_trial-42.wav	1	0.5525	0.6925
sub-06	8	42	ti	sub-06_run-08_trial-42.wav	2	0.6925	0.8325
sub-06	8	42	ti	sub-06_run-08_trial-42.wav	3	0.8925	1.0125
sub-06	8	42	ti	sub-06_run-08_trial-42.wav	4	1.0725	1.2925
sub-06	8	42	ti	sub-06_run-08_trial-42.wav	5	1.2925	1.4725
sub-06	8	42	ti	sub-06_run-08_trial-42.wav	6	1.5325	1.6925
sub-06	8	42	ti	sub-06_run-08_trial-42.wav	7	1.6925	1.8125
sub-06	8	42	ti	sub-06_run-08_trial-42.wav	8	1.8725	1.9925
sub-06	8	42	ti	sub-06_run-08_trial-42.wav	9	2.0525	2.1925
sub-06	8	42	ti	sub-06_run-08_trial-42.wav	10	2.2725	2.3725
sub-06	8	42	ti	sub-06_run-08_trial-42.wav	11	2.4525	2.5525
sub-06	8	42	ti	sub-06_run-08_trial-42.wav	12	2.6125	2.7125
sub-06	8	42	ti	sub-06_run-08_trial-42.wav	13	2.7725	2.8925
sub-06	8	42	ti	sub-06_run-08_trial-42.wav	14	2.9525	3.1125
sub-06	8	42	ti	sub-06_run-08_trial-42.wav	15	3.1725	3.3125
sub-06	8	42	ti	sub-06_run-08_trial-42.wav	16	3.3725	3.5525
sub-06	8	42	ti	sub-06_run-08_trial-42.wav	17	3.5925	3.7125
sub-06	8	42	ti	sub-06_run-08_trial-42.wav	18	3.7725	3.8925
sub-06	8	42	ti	sub-06_run-08_trial-42.wav	19	3.8925	4.0525
sub-06	8	42	ti	sub-06_run-08_trial-42.wav	20	4.0925	4.2325
sub-06	8	42	ti	sub-06_run-08_trial-42.wav	21	4.2725	4.4125
sub-06	8	42	ti	sub-06_run-08_trial-42.wav	22	4.4125	4.6125
