subject	run	trial	syllable	wav_file	syllable_number	onset_sec	offset_sec
sub-01	1	1	day	behav_sub-01_run-01_trial-01.wav	1	0.2725	0.4125
sub-01	1	1	day	behav_sub-01_run-01_trial-01.wav	2	0.4125	0.6125
sub-01	1	1	day	behav_sub-01_run-01_trial-01.wav	3	0.6125	0.7325
sub-01	1	1	day	behav_sub-01_run-01_trial-01.wav	4	0.7325	0.8925
sub-01	1	1	day	behav_sub-01_run-01_trial-01.wav	5	0.8925	1.0325
sub-01	1	1	day	behav_sub-01_run-01_trial-01.wav	6	1.0325	1.1725
sub-01	1	1	day	behav_sub-01_run-01_trial-01.wav	7	1.1725	1.3325
sub-01	1	1	day	behav_sub-01_run-01_trial-01.wav	8	1.3325	1.4925
sub-01	1	1	day	behav_sub-01_run-01_trial-01.wav	9	1.4925	1.6525
sub-01	1	1	day	behav_sub-01_run-01_trial-01.wav	10	1.6525	1.7725
sub-01	1	1	day	behav_sub-01_run-01_trial-01.wav	11	1.7725	1.9325
sub-01	1	1	day	behav_sub-01_run-01_trial-01.wav	12	1.9325	2.0925
sub-01	1	1	day	behav_sub-01_run-01_trial-01.wav	13	2.0925	2.2525
sub-01	1	1	day	behav_sub-01_run-01_trial-01.wav	14	2.2525	2.4125
sub-01	1	1	day	behav_sub-01_run-01_trial-01.wav	15	2.4125	2.5725
sub-01	1	1	day	behav_sub-01_run-01_trial-01.wav	16	2.5725	2.7125
sub-01	1	1	day	behav_sub-01_run-01_trial-01.wav	17	2.7525	2.8925
sub-01	1	1	day	behav_sub-01_run-01_trial-01.wav	18	2.8925	3.0525
sub-01	1	1	day	behav_sub-01_run-01_trial-01.wav	19	3.0525	3.2125
sub-01	1	1	day	behav_sub-01_run-01_trial-01.wav	20	3.2125	3.3725
sub-01	1	1	day	behav_sub-01_run-01_trial-01.wav	21	3.3725	3.5725
sub-01	1	1	day	behav_sub-01_run-01_trial-01.wav	22	3.5725	3.7325
sub-01	1	1	day	behav_sub-01_run-01_trial-01.wav	23	3.7325	3.8525
sub-01	1	1	day	behav_sub-01_run-01_trial-01.wav	24	3.8525	3.9725
sub-01	1	2	ter	behav_sub-01_run-01_trial-02.wav	1	0.5925	0.7325
sub-01	1	2	ter	behav_sub-01_run-01_trial-02.wav	2	0.7325	0.8925
sub-01	1	2	ter	behav_sub-01_run-01_trial-02.wav	3	0.8925	1.0525
sub-01	1	2	ter	behav_sub-01_run-01_trial-02.wav	4	1.0525	1.2125
sub-01	1	2	ter	behav_sub-01_run-01_trial-02.wav	5	1.2125	1.3525
sub-01	1	2	ter	behav_sub-01_run-01_trial-02.wav	6	1.3925	1.5325
sub-01	1	2	ter	behav_sub-01_run-01_trial-02.wav	7	1.5925	1.6925
sub-01	1	2	ter	behav_sub-01_run-01_trial-02.wav	8	1.6925	1.8525
sub-01	1	2	ter	behav_sub-01_run-01_trial-02.wav	9	1.8925	2.0525
sub-01	1	2	ter	behav_sub-01_run-01_trial-02.wav	10	2.0525	2.2125
sub-01	1	2	ter	behav_sub-01_run-01_trial-02.wav	11	2.2125	2.3525
sub-01	1	2	ter	behav_sub-01_run-01_trial-02.wav	12	2.4325	2.4925
sub-01	1	2	ter	behav_sub-01_run-01_trial-02.wav	13	2.5725	2.6925
sub-01	1	2	ter	behav_sub-01_run-01_trial-02.wav	14	2.7525	2.8525
sub-01	1	2	ter	behav_sub-01_run-01_trial-02.wav	15	2.8525	3.0325
sub-01	1	2	ter	behav_sub-01_run-01_trial-02.wav	16	3.0925	3.1925
sub-01	1	2	ter	behav_sub-01_run-01_trial-02.wav	17	3.2525	3.3525
sub-01	1	2	ter	behav_sub-01_run-01_trial-02.wav	18	3.4325	3.5325
sub-01	1	2	ter	behav_sub-01_run-01_trial-02.wav	19	3.5925	3.6925
sub-01	1	2	ter	behav_sub-01_run-01_trial-02.wav	20	3.7525	3.8725
sub-01	1	2	ter	behav_sub-01_run-01_trial-02.wav	21	3.9325	4.0525
sub-01	1	2	ter	behav_sub-01_run-01_trial-02.wav	22	4.1125	4.2525
sub-01	1	2	ter	behav_sub-01_run-01_trial-02.wav	23	4.2525	4.4125
sub-01	1	3	naw	behav_sub-01_run-01_trial-03.wav	1	0.4925	0.6525
sub-01	1	3	naw	behav_sub-01_run-01_trial-03.wav	2	0.6525	0.7925
sub-01	1	3	naw	behav_sub-01_run-01_trial-03.wav	3	0.7925	0.9525
sub-01	1	3	naw	behav_sub-01_run-01_trial-03.wav	4	0.9525	1.1325
sub-01	1	3	naw	behav_sub-01_run-01_trial-03.wav	5	1.1325	1.2925
sub-01	1	3	naw	behav_sub-01_run-01_trial-03.wav	6	1.2925	1.4525
sub-01	1	3	naw	behav_sub-01_run-01_trial-03.wav	7	1.4525	1.6325
sub-01	1	3	naw	behav_sub-01_run-01_trial-03.wav	8	1.6325	1.8125
sub-01	1	3	naw	behav_sub-01_run-01_trial-03.wav	9	1.8125	1.9925
sub-01	1	3	naw	behav_sub-01_run-01_trial-03.wav	10	1.9925	2.1725
sub-01	1	3	naw	behav_sub-01_run-01_trial-03.wav	11	2.1725	2.3725
sub-01	1	3	naw	behav_sub-01_run-01_trial-03.wav	12	2.3725	2.5525
sub-01	1	3	naw	behav_sub-01_run-01_trial-03.wav	13	2.5525	2.7525
sub-01	1	3	naw	behav_sub-01_run-01_trial-03.wav	14	2.7525	2.9325
sub-01	1	3	naw	behav_sub-01_run-01_trial-03.wav	15	2.9325	3.0925
sub-01	1	3	naw	behav_sub-01_run-01_trial-03.wav	16	3.0925	3.2925
sub-01	1	3	naw	behav_sub-01_run-01_trial-03.wav	17	3.2925	3.4725
sub-01	1	3	naw	behav_sub-01_run-01_trial-03.wav	18	3.4725	3.6525
sub-01	1	3	naw	behav_sub-01_run-01_trial-03.wav	19	3.6525	3.8325
sub-01	1	3	naw	behav_sub-01_run-01_trial-03.wav	20	3.8325	4.0125
sub-01	1	3	naw	behav_sub-01_run-01_trial-03.wav	21	4.0125	4.1725
sub-01	1	3	naw	behav_sub-01_run-01_trial-03.wav	22	4.1725	4.3525
sub-01	1	4	fee	behav_sub-01_run-01_trial-04.wav	1	0.2125	0.2925
sub-01	1	4	fee	behav_sub-01_run-01_trial-04.wav	2	0.3325	0.4525
sub-01	1	4	fee	behav_sub-01_run-01_trial-04.wav	3	0.4525	0.6325
sub-01	1	4	fee	behav_sub-01_run-01_trial-04.wav	4	0.6925	0.8325
sub-01	1	4	fee	behav_sub-01_run-01_trial-04.wav	5	0.8725	1.0125
sub-01	1	4	fee	behav_sub-01_run-01_trial-04.wav	6	1.0125	1.1525
sub-01	1	4	fee	behav_sub-01_run-01_trial-04.wav	7	1.2125	1.3525
sub-01	1	4	fee	behav_sub-01_run-01_trial-04.wav	8	1.4125	1.5325
sub-01	1	4	fee	behav_sub-01_run-01_trial-04.wav	9	1.5325	1.6925
sub-01	1	4	fee	behav_sub-01_run-01_trial-04.wav	10	1.7525	1.8925
sub-01	1	4	fee	behav_sub-01_run-01_trial-04.wav	11	1.8925	2.0325
sub-01	1	4	fee	behav_sub-01_run-01_trial-04.wav	12	2.0925	2.2325
sub-01	1	4	fee	behav_sub-01_run-01_trial-04.wav	13	2.2925	2.4125
sub-01	1	4	fee	behav_sub-01_run-01_trial-04.wav	14	2.4725	2.6125
sub-01	1	4	fee	behav_sub-01_run-01_trial-04.wav	15	2.6125	2.7925
sub-01	1	4	fee	behav_sub-01_run-01_trial-04.wav	16	2.8525	2.9725
sub-01	1	4	fee	behav_sub-01_run-01_trial-04.wav	17	2.9725	3.1325
sub-01	1	4	fee	behav_sub-01_run-01_trial-04.wav	18	3.1925	3.3325
sub-01	1	4	fee	behav_sub-01_run-01_trial-04.wav	19	3.3325	3.4925
sub-01	1	4	fee	behav_sub-01_run-01_trial-04.wav	20	3.5525	3.6725
sub-01	1	4	fee	behav_sub-01_run-01_trial-04.wav	21	3.7325	3.8925
sub-01	1	4	fee	behav_sub-01_run-01_trial-04.wav	22	3.9325	4.0725
sub-01	1	5	mih	behav_sub-01_run-01_trial-05.wav	1	0.6125	0.7925
sub-01	1	5	mih	behav_sub-01_run-01_trial-05.wav	2	0.7925	0.9725
sub-01	1	5	mih	behav_sub-01_run-01_trial-05.wav	3	0.9725	1.1325
sub-01	1	5	mih	behav_sub-01_run-01_trial-05.wav	4	1.1325	1.2925
sub-01	1	5	mih	behav_sub-01_run-01_trial-05.wav	5	1.2925	1.4525
sub-01	1	5	mih	behav_sub-01_run-01_trial-05.wav	6	1.4525	1.6125
sub-01	1	5	mih	behav_sub-01_run-01_trial-05.wav	7	1.6125	1.7925
sub-01	1	5	mih	behav_sub-01_run-01_trial-05.wav	8	1.7925	1.9525
sub-01	1	5	mih	behav_sub-01_run-01_trial-05.wav	9	1.9525	2.1125
sub-01	1	5	mih	behav_sub-01_run-01_trial-05.wav	10	2.1125	2.2925
sub-01	1	5	mih	behav_sub-01_run-01_trial-05.wav	11	2.2925	2.4525
sub-01	1	5	mih	behav_sub-01_run-01_trial-05.wav	12	2.4525	2.6325
sub-01	1	5	mih	behav_sub-01_run-01_trial-05.wav	13	2.6325	2.7925
sub-01	1	5	mih	behav_sub-01_run-01_trial-05.wav	14	2.7925	2.9725
sub-01	1	5	mih	behav_sub-01_run-01_trial-05.wav	15	2.9725	3.1325
sub-01	1	5	mih	behav_sub-01_run-01_trial-05.wav	16	3.1325	3.2925
sub-01	1	5	mih	behav_sub-01_run-01_trial-05.wav	17	3.2925	3.4725
sub-01	1	5	mih	behav_sub-01_run-01_trial-05.wav	18	3.4725	3.6525
sub-01	1	5	mih	behav_sub-01_run-01_trial-05.wav	19	3.6525	3.8125
sub-01	1	5	mih	behav_sub-01_run-01_trial-05.wav	20	3.8125	3.9725
sub-01	1	5	mih	behav_sub-01_run-01_trial-05.wav	21	3.9725	4.1525
sub-01	1	5	mih	behav_sub-01_run-01_trial-05.wav	22	4.1525	4.2925
sub-01	1	6	pie	behav_sub-01_run-01_trial-06.wav	1	0.5125	0.6125
sub-01	1	6	pie	behav_sub-01_run-01_trial-06.wav	2	0.6725	0.8125
sub-01	1	6	pie	behav_sub-01_run-01_trial-06.wav	3	0.8125	0.9725
sub-01	1	6	pie	behav_sub-01_run-01_trial-06.wav	4	0.9725	1.1325
sub-01	1	6	pie	behav_sub-01_run-01_trial-06.wav	5	1.1325	1.2725
sub-01	1	6	pie	behav_sub-01_run-01_trial-06.wav	6	1.3325	1.4525
sub-01	1	6	pie	behav_sub-01_run-01_trial-06.wav	7	1.4925	1.6125
sub-01	1	6	pie	behav_sub-01_run-01_trial-06.wav	8	1.6525	1.7525
sub-01	1	6	pie	behav_sub-01_run-01_trial-06.wav	9	1.8125	1.9125
sub-01	1	6	pie	behav_sub-01_run-01_trial-06.wav	10	1.9925	2.1125
sub-01	1	6	pie	behav_sub-01_run-01_trial-06.wav	11	2.1725	2.2725
sub-01	1	6	pie	behav_sub-01_run-01_trial-06.wav	12	2.3325	2.4525
sub-01	1	6	pie	behav_sub-01_run-01_trial-06.wav	13	2.5125	2.6325
sub-01	1	6	pie	behav_sub-01_run-01_trial-06.wav	14	2.6925	2.8125
sub-01	1	6	pie	behav_sub-01_run-01_trial-06.wav	15	2.8725	2.9925
sub-01	1	6	pie	behav_sub-01_run-01_trial-06.wav	16	3.0525	3.1725
sub-01	1	6	pie	behav_sub-01_run-01_trial-06.wav	17	3.2325	3.3525
sub-01	1	6	pie	behav_sub-01_run-01_trial-06.wav	18	3.4325	3.5525
sub-01	1	6	pie	behav_sub-01_run-01_trial-06.wav	19	3.6525	3.7325
sub-01	1	6	pie	behav_sub-01_run-01_trial-06.wav	20	3.8125	3.9125
sub-01	1	6	pie	behav_sub-01_run-01_trial-06.wav	21	3.9725	4.0925
sub-01	1	6	pie	behav_sub-01_run-01_trial-06.wav	22	4.0925	4.2725
sub-01	1	6	pie	behav_sub-01_run-01_trial-06.wav	23	4.3325	4.4125
sub-01	1	7	thought	behav_sub-01_run-01_trial-07.wav	1	0.2525	0.3925
sub-01	1	7	thought	behav_sub-01_run-01_trial-07.wav	2	0.4725	0.5925
sub-01	1	7	thought	behav_sub-01_run-01_trial-07.wav	3	0.6725	0.7925
sub-01	1	7	thought	behav_sub-01_run-01_trial-07.wav	4	0.8725	1.0125
sub-01	1	7	thought	behav_sub-01_run-01_trial-07.wav	5	1.0925	1.2325
sub-01	1	7	thought	behav_sub-01_run-01_trial-07.wav	6	1.2925	1.4525
sub-01	1	7	thought	behav_sub-01_run-01_trial-07.wav	7	1.5325	1.6925
sub-01	1	7	thought	behav_sub-01_run-01_trial-07.wav	8	1.7725	1.9125
sub-01	1	7	thought	behav_sub-01_run-01_trial-07.wav	9	1.9925	2.1525
sub-01	1	7	thought	behav_sub-01_run-01_trial-07.wav	10	2.2325	2.4125
sub-01	1	7	thought	behav_sub-01_run-01_trial-07.wav	11	2.4725	2.6325
sub-01	1	7	thought	behav_sub-01_run-01_trial-07.wav	12	2.7125	2.8525
sub-01	1	7	thought	behav_sub-01_run-01_trial-07.wav	13	2.9325	3.2925
sub-01	1	7	thought	behav_sub-01_run-01_trial-07.wav	14	3.4125	3.5525
sub-01	1	7	thought	behav_sub-01_run-01_trial-07.wav	15	3.6125	3.7325
sub-01	1	7	thought	behav_sub-01_run-01_trial-07.wav	16	3.8325	3.9525
sub-01	1	7	thought	behav_sub-01_run-01_trial-07.wav	17	4.0325	4.3525
sub-01	1	8	per	behav_sub-01_run-01_trial-08.wav	1	0.4725	0.5525
sub-01	1	8	per	behav_sub-01_run-01_trial-08.wav	2	0.6325	0.7325
sub-01	1	8	per	behav_sub-01_run-01_trial-08.wav	3	0.7925	0.8925
sub-01	1	8	per	behav_sub-01_run-01_trial-08.wav	4	0.9525	1.0525
sub-01	1	8	per	behav_sub-01_run-01_trial-08.wav	5	1.1125	1.2125
sub-01	1	8	per	behav_sub-01_run-01_trial-08.wav	6	1.2725	1.3725
sub-01	1	8	per	behav_sub-01_run-01_trial-08.wav	7	1.4525	1.5525
sub-01	1	8	per	behav_sub-01_run-01_trial-08.wav	8	1.6125	1.7325
sub-01	1	8	per	behav_sub-01_run-01_trial-08.wav	9	1.7925	1.8925
sub-01	1	8	per	behav_sub-01_run-01_trial-08.wav	10	1.9525	2.0725
sub-01	1	8	per	behav_sub-01_run-01_trial-08.wav	11	2.1525	2.2525
sub-01	1	8	per	behav_sub-01_run-01_trial-08.wav	12	2.3125	2.3925
sub-01	1	8	per	behav_sub-01_run-01_trial-08.wav	13	2.4725	2.5725
sub-01	1	8	per	behav_sub-01_run-01_trial-08.wav	14	2.6325	2.7325
sub-01	1	8	per	behav_sub-01_run-01_trial-08.wav	15	2.8125	2.8925
sub-01	1	8	per	behav_sub-01_run-01_trial-08.wav	16	2.9725	3.0925
sub-01	1	8	per	behav_sub-01_run-01_trial-08.wav	17	3.1725	3.2525
sub-01	1	8	per	behav_sub-01_run-01_trial-08.wav	18	3.3525	3.4525
sub-01	1	8	per	behav_sub-01_run-01_trial-08.wav	19	3.5325	3.6325
sub-01	1	8	per	behav_sub-01_run-01_trial-08.wav	20	3.7125	3.8125
sub-01	1	8	per	behav_sub-01_run-01_trial-08.wav	21	3.8925	4.0125
sub-01	1	8	per	behav_sub-01_run-01_trial-08.wav	22	4.0725	4.1925
sub-01	1	8	per	behav_sub-01_run-01_trial-08.wav	23	4.2525	4.3525
sub-01	1	9	thought	behav_sub-01_run-01_trial-09.wav	1	0.6325	0.7725
sub-01	1	9	thought	behav_sub-01_run-01_trial-09.wav	2	0.7725	0.9325
sub-01	1	9	thought	behav_sub-01_run-01_trial-09.wav	3	0.9925	1.1125
sub-01	1	9	thought	behav_sub-01_run-01_trial-09.wav	4	1.1925	1.3125
sub-01	1	9	thought	behav_sub-01_run-01_trial-09.wav	5	1.3725	1.4925
sub-01	1	9	thought	behav_sub-01_run-01_trial-09.wav	6	1.5525	1.6925
sub-01	1	9	thought	behav_sub-01_run-01_trial-09.wav	7	1.7525	1.8525
sub-01	1	9	thought	behav_sub-01_run-01_trial-09.wav	8	1.9325	2.0525
sub-01	1	9	thought	behav_sub-01_run-01_trial-09.wav	9	2.1325	2.2725
sub-01	1	9	thought	behav_sub-01_run-01_trial-09.wav	10	2.3525	2.4525
sub-01	1	9	thought	behav_sub-01_run-01_trial-09.wav	11	2.5325	2.6525
sub-01	1	9	thought	behav_sub-01_run-01_trial-09.wav	12	2.7325	2.8725
sub-01	1	9	thought	behav_sub-01_run-01_trial-09.wav	13	2.9325	3.0325
sub-01	1	9	thought	behav_sub-01_run-01_trial-09.wav	14	3.1125	3.2325
sub-01	1	9	thought	behav_sub-01_run-01_trial-09.wav	15	3.3125	3.4525
sub-01	1	9	thought	behav_sub-01_run-01_trial-09.wav	16	3.5325	3.6325
sub-01	1	9	thought	behav_sub-01_run-01_trial-09.wav	17	3.7125	3.8325
sub-01	1	9	thought	behav_sub-01_run-01_trial-09.wav	18	3.8925	4.0325
sub-01	1	9	thought	behav_sub-01_run-01_trial-09.wav	19	4.1325	4.2325
sub-01	1	9	thought	behav_sub-01_run-01_trial-09.wav	20	4.3125	4.4525
sub-01	1	10	thurs	behav_sub-01_run-01_trial-10.wav	1	0.2125	0.3125
sub-01	1	10	thurs	behav_sub-01_run-01_trial-10.wav	2	0.3525	0.4725
sub-01	1	10	thurs	behav_sub-01_run-01_trial-10.wav	3	0.4725	0.6925
sub-01	1	10	thurs	behav_sub-01_run-01_trial-10.wav	4	0.6925	0.8925
sub-01	1	10	thurs	behav_sub-01_run-01_trial-10.wav	5	0.8925	1.0925
sub-01	1	10	thurs	behav_sub-01_run-01_trial-10.wav	6	1.0925	1.3125
sub-01	1	10	thurs	behav_sub-01_run-01_trial-10.wav	7	1.3125	1.4125
sub-01	1	10	thurs	behav_sub-01_run-01_trial-10.wav	8	1.4125	1.5325
sub-01	1	10	thurs	behav_sub-01_run-01_trial-10.wav	9	1.5325	1.7325
sub-01	1	10	thurs	behav_sub-01_run-01_trial-10.wav	10	1.7325	1.9725
sub-01	1	10	thurs	behav_sub-01_run-01_trial-10.wav	11	1.9725	2.1725
sub-01	1	10	thurs	behav_sub-01_run-01_trial-10.wav	12	2.1725	2.4125
sub-01	1	10	thurs	behav_sub-01_run-01_trial-10.wav	13	2.4125	2.6525
sub-01	1	10	thurs	behav_sub-01_run-01_trial-10.wav	14	2.6525	2.8525
sub-01	1	10	thurs	behav_sub-01_run-01_trial-10.wav	15	2.8525	3.1325
sub-01	1	10	thurs	behav_sub-01_run-01_trial-10.wav	16	3.1325	3.3325
sub-01	1	10	thurs	behav_sub-01_run-01_trial-10.wav	17	3.3325	3.5925
sub-01	1	10	thurs	behav_sub-01_run-01_trial-10.wav	18	3.5925	3.8125
sub-01	1	10	thurs	behav_sub-01_run-01_trial-10.wav	19	3.8125	4.2125
sub-01	1	11	mih	behav_sub-01_run-01_trial-11.wav	1	0.4125	0.5925
sub-01	1	11	mih	behav_sub-01_run-01_trial-11.wav	2	0.5925	0.7725
sub-01	1	11	mih	behav_sub-01_run-01_trial-11.wav	3	0.7725	0.9525
sub-01	1	11	mih	behav_sub-01_run-01_trial-11.wav	4	0.9525	1.1125
sub-01	1	11	mih	behav_sub-01_run-01_trial-11.wav	5	1.1125	1.2725
sub-01	1	11	mih	behav_sub-01_run-01_trial-11.wav	6	1.2725	1.4125
sub-01	1	11	mih	behav_sub-01_run-01_trial-11.wav	7	1.4125	1.5525
sub-01	1	11	mih	behav_sub-01_run-01_trial-11.wav	8	1.5525	1.7125
sub-01	1	11	mih	behav_sub-01_run-01_trial-11.wav	9	1.7125	1.8525
sub-01	1	11	mih	behav_sub-01_run-01_trial-11.wav	10	1.8525	2.0125
sub-01	1	11	mih	behav_sub-01_run-01_trial-11.wav	11	2.0125	2.1525
sub-01	1	11	mih	behav_sub-01_run-01_trial-11.wav	12	2.1525	2.3125
sub-01	1	11	mih	behav_sub-01_run-01_trial-11.wav	13	2.3125	2.4725
sub-01	1	11	mih	behav_sub-01_run-01_trial-11.wav	14	2.4725	2.5925
sub-01	1	11	mih	behav_sub-01_run-01_trial-11.wav	15	2.5925	2.7325
sub-01	1	11	mih	behav_sub-01_run-01_trial-11.wav	16	2.7325	2.8925
sub-01	1	11	mih	behav_sub-01_run-01_trial-11.wav	17	2.8925	3.0325
sub-01	1	11	mih	behav_sub-01_run-01_trial-11.wav	18	3.0325	3.1925
sub-01	1	11	mih	behav_sub-01_run-01_trial-11.wav	19	3.1925	3.3325
sub-01	1	11	mih	behav_sub-01_run-01_trial-11.wav	20	3.3325	3.5125
sub-01	1	11	mih	behav_sub-01_run-01_trial-11.wav	21	3.5125	3.6525
sub-01	1	11	mih	behav_sub-01_run-01_trial-11.wav	22	3.6525	3.8125
sub-01	1	11	mih	behav_sub-01_run-01_trial-11.wav	23	3.8125	3.9725
sub-01	1	11	mih	behav_sub-01_run-01_trial-11.wav	24	3.9725	4.1325
sub-01	1	11	mih	behav_sub-01_run-01_trial-11.wav	25	4.1325	4.2925
sub-01	1	11	mih	behav_sub-01_run-01_trial-11.wav	26	4.2925	4.3925
sub-01	1	12	per	behav_sub-01_run-01_trial-12.wav	1	0.3925	0.4725
sub-01	1	12	per	behav_sub-01_run-01_trial-12.wav	2	0.5325	0.6525
sub-01	1	12	per	behav_sub-01_run-01_trial-12.wav	3	0.6525	0.7925
sub-01	1	12	per	behav_sub-01_run-01_trial-12.wav	4	0.8525	0.9725
sub-01	1	12	per	behav_sub-01_run-01_trial-12.wav	5	0.9725	1.1125
sub-01	1	12	per	behav_sub-01_run-01_trial-12.wav	6	1.1925	1.2925
sub-01	1	12	per	behav_sub-01_run-01_trial-12.wav	7	1.3725	1.4725
sub-01	1	12	per	behav_sub-01_run-01_trial-12.wav	8	1.5125	1.6125
sub-01	1	12	per	behav_sub-01_run-01_trial-12.wav	9	1.6925	1.7925
sub-01	1	12	per	behav_sub-01_run-01_trial-12.wav	10	1.8525	1.9525
sub-01	1	12	per	behav_sub-01_run-01_trial-12.wav	11	2.0125	2.1325
sub-01	1	12	per	behav_sub-01_run-01_trial-12.wav	12	2.1925	2.2925
sub-01	1	12	per	behav_sub-01_run-01_trial-12.wav	13	2.3525	2.4525
sub-01	1	12	per	behav_sub-01_run-01_trial-12.wav	14	2.5325	2.6125
sub-01	1	12	per	behav_sub-01_run-01_trial-12.wav	15	2.6925	2.8125
sub-01	1	12	per	behav_sub-01_run-01_trial-12.wav	16	2.8925	2.9725
sub-01	1	12	per	behav_sub-01_run-01_trial-12.wav	17	3.0525	3.1525
sub-01	1	12	per	behav_sub-01_run-01_trial-12.wav	18	3.2325	3.3325
sub-01	1	12	per	behav_sub-01_run-01_trial-12.wav	19	3.3925	3.5125
sub-01	1	12	per	behav_sub-01_run-01_trial-12.wav	20	3.5725	3.6925
sub-01	1	12	per	behav_sub-01_run-01_trial-12.wav	21	3.7525	3.8525
sub-01	1	12	per	behav_sub-01_run-01_trial-12.wav	22	3.9325	4.0525
sub-01	1	12	per	behav_sub-01_run-01_trial-12.wav	23	4.1125	4.2325
sub-01	1	13	ser	behav_sub-01_run-01_trial-13.wav	1	0.3725	0.6125
sub-01	1	13	ser	behav_sub-01_run-01_trial-13.wav	2	0.6125	0.7925
sub-01	1	13	ser	behav_sub-01_run-01_trial-13.wav	3	0.7925	0.9925
sub-01	1	13	ser	behav_sub-01_run-01_trial-13.wav	4	0.9925	1.1725
sub-01	1	13	ser	behav_sub-01_run-01_trial-13.wav	5	1.1725	1.2525
sub-01	1	13	ser	behav_sub-01_run-01_trial-13.wav	6	1.2525	1.3725
sub-01	1	13	ser	behav_sub-01_run-01_trial-13.wav	7	1.3725	1.5725
sub-01	1	13	ser	behav_sub-01_run-01_trial-13.wav	8	1.5725	1.8125
sub-01	1	13	ser	behav_sub-01_run-01_trial-13.wav	9	1.8125	2.0125
sub-01	1	13	ser	behav_sub-01_run-01_trial-13.wav	10	2.0125	2.2525
sub-01	1	13	ser	behav_sub-01_run-01_trial-13.wav	11	2.2525	2.4725
sub-01	1	13	ser	behav_sub-01_run-01_trial-13.wav	12	2.4725	2.7325
sub-01	1	13	ser	behav_sub-01_run-01_trial-13.wav	13	2.7325	2.9725
sub-01	1	13	ser	behav_sub-01_run-01_trial-13.wav	14	2.9725	3.2125
sub-01	1	13	ser	behav_sub-01_run-01_trial-13.wav	15	3.2125	3.4925
sub-01	1	13	ser	behav_sub-01_run-01_trial-13.wav	16	3.4925	3.7125
sub-01	1	13	ser	behav_sub-01_run-01_trial-13.wav	17	3.7125	3.9525
sub-01	1	13	ser	behav_sub-01_run-01_trial-13.wav	18	3.9525	4.1925
sub-01	1	13	ser	behav_sub-01_run-01_trial-13.wav	19	4.1925	4.4325
sub-01	1	14	pot	behav_sub-01_run-01_trial-14.wav	1	0.2125	0.3125
sub-01	1	14	pot	behav_sub-01_run-01_trial-14.wav	2	0.3725	0.5325
sub-01	1	14	pot	behav_sub-01_run-01_trial-14.wav	3	0.6125	0.7325
sub-01	1	14	pot	behav_sub-01_run-01_trial-14.wav	4	0.8125	0.9725
sub-01	1	14	pot	behav_sub-01_run-01_trial-14.wav	5	0.9725	1.1325
sub-01	1	14	pot	behav_sub-01_run-01_trial-14.wav	6	1.1925	1.3125
sub-01	1	14	pot	behav_sub-01_run-01_trial-14.wav	7	1.3925	1.5325
sub-01	1	14	pot	behav_sub-01_run-01_trial-14.wav	8	1.5925	1.7725
sub-01	1	14	pot	behav_sub-01_run-01_trial-14.wav	9	1.8525	2.0725
sub-01	1	14	pot	behav_sub-01_run-01_trial-14.wav	10	2.1525	2.3325
sub-01	1	14	pot	behav_sub-01_run-01_trial-14.wav	11	2.4325	2.5925
sub-01	1	14	pot	behav_sub-01_run-01_trial-14.wav	12	2.6725	2.8525
sub-01	1	14	pot	behav_sub-01_run-01_trial-14.wav	13	2.9525	3.0725
sub-01	1	14	pot	behav_sub-01_run-01_trial-14.wav	14	3.1325	3.3125
sub-01	1	14	pot	behav_sub-01_run-01_trial-14.wav	15	3.4125	3.6125
sub-01	1	14	pot	behav_sub-01_run-01_trial-14.wav	16	3.7325	3.9325
sub-01	1	14	pot	behav_sub-01_run-01_trial-14.wav	17	4.0325	4.1725
sub-01	1	15	naw	behav_sub-01_run-01_trial-15.wav	1	0.3925	0.5725
sub-01	1	15	naw	behav_sub-01_run-01_trial-15.wav	2	0.5725	0.7125
sub-01	1	15	naw	behav_sub-01_run-01_trial-15.wav	3	0.7125	0.8925
sub-01	1	15	naw	behav_sub-01_run-01_trial-15.wav	4	0.8925	1.0525
sub-01	1	15	naw	behav_sub-01_run-01_trial-15.wav	5	1.0525	1.2325
sub-01	1	15	naw	behav_sub-01_run-01_trial-15.wav	6	1.2325	1.3925
sub-01	1	15	naw	behav_sub-01_run-01_trial-15.wav	7	1.3925	1.5725
sub-01	1	15	naw	behav_sub-01_run-01_trial-15.wav	8	1.5725	1.7525
sub-01	1	15	naw	behav_sub-01_run-01_trial-15.wav	9	1.7525	1.9325
sub-01	1	15	naw	behav_sub-01_run-01_trial-15.wav	10	1.9325	2.0925
sub-01	1	15	naw	behav_sub-01_run-01_trial-15.wav	11	2.0925	2.2725
sub-01	1	15	naw	behav_sub-01_run-01_trial-15.wav	12	2.2725	2.4525
sub-01	1	15	naw	behav_sub-01_run-01_trial-15.wav	13	2.4525	2.6325
sub-01	1	15	naw	behav_sub-01_run-01_trial-15.wav	14	2.6325	2.8325
sub-01	1	15	naw	behav_sub-01_run-01_trial-15.wav	15	2.8325	3.0125
sub-01	1	15	naw	behav_sub-01_run-01_trial-15.wav	16	3.0125	3.1925
sub-01	1	15	naw	behav_sub-01_run-01_trial-15.wav	17	3.1925	3.3525
sub-01	1	15	naw	behav_sub-01_run-01_trial-15.wav	18	3.3525	3.5325
sub-01	1	15	naw	behav_sub-01_run-01_trial-15.wav	19	3.5325	3.7325
sub-01	1	15	naw	behav_sub-01_run-01_trial-15.wav	20	3.7325	3.9325
sub-01	1	15	naw	behav_sub-01_run-01_trial-15.wav	21	3.9325	4.0925
sub-01	1	15	naw	behav_sub-01_run-01_trial-15.wav	22	4.0925	4.2925
sub-01	1	15	naw	behav_sub-01_run-01_trial-15.wav	23	4.2925	4.3925
sub-01	1	17	per	behav_sub-01_run-01_trial-17.wav	1	0.3525	0.4325
sub-01	1	17	per	behav_sub-01_run-01_trial-17.wav	2	0.4725	0.5925
sub-01	1	17	per	behav_sub-01_run-01_trial-17.wav	3	0.6325	0.7525
sub-01	1	17	per	behav_sub-01_run-01_trial-17.wav	4	0.7925	0.9125
sub-01	1	17	per	behav_sub-01_run-01_trial-17.wav	5	0.9525	1.0725
sub-01	1	17	per	behav_sub-01_run-01_trial-17.wav	6	1.1325	1.2325
sub-01	1	17	per	behav_sub-01_run-01_trial-17.wav	7	1.3125	1.4125
sub-01	1	17	per	behav_sub-01_run-01_trial-17.wav	8	1.4725	1.5925
sub-01	1	17	per	behav_sub-01_run-01_trial-17.wav	9	1.6725	1.7725
sub-01	1	17	per	behav_sub-01_run-01_trial-17.wav	10	1.8325	1.9325
sub-01	1	17	per	behav_sub-01_run-01_trial-17.wav	11	1.9925	2.0925
sub-01	1	17	per	behav_sub-01_run-01_trial-17.wav	12	2.1725	2.2725
sub-01	1	17	per	behav_sub-01_run-01_trial-17.wav	13	2.3325	2.4525
sub-01	1	17	per	behav_sub-01_run-01_trial-17.wav	14	2.5325	2.6325
sub-01	1	17	per	behav_sub-01_run-01_trial-17.wav	15	2.7125	2.7925
sub-01	1	17	per	behav_sub-01_run-01_trial-17.wav	16	2.8525	2.9725
sub-01	1	17	per	behav_sub-01_run-01_trial-17.wav	17	3.0325	3.1525
sub-01	1	17	per	behav_sub-01_run-01_trial-17.wav	18	3.2125	3.3125
sub-01	1	17	per	behav_sub-01_run-01_trial-17.wav	19	3.3725	3.4925
sub-01	1	17	per	behav_sub-01_run-01_trial-17.wav	20	3.5525	3.6525
sub-01	1	17	per	behav_sub-01_run-01_trial-17.wav	21	3.7525	3.8525
sub-01	1	17	per	behav_sub-01_run-01_trial-17.wav	22	3.9325	4.0525
sub-01	1	18	pot	behav_sub-01_run-01_trial-18.wav	1	0.3125	0.4125
sub-01	1	18	pot	behav_sub-01_run-01_trial-18.wav	2	0.4925	0.6125
sub-01	1	18	pot	behav_sub-01_run-01_trial-18.wav	3	0.6725	0.7925
sub-01	1	18	pot	behav_sub-01_run-01_trial-18.wav	4	0.8525	0.9725
sub-01	1	18	pot	behav_sub-01_run-01_trial-18.wav	5	1.0325	1.1725
sub-01	1	18	pot	behav_sub-01_run-01_trial-18.wav	6	1.2525	1.3725
sub-01	1	18	pot	behav_sub-01_run-01_trial-18.wav	7	1.4325	1.5525
sub-01	1	18	pot	behav_sub-01_run-01_trial-18.wav	8	1.6325	1.7325
sub-01	1	18	pot	behav_sub-01_run-01_trial-18.wav	9	1.8125	1.9325
sub-01	1	18	pot	behav_sub-01_run-01_trial-18.wav	10	1.9925	2.1125
sub-01	1	18	pot	behav_sub-01_run-01_trial-18.wav	11	2.1925	2.3125
sub-01	1	18	pot	behav_sub-01_run-01_trial-18.wav	12	2.3725	2.5525
sub-01	1	18	pot	behav_sub-01_run-01_trial-18.wav	13	2.6125	2.7725
sub-01	1	18	pot	behav_sub-01_run-01_trial-18.wav	14	2.8325	2.9925
sub-01	1	18	pot	behav_sub-01_run-01_trial-18.wav	15	3.0925	3.2325
sub-01	1	18	pot	behav_sub-01_run-01_trial-18.wav	16	3.2925	3.4325
sub-01	1	18	pot	behav_sub-01_run-01_trial-18.wav	17	3.5125	3.6325
sub-01	1	18	pot	behav_sub-01_run-01_trial-18.wav	18	3.7325	3.8525
sub-01	1	18	pot	behav_sub-01_run-01_trial-18.wav	19	3.9325	4.0525
sub-01	1	18	pot	behav_sub-01_run-01_trial-18.wav	20	4.1725	4.3125
sub-01	1	19	naw	behav_sub-01_run-01_trial-19.wav	1	0.4125	0.5525
sub-01	1	19	naw	behav_sub-01_run-01_trial-19.wav	2	0.5525	0.7325
sub-01	1	19	naw	behav_sub-01_run-01_trial-19.wav	3	0.7325	0.9125
sub-01	1	19	naw	behav_sub-01_run-01_trial-19.wav	4	0.9125	1.0725
sub-01	1	19	naw	behav_sub-01_run-01_trial-19.wav	5	1.0725	1.2525
sub-01	1	19	naw	behav_sub-01_run-01_trial-19.wav	6	1.2525	1.4525
sub-01	1	19	naw	behav_sub-01_run-01_trial-19.wav	7	1.4525	1.6325
sub-01	1	19	naw	behav_sub-01_run-01_trial-19.wav	8	1.6325	1.8325
sub-01	1	19	naw	behav_sub-01_run-01_trial-19.wav	9	1.8325	2.0125
sub-01	1	19	naw	behav_sub-01_run-01_trial-19.wav	10	2.0125	2.2125
sub-01	1	19	naw	behav_sub-01_run-01_trial-19.wav	11	2.2125	2.4125
sub-01	1	19	naw	behav_sub-01_run-01_trial-19.wav	12	2.4125	2.5925
sub-01	1	19	naw	behav_sub-01_run-01_trial-19.wav	13	2.5925	2.7925
sub-01	1	19	naw	behav_sub-01_run-01_trial-19.wav	14	2.7925	2.9925
sub-01	1	19	naw	behav_sub-01_run-01_trial-19.wav	15	2.9925	3.1925
sub-01	1	19	naw	behav_sub-01_run-01_trial-19.wav	16	3.1925	3.4125
sub-01	1	19	naw	behav_sub-01_run-01_trial-19.wav	17	3.4125	3.6325
sub-01	1	19	naw	behav_sub-01_run-01_trial-19.wav	18	3.6325	3.8325
sub-01	1	19	naw	behav_sub-01_run-01_trial-19.wav	19	3.8325	4.0125
sub-01	1	19	naw	behav_sub-01_run-01_trial-19.wav	20	4.0125	4.1925
sub-01	1	19	naw	behav_sub-01_run-01_trial-19.wav	21	4.1925	4.3925
sub-01	1	20	ser	behav_sub-01_run-01_trial-20.wav	1	0.2125	0.3525
sub-01	1	20	ser	behav_sub-01_run-01_trial-20.wav	2	0.3525	0.5725
sub-01	1	20	ser	behav_sub-01_run-01_trial-20.wav	3	0.5725	0.7525
sub-01	1	20	ser	behav_sub-01_run-01_trial-20.wav	4	0.7525	0.9725
sub-01	1	20	ser	behav_sub-01_run-01_trial-20.wav	5	0.9725	1.0325
sub-01	1	20	ser	behav_sub-01_run-01_trial-20.wav	6	1.0325	1.1525
sub-01	1	20	ser	behav_sub-01_run-01_trial-20.wav	7	1.1525	1.3725
sub-01	1	20	ser	behav_sub-01_run-01_trial-20.wav	8	1.3725	1.5725
sub-01	1	20	ser	behav_sub-01_run-01_trial-20.wav	9	1.5725	1.7925
sub-01	1	20	ser	behav_sub-01_run-01_trial-20.wav	10	1.7925	1.9925
sub-01	1	20	ser	behav_sub-01_run-01_trial-20.wav	11	1.9925	2.2125
sub-01	1	20	ser	behav_sub-01_run-01_trial-20.wav	12	2.2125	2.4525
sub-01	1	20	ser	behav_sub-01_run-01_trial-20.wav	13	2.4525	2.6725
sub-01	1	20	ser	behav_sub-01_run-01_trial-20.wav	14	2.6725	2.8125
sub-01	1	20	ser	behav_sub-01_run-01_trial-20.wav	15	2.8125	2.9125
sub-01	1	20	ser	behav_sub-01_run-01_trial-20.wav	16	2.9125	3.1725
sub-01	1	20	ser	behav_sub-01_run-01_trial-20.wav	17	3.1725	3.3925
sub-01	1	20	ser	behav_sub-01_run-01_trial-20.wav	18	3.3925	3.5925
sub-01	1	20	ser	behav_sub-01_run-01_trial-20.wav	19	3.5925	3.8525
sub-01	1	20	ser	behav_sub-01_run-01_trial-20.wav	20	3.8525	4.1325
sub-01	1	21	pie	behav_sub-01_run-01_trial-21.wav	1	0.4325	0.5725
sub-01	1	21	pie	behav_sub-01_run-01_trial-21.wav	2	0.6325	0.7525
sub-01	1	21	pie	behav_sub-01_run-01_trial-21.wav	3	0.8125	0.9725
sub-01	1	21	pie	behav_sub-01_run-01_trial-21.wav	4	0.9725	1.1325
sub-01	1	21	pie	behav_sub-01_run-01_trial-21.wav	5	1.1725	1.3325
sub-01	1	21	pie	behav_sub-01_run-01_trial-21.wav	6	1.3725	1.5125
sub-01	1	21	pie	behav_sub-01_run-01_trial-21.wav	7	1.5725	1.6925
sub-01	1	21	pie	behav_sub-01_run-01_trial-21.wav	8	1.7525	1.9125
sub-01	1	21	pie	behav_sub-01_run-01_trial-21.wav	9	1.9725	2.0925
sub-01	1	21	pie	behav_sub-01_run-01_trial-21.wav	10	2.1525	2.2925
sub-01	1	21	pie	behav_sub-01_run-01_trial-21.wav	11	2.3525	2.4925
sub-01	1	21	pie	behav_sub-01_run-01_trial-21.wav	12	2.5725	2.6925
sub-01	1	21	pie	behav_sub-01_run-01_trial-21.wav	13	2.7525	2.9125
sub-01	1	21	pie	behav_sub-01_run-01_trial-21.wav	14	2.9725	3.1125
sub-01	1	21	pie	behav_sub-01_run-01_trial-21.wav	15	3.1725	3.2925
sub-01	1	21	pie	behav_sub-01_run-01_trial-21.wav	16	3.3725	3.5125
sub-01	1	21	pie	behav_sub-01_run-01_trial-21.wav	17	3.5725	3.7325
sub-01	1	21	pie	behav_sub-01_run-01_trial-21.wav	18	3.7725	3.9125
sub-01	1	21	pie	behav_sub-01_run-01_trial-21.wav	19	3.9925	4.1125
sub-01	1	21	pie	behav_sub-01_run-01_trial-21.wav	20	4.1725	4.2925
sub-01	1	22	thought	behav_sub-01_run-01_trial-22.wav	1	0.4925	0.6525
sub-01	1	22	thought	behav_sub-01_run-01_trial-22.wav	2	0.6525	0.8125
sub-01	1	22	thought	behav_sub-01_run-01_trial-22.wav	3	0.8725	0.9925
sub-01	1	22	thought	behav_sub-01_run-01_trial-22.wav	4	1.0525	1.1525
sub-01	1	22	thought	behav_sub-01_run-01_trial-22.wav	5	1.2325	1.3725
sub-01	1	22	thought	behav_sub-01_run-01_trial-22.wav	6	1.4325	1.5525
sub-01	1	22	thought	behav_sub-01_run-01_trial-22.wav	7	1.6325	1.7525
sub-01	1	22	thought	behav_sub-01_run-01_trial-22.wav	8	1.8325	1.9725
sub-01	1	22	thought	behav_sub-01_run-01_trial-22.wav	9	2.0525	2.1725
sub-01	1	22	thought	behav_sub-01_run-01_trial-22.wav	10	2.2325	2.3725
sub-01	1	22	thought	behav_sub-01_run-01_trial-22.wav	11	2.4325	2.5725
sub-01	1	22	thought	behav_sub-01_run-01_trial-22.wav	12	2.6325	2.7525
sub-01	1	22	thought	behav_sub-01_run-01_trial-22.wav	13	2.8125	2.9325
sub-01	1	22	thought	behav_sub-01_run-01_trial-22.wav	14	3.0125	3.1525
sub-01	1	22	thought	behav_sub-01_run-01_trial-22.wav	15	3.2125	3.3525
sub-01	1	22	thought	behav_sub-01_run-01_trial-22.wav	16	3.4325	3.5325
sub-01	1	22	thought	behav_sub-01_run-01_trial-22.wav	17	3.5925	3.7525
sub-01	1	22	thought	behav_sub-01_run-01_trial-22.wav	18	3.8125	3.9525
sub-01	1	22	thought	behav_sub-01_run-01_trial-22.wav	19	4.0325	4.1525
sub-01	1	22	thought	behav_sub-01_run-01_trial-22.wav	20	4.2325	4.3525
sub-01	1	22	thought	behav_sub-01_run-01_trial-22.wav	21	4.4125	4.5000
sub-01	1	23	ter	behav_sub-01_run-01_trial-23.wav	1	0.6325	0.7325
sub-01	1	23	ter	behav_sub-01_run-01_trial-23.wav	2	0.7325	0.8925
sub-01	1	23	ter	behav_sub-01_run-01_trial-23.wav	3	0.8925	1.0325
sub-01	1	23	ter	behav_sub-01_run-01_trial-23.wav	4	1.0725	1.2525
sub-01	1	23	ter	behav_sub-01_run-01_trial-23.wav	5	1.2525	1.3925
sub-01	1	23	ter	behav_sub-01_run-01_trial-23.wav	6	1.4725	1.5925
sub-01	1	23	ter	behav_sub-01_run-01_trial-23.wav	7	1.6525	1.7725
sub-01	1	23	ter	behav_sub-01_run-01_trial-23.wav	8	1.7725	1.9725
sub-01	1	23	ter	behav_sub-01_run-01_trial-23.wav	9	1.9725	2.1725
sub-01	1	23	ter	behav_sub-01_run-01_trial-23.wav	10	2.1725	2.3325
sub-01	1	23	ter	behav_sub-01_run-01_trial-23.wav	11	2.3925	2.5325
sub-01	1	23	ter	behav_sub-01_run-01_trial-23.wav	12	2.5325	2.7125
sub-01	1	23	ter	behav_sub-01_run-01_trial-23.wav	13	2.7725	2.9325
sub-01	1	23	ter	behav_sub-01_run-01_trial-23.wav	14	2.9925	3.1125
sub-01	1	23	ter	behav_sub-01_run-01_trial-23.wav	15	3.1725	3.3125
sub-01	1	23	ter	behav_sub-01_run-01_trial-23.wav	16	3.3725	3.5325
sub-01	1	23	ter	behav_sub-01_run-01_trial-23.wav	17	3.5325	3.6925
sub-01	1	23	ter	behav_sub-01_run-01_trial-23.wav	18	3.7525	3.9125
sub-01	1	23	ter	behav_sub-01_run-01_trial-23.wav	19	3.9725	4.1725
sub-01	1	23	ter	behav_sub-01_run-01_trial-23.wav	20	4.1725	4.3325
sub-01	1	24	day	behav_sub-01_run-01_trial-24.wav	1	0.3725	0.5325
sub-01	1	24	day	behav_sub-01_run-01_trial-24.wav	2	0.5325	0.6925
sub-01	1	24	day	behav_sub-01_run-01_trial-24.wav	3	0.6925	0.8525
sub-01	1	24	day	behav_sub-01_run-01_trial-24.wav	4	0.8525	1.0125
sub-01	1	24	day	behav_sub-01_run-01_trial-24.wav	5	1.0525	1.1725
sub-01	1	24	day	behav_sub-01_run-01_trial-24.wav	6	1.1725	1.3325
sub-01	1	24	day	behav_sub-01_run-01_trial-24.wav	7	1.3325	1.4925
sub-01	1	24	day	behav_sub-01_run-01_trial-24.wav	8	1.5325	1.6925
sub-01	1	24	day	behav_sub-01_run-01_trial-24.wav	9	1.6925	1.8525
sub-01	1	24	day	behav_sub-01_run-01_trial-24.wav	10	1.8525	2.0525
sub-01	1	24	day	behav_sub-01_run-01_trial-24.wav	11	2.0525	2.2525
sub-01	1	24	day	behav_sub-01_run-01_trial-24.wav	12	2.2525	2.4125
sub-01	1	24	day	behav_sub-01_run-01_trial-24.wav	13	2.4125	2.6725
sub-01	1	24	day	behav_sub-01_run-01_trial-24.wav	14	2.7725	3.0125
sub-01	1	24	day	behav_sub-01_run-01_trial-24.wav	15	3.0125	3.2325
sub-01	1	24	day	behav_sub-01_run-01_trial-24.wav	16	3.2925	3.5125
sub-01	1	24	day	behav_sub-01_run-01_trial-24.wav	17	3.8525	4.0525
sub-01	1	24	day	behav_sub-01_run-01_trial-24.wav	18	4.0525	4.2125
sub-01	1	25	day	behav_sub-01_run-01_trial-25.wav	1	0.3725	0.4925
sub-01	1	25	day	behav_sub-01_run-01_trial-25.wav	2	0.4925	0.6525
sub-01	1	25	day	behav_sub-01_run-01_trial-25.wav	3	0.6925	0.8525
sub-01	1	25	day	behav_sub-01_run-01_trial-25.wav	4	0.8525	1.0125
sub-01	1	25	day	behav_sub-01_run-01_trial-25.wav	5	1.0125	1.1525
sub-01	1	25	day	behav_sub-01_run-01_trial-25.wav	6	1.1925	1.3325
sub-01	1	25	day	behav_sub-01_run-01_trial-25.wav	7	1.3325	1.5125
sub-01	1	25	day	behav_sub-01_run-01_trial-25.wav	8	1.5725	1.7125
sub-01	1	25	day	behav_sub-01_run-01_trial-25.wav	9	1.7525	1.8925
sub-01	1	25	day	behav_sub-01_run-01_trial-25.wav	10	1.8925	2.1325
sub-01	1	25	day	behav_sub-01_run-01_trial-25.wav	11	2.1325	2.3325
sub-01	1	25	day	behav_sub-01_run-01_trial-25.wav	12	2.3325	2.5725
sub-01	1	25	day	behav_sub-01_run-01_trial-25.wav	13	2.5725	2.7725
sub-01	1	25	day	behav_sub-01_run-01_trial-25.wav	14	2.7725	2.9325
sub-01	1	25	day	behav_sub-01_run-01_trial-25.wav	15	2.9325	3.1725
sub-01	1	25	day	behav_sub-01_run-01_trial-25.wav	16	3.1725	3.3725
sub-01	1	25	day	behav_sub-01_run-01_trial-25.wav	17	3.3725	3.5725
sub-01	1	25	day	behav_sub-01_run-01_trial-25.wav	18	3.5725	3.8125
sub-01	1	25	day	behav_sub-01_run-01_trial-25.wav	19	3.8125	4.0525
sub-01	1	25	day	behav_sub-01_run-01_trial-25.wav	20	4.0525	4.2725
sub-01	1	25	day	behav_sub-01_run-01_trial-25.wav	21	4.3125	4.4525
sub-01	1	26	per	behav_sub-01_run-01_trial-26.wav	1	0.3525	0.4725
sub-01	1	26	per	behav_sub-01_run-01_trial-26.wav	2	0.5125	0.6525
sub-01	1	26	per	behav_sub-01_run-01_trial-26.wav	3	0.6525	0.8125
sub-01	1	26	per	behav_sub-01_run-01_trial-26.wav	4	0.8125	0.9725
sub-01	1	26	per	behav_sub-01_run-01_trial-26.wav	5	1.0325	1.1525
sub-01	1	26	per	behav_sub-01_run-01_trial-26.wav	6	1.2125	1.3525
sub-01	1	26	per	behav_sub-01_run-01_trial-26.wav	7	1.4125	1.5525
sub-01	1	26	per	behav_sub-01_run-01_trial-26.wav	8	1.5925	1.7325
sub-01	1	26	per	behav_sub-01_run-01_trial-26.wav	9	1.7925	1.9525
sub-01	1	26	per	behav_sub-01_run-01_trial-26.wav	10	2.0125	2.1725
sub-01	1	26	per	behav_sub-01_run-01_trial-26.wav	11	2.2325	2.3525
sub-01	1	26	per	behav_sub-01_run-01_trial-26.wav	12	2.4325	2.5725
sub-01	1	26	per	behav_sub-01_run-01_trial-26.wav	13	2.6525	2.7725
sub-01	1	26	per	behav_sub-01_run-01_trial-26.wav	14	2.8925	3.0525
sub-01	1	26	per	behav_sub-01_run-01_trial-26.wav	15	3.1325	3.2525
sub-01	1	26	per	behav_sub-01_run-01_trial-26.wav	16	3.3325	3.4725
sub-01	1	26	per	behav_sub-01_run-01_trial-26.wav	17	3.5525	3.6725
sub-01	1	26	per	behav_sub-01_run-01_trial-26.wav	18	3.7525	3.9125
sub-01	1	26	per	behav_sub-01_run-01_trial-26.wav	19	3.9725	4.1325
sub-01	1	26	per	behav_sub-01_run-01_trial-26.wav	20	4.1925	4.3325
sub-01	1	27	naw	behav_sub-01_run-01_trial-27.wav	1	0.2325	0.3925
sub-01	1	27	naw	behav_sub-01_run-01_trial-27.wav	2	0.3925	0.5925
sub-01	1	27	naw	behav_sub-01_run-01_trial-27.wav	3	0.5925	0.7925
sub-01	1	27	naw	behav_sub-01_run-01_trial-27.wav	4	0.7925	0.9925
sub-01	1	27	naw	behav_sub-01_run-01_trial-27.wav	5	0.9925	1.1925
sub-01	1	27	naw	behav_sub-01_run-01_trial-27.wav	6	1.1925	1.3925
sub-01	1	27	naw	behav_sub-01_run-01_trial-27.wav	7	1.3925	1.5725
sub-01	1	27	naw	behav_sub-01_run-01_trial-27.wav	8	1.5725	1.7925
sub-01	1	27	naw	behav_sub-01_run-01_trial-27.wav	9	1.7925	2.0125
sub-01	1	27	naw	behav_sub-01_run-01_trial-27.wav	10	2.0125	2.2525
sub-01	1	27	naw	behav_sub-01_run-01_trial-27.wav	11	2.2525	2.4525
sub-01	1	27	naw	behav_sub-01_run-01_trial-27.wav	12	2.4525	2.6725
sub-01	1	27	naw	behav_sub-01_run-01_trial-27.wav	13	2.6725	2.8925
sub-01	1	27	naw	behav_sub-01_run-01_trial-27.wav	14	2.8925	3.0525
sub-01	1	27	naw	behav_sub-01_run-01_trial-27.wav	15	3.0525	3.1725
sub-01	1	27	naw	behav_sub-01_run-01_trial-27.wav	16	3.1725	3.2925
sub-01	1	27	naw	behav_sub-01_run-01_trial-27.wav	17	3.2925	3.4325
sub-01	1	27	naw	behav_sub-01_run-01_trial-27.wav	18	3.4325	3.6725
sub-01	1	27	naw	behav_sub-01_run-01_trial-27.wav	19	3.6725	3.8925
sub-01	1	27	naw	behav_sub-01_run-01_trial-27.wav	20	3.8925	4.0125
sub-01	1	27	naw	behav_sub-01_run-01_trial-27.wav	21	4.0125	4.1525
sub-01	1	28	pot	behav_sub-01_run-01_trial-28.wav	1	0.4525	0.5925
sub-01	1	28	pot	behav_sub-01_run-01_trial-28.wav	2	0.6725	0.8525
sub-01	1	28	pot	behav_sub-01_run-01_trial-28.wav	3	0.9125	1.0525
sub-01	1	28	pot	behav_sub-01_run-01_trial-28.wav	4	1.1325	1.2925
sub-01	1	28	pot	behav_sub-01_run-01_trial-28.wav	5	1.3725	1.5525
sub-01	1	28	pot	behav_sub-01_run-01_trial-28.wav	6	1.6125	1.7725
sub-01	1	28	pot	behav_sub-01_run-01_trial-28.wav	7	1.8525	2.0125
sub-01	1	28	pot	behav_sub-01_run-01_trial-28.wav	8	2.0725	2.2125
sub-01	1	28	pot	behav_sub-01_run-01_trial-28.wav	9	2.3125	2.4325
sub-01	1	28	pot	behav_sub-01_run-01_trial-28.wav	10	2.4925	2.6325
sub-01	1	28	pot	behav_sub-01_run-01_trial-28.wav	11	2.6925	2.8325
sub-01	1	28	pot	behav_sub-01_run-01_trial-28.wav	12	2.9325	3.0925
sub-01	1	28	pot	behav_sub-01_run-01_trial-28.wav	13	3.1725	3.3125
sub-01	1	28	pot	behav_sub-01_run-01_trial-28.wav	14	3.4125	3.5525
sub-01	1	28	pot	behav_sub-01_run-01_trial-28.wav	15	3.6325	3.8125
sub-01	1	28	pot	behav_sub-01_run-01_trial-28.wav	16	3.9325	4.0725
sub-01	1	28	pot	behav_sub-01_run-01_trial-28.wav	17	4.1925	4.3125
sub-01	1	29	pie	behav_sub-01_run-01_trial-29.wav	1	0.4725	0.6525
sub-01	1	29	pie	behav_sub-01_run-01_trial-29.wav	2	0.6525	0.8525
sub-01	1	29	pie	behav_sub-01_run-01_trial-29.wav	3	0.8925	1.0925
sub-01	1	29	pie	behav_sub-01_run-01_trial-29.wav	4	1.0925	1.2925
sub-01	1	29	pie	behav_sub-01_run-01_trial-29.wav	5	1.3325	1.4725
sub-01	1	29	pie	behav_sub-01_run-01_trial-29.wav	6	1.5325	1.6725
sub-01	1	29	pie	behav_sub-01_run-01_trial-29.wav	7	1.7325	1.8925
sub-01	1	29	pie	behav_sub-01_run-01_trial-29.wav	8	1.8925	2.0725
sub-01	1	29	pie	behav_sub-01_run-01_trial-29.wav	9	2.1525	2.2725
sub-01	1	29	pie	behav_sub-01_run-01_trial-29.wav	10	2.3325	2.4925
sub-01	1	29	pie	behav_sub-01_run-01_trial-29.wav	11	2.5325	2.6925
sub-01	1	29	pie	behav_sub-01_run-01_trial-29.wav	12	2.7325	2.8925
sub-01	1	29	pie	behav_sub-01_run-01_trial-29.wav	13	2.9525	3.0925
sub-01	1	29	pie	behav_sub-01_run-01_trial-29.wav	14	3.1525	3.2925
sub-01	1	29	pie	behav_sub-01_run-01_trial-29.wav	15	3.3525	3.4725
sub-01	1	29	pie	behav_sub-01_run-01_trial-29.wav	16	3.5325	3.6725
sub-01	1	29	pie	behav_sub-01_run-01_trial-29.wav	17	3.7325	3.8925
sub-01	1	29	pie	behav_sub-01_run-01_trial-29.wav	18	3.9725	4.1325
sub-01	1	29	pie	behav_sub-01_run-01_trial-29.wav	19	4.1925	4.3325
sub-01	1	30	ter	behav_sub-01_run-01_trial-30.wav	1	0.2525	0.4125
sub-01	1	30	ter	behav_sub-01_run-01_trial-30.wav	2	0.4125	0.5725
sub-01	1	30	ter	behav_sub-01_run-01_trial-30.wav	3	0.5725	0.7725
sub-01	1	30	ter	behav_sub-01_run-01_trial-30.wav	4	0.7725	0.9325
sub-01	1	30	ter	behav_sub-01_run-01_trial-30.wav	5	0.9325	1.1325
sub-01	1	30	ter	behav_sub-01_run-01_trial-30.wav	6	1.1325	1.3325
sub-01	1	30	ter	behav_sub-01_run-01_trial-30.wav	7	1.3325	1.4925
sub-01	1	30	ter	behav_sub-01_run-01_trial-30.wav	8	1.5325	1.7325
sub-01	1	30	ter	behav_sub-01_run-01_trial-30.wav	9	1.7325	1.8925
sub-01	1	30	ter	behav_sub-01_run-01_trial-30.wav	10	1.8925	2.1325
sub-01	1	30	ter	behav_sub-01_run-01_trial-30.wav	11	2.1325	2.3325
sub-01	1	30	ter	behav_sub-01_run-01_trial-30.wav	12	2.3325	2.4925
sub-01	1	30	ter	behav_sub-01_run-01_trial-30.wav	13	2.4925	2.6925
sub-01	1	30	ter	behav_sub-01_run-01_trial-30.wav	14	2.6925	2.8725
sub-01	1	30	ter	behav_sub-01_run-01_trial-30.wav	15	2.9125	3.0525
sub-01	1	30	ter	behav_sub-01_run-01_trial-30.wav	16	3.0525	3.2325
sub-01	1	30	ter	behav_sub-01_run-01_trial-30.wav	17	3.2325	3.4125
sub-01	1	30	ter	behav_sub-01_run-01_trial-30.wav	18	3.4125	3.6125
sub-01	1	30	ter	behav_sub-01_run-01_trial-30.wav	19	3.6125	3.7925
sub-01	1	30	ter	behav_sub-01_run-01_trial-30.wav	20	3.8525	4.0125
sub-01	1	30	ter	behav_sub-01_run-01_trial-30.wav	21	4.0125	4.1725
sub-01	1	31	thought	behav_sub-01_run-01_trial-31.wav	1	0.5125	0.6525
sub-01	1	31	thought	behav_sub-01_run-01_trial-31.wav	2	0.6525	0.8325
sub-01	1	31	thought	behav_sub-01_run-01_trial-31.wav	3	0.8925	1.0325
sub-01	1	31	thought	behav_sub-01_run-01_trial-31.wav	4	1.0925	1.2125
sub-01	1	31	thought	behav_sub-01_run-01_trial-31.wav	5	1.2725	1.4325
sub-01	1	31	thought	behav_sub-01_run-01_trial-31.wav	6	1.4925	1.6125
sub-01	1	31	thought	behav_sub-01_run-01_trial-31.wav	7	1.6725	1.7925
sub-01	1	31	thought	behav_sub-01_run-01_trial-31.wav	8	1.8525	1.9925
sub-01	1	31	thought	behav_sub-01_run-01_trial-31.wav	9	2.0525	2.2125
sub-01	1	31	thought	behav_sub-01_run-01_trial-31.wav	10	2.2725	2.3925
sub-01	1	31	thought	behav_sub-01_run-01_trial-31.wav	11	2.4725	2.5725
sub-01	1	31	thought	behav_sub-01_run-01_trial-31.wav	12	2.6525	2.7925
sub-01	1	31	thought	behav_sub-01_run-01_trial-31.wav	13	2.8725	2.9925
sub-01	1	31	thought	behav_sub-01_run-01_trial-31.wav	14	3.0725	3.2125
sub-01	1	31	thought	behav_sub-01_run-01_trial-31.wav	15	3.2725	3.4125
sub-01	1	31	thought	behav_sub-01_run-01_trial-31.wav	16	3.4725	3.6125
sub-01	1	31	thought	behav_sub-01_run-01_trial-31.wav	17	3.6725	3.8125
sub-01	1	31	thought	behav_sub-01_run-01_trial-31.wav	18	3.8725	3.9925
sub-01	1	31	thought	behav_sub-01_run-01_trial-31.wav	19	4.0925	4.1925
sub-01	1	31	thought	behav_sub-01_run-01_trial-31.wav	20	4.2725	4.4125
sub-01	1	32	ser	behav_sub-01_run-01_trial-32.wav	1	0.4125	0.6525
sub-01	1	32	ser	behav_sub-01_run-01_trial-32.wav	2	0.6525	0.8925
sub-01	1	32	ser	behav_sub-01_run-01_trial-32.wav	3	0.8925	1.1525
sub-01	1	32	ser	behav_sub-01_run-01_trial-32.wav	4	1.1525	1.3925
sub-01	1	32	ser	behav_sub-01_run-01_trial-32.wav	5	1.3925	1.6125
sub-01	1	32	ser	behav_sub-01_run-01_trial-32.wav	6	1.6125	1.8725
sub-01	1	32	ser	behav_sub-01_run-01_trial-32.wav	7	1.8725	2.1525
sub-01	1	32	ser	behav_sub-01_run-01_trial-32.wav	8	2.1525	2.4325
sub-01	1	32	ser	behav_sub-01_run-01_trial-32.wav	9	2.4325	2.7125
sub-01	1	32	ser	behav_sub-01_run-01_trial-32.wav	10	2.7125	2.9725
sub-01	1	32	ser	behav_sub-01_run-01_trial-32.wav	11	2.9725	3.2725
sub-01	1	32	ser	behav_sub-01_run-01_trial-32.wav	12	3.2725	3.5325
sub-01	1	32	ser	behav_sub-01_run-01_trial-32.wav	13	3.5325	3.7925
sub-01	1	32	ser	behav_sub-01_run-01_trial-32.wav	14	3.7925	4.0325
sub-01	1	32	ser	behav_sub-01_run-01_trial-32.wav	15	4.0325	4.3525
sub-01	1	33	pot	behav_sub-01_run-01_trial-33.wav	1	0.4125	0.5525
sub-01	1	33	pot	behav_sub-01_run-01_trial-33.wav	2	0.6325	0.7525
sub-01	1	33	pot	behav_sub-01_run-01_trial-33.wav	3	0.8125	0.9325
sub-01	1	33	pot	behav_sub-01_run-01_trial-33.wav	4	1.0125	1.1325
sub-01	1	33	pot	behav_sub-01_run-01_trial-33.wav	5	1.2125	1.3125
sub-01	1	33	pot	behav_sub-01_run-01_trial-33.wav	6	1.3925	1.5325
sub-01	1	33	pot	behav_sub-01_run-01_trial-33.wav	7	1.5925	1.7325
sub-01	1	33	pot	behav_sub-01_run-01_trial-33.wav	8	1.7925	1.9325
sub-01	1	33	pot	behav_sub-01_run-01_trial-33.wav	9	1.9925	2.1325
sub-01	1	33	pot	behav_sub-01_run-01_trial-33.wav	10	2.2125	2.3525
sub-01	1	33	pot	behav_sub-01_run-01_trial-33.wav	11	2.4325	2.6125
sub-01	1	33	pot	behav_sub-01_run-01_trial-33.wav	12	2.7125	2.8325
sub-01	1	33	pot	behav_sub-01_run-01_trial-33.wav	13	2.9325	3.0525
sub-01	1	33	pot	behav_sub-01_run-01_trial-33.wav	14	3.1525	3.2525
sub-01	1	33	pot	behav_sub-01_run-01_trial-33.wav	15	3.3325	3.4725
sub-01	1	33	pot	behav_sub-01_run-01_trial-33.wav	16	3.5525	3.6725
sub-01	1	33	pot	behav_sub-01_run-01_trial-33.wav	17	3.7725	3.9325
sub-01	1	34	thought	behav_sub-01_run-01_trial-34.wav	1	0.6525	0.8125
sub-01	1	34	thought	behav_sub-01_run-01_trial-34.wav	2	0.8125	0.9325
sub-01	1	34	thought	behav_sub-01_run-01_trial-34.wav	3	1.0125	1.1125
sub-01	1	34	thought	behav_sub-01_run-01_trial-34.wav	4	1.1925	1.2925
sub-01	1	34	thought	behav_sub-01_run-01_trial-34.wav	5	1.3525	1.4925
sub-01	1	34	thought	behav_sub-01_run-01_trial-34.wav	6	1.5325	1.6725
sub-01	1	34	thought	behav_sub-01_run-01_trial-34.wav	7	1.7525	1.8725
sub-01	1	34	thought	behav_sub-01_run-01_trial-34.wav	8	1.9325	2.0725
sub-01	1	34	thought	behav_sub-01_run-01_trial-34.wav	9	2.1325	2.2725
sub-01	1	34	thought	behav_sub-01_run-01_trial-34.wav	10	2.3525	2.4725
sub-01	1	34	thought	behav_sub-01_run-01_trial-34.wav	11	2.5325	2.6925
sub-01	1	34	thought	behav_sub-01_run-01_trial-34.wav	12	2.7525	2.9125
sub-01	1	34	thought	behav_sub-01_run-01_trial-34.wav	13	2.9925	3.1325
sub-01	1	34	thought	behav_sub-01_run-01_trial-34.wav	14	3.2125	3.3325
sub-01	1	34	thought	behav_sub-01_run-01_trial-34.wav	15	3.4125	3.5525
sub-01	1	34	thought	behav_sub-01_run-01_trial-34.wav	16	3.6125	3.7525
sub-01	1	34	thought	behav_sub-01_run-01_trial-34.wav	17	3.8325	3.9725
sub-01	1	34	thought	behav_sub-01_run-01_trial-34.wav	18	4.0525	4.2125
sub-01	1	34	thought	behav_sub-01_run-01_trial-34.wav	19	4.2925	4.4525
sub-01	1	35	day	behav_sub-01_run-01_trial-35.wav	1	0.6325	0.8125
sub-01	1	35	day	behav_sub-01_run-01_trial-35.wav	2	0.8125	0.9725
sub-01	1	35	day	behav_sub-01_run-01_trial-35.wav	3	0.9725	1.1325
sub-01	1	35	day	behav_sub-01_run-01_trial-35.wav	4	1.1325	1.2925
sub-01	1	35	day	behav_sub-01_run-01_trial-35.wav	5	1.2925	1.4525
sub-01	1	35	day	behav_sub-01_run-01_trial-35.wav	6	1.4525	1.6325
sub-01	1	35	day	behav_sub-01_run-01_trial-35.wav	7	1.6725	1.8325
sub-01	1	35	day	behav_sub-01_run-01_trial-35.wav	8	1.8325	2.0125
sub-01	1	35	day	behav_sub-01_run-01_trial-35.wav	9	2.0125	2.1725
sub-01	1	35	day	behav_sub-01_run-01_trial-35.wav	10	2.1725	2.3525
sub-01	1	35	day	behav_sub-01_run-01_trial-35.wav	11	2.3925	2.5325
sub-01	1	35	day	behav_sub-01_run-01_trial-35.wav	12	2.5325	2.7725
sub-01	1	35	day	behav_sub-01_run-01_trial-35.wav	13	2.7725	2.9325
sub-01	1	35	day	behav_sub-01_run-01_trial-35.wav	14	2.9325	3.1325
sub-01	1	35	day	behav_sub-01_run-01_trial-35.wav	15	3.1325	3.2925
sub-01	1	35	day	behav_sub-01_run-01_trial-35.wav	16	3.2925	3.4925
sub-01	1	35	day	behav_sub-01_run-01_trial-35.wav	17	3.4925	3.6925
sub-01	1	35	day	behav_sub-01_run-01_trial-35.wav	18	3.6925	3.8525
sub-01	1	35	day	behav_sub-01_run-01_trial-35.wav	19	3.8525	4.0525
sub-01	1	35	day	behav_sub-01_run-01_trial-35.wav	20	4.0525	4.2125
sub-01	1	35	day	behav_sub-01_run-01_trial-35.wav	21	4.2125	4.3925
sub-01	1	36	pie	behav_sub-01_run-01_trial-36.wav	1	0.5325	0.6525
sub-01	1	36	pie	behav_sub-01_run-01_trial-36.wav	2	0.6925	0.8525
sub-01	1	36	pie	behav_sub-01_run-01_trial-36.wav	3	0.8925	1.0125
sub-01	1	36	pie	behav_sub-01_run-01_trial-36.wav	4	1.0525	1.1925
sub-01	1	36	pie	behav_sub-01_run-01_trial-36.wav	5	1.2525	1.3725
sub-01	1	36	pie	behav_sub-01_run-01_trial-36.wav	6	1.3725	1.5525
sub-01	1	36	pie	behav_sub-01_run-01_trial-36.wav	7	1.6125	1.7525
sub-01	1	36	pie	behav_sub-01_run-01_trial-36.wav	8	1.8125	1.9525
sub-01	1	36	pie	behav_sub-01_run-01_trial-36.wav	9	2.0125	2.1525
sub-01	1	36	pie	behav_sub-01_run-01_trial-36.wav	10	2.1925	2.3325
sub-01	1	36	pie	behav_sub-01_run-01_trial-36.wav	11	2.3925	2.5125
sub-01	1	36	pie	behav_sub-01_run-01_trial-36.wav	12	2.5725	2.7125
sub-01	1	36	pie	behav_sub-01_run-01_trial-36.wav	13	2.7725	2.8925
sub-01	1	36	pie	behav_sub-01_run-01_trial-36.wav	14	2.9525	3.1325
sub-01	1	36	pie	behav_sub-01_run-01_trial-36.wav	15	3.1925	3.2925
sub-01	1	36	pie	behav_sub-01_run-01_trial-36.wav	16	3.3525	3.5325
sub-01	1	36	pie	behav_sub-01_run-01_trial-36.wav	17	3.5925	3.7725
sub-01	1	36	pie	behav_sub-01_run-01_trial-36.wav	18	3.8125	3.9925
sub-01	1	36	pie	behav_sub-01_run-01_trial-36.wav	19	4.0725	4.1925
sub-01	1	36	pie	behav_sub-01_run-01_trial-36.wav	20	4.2725	4.4125
sub-01	1	37	naw	behav_sub-01_run-01_trial-37.wav	1	0.3525	0.5525
sub-01	1	37	naw	behav_sub-01_run-01_trial-37.wav	2	0.5525	0.7325
sub-01	1	37	naw	behav_sub-01_run-01_trial-37.wav	3	0.7325	0.8925
sub-01	1	37	naw	behav_sub-01_run-01_trial-37.wav	4	0.8925	1.0725
sub-01	1	37	naw	behav_sub-01_run-01_trial-37.wav	5	1.0725	1.2525
sub-01	1	37	naw	behav_sub-01_run-01_trial-37.wav	6	1.2525	1.4525
sub-01	1	37	naw	behav_sub-01_run-01_trial-37.wav	7	1.4525	1.6525
sub-01	1	37	naw	behav_sub-01_run-01_trial-37.wav	8	1.6525	1.8525
sub-01	1	37	naw	behav_sub-01_run-01_trial-37.wav	9	1.8525	2.0525
sub-01	1	37	naw	behav_sub-01_run-01_trial-37.wav	10	2.0525	2.2325
sub-01	1	37	naw	behav_sub-01_run-01_trial-37.wav	11	2.2325	2.4325
sub-01	1	37	naw	behav_sub-01_run-01_trial-37.wav	12	2.4325	2.6125
sub-01	1	37	naw	behav_sub-01_run-01_trial-37.wav	13	2.6125	2.8325
sub-01	1	37	naw	behav_sub-01_run-01_trial-37.wav	14	2.8325	3.0125
sub-01	1	37	naw	behav_sub-01_run-01_trial-37.wav	15	3.0125	3.2125
sub-01	1	37	naw	behav_sub-01_run-01_trial-37.wav	16	3.2125	3.3925
sub-01	1	37	naw	behav_sub-01_run-01_trial-37.wav	17	3.3925	3.5925
sub-01	1	37	naw	behav_sub-01_run-01_trial-37.wav	18	3.5925	3.7725
sub-01	1	37	naw	behav_sub-01_run-01_trial-37.wav	19	3.7725	3.9725
sub-01	1	37	naw	behav_sub-01_run-01_trial-37.wav	20	3.9725	4.1725
sub-01	1	37	naw	behav_sub-01_run-01_trial-37.wav	21	4.1725	4.3525
sub-01	1	38	mih	behav_sub-01_run-01_trial-38.wav	1	0.3725	0.5525
sub-01	1	38	mih	behav_sub-01_run-01_trial-38.wav	2	0.5525	0.7125
sub-01	1	38	mih	behav_sub-01_run-01_trial-38.wav	3	0.7125	0.8725
sub-01	1	38	mih	behav_sub-01_run-01_trial-38.wav	4	0.8725	1.0325
sub-01	1	38	mih	behav_sub-01_run-01_trial-38.wav	5	1.0325	1.1725
sub-01	1	38	mih	behav_sub-01_run-01_trial-38.wav	6	1.1725	1.3525
sub-01	1	38	mih	behav_sub-01_run-01_trial-38.wav	7	1.3525	1.4925
sub-01	1	38	mih	behav_sub-01_run-01_trial-38.wav	8	1.4925	1.6525
sub-01	1	38	mih	behav_sub-01_run-01_trial-38.wav	9	1.6525	1.8125
sub-01	1	38	mih	behav_sub-01_run-01_trial-38.wav	10	1.8125	1.9525
sub-01	1	38	mih	behav_sub-01_run-01_trial-38.wav	11	1.9525	2.0925
sub-01	1	38	mih	behav_sub-01_run-01_trial-38.wav	12	2.0925	2.2725
sub-01	1	38	mih	behav_sub-01_run-01_trial-38.wav	13	2.2725	2.4125
sub-01	1	38	mih	behav_sub-01_run-01_trial-38.wav	14	2.4125	2.5525
sub-01	1	38	mih	behav_sub-01_run-01_trial-38.wav	15	2.5525	2.6925
sub-01	1	38	mih	behav_sub-01_run-01_trial-38.wav	16	2.6925	2.8525
sub-01	1	38	mih	behav_sub-01_run-01_trial-38.wav	17	2.8525	3.0125
sub-01	1	38	mih	behav_sub-01_run-01_trial-38.wav	18	3.0125	3.1725
sub-01	1	38	mih	behav_sub-01_run-01_trial-38.wav	19	3.1725	3.3325
sub-01	1	38	mih	behav_sub-01_run-01_trial-38.wav	20	3.3325	3.5125
sub-01	1	38	mih	behav_sub-01_run-01_trial-38.wav	21	3.5125	3.6125
sub-01	1	38	mih	behav_sub-01_run-01_trial-38.wav	22	3.6125	3.7725
sub-01	1	38	mih	behav_sub-01_run-01_trial-38.wav	23	3.7725	3.9325
sub-01	1	38	mih	behav_sub-01_run-01_trial-38.wav	24	3.9325	4.1125
sub-01	1	38	mih	behav_sub-01_run-01_trial-38.wav	25	4.1125	4.2725
sub-01	1	38	mih	behav_sub-01_run-01_trial-38.wav	26	4.2725	4.4125
sub-01	1	39	ter	behav_sub-01_run-01_trial-39.wav	1	0.5725	0.7725
sub-01	1	39	ter	behav_sub-01_run-01_trial-39.wav	2	0.7725	0.9725
sub-01	1	39	ter	behav_sub-01_run-01_trial-39.wav	3	0.9725	1.1325
sub-01	1	39	ter	behav_sub-01_run-01_trial-39.wav	4	1.1325	1.3325
sub-01	1	39	ter	behav_sub-01_run-01_trial-39.wav	5	1.3325	1.4925
sub-01	1	39	ter	behav_sub-01_run-01_trial-39.wav	6	1.4925	1.6725
sub-01	1	39	ter	behav_sub-01_run-01_trial-39.wav	7	1.7325	1.8925
sub-01	1	39	ter	behav_sub-01_run-01_trial-39.wav	8	1.8925	2.0925
sub-01	1	39	ter	behav_sub-01_run-01_trial-39.wav	9	2.1525	2.2725
sub-01	1	39	ter	behav_sub-01_run-01_trial-39.wav	10	2.3525	2.4925
sub-01	1	39	ter	behav_sub-01_run-01_trial-39.wav	11	2.5525	2.6925
sub-01	1	39	ter	behav_sub-01_run-01_trial-39.wav	12	2.6925	2.8925
sub-01	1	39	ter	behav_sub-01_run-01_trial-39.wav	13	2.8925	3.0925
sub-01	1	39	ter	behav_sub-01_run-01_trial-39.wav	14	3.0925	3.2525
sub-01	1	39	ter	behav_sub-01_run-01_trial-39.wav	15	3.2525	3.4125
sub-01	1	39	ter	behav_sub-01_run-01_trial-39.wav	16	3.4125	3.6325
sub-01	1	39	ter	behav_sub-01_run-01_trial-39.wav	17	3.6325	3.8125
sub-01	1	39	ter	behav_sub-01_run-01_trial-39.wav	18	3.8125	4.0125
sub-01	1	39	ter	behav_sub-01_run-01_trial-39.wav	19	4.0125	4.2125
sub-01	1	39	ter	behav_sub-01_run-01_trial-39.wav	20	4.2125	4.3325
sub-01	1	40	fee	behav_sub-01_run-01_trial-40.wav	1	0.4125	0.5325
sub-01	1	40	fee	behav_sub-01_run-01_trial-40.wav	2	0.5325	0.6925
sub-01	1	40	fee	behav_sub-01_run-01_trial-40.wav	3	0.6925	0.8925
sub-01	1	40	fee	behav_sub-01_run-01_trial-40.wav	4	0.8925	1.0525
sub-01	1	40	fee	behav_sub-01_run-01_trial-40.wav	5	1.0525	1.2325
sub-01	1	40	fee	behav_sub-01_run-01_trial-40.wav	6	1.2725	1.4125
sub-01	1	40	fee	behav_sub-01_run-01_trial-40.wav	7	1.4125	1.5525
sub-01	1	40	fee	behav_sub-01_run-01_trial-40.wav	8	1.5925	1.7125
sub-01	1	40	fee	behav_sub-01_run-01_trial-40.wav	9	1.7725	1.8925
sub-01	1	40	fee	behav_sub-01_run-01_trial-40.wav	10	1.9525	2.0725
sub-01	1	40	fee	behav_sub-01_run-01_trial-40.wav	11	2.1525	2.2325
sub-01	1	40	fee	behav_sub-01_run-01_trial-40.wav	12	2.2925	2.4125
sub-01	1	40	fee	behav_sub-01_run-01_trial-40.wav	13	2.4725	2.5925
sub-01	1	40	fee	behav_sub-01_run-01_trial-40.wav	14	2.6525	2.7525
sub-01	1	40	fee	behav_sub-01_run-01_trial-40.wav	15	2.8125	2.9325
sub-01	1	40	fee	behav_sub-01_run-01_trial-40.wav	16	2.9925	3.0925
sub-01	1	40	fee	behav_sub-01_run-01_trial-40.wav	17	3.1525	3.2725
sub-01	1	40	fee	behav_sub-01_run-01_trial-40.wav	18	3.3325	3.4725
sub-01	1	40	fee	behav_sub-01_run-01_trial-40.wav	19	3.5125	3.6125
sub-01	1	40	fee	behav_sub-01_run-01_trial-40.wav	20	3.6925	3.7925
sub-01	1	40	fee	behav_sub-01_run-01_trial-40.wav	21	3.8725	3.9725
sub-01	1	40	fee	behav_sub-01_run-01_trial-40.wav	22	4.0325	4.1725
sub-01	1	40	fee	behav_sub-01_run-01_trial-40.wav	23	4.2325	4.3525
sub-01	1	41	ser	behav_sub-01_run-01_trial-41.wav	1	0.4125	0.6125
sub-01	1	41	ser	behav_sub-01_run-01_trial-41.wav	2	0.6125	0.8125
sub-01	1	41	ser	behav_sub-01_run-01_trial-41.wav	3	0.8125	1.0125
sub-01	1	41	ser	behav_sub-01_run-01_trial-41.wav	4	1.0125	1.2125
sub-01	1	41	ser	behav_sub-01_run-01_trial-41.wav	5	1.2125	1.4325
sub-01	1	41	ser	behav_sub-01_run-01_trial-41.wav	6	1.4325	1.6525
sub-01	1	41	ser	behav_sub-01_run-01_trial-41.wav	7	1.7325	1.8925
sub-01	1	41	ser	behav_sub-01_run-01_trial-41.wav	8	1.9525	2.0925
sub-01	1	41	ser	behav_sub-01_run-01_trial-41.wav	9	2.0925	2.3325
sub-01	1	41	ser	behav_sub-01_run-01_trial-41.wav	10	2.3325	2.5325
sub-01	1	41	ser	behav_sub-01_run-01_trial-41.wav	11	2.5325	2.7725
sub-01	1	41	ser	behav_sub-01_run-01_trial-41.wav	12	2.7725	2.9725
sub-01	1	41	ser	behav_sub-01_run-01_trial-41.wav	13	2.9725	3.0925
sub-01	1	41	ser	behav_sub-01_run-01_trial-41.wav	14	3.0925	3.2125
sub-01	1	41	ser	behav_sub-01_run-01_trial-41.wav	15	3.2125	3.4725
sub-01	1	41	ser	behav_sub-01_run-01_trial-41.wav	16	3.4725	3.7325
sub-01	1	41	ser	behav_sub-01_run-01_trial-41.wav	17	3.7325	3.9725
sub-01	1	41	ser	behav_sub-01_run-01_trial-41.wav	18	3.9725	4.2925
sub-01	1	41	ser	behav_sub-01_run-01_trial-41.wav	19	4.2925	4.5000
sub-01	1	43	per	behav_sub-01_run-01_trial-43.wav	1	0.2325	0.3325
sub-01	1	43	per	behav_sub-01_run-01_trial-43.wav	2	0.4125	0.5125
sub-01	1	43	per	behav_sub-01_run-01_trial-43.wav	3	0.5725	0.6925
sub-01	1	43	per	behav_sub-01_run-01_trial-43.wav	4	0.7525	0.8925
sub-01	1	43	per	behav_sub-01_run-01_trial-43.wav	5	0.9725	1.0925
sub-01	1	43	per	behav_sub-01_run-01_trial-43.wav	6	1.1725	1.2925
sub-01	1	43	per	behav_sub-01_run-01_trial-43.wav	7	1.3725	1.4925
sub-01	1	43	per	behav_sub-01_run-01_trial-43.wav	8	1.5525	1.6925
sub-01	1	43	per	behav_sub-01_run-01_trial-43.wav	9	1.7525	1.8525
sub-01	1	43	per	behav_sub-01_run-01_trial-43.wav	10	1.9125	2.0725
sub-01	1	43	per	behav_sub-01_run-01_trial-43.wav	11	2.1325	2.2725
sub-01	1	43	per	behav_sub-01_run-01_trial-43.wav	12	2.3125	2.4725
sub-01	1	43	per	behav_sub-01_run-01_trial-43.wav	13	2.5325	2.6525
sub-01	1	43	per	behav_sub-01_run-01_trial-43.wav	14	2.7525	2.8525
sub-01	1	43	per	behav_sub-01_run-01_trial-43.wav	15	2.9325	3.0525
sub-01	1	43	per	behav_sub-01_run-01_trial-43.wav	16	3.1125	3.2325
sub-01	1	43	per	behav_sub-01_run-01_trial-43.wav	17	3.3125	3.4525
sub-01	1	43	per	behav_sub-01_run-01_trial-43.wav	18	3.5725	3.7525
sub-01	1	44	pie	behav_sub-01_run-01_trial-44.wav	1	0.5325	0.6525
sub-01	1	44	pie	behav_sub-01_run-01_trial-44.wav	2	0.6925	0.8525
sub-01	1	44	pie	behav_sub-01_run-01_trial-44.wav	3	0.8525	1.0525
sub-01	1	44	pie	behav_sub-01_run-01_trial-44.wav	4	1.0525	1.2525
sub-01	1	44	pie	behav_sub-01_run-01_trial-44.wav	5	1.2925	1.4325
sub-01	1	44	pie	behav_sub-01_run-01_trial-44.wav	6	1.4925	1.6525
sub-01	1	44	pie	behav_sub-01_run-01_trial-44.wav	7	1.7125	1.8525
sub-01	1	44	pie	behav_sub-01_run-01_trial-44.wav	8	1.9125	2.0525
sub-01	1	44	pie	behav_sub-01_run-01_trial-44.wav	9	2.1125	2.2325
sub-01	1	44	pie	behav_sub-01_run-01_trial-44.wav	10	2.3125	2.4525
sub-01	1	44	pie	behav_sub-01_run-01_trial-44.wav	11	2.5125	2.6325
sub-01	1	44	pie	behav_sub-01_run-01_trial-44.wav	12	2.6925	2.8325
sub-01	1	44	pie	behav_sub-01_run-01_trial-44.wav	13	2.8925	3.0325
sub-01	1	44	pie	behav_sub-01_run-01_trial-44.wav	14	3.0925	3.2325
sub-01	1	44	pie	behav_sub-01_run-01_trial-44.wav	15	3.2925	3.4525
sub-01	1	44	pie	behav_sub-01_run-01_trial-44.wav	16	3.5125	3.6725
sub-01	1	44	pie	behav_sub-01_run-01_trial-44.wav	17	3.7325	3.8925
sub-01	1	44	pie	behav_sub-01_run-01_trial-44.wav	18	3.9525	4.1325
sub-01	1	44	pie	behav_sub-01_run-01_trial-44.wav	19	4.2125	4.4125
sub-01	1	45	ter	behav_sub-01_run-01_trial-45.wav	1	0.3325	0.4525
sub-01	1	45	ter	behav_sub-01_run-01_trial-45.wav	2	0.4525	0.6725
sub-01	1	45	ter	behav_sub-01_run-01_trial-45.wav	3	0.7325	0.8525
sub-01	1	45	ter	behav_sub-01_run-01_trial-45.wav	4	0.9125	1.0525
sub-01	1	45	ter	behav_sub-01_run-01_trial-45.wav	5	1.0525	1.2525
sub-01	1	45	ter	behav_sub-01_run-01_trial-45.wav	6	1.2525	1.4525
sub-01	1	45	ter	behav_sub-01_run-01_trial-45.wav	7	1.4525	1.6125
sub-01	1	45	ter	behav_sub-01_run-01_trial-45.wav	8	1.6125	1.7925
sub-01	1	45	ter	behav_sub-01_run-01_trial-45.wav	9	1.8525	1.9925
sub-01	1	45	ter	behav_sub-01_run-01_trial-45.wav	10	2.0525	2.2125
sub-01	1	45	ter	behav_sub-01_run-01_trial-45.wav	11	2.2125	2.3725
sub-01	1	45	ter	behav_sub-01_run-01_trial-45.wav	12	2.4325	2.5525
sub-01	1	45	ter	behav_sub-01_run-01_trial-45.wav	13	2.6125	2.7725
sub-01	1	45	ter	behav_sub-01_run-01_trial-45.wav	14	2.7725	2.9325
sub-01	1	45	ter	behav_sub-01_run-01_trial-45.wav	15	2.9325	3.1325
sub-01	1	45	ter	behav_sub-01_run-01_trial-45.wav	16	3.1325	3.3325
sub-01	1	45	ter	behav_sub-01_run-01_trial-45.wav	17	3.3325	3.4725
sub-01	1	45	ter	behav_sub-01_run-01_trial-45.wav	18	3.5325	3.6925
sub-01	1	45	ter	behav_sub-01_run-01_trial-45.wav	19	3.6925	3.8525
sub-01	1	45	ter	behav_sub-01_run-01_trial-45.wav	20	3.9125	4.0325
sub-01	1	45	ter	behav_sub-01_run-01_trial-45.wav	21	4.0925	4.2125
sub-01	1	45	ter	behav_sub-01_run-01_trial-45.wav	22	4.2525	4.4125
sub-01	1	46	mih	behav_sub-01_run-01_trial-46.wav	1	0.8325	0.9725
sub-01	1	46	mih	behav_sub-01_run-01_trial-46.wav	2	0.9725	1.1325
sub-01	1	46	mih	behav_sub-01_run-01_trial-46.wav	3	1.1325	1.2925
sub-01	1	46	mih	behav_sub-01_run-01_trial-46.wav	4	1.2925	1.4325
sub-01	1	46	mih	behav_sub-01_run-01_trial-46.wav	5	1.4325	1.6125
sub-01	1	46	mih	behav_sub-01_run-01_trial-46.wav	6	1.6125	1.7525
sub-01	1	46	mih	behav_sub-01_run-01_trial-46.wav	7	1.7525	1.8925
sub-01	1	46	mih	behav_sub-01_run-01_trial-46.wav	8	1.8925	2.0525
sub-01	1	46	mih	behav_sub-01_run-01_trial-46.wav	9	2.0525	2.2125
sub-01	1	46	mih	behav_sub-01_run-01_trial-46.wav	10	2.2125	2.3525
sub-01	1	46	mih	behav_sub-01_run-01_trial-46.wav	11	2.3525	2.5125
sub-01	1	46	mih	behav_sub-01_run-01_trial-46.wav	12	2.5125	2.6925
sub-01	1	46	mih	behav_sub-01_run-01_trial-46.wav	13	2.6925	2.8525
sub-01	1	46	mih	behav_sub-01_run-01_trial-46.wav	14	2.8525	2.9925
sub-01	1	46	mih	behav_sub-01_run-01_trial-46.wav	15	2.9925	3.1725
sub-01	1	46	mih	behav_sub-01_run-01_trial-46.wav	16	3.1725	3.3325
sub-01	1	46	mih	behav_sub-01_run-01_trial-46.wav	17	3.3325	3.4925
sub-01	1	46	mih	behav_sub-01_run-01_trial-46.wav	18	3.4925	3.6525
sub-01	1	46	mih	behav_sub-01_run-01_trial-46.wav	19	3.6525	3.8125
sub-01	1	46	mih	behav_sub-01_run-01_trial-46.wav	20	3.8125	3.9525
sub-01	1	46	mih	behav_sub-01_run-01_trial-46.wav	21	3.9525	4.1325
sub-01	1	46	mih	behav_sub-01_run-01_trial-46.wav	22	4.1325	4.3325
sub-01	1	46	mih	behav_sub-01_run-01_trial-46.wav	23	4.3325	4.5000
sub-01	1	47	thought	behav_sub-01_run-01_trial-47.wav	1	0.5725	0.6925
sub-01	1	47	thought	behav_sub-01_run-01_trial-47.wav	2	0.7325	0.8525
sub-01	1	47	thought	behav_sub-01_run-01_trial-47.wav	3	0.9125	1.0125
sub-01	1	47	thought	behav_sub-01_run-01_trial-47.wav	4	1.0725	1.1925
sub-01	1	47	thought	behav_sub-01_run-01_trial-47.wav	5	1.2725	1.3725
sub-01	1	47	thought	behav_sub-01_run-01_trial-47.wav	6	1.4325	1.5525
sub-01	1	47	thought	behav_sub-01_run-01_trial-47.wav	7	1.6125	1.7325
sub-01	1	47	thought	behav_sub-01_run-01_trial-47.wav	8	1.7925	1.9125
sub-01	1	47	thought	behav_sub-01_run-01_trial-47.wav	9	1.9725	2.0525
sub-01	1	47	thought	behav_sub-01_run-01_trial-47.wav	10	2.1525	2.2525
sub-01	1	47	thought	behav_sub-01_run-01_trial-47.wav	11	2.3125	2.4325
sub-01	1	47	thought	behav_sub-01_run-01_trial-47.wav	12	2.4925	2.6125
sub-01	1	47	thought	behav_sub-01_run-01_trial-47.wav	13	2.6925	2.7925
sub-01	1	47	thought	behav_sub-01_run-01_trial-47.wav	14	2.8725	2.9725
sub-01	1	47	thought	behav_sub-01_run-01_trial-47.wav	15	3.0325	3.1525
sub-01	1	47	thought	behav_sub-01_run-01_trial-47.wav	16	3.2125	3.3325
sub-01	1	47	thought	behav_sub-01_run-01_trial-47.wav	17	3.4125	3.6725
sub-01	1	47	thought	behav_sub-01_run-01_trial-47.wav	18	3.7325	3.8525
sub-01	1	47	thought	behav_sub-01_run-01_trial-47.wav	19	3.9325	4.0325
sub-01	1	47	thought	behav_sub-01_run-01_trial-47.wav	20	4.1125	4.2125
sub-01	1	47	thought	behav_sub-01_run-01_trial-47.wav	21	4.2725	4.3725
sub-01	1	47	thought	behav_sub-01_run-01_trial-47.wav	22	4.4725	4.5000
sub-01	1	48	thurs	behav_sub-01_run-01_trial-48.wav	1	0.5325	0.6525
sub-01	1	48	thurs	behav_sub-01_run-01_trial-48.wav	2	0.6525	0.8525
sub-01	1	48	thurs	behav_sub-01_run-01_trial-48.wav	3	0.8525	0.9725
sub-01	1	48	thurs	behav_sub-01_run-01_trial-48.wav	4	0.9725	1.0925
sub-01	1	48	thurs	behav_sub-01_run-01_trial-48.wav	5	1.0925	1.3325
sub-01	1	48	thurs	behav_sub-01_run-01_trial-48.wav	6	1.3325	1.5525
sub-01	1	48	thurs	behav_sub-01_run-01_trial-48.wav	7	1.5525	1.7925
sub-01	1	48	thurs	behav_sub-01_run-01_trial-48.wav	8	1.7925	2.0125
sub-01	1	48	thurs	behav_sub-01_run-01_trial-48.wav	9	2.0125	2.1725
sub-01	1	48	thurs	behav_sub-01_run-01_trial-48.wav	10	2.1725	2.2525
sub-01	1	48	thurs	behav_sub-01_run-01_trial-48.wav	11	2.2525	2.4925
sub-01	1	48	thurs	behav_sub-01_run-01_trial-48.wav	12	2.4925	2.7125
sub-01	1	48	thurs	behav_sub-01_run-01_trial-48.wav	13	2.7125	2.9725
sub-01	1	48	thurs	behav_sub-01_run-01_trial-48.wav	14	2.9725	3.2125
sub-01	1	48	thurs	behav_sub-01_run-01_trial-48.wav	15	3.2125	3.4525
sub-01	1	48	thurs	behav_sub-01_run-01_trial-48.wav	16	3.4525	3.6925
sub-01	1	48	thurs	behav_sub-01_run-01_trial-48.wav	17	3.6925	4.1725
sub-01	1	48	thurs	behav_sub-01_run-01_trial-48.wav	18	4.1725	4.3725
sub-01	1	48	thurs	behav_sub-01_run-01_trial-48.wav	19	4.3725	4.5000
sub-01	1	49	naw	behav_sub-01_run-01_trial-49.wav	1	0.3125	0.4525
sub-01	1	49	naw	behav_sub-01_run-01_trial-49.wav	2	0.4525	0.6525
sub-01	1	49	naw	behav_sub-01_run-01_trial-49.wav	3	0.6525	0.8125
sub-01	1	49	naw	behav_sub-01_run-01_trial-49.wav	4	0.8125	0.9925
sub-01	1	49	naw	behav_sub-01_run-01_trial-49.wav	5	0.9925	1.1725
sub-01	1	49	naw	behav_sub-01_run-01_trial-49.wav	6	1.1725	1.3725
sub-01	1	49	naw	behav_sub-01_run-01_trial-49.wav	7	1.3725	1.5325
sub-01	1	49	naw	behav_sub-01_run-01_trial-49.wav	8	1.5325	1.7125
sub-01	1	49	naw	behav_sub-01_run-01_trial-49.wav	9	1.7125	1.8925
sub-01	1	49	naw	behav_sub-01_run-01_trial-49.wav	10	1.8925	2.0725
sub-01	1	49	naw	behav_sub-01_run-01_trial-49.wav	11	2.0725	2.2525
sub-01	1	49	naw	behav_sub-01_run-01_trial-49.wav	12	2.2525	2.4325
sub-01	1	49	naw	behav_sub-01_run-01_trial-49.wav	13	2.4325	2.6325
sub-01	1	49	naw	behav_sub-01_run-01_trial-49.wav	14	2.6325	2.8125
sub-01	1	49	naw	behav_sub-01_run-01_trial-49.wav	15	2.8125	2.9725
sub-01	1	49	naw	behav_sub-01_run-01_trial-49.wav	16	2.9725	3.1525
sub-01	1	49	naw	behav_sub-01_run-01_trial-49.wav	17	3.1525	3.3325
sub-01	1	49	naw	behav_sub-01_run-01_trial-49.wav	18	3.3325	3.4925
sub-01	1	49	naw	behav_sub-01_run-01_trial-49.wav	19	3.4925	3.6725
sub-01	1	49	naw	behav_sub-01_run-01_trial-49.wav	20	3.6725	3.8525
sub-01	1	49	naw	behav_sub-01_run-01_trial-49.wav	21	3.8525	4.0325
sub-01	1	50	per	behav_sub-01_run-01_trial-50.wav	1	0.4325	0.5525
sub-01	1	50	per	behav_sub-01_run-01_trial-50.wav	2	0.6125	0.7325
sub-01	1	50	per	behav_sub-01_run-01_trial-50.wav	3	0.7325	0.8925
sub-01	1	50	per	behav_sub-01_run-01_trial-50.wav	4	0.9525	1.0725
sub-01	1	50	per	behav_sub-01_run-01_trial-50.wav	5	1.1325	1.2325
sub-01	1	50	per	behav_sub-01_run-01_trial-50.wav	6	1.2925	1.3925
sub-01	1	50	per	behav_sub-01_run-01_trial-50.wav	7	1.4725	1.5925
sub-01	1	50	per	behav_sub-01_run-01_trial-50.wav	8	1.6525	1.7525
sub-01	1	50	per	behav_sub-01_run-01_trial-50.wav	9	1.8325	1.9125
sub-01	1	50	per	behav_sub-01_run-01_trial-50.wav	10	1.9925	2.1125
sub-01	1	50	per	behav_sub-01_run-01_trial-50.wav	11	2.1925	2.2925
sub-01	1	50	per	behav_sub-01_run-01_trial-50.wav	12	2.2925	2.4325
sub-01	1	50	per	behav_sub-01_run-01_trial-50.wav	13	2.5125	2.6125
sub-01	1	50	per	behav_sub-01_run-01_trial-50.wav	14	2.6925	2.8125
sub-01	1	50	per	behav_sub-01_run-01_trial-50.wav	15	2.8925	2.9725
sub-01	1	50	per	behav_sub-01_run-01_trial-50.wav	16	3.0525	3.1525
sub-01	1	50	per	behav_sub-01_run-01_trial-50.wav	17	3.2325	3.3325
sub-01	1	50	per	behav_sub-01_run-01_trial-50.wav	18	3.4125	3.5525
sub-01	1	50	per	behav_sub-01_run-01_trial-50.wav	19	3.6325	3.7125
sub-01	1	50	per	behav_sub-01_run-01_trial-50.wav	20	3.7925	3.9125
sub-01	1	50	per	behav_sub-01_run-01_trial-50.wav	21	3.9925	4.1125
sub-01	1	50	per	behav_sub-01_run-01_trial-50.wav	22	4.1725	4.3125
sub-01	1	51	ter	behav_sub-01_run-01_trial-51.wav	1	0.4925	0.6925
sub-01	1	51	ter	behav_sub-01_run-01_trial-51.wav	2	0.6925	0.8925
sub-01	1	51	ter	behav_sub-01_run-01_trial-51.wav	3	0.8925	1.0725
sub-01	1	51	ter	behav_sub-01_run-01_trial-51.wav	4	1.1325	1.2925
sub-01	1	51	ter	behav_sub-01_run-01_trial-51.wav	5	1.3525	1.5125
sub-01	1	51	ter	behav_sub-01_run-01_trial-51.wav	6	1.5725	1.7325
sub-01	1	51	ter	behav_sub-01_run-01_trial-51.wav	7	1.7325	1.9725
sub-01	1	51	ter	behav_sub-01_run-01_trial-51.wav	8	1.9725	2.1725
sub-01	1	51	ter	behav_sub-01_run-01_trial-51.wav	9	2.1725	2.4125
sub-01	1	51	ter	behav_sub-01_run-01_trial-51.wav	10	2.4125	2.6125
sub-01	1	51	ter	behav_sub-01_run-01_trial-51.wav	11	2.6125	2.8125
sub-01	1	51	ter	behav_sub-01_run-01_trial-51.wav	12	2.8725	3.0925
sub-01	1	51	ter	behav_sub-01_run-01_trial-51.wav	13	3.0925	3.3125
sub-01	1	51	ter	behav_sub-01_run-01_trial-51.wav	14	3.3725	3.5725
sub-01	1	51	ter	behav_sub-01_run-01_trial-51.wav	15	3.5725	3.7725
sub-01	1	51	ter	behav_sub-01_run-01_trial-51.wav	16	3.7725	3.9725
sub-01	1	51	ter	behav_sub-01_run-01_trial-51.wav	17	3.9725	4.2125
sub-01	1	51	ter	behav_sub-01_run-01_trial-51.wav	18	4.2125	4.3525
sub-01	1	52	fee	behav_sub-01_run-01_trial-52.wav	1	0.5925	0.7325
sub-01	1	52	fee	behav_sub-01_run-01_trial-52.wav	2	0.7325	0.8925
sub-01	1	52	fee	behav_sub-01_run-01_trial-52.wav	3	0.8925	1.0725
sub-01	1	52	fee	behav_sub-01_run-01_trial-52.wav	4	1.1125	1.2325
sub-01	1	52	fee	behav_sub-01_run-01_trial-52.wav	5	1.3125	1.4525
sub-01	1	52	fee	behav_sub-01_run-01_trial-52.wav	6	1.5125	1.6525
sub-01	1	52	fee	behav_sub-01_run-01_trial-52.wav	7	1.6525	1.8125
sub-01	1	52	fee	behav_sub-01_run-01_trial-52.wav	8	1.8725	2.0125
sub-01	1	52	fee	behav_sub-01_run-01_trial-52.wav	9	2.0725	2.1925
sub-01	1	52	fee	behav_sub-01_run-01_trial-52.wav	10	2.2525	2.3725
sub-01	1	52	fee	behav_sub-01_run-01_trial-52.wav	11	2.4525	2.5725
sub-01	1	52	fee	behav_sub-01_run-01_trial-52.wav	12	2.6325	2.7525
sub-01	1	52	fee	behav_sub-01_run-01_trial-52.wav	13	2.8125	2.9525
sub-01	1	52	fee	behav_sub-01_run-01_trial-52.wav	14	2.9925	3.1325
sub-01	1	52	fee	behav_sub-01_run-01_trial-52.wav	15	3.1925	3.3125
sub-01	1	52	fee	behav_sub-01_run-01_trial-52.wav	16	3.3925	3.5325
sub-01	1	52	fee	behav_sub-01_run-01_trial-52.wav	17	3.5925	3.7325
sub-01	1	52	fee	behav_sub-01_run-01_trial-52.wav	18	3.7325	3.9325
sub-01	1	52	fee	behav_sub-01_run-01_trial-52.wav	19	3.9925	4.1525
sub-01	1	52	fee	behav_sub-01_run-01_trial-52.wav	20	4.1925	4.3125
sub-01	1	52	fee	behav_sub-01_run-01_trial-52.wav	21	4.3725	4.4725
sub-01	1	53	thought	behav_sub-01_run-01_trial-53.wav	1	0.4525	0.5725
sub-01	1	53	thought	behav_sub-01_run-01_trial-53.wav	2	0.6525	0.7525
sub-01	1	53	thought	behav_sub-01_run-01_trial-53.wav	3	0.8125	0.9525
sub-01	1	53	thought	behav_sub-01_run-01_trial-53.wav	4	1.0325	1.1325
sub-01	1	53	thought	behav_sub-01_run-01_trial-53.wav	5	1.2125	1.3325
sub-01	1	53	thought	behav_sub-01_run-01_trial-53.wav	6	1.4125	1.5325
sub-01	1	53	thought	behav_sub-01_run-01_trial-53.wav	7	1.6125	1.7325
sub-01	1	53	thought	behav_sub-01_run-01_trial-53.wav	8	1.8125	1.9125
sub-01	1	53	thought	behav_sub-01_run-01_trial-53.wav	9	1.9925	2.1125
sub-01	1	53	thought	behav_sub-01_run-01_trial-53.wav	10	2.1925	2.3125
sub-01	1	53	thought	behav_sub-01_run-01_trial-53.wav	11	2.3925	2.4925
sub-01	1	53	thought	behav_sub-01_run-01_trial-53.wav	12	2.5725	2.7325
sub-01	1	53	thought	behav_sub-01_run-01_trial-53.wav	13	2.7925	2.8925
sub-01	1	53	thought	behav_sub-01_run-01_trial-53.wav	14	2.9725	3.0925
sub-01	1	53	thought	behav_sub-01_run-01_trial-53.wav	15	3.1725	3.2925
sub-01	1	53	thought	behav_sub-01_run-01_trial-53.wav	16	3.3725	3.4925
sub-01	1	53	thought	behav_sub-01_run-01_trial-53.wav	17	3.5725	3.6925
sub-01	1	53	thought	behav_sub-01_run-01_trial-53.wav	18	3.7725	3.8725
sub-01	1	53	thought	behav_sub-01_run-01_trial-53.wav	19	3.9525	4.0725
sub-01	1	53	thought	behav_sub-01_run-01_trial-53.wav	20	4.1525	4.2925
sub-01	1	54	mih	behav_sub-01_run-01_trial-54.wav	1	0.6325	0.7725
sub-01	1	54	mih	behav_sub-01_run-01_trial-54.wav	2	0.7725	0.8925
sub-01	1	54	mih	behav_sub-01_run-01_trial-54.wav	3	0.8925	1.0325
sub-01	1	54	mih	behav_sub-01_run-01_trial-54.wav	4	1.0325	1.1725
sub-01	1	54	mih	behav_sub-01_run-01_trial-54.wav	5	1.1725	1.3325
sub-01	1	54	mih	behav_sub-01_run-01_trial-54.wav	6	1.3325	1.5125
sub-01	1	54	mih	behav_sub-01_run-01_trial-54.wav	7	1.5125	1.6525
sub-01	1	54	mih	behav_sub-01_run-01_trial-54.wav	8	1.6525	1.8125
sub-01	1	54	mih	behav_sub-01_run-01_trial-54.wav	9	1.8125	1.9725
sub-01	1	54	mih	behav_sub-01_run-01_trial-54.wav	10	1.9725	2.1125
sub-01	1	54	mih	behav_sub-01_run-01_trial-54.wav	11	2.1125	2.2725
sub-01	1	54	mih	behav_sub-01_run-01_trial-54.wav	12	2.2725	2.4125
sub-01	1	54	mih	behav_sub-01_run-01_trial-54.wav	13	2.4125	2.5725
sub-01	1	54	mih	behav_sub-01_run-01_trial-54.wav	14	2.5725	2.7325
sub-01	1	54	mih	behav_sub-01_run-01_trial-54.wav	15	2.7325	2.8925
sub-01	1	54	mih	behav_sub-01_run-01_trial-54.wav	16	2.8925	3.0525
sub-01	1	54	mih	behav_sub-01_run-01_trial-54.wav	17	3.0525	3.2125
sub-01	1	54	mih	behav_sub-01_run-01_trial-54.wav	18	3.2125	3.3725
sub-01	1	54	mih	behav_sub-01_run-01_trial-54.wav	19	3.3725	3.5125
sub-01	1	54	mih	behav_sub-01_run-01_trial-54.wav	20	3.5125	3.6525
sub-01	1	54	mih	behav_sub-01_run-01_trial-54.wav	21	3.6525	3.8125
sub-01	1	54	mih	behav_sub-01_run-01_trial-54.wav	22	3.8125	3.9725
sub-01	1	54	mih	behav_sub-01_run-01_trial-54.wav	23	3.9725	4.1325
sub-01	1	54	mih	behav_sub-01_run-01_trial-54.wav	24	4.1325	4.2925
sub-01	1	55	thurs	behav_sub-01_run-01_trial-55.wav	1	0.2325	0.3325
sub-01	1	55	thurs	behav_sub-01_run-01_trial-55.wav	2	0.3325	0.5725
sub-01	1	55	thurs	behav_sub-01_run-01_trial-55.wav	3	0.5725	0.8125
sub-01	1	55	thurs	behav_sub-01_run-01_trial-55.wav	4	0.8125	1.0325
sub-01	1	55	thurs	behav_sub-01_run-01_trial-55.wav	5	1.0325	1.2725
sub-01	1	55	thurs	behav_sub-01_run-01_trial-55.wav	6	1.2725	1.4925
sub-01	1	55	thurs	behav_sub-01_run-01_trial-55.wav	7	1.4925	1.7325
sub-01	1	55	thurs	behav_sub-01_run-01_trial-55.wav	8	1.7325	1.9725
sub-01	1	55	thurs	behav_sub-01_run-01_trial-55.wav	9	1.9725	2.2125
sub-01	1	55	thurs	behav_sub-01_run-01_trial-55.wav	10	2.2125	2.4525
sub-01	1	55	thurs	behav_sub-01_run-01_trial-55.wav	11	2.4525	2.6525
sub-01	1	55	thurs	behav_sub-01_run-01_trial-55.wav	12	2.6525	2.9125
sub-01	1	55	thurs	behav_sub-01_run-01_trial-55.wav	13	2.9125	3.3725
sub-01	1	55	thurs	behav_sub-01_run-01_trial-55.wav	14	3.3725	3.6325
sub-01	1	55	thurs	behav_sub-01_run-01_trial-55.wav	15	3.6725	3.8325
sub-01	1	55	thurs	behav_sub-01_run-01_trial-55.wav	16	3.8325	4.2325
sub-01	1	56	pot	behav_sub-01_run-01_trial-56.wav	1	0.9325	1.0525
sub-01	1	56	pot	behav_sub-01_run-01_trial-56.wav	2	1.1125	1.2125
sub-01	1	56	pot	behav_sub-01_run-01_trial-56.wav	3	1.2725	1.3725
sub-01	1	56	pot	behav_sub-01_run-01_trial-56.wav	4	1.4525	1.5325
sub-01	1	56	pot	behav_sub-01_run-01_trial-56.wav	5	1.6125	1.7125
sub-01	1	56	pot	behav_sub-01_run-01_trial-56.wav	6	1.7925	1.8725
sub-01	1	56	pot	behav_sub-01_run-01_trial-56.wav	7	1.9525	2.0525
sub-01	1	56	pot	behav_sub-01_run-01_trial-56.wav	8	2.1125	2.2325
sub-01	1	56	pot	behav_sub-01_run-01_trial-56.wav	9	2.2925	2.4125
sub-01	1	56	pot	behav_sub-01_run-01_trial-56.wav	10	2.5125	2.6325
sub-01	1	56	pot	behav_sub-01_run-01_trial-56.wav	11	2.7125	2.8125
sub-01	1	56	pot	behav_sub-01_run-01_trial-56.wav	12	2.8925	2.9925
sub-01	1	56	pot	behav_sub-01_run-01_trial-56.wav	13	3.0725	3.1925
sub-01	1	56	pot	behav_sub-01_run-01_trial-56.wav	14	3.2525	3.3725
sub-01	1	56	pot	behav_sub-01_run-01_trial-56.wav	15	3.4525	3.5725
sub-01	1	56	pot	behav_sub-01_run-01_trial-56.wav	16	3.6325	3.7525
sub-01	1	56	pot	behav_sub-01_run-01_trial-56.wav	17	3.8125	3.9925
sub-01	1	56	pot	behav_sub-01_run-01_trial-56.wav	18	4.0925	4.2125
sub-01	1	56	pot	behav_sub-01_run-01_trial-56.wav	19	4.2925	4.4125
sub-01	1	57	thought	behav_sub-01_run-01_trial-57.wav	1	0.4925	0.6125
sub-01	1	57	thought	behav_sub-01_run-01_trial-57.wav	2	0.6925	0.8125
sub-01	1	57	thought	behav_sub-01_run-01_trial-57.wav	3	0.8725	0.9725
sub-01	1	57	thought	behav_sub-01_run-01_trial-57.wav	4	1.0525	1.1525
sub-01	1	57	thought	behav_sub-01_run-01_trial-57.wav	5	1.2325	1.3325
sub-01	1	57	thought	behav_sub-01_run-01_trial-57.wav	6	1.3925	1.5125
sub-01	1	57	thought	behav_sub-01_run-01_trial-57.wav	7	1.5925	1.7125
sub-01	1	57	thought	behav_sub-01_run-01_trial-57.wav	8	1.7725	1.8925
sub-01	1	57	thought	behav_sub-01_run-01_trial-57.wav	9	1.9525	2.1325
sub-01	1	57	thought	behav_sub-01_run-01_trial-57.wav	10	2.1325	2.2525
sub-01	1	57	thought	behav_sub-01_run-01_trial-57.wav	11	2.3125	2.4925
sub-01	1	57	thought	behav_sub-01_run-01_trial-57.wav	12	2.4925	2.6125
sub-01	1	57	thought	behav_sub-01_run-01_trial-57.wav	13	2.6925	2.7925
sub-01	1	57	thought	behav_sub-01_run-01_trial-57.wav	14	2.8725	2.9925
sub-01	1	57	thought	behav_sub-01_run-01_trial-57.wav	15	3.0725	3.2525
sub-01	1	57	thought	behav_sub-01_run-01_trial-57.wav	16	3.2525	3.3525
sub-01	1	57	thought	behav_sub-01_run-01_trial-57.wav	17	3.4325	3.5325
sub-01	1	57	thought	behav_sub-01_run-01_trial-57.wav	18	3.6125	3.7125
sub-01	1	57	thought	behav_sub-01_run-01_trial-57.wav	19	3.7725	3.8925
sub-01	1	57	thought	behav_sub-01_run-01_trial-57.wav	20	3.9725	4.0725
sub-01	1	57	thought	behav_sub-01_run-01_trial-57.wav	21	4.1525	4.3125
sub-01	1	58	pie	behav_sub-01_run-01_trial-58.wav	1	0.7725	0.8725
sub-01	1	58	pie	behav_sub-01_run-01_trial-58.wav	2	0.9125	1.0525
sub-01	1	58	pie	behav_sub-01_run-01_trial-58.wav	3	1.0925	1.2525
sub-01	1	58	pie	behav_sub-01_run-01_trial-58.wav	4	1.2525	1.3925
sub-01	1	58	pie	behav_sub-01_run-01_trial-58.wav	5	1.4525	1.5725
sub-01	1	58	pie	behav_sub-01_run-01_trial-58.wav	6	1.6325	1.7525
sub-01	1	58	pie	behav_sub-01_run-01_trial-58.wav	7	1.8125	1.9125
sub-01	1	58	pie	behav_sub-01_run-01_trial-58.wav	8	1.9925	2.0925
sub-01	1	58	pie	behav_sub-01_run-01_trial-58.wav	9	2.1725	2.2725
sub-01	1	58	pie	behav_sub-01_run-01_trial-58.wav	10	2.3525	2.4325
sub-01	1	58	pie	behav_sub-01_run-01_trial-58.wav	11	2.5125	2.6125
sub-01	1	58	pie	behav_sub-01_run-01_trial-58.wav	12	2.6925	2.7925
sub-01	1	58	pie	behav_sub-01_run-01_trial-58.wav	13	2.8725	2.9925
sub-01	1	58	pie	behav_sub-01_run-01_trial-58.wav	14	3.0525	3.1525
sub-01	1	58	pie	behav_sub-01_run-01_trial-58.wav	15	3.2325	3.3325
sub-01	1	58	pie	behav_sub-01_run-01_trial-58.wav	16	3.4125	3.5125
sub-01	1	58	pie	behav_sub-01_run-01_trial-58.wav	17	3.6125	3.7125
sub-01	1	58	pie	behav_sub-01_run-01_trial-58.wav	18	3.7725	4.0325
sub-01	1	59	per	behav_sub-01_run-01_trial-59.wav	1	0.2125	0.2925
sub-01	1	59	per	behav_sub-01_run-01_trial-59.wav	2	0.3525	0.4725
sub-01	1	59	per	behav_sub-01_run-01_trial-59.wav	3	0.5125	0.6325
sub-01	1	59	per	behav_sub-01_run-01_trial-59.wav	4	0.6725	0.8125
sub-01	1	59	per	behav_sub-01_run-01_trial-59.wav	5	0.8725	0.9725
sub-01	1	59	per	behav_sub-01_run-01_trial-59.wav	6	1.0125	1.1525
sub-01	1	59	per	behav_sub-01_run-01_trial-59.wav	7	1.2125	1.3325
sub-01	1	59	per	behav_sub-01_run-01_trial-59.wav	8	1.3325	1.4325
sub-01	1	59	per	behav_sub-01_run-01_trial-59.wav	9	1.5125	1.6325
sub-01	1	59	per	behav_sub-01_run-01_trial-59.wav	10	1.6925	1.8125
sub-01	1	59	per	behav_sub-01_run-01_trial-59.wav	11	1.9125	1.9725
sub-01	1	59	per	behav_sub-01_run-01_trial-59.wav	12	2.0525	2.1725
sub-01	1	59	per	behav_sub-01_run-01_trial-59.wav	13	2.2525	2.3525
sub-01	1	59	per	behav_sub-01_run-01_trial-59.wav	14	2.4325	2.5525
sub-01	1	59	per	behav_sub-01_run-01_trial-59.wav	15	2.7725	2.8925
sub-01	1	59	per	behav_sub-01_run-01_trial-59.wav	16	2.9525	3.0725
sub-01	1	59	per	behav_sub-01_run-01_trial-59.wav	17	3.1325	3.2125
sub-01	1	59	per	behav_sub-01_run-01_trial-59.wav	18	3.2925	3.3725
sub-01	1	59	per	behav_sub-01_run-01_trial-59.wav	19	3.4525	3.5725
sub-01	1	59	per	behav_sub-01_run-01_trial-59.wav	20	3.6325	3.7325
sub-01	1	59	per	behav_sub-01_run-01_trial-59.wav	21	3.7925	3.8925
sub-01	1	59	per	behav_sub-01_run-01_trial-59.wav	22	3.9725	4.1125
sub-01	1	60	thurs	behav_sub-01_run-01_trial-60.wav	1	0.4525	0.5725
sub-01	1	60	thurs	behav_sub-01_run-01_trial-60.wav	2	0.5725	0.7725
sub-01	1	60	thurs	behav_sub-01_run-01_trial-60.wav	3	0.7725	0.9725
sub-01	1	60	thurs	behav_sub-01_run-01_trial-60.wav	4	0.9725	1.1725
sub-01	1	60	thurs	behav_sub-01_run-01_trial-60.wav	5	1.1725	1.3725
sub-01	1	60	thurs	behav_sub-01_run-01_trial-60.wav	6	1.3725	1.5725
sub-01	1	60	thurs	behav_sub-01_run-01_trial-60.wav	7	1.5725	1.7325
sub-01	1	60	thurs	behav_sub-01_run-01_trial-60.wav	8	1.7325	1.9525
sub-01	1	60	thurs	behav_sub-01_run-01_trial-60.wav	9	1.9525	2.1725
sub-01	1	60	thurs	behav_sub-01_run-01_trial-60.wav	10	2.1725	2.3725
sub-01	1	60	thurs	behav_sub-01_run-01_trial-60.wav	11	2.3725	2.5925
sub-01	1	60	thurs	behav_sub-01_run-01_trial-60.wav	12	2.5925	3.0125
sub-01	1	60	thurs	behav_sub-01_run-01_trial-60.wav	13	3.0725	3.1925
sub-01	1	60	thurs	behav_sub-01_run-01_trial-60.wav	14	3.1925	3.3525
sub-01	1	60	thurs	behav_sub-01_run-01_trial-60.wav	15	3.3525	3.4525
sub-01	1	60	thurs	behav_sub-01_run-01_trial-60.wav	16	3.4525	3.6925
sub-01	1	60	thurs	behav_sub-01_run-01_trial-60.wav	17	3.6925	3.9125
sub-01	1	60	thurs	behav_sub-01_run-01_trial-60.wav	18	3.9125	4.2525
sub-01	1	60	thurs	behav_sub-01_run-01_trial-60.wav	19	4.2525	4.4325
sub-01	1	61	naw	behav_sub-01_run-01_trial-61.wav	1	0.4525	0.5725
sub-01	1	61	naw	behav_sub-01_run-01_trial-61.wav	2	0.5725	0.7325
sub-01	1	61	naw	behav_sub-01_run-01_trial-61.wav	3	0.7325	0.8925
sub-01	1	61	naw	behav_sub-01_run-01_trial-61.wav	4	0.8925	1.0525
sub-01	1	61	naw	behav_sub-01_run-01_trial-61.wav	5	1.0525	1.2125
sub-01	1	61	naw	behav_sub-01_run-01_trial-61.wav	6	1.2125	1.3725
sub-01	1	61	naw	behav_sub-01_run-01_trial-61.wav	7	1.3725	1.5325
sub-01	1	61	naw	behav_sub-01_run-01_trial-61.wav	8	1.5325	1.6925
sub-01	1	61	naw	behav_sub-01_run-01_trial-61.wav	9	1.6925	1.8725
sub-01	1	61	naw	behav_sub-01_run-01_trial-61.wav	10	1.8725	2.0325
sub-01	1	61	naw	behav_sub-01_run-01_trial-61.wav	11	2.0325	2.2125
sub-01	1	61	naw	behav_sub-01_run-01_trial-61.wav	12	2.2125	2.3925
sub-01	1	61	naw	behav_sub-01_run-01_trial-61.wav	13	2.3925	2.5525
sub-01	1	61	naw	behav_sub-01_run-01_trial-61.wav	14	2.5525	2.7325
sub-01	1	61	naw	behav_sub-01_run-01_trial-61.wav	15	2.7325	2.8925
sub-01	1	61	naw	behav_sub-01_run-01_trial-61.wav	16	2.8925	3.0525
sub-01	1	61	naw	behav_sub-01_run-01_trial-61.wav	17	3.0525	3.2125
sub-01	1	61	naw	behav_sub-01_run-01_trial-61.wav	18	3.2125	3.3925
sub-01	1	61	naw	behav_sub-01_run-01_trial-61.wav	19	3.3925	3.5725
sub-01	1	61	naw	behav_sub-01_run-01_trial-61.wav	20	3.5725	3.7325
sub-01	1	61	naw	behav_sub-01_run-01_trial-61.wav	21	3.7325	3.8925
sub-01	1	61	naw	behav_sub-01_run-01_trial-61.wav	22	3.8925	4.0725
sub-01	1	61	naw	behav_sub-01_run-01_trial-61.wav	23	4.0725	4.2325
sub-01	1	61	naw	behav_sub-01_run-01_trial-61.wav	24	4.2325	4.4325
sub-01	1	62	pot	behav_sub-01_run-01_trial-62.wav	1	0.7525	0.8925
sub-01	1	62	pot	behav_sub-01_run-01_trial-62.wav	2	0.8925	1.0125
sub-01	1	62	pot	behav_sub-01_run-01_trial-62.wav	3	1.0725	1.1925
sub-01	1	62	pot	behav_sub-01_run-01_trial-62.wav	4	1.2325	1.3525
sub-01	1	62	pot	behav_sub-01_run-01_trial-62.wav	5	1.4125	1.5125
sub-01	1	62	pot	behav_sub-01_run-01_trial-62.wav	6	1.5725	1.6925
sub-01	1	62	pot	behav_sub-01_run-01_trial-62.wav	7	1.7325	1.8525
sub-01	1	62	pot	behav_sub-01_run-01_trial-62.wav	8	1.9325	2.0725
sub-01	1	62	pot	behav_sub-01_run-01_trial-62.wav	9	2.1525	2.2725
sub-01	1	62	pot	behav_sub-01_run-01_trial-62.wav	10	2.3525	2.4725
sub-01	1	62	pot	behav_sub-01_run-01_trial-62.wav	11	2.5325	2.6525
sub-01	1	62	pot	behav_sub-01_run-01_trial-62.wav	12	2.7125	2.8325
sub-01	1	62	pot	behav_sub-01_run-01_trial-62.wav	13	2.8925	2.9925
sub-01	1	62	pot	behav_sub-01_run-01_trial-62.wav	14	3.0525	3.1925
sub-01	1	62	pot	behav_sub-01_run-01_trial-62.wav	15	3.2525	3.3925
sub-01	1	62	pot	behav_sub-01_run-01_trial-62.wav	16	3.4525	3.5925
sub-01	1	62	pot	behav_sub-01_run-01_trial-62.wav	17	3.6525	3.7525
sub-01	1	62	pot	behav_sub-01_run-01_trial-62.wav	18	3.8325	3.9725
sub-01	1	62	pot	behav_sub-01_run-01_trial-62.wav	19	4.0525	4.1525
sub-01	1	62	pot	behav_sub-01_run-01_trial-62.wav	20	4.2525	4.3525
sub-01	1	62	pot	behav_sub-01_run-01_trial-62.wav	21	4.4325	4.5000
sub-01	1	63	fee	behav_sub-01_run-01_trial-63.wav	1	0.4725	0.6125
sub-01	1	63	fee	behav_sub-01_run-01_trial-63.wav	2	0.6125	0.7925
sub-01	1	63	fee	behav_sub-01_run-01_trial-63.wav	3	0.7925	0.9525
sub-01	1	63	fee	behav_sub-01_run-01_trial-63.wav	4	0.9525	1.0925
sub-01	1	63	fee	behav_sub-01_run-01_trial-63.wav	5	1.0925	1.2525
sub-01	1	63	fee	behav_sub-01_run-01_trial-63.wav	6	1.2525	1.4125
sub-01	1	63	fee	behav_sub-01_run-01_trial-63.wav	7	1.4125	1.5725
sub-01	1	63	fee	behav_sub-01_run-01_trial-63.wav	8	1.5725	1.7125
sub-01	1	63	fee	behav_sub-01_run-01_trial-63.wav	9	1.7725	1.8725
sub-01	1	63	fee	behav_sub-01_run-01_trial-63.wav	10	1.9325	2.0325
sub-01	1	63	fee	behav_sub-01_run-01_trial-63.wav	11	2.0925	2.2125
sub-01	1	63	fee	behav_sub-01_run-01_trial-63.wav	12	2.2125	2.3525
sub-01	1	63	fee	behav_sub-01_run-01_trial-63.wav	13	2.3525	2.5125
sub-01	1	63	fee	behav_sub-01_run-01_trial-63.wav	14	2.5125	2.6525
sub-01	1	63	fee	behav_sub-01_run-01_trial-63.wav	15	2.6925	2.8125
sub-01	1	63	fee	behav_sub-01_run-01_trial-63.wav	16	2.8525	2.9925
sub-01	1	63	fee	behav_sub-01_run-01_trial-63.wav	17	2.9925	3.1525
sub-01	1	63	fee	behav_sub-01_run-01_trial-63.wav	18	3.1525	3.3525
sub-01	1	63	fee	behav_sub-01_run-01_trial-63.wav	19	3.4125	3.5325
sub-01	1	63	fee	behav_sub-01_run-01_trial-63.wav	20	3.5925	3.7125
sub-01	1	63	fee	behav_sub-01_run-01_trial-63.wav	21	3.7925	3.9125
sub-01	1	63	fee	behav_sub-01_run-01_trial-63.wav	22	3.9125	4.0925
sub-01	1	63	fee	behav_sub-01_run-01_trial-63.wav	23	4.0925	4.2325
sub-01	1	63	fee	behav_sub-01_run-01_trial-63.wav	24	4.2725	4.3925
sub-01	1	64	day	behav_sub-01_run-01_trial-64.wav	1	0.5525	0.6725
sub-01	1	64	day	behav_sub-01_run-01_trial-64.wav	2	0.6725	0.8125
sub-01	1	64	day	behav_sub-01_run-01_trial-64.wav	3	0.8125	0.9925
sub-01	1	64	day	behav_sub-01_run-01_trial-64.wav	4	0.9925	1.1325
sub-01	1	64	day	behav_sub-01_run-01_trial-64.wav	5	1.1325	1.2925
sub-01	1	64	day	behav_sub-01_run-01_trial-64.wav	6	1.2925	1.4525
sub-01	1	64	day	behav_sub-01_run-01_trial-64.wav	7	1.4525	1.5725
sub-01	1	64	day	behav_sub-01_run-01_trial-64.wav	8	1.6125	1.7525
sub-01	1	64	day	behav_sub-01_run-01_trial-64.wav	9	1.7525	1.9325
sub-01	1	64	day	behav_sub-01_run-01_trial-64.wav	10	1.9325	2.0525
sub-01	1	64	day	behav_sub-01_run-01_trial-64.wav	11	2.0525	2.2125
sub-01	1	64	day	behav_sub-01_run-01_trial-64.wav	12	2.2125	2.3725
sub-01	1	64	day	behav_sub-01_run-01_trial-64.wav	13	2.3725	2.5325
sub-01	1	64	day	behav_sub-01_run-01_trial-64.wav	14	2.5325	2.6925
sub-01	1	64	day	behav_sub-01_run-01_trial-64.wav	15	2.6925	2.8325
sub-01	1	64	day	behav_sub-01_run-01_trial-64.wav	16	2.8725	3.0125
sub-01	1	64	day	behav_sub-01_run-01_trial-64.wav	17	3.0125	3.1525
sub-01	1	64	day	behav_sub-01_run-01_trial-64.wav	18	3.2125	3.3525
sub-01	1	64	day	behav_sub-01_run-01_trial-64.wav	19	3.3525	3.5325
sub-01	1	64	day	behav_sub-01_run-01_trial-64.wav	20	3.5325	3.7125
sub-01	1	64	day	behav_sub-01_run-01_trial-64.wav	21	3.7725	3.9125
sub-01	1	64	day	behav_sub-01_run-01_trial-64.wav	22	3.9925	4.1925
sub-01	1	64	day	behav_sub-01_run-01_trial-64.wav	23	4.2725	4.4325
sub-01	2	1	pot	behav_sub-01_run-02_trial-01.wav	1	0.7925	0.9125
sub-01	2	1	pot	behav_sub-01_run-02_trial-01.wav	2	0.9725	1.1125
sub-01	2	1	pot	behav_sub-01_run-02_trial-01.wav	3	1.1725	1.3325
sub-01	2	1	pot	behav_sub-01_run-02_trial-01.wav	4	1.3325	1.4725
sub-01	2	1	pot	behav_sub-01_run-02_trial-01.wav	5	1.5325	1.6925
sub-01	2	1	pot	behav_sub-01_run-02_trial-01.wav	6	1.7525	1.8925
sub-01	2	1	pot	behav_sub-01_run-02_trial-01.wav	7	1.9525	2.0725
sub-01	2	1	pot	behav_sub-01_run-02_trial-01.wav	8	2.1325	2.2925
sub-01	2	1	pot	behav_sub-01_run-02_trial-01.wav	9	2.3525	2.4925
sub-01	2	1	pot	behav_sub-01_run-02_trial-01.wav	10	2.5525	2.6725
sub-01	2	1	pot	behav_sub-01_run-02_trial-01.wav	11	2.7525	2.8925
sub-01	2	1	pot	behav_sub-01_run-02_trial-01.wav	12	2.9525	3.0725
sub-01	2	1	pot	behav_sub-01_run-02_trial-01.wav	13	3.1525	3.2925
sub-01	2	1	pot	behav_sub-01_run-02_trial-01.wav	14	3.3525	3.5125
sub-01	2	1	pot	behav_sub-01_run-02_trial-01.wav	15	3.5925	3.7325
sub-01	2	1	pot	behav_sub-01_run-02_trial-01.wav	16	3.8125	3.9725
sub-01	2	1	pot	behav_sub-01_run-02_trial-01.wav	17	4.0525	4.2125
sub-01	2	2	thurs	behav_sub-01_run-02_trial-02.wav	1	0.5725	0.6925
sub-01	2	2	thurs	behav_sub-01_run-02_trial-02.wav	2	0.6925	0.8925
sub-01	2	2	thurs	behav_sub-01_run-02_trial-02.wav	3	0.8925	1.1325
sub-01	2	2	thurs	behav_sub-01_run-02_trial-02.wav	4	1.1325	1.3325
sub-01	2	2	thurs	behav_sub-01_run-02_trial-02.wav	5	1.3325	1.5725
sub-01	2	2	thurs	behav_sub-01_run-02_trial-02.wav	6	1.5725	1.8125
sub-01	2	2	thurs	behav_sub-01_run-02_trial-02.wav	7	1.8125	2.0525
sub-01	2	2	thurs	behav_sub-01_run-02_trial-02.wav	8	2.0525	2.2725
sub-01	2	2	thurs	behav_sub-01_run-02_trial-02.wav	9	2.2725	2.5125
sub-01	2	2	thurs	behav_sub-01_run-02_trial-02.wav	10	2.5125	2.7525
sub-01	2	2	thurs	behav_sub-01_run-02_trial-02.wav	11	2.7525	2.9925
sub-01	2	2	thurs	behav_sub-01_run-02_trial-02.wav	12	2.9925	3.2325
sub-01	2	2	thurs	behav_sub-01_run-02_trial-02.wav	13	3.2325	3.4925
sub-01	2	2	thurs	behav_sub-01_run-02_trial-02.wav	14	3.4925	3.7325
sub-01	2	2	thurs	behav_sub-01_run-02_trial-02.wav	15	3.7325	3.9525
sub-01	2	2	thurs	behav_sub-01_run-02_trial-02.wav	16	3.9525	4.1925
sub-01	2	2	thurs	behav_sub-01_run-02_trial-02.wav	17	4.1925	4.4725
sub-01	2	3	pie	behav_sub-01_run-02_trial-03.wav	1	0.3125	0.4125
sub-01	2	3	pie	behav_sub-01_run-02_trial-03.wav	2	0.4125	0.5525
sub-01	2	3	pie	behav_sub-01_run-02_trial-03.wav	3	0.5925	0.7125
sub-01	2	3	pie	behav_sub-01_run-02_trial-03.wav	4	0.7725	0.8725
sub-01	2	3	pie	behav_sub-01_run-02_trial-03.wav	5	0.9325	1.0525
sub-01	2	3	pie	behav_sub-01_run-02_trial-03.wav	6	1.1125	1.2325
sub-01	2	3	pie	behav_sub-01_run-02_trial-03.wav	7	1.2925	1.4125
sub-01	2	3	pie	behav_sub-01_run-02_trial-03.wav	8	1.4125	1.5925
sub-01	2	3	pie	behav_sub-01_run-02_trial-03.wav	9	1.6525	1.7925
sub-01	2	3	pie	behav_sub-01_run-02_trial-03.wav	10	1.8325	1.9725
sub-01	2	3	pie	behav_sub-01_run-02_trial-03.wav	11	1.9725	2.1525
sub-01	2	3	pie	behav_sub-01_run-02_trial-03.wav	12	2.2125	2.3325
sub-01	2	3	pie	behav_sub-01_run-02_trial-03.wav	13	2.3925	2.5125
sub-01	2	3	pie	behav_sub-01_run-02_trial-03.wav	14	2.5725	2.7325
sub-01	2	3	pie	behav_sub-01_run-02_trial-03.wav	15	2.7325	2.8925
sub-01	2	3	pie	behav_sub-01_run-02_trial-03.wav	16	2.9725	3.0725
sub-01	2	3	pie	behav_sub-01_run-02_trial-03.wav	17	3.1725	3.3325
sub-01	2	3	pie	behav_sub-01_run-02_trial-03.wav	18	3.3925	3.5525
sub-01	2	4	thought	behav_sub-01_run-02_trial-04.wav	1	0.3725	0.4925
sub-01	2	4	thought	behav_sub-01_run-02_trial-04.wav	2	0.5325	0.6525
sub-01	2	4	thought	behav_sub-01_run-02_trial-04.wav	3	0.7125	0.8125
sub-01	2	4	thought	behav_sub-01_run-02_trial-04.wav	4	0.8725	0.9725
sub-01	2	4	thought	behav_sub-01_run-02_trial-04.wav	5	1.0525	1.1525
sub-01	2	4	thought	behav_sub-01_run-02_trial-04.wav	6	1.2125	1.3125
sub-01	2	4	thought	behav_sub-01_run-02_trial-04.wav	7	1.3725	1.4725
sub-01	2	4	thought	behav_sub-01_run-02_trial-04.wav	8	1.5525	1.6525
sub-01	2	4	thought	behav_sub-01_run-02_trial-04.wav	9	1.7325	1.8325
sub-01	2	4	thought	behav_sub-01_run-02_trial-04.wav	10	1.9125	2.0325
sub-01	2	4	thought	behav_sub-01_run-02_trial-04.wav	11	2.0925	2.1925
sub-01	2	4	thought	behav_sub-01_run-02_trial-04.wav	12	2.2725	2.3925
sub-01	2	4	thought	behav_sub-01_run-02_trial-04.wav	13	2.4525	2.5725
sub-01	2	4	thought	behav_sub-01_run-02_trial-04.wav	14	2.6325	2.7525
sub-01	2	4	thought	behav_sub-01_run-02_trial-04.wav	15	2.8325	2.9125
sub-01	2	4	thought	behav_sub-01_run-02_trial-04.wav	16	2.9925	3.1125
sub-01	2	4	thought	behav_sub-01_run-02_trial-04.wav	17	3.1725	3.2925
sub-01	2	4	thought	behav_sub-01_run-02_trial-04.wav	18	3.3525	3.4725
sub-01	2	4	thought	behav_sub-01_run-02_trial-04.wav	19	3.5325	3.6525
sub-01	2	4	thought	behav_sub-01_run-02_trial-04.wav	20	3.7325	3.8525
sub-01	2	4	thought	behav_sub-01_run-02_trial-04.wav	21	3.9325	4.0325
sub-01	2	4	thought	behav_sub-01_run-02_trial-04.wav	22	4.1125	4.2325
sub-01	2	4	thought	behav_sub-01_run-02_trial-04.wav	23	4.2925	4.4525
sub-01	2	5	mih	behav_sub-01_run-02_trial-05.wav	1	0.5125	0.6325
sub-01	2	5	mih	behav_sub-01_run-02_trial-05.wav	2	0.6325	0.7925
sub-01	2	5	mih	behav_sub-01_run-02_trial-05.wav	3	0.7925	0.9325
sub-01	2	5	mih	behav_sub-01_run-02_trial-05.wav	4	0.9325	1.1125
sub-01	2	5	mih	behav_sub-01_run-02_trial-05.wav	5	1.1125	1.2525
sub-01	2	5	mih	behav_sub-01_run-02_trial-05.wav	6	1.2525	1.4125
sub-01	2	5	mih	behav_sub-01_run-02_trial-05.wav	7	1.4125	1.5725
sub-01	2	5	mih	behav_sub-01_run-02_trial-05.wav	8	1.5725	1.7325
sub-01	2	5	mih	behav_sub-01_run-02_trial-05.wav	9	1.7325	1.9125
sub-01	2	5	mih	behav_sub-01_run-02_trial-05.wav	10	1.9125	2.0525
sub-01	2	5	mih	behav_sub-01_run-02_trial-05.wav	11	2.0525	2.2125
sub-01	2	5	mih	behav_sub-01_run-02_trial-05.wav	12	2.2125	2.3725
sub-01	2	5	mih	behav_sub-01_run-02_trial-05.wav	13	2.3725	2.5525
sub-01	2	5	mih	behav_sub-01_run-02_trial-05.wav	14	2.5525	2.7125
sub-01	2	5	mih	behav_sub-01_run-02_trial-05.wav	15	2.7125	2.8725
sub-01	2	5	mih	behav_sub-01_run-02_trial-05.wav	16	2.8725	3.0525
sub-01	2	5	mih	behav_sub-01_run-02_trial-05.wav	17	3.0525	3.2125
sub-01	2	5	mih	behav_sub-01_run-02_trial-05.wav	18	3.2125	3.3725
sub-01	2	5	mih	behav_sub-01_run-02_trial-05.wav	19	3.3725	3.5525
sub-01	2	5	mih	behav_sub-01_run-02_trial-05.wav	20	3.5525	3.7125
sub-01	2	5	mih	behav_sub-01_run-02_trial-05.wav	21	3.7125	3.8725
sub-01	2	5	mih	behav_sub-01_run-02_trial-05.wav	22	3.8725	4.0325
sub-01	2	5	mih	behav_sub-01_run-02_trial-05.wav	23	4.0325	4.1925
sub-01	2	5	mih	behav_sub-01_run-02_trial-05.wav	24	4.1925	4.3325
sub-01	2	5	mih	behav_sub-01_run-02_trial-05.wav	25	4.3325	4.4725
sub-01	2	6	ser	behav_sub-01_run-02_trial-06.wav	1	0.3525	0.4925
sub-01	2	6	ser	behav_sub-01_run-02_trial-06.wav	2	0.4925	0.6925
sub-01	2	6	ser	behav_sub-01_run-02_trial-06.wav	3	0.6925	0.8525
sub-01	2	6	ser	behav_sub-01_run-02_trial-06.wav	4	0.8525	1.0525
sub-01	2	6	ser	behav_sub-01_run-02_trial-06.wav	5	1.0525	1.2525
sub-01	2	6	ser	behav_sub-01_run-02_trial-06.wav	6	1.2525	1.4725
sub-01	2	6	ser	behav_sub-01_run-02_trial-06.wav	7	1.4725	1.6725
sub-01	2	6	ser	behav_sub-01_run-02_trial-06.wav	8	1.6725	1.8925
sub-01	2	6	ser	behav_sub-01_run-02_trial-06.wav	9	1.8925	2.1125
sub-01	2	6	ser	behav_sub-01_run-02_trial-06.wav	10	2.1125	2.3325
sub-01	2	6	ser	behav_sub-01_run-02_trial-06.wav	11	2.3325	2.5525
sub-01	2	6	ser	behav_sub-01_run-02_trial-06.wav	12	2.5525	2.7525
sub-01	2	6	ser	behav_sub-01_run-02_trial-06.wav	13	2.7525	2.9525
sub-01	2	6	ser	behav_sub-01_run-02_trial-06.wav	14	2.9525	3.1925
sub-01	2	6	ser	behav_sub-01_run-02_trial-06.wav	15	3.1925	3.4325
sub-01	2	6	ser	behav_sub-01_run-02_trial-06.wav	16	3.4325	3.6725
sub-01	2	6	ser	behav_sub-01_run-02_trial-06.wav	17	3.6725	3.8725
sub-01	2	6	ser	behav_sub-01_run-02_trial-06.wav	18	3.8725	4.1325
sub-01	2	7	naw	behav_sub-01_run-02_trial-07.wav	1	0.3525	0.5325
sub-01	2	7	naw	behav_sub-01_run-02_trial-07.wav	2	0.5325	0.6925
sub-01	2	7	naw	behav_sub-01_run-02_trial-07.wav	3	0.6925	0.8525
sub-01	2	7	naw	behav_sub-01_run-02_trial-07.wav	4	0.8525	1.0325
sub-01	2	7	naw	behav_sub-01_run-02_trial-07.wav	5	1.0325	1.1925
sub-01	2	7	naw	behav_sub-01_run-02_trial-07.wav	6	1.1925	1.3725
sub-01	2	7	naw	behav_sub-01_run-02_trial-07.wav	7	1.3725	1.5525
sub-01	2	7	naw	behav_sub-01_run-02_trial-07.wav	8	1.5525	1.7325
sub-01	2	7	naw	behav_sub-01_run-02_trial-07.wav	9	1.7325	1.9125
sub-01	2	7	naw	behav_sub-01_run-02_trial-07.wav	10	1.9125	2.0725
sub-01	2	7	naw	behav_sub-01_run-02_trial-07.wav	11	2.0725	2.2525
sub-01	2	7	naw	behav_sub-01_run-02_trial-07.wav	12	2.2525	2.4325
sub-01	2	7	naw	behav_sub-01_run-02_trial-07.wav	13	2.4325	2.6125
sub-01	2	7	naw	behav_sub-01_run-02_trial-07.wav	14	2.6125	2.7725
sub-01	2	7	naw	behav_sub-01_run-02_trial-07.wav	15	2.7725	2.9325
sub-01	2	7	naw	behav_sub-01_run-02_trial-07.wav	16	2.9325	3.1125
sub-01	2	7	naw	behav_sub-01_run-02_trial-07.wav	17	3.1125	3.2925
sub-01	2	7	naw	behav_sub-01_run-02_trial-07.wav	18	3.2925	3.4925
sub-01	2	7	naw	behav_sub-01_run-02_trial-07.wav	19	3.4925	3.6525
sub-01	2	7	naw	behav_sub-01_run-02_trial-07.wav	20	3.6525	3.8125
sub-01	2	7	naw	behav_sub-01_run-02_trial-07.wav	21	3.8125	3.9925
sub-01	2	7	naw	behav_sub-01_run-02_trial-07.wav	22	3.9925	4.1725
sub-01	2	7	naw	behav_sub-01_run-02_trial-07.wav	23	4.1725	4.3525
sub-01	2	7	naw	behav_sub-01_run-02_trial-07.wav	24	4.3525	4.5000
sub-01	2	8	per	behav_sub-01_run-02_trial-08.wav	1	0.6925	0.8125
sub-01	2	8	per	behav_sub-01_run-02_trial-08.wav	2	0.8125	0.9725
sub-01	2	8	per	behav_sub-01_run-02_trial-08.wav	3	1.0125	1.1325
sub-01	2	8	per	behav_sub-01_run-02_trial-08.wav	4	1.1725	1.2925
sub-01	2	8	per	behav_sub-01_run-02_trial-08.wav	5	1.2925	1.4325
sub-01	2	8	per	behav_sub-01_run-02_trial-08.wav	6	1.5125	1.6125
sub-01	2	8	per	behav_sub-01_run-02_trial-08.wav	7	1.6725	1.7925
sub-01	2	8	per	behav_sub-01_run-02_trial-08.wav	8	1.8325	1.9325
sub-01	2	8	per	behav_sub-01_run-02_trial-08.wav	9	2.0125	2.0925
sub-01	2	8	per	behav_sub-01_run-02_trial-08.wav	10	2.1525	2.2725
sub-01	2	8	per	behav_sub-01_run-02_trial-08.wav	11	2.3325	2.4325
sub-01	2	8	per	behav_sub-01_run-02_trial-08.wav	12	2.4925	2.5925
sub-01	2	8	per	behav_sub-01_run-02_trial-08.wav	13	2.6925	2.7725
sub-01	2	8	per	behav_sub-01_run-02_trial-08.wav	14	2.8525	2.9125
sub-01	2	8	per	behav_sub-01_run-02_trial-08.wav	15	2.9925	3.0925
sub-01	2	8	per	behav_sub-01_run-02_trial-08.wav	16	3.1525	3.2725
sub-01	2	8	per	behav_sub-01_run-02_trial-08.wav	17	3.3525	3.4325
sub-01	2	8	per	behav_sub-01_run-02_trial-08.wav	18	3.5325	3.6525
sub-01	2	8	per	behav_sub-01_run-02_trial-08.wav	19	3.7325	3.8325
sub-01	2	8	per	behav_sub-01_run-02_trial-08.wav	20	3.9125	4.0125
sub-01	2	8	per	behav_sub-01_run-02_trial-08.wav	21	4.0925	4.1925
sub-01	2	8	per	behav_sub-01_run-02_trial-08.wav	22	4.2525	4.3925
sub-01	2	9	pot	behav_sub-01_run-02_trial-09.wav	1	0.5525	0.6925
sub-01	2	9	pot	behav_sub-01_run-02_trial-09.wav	2	0.6925	0.8525
sub-01	2	9	pot	behav_sub-01_run-02_trial-09.wav	3	0.8925	1.0525
sub-01	2	9	pot	behav_sub-01_run-02_trial-09.wav	4	1.0525	1.1725
sub-01	2	9	pot	behav_sub-01_run-02_trial-09.wav	5	1.2525	1.3525
sub-01	2	9	pot	behav_sub-01_run-02_trial-09.wav	6	1.4325	1.5525
sub-01	2	9	pot	behav_sub-01_run-02_trial-09.wav	7	1.6125	1.7125
sub-01	2	9	pot	behav_sub-01_run-02_trial-09.wav	8	1.7725	1.8925
sub-01	2	9	pot	behav_sub-01_run-02_trial-09.wav	9	1.9525	2.0925
sub-01	2	9	pot	behav_sub-01_run-02_trial-09.wav	10	2.1325	2.2525
sub-01	2	9	pot	behav_sub-01_run-02_trial-09.wav	11	2.3325	2.4325
sub-01	2	9	pot	behav_sub-01_run-02_trial-09.wav	12	2.5125	2.6125
sub-01	2	9	pot	behav_sub-01_run-02_trial-09.wav	13	2.6925	2.8125
sub-01	2	9	pot	behav_sub-01_run-02_trial-09.wav	14	2.9125	3.0125
sub-01	2	9	pot	behav_sub-01_run-02_trial-09.wav	15	3.0725	3.1725
sub-01	2	9	pot	behav_sub-01_run-02_trial-09.wav	16	3.2525	3.3725
sub-01	2	9	pot	behav_sub-01_run-02_trial-09.wav	17	3.4525	3.5725
sub-01	2	9	pot	behav_sub-01_run-02_trial-09.wav	18	3.6725	3.7725
sub-01	2	9	pot	behav_sub-01_run-02_trial-09.wav	19	3.8325	3.9525
sub-01	2	9	pot	behav_sub-01_run-02_trial-09.wav	20	4.0525	4.1925
sub-01	2	9	pot	behav_sub-01_run-02_trial-09.wav	21	4.2725	4.4125
sub-01	2	10	pie	behav_sub-01_run-02_trial-10.wav	1	0.5325	0.6525
sub-01	2	10	pie	behav_sub-01_run-02_trial-10.wav	2	0.6925	0.8525
sub-01	2	10	pie	behav_sub-01_run-02_trial-10.wav	3	0.8525	1.0125
sub-01	2	10	pie	behav_sub-01_run-02_trial-10.wav	4	1.0125	1.1525
sub-01	2	10	pie	behav_sub-01_run-02_trial-10.wav	5	1.2125	1.3325
sub-01	2	10	pie	behav_sub-01_run-02_trial-10.wav	6	1.3925	1.5125
sub-01	2	10	pie	behav_sub-01_run-02_trial-10.wav	7	1.5725	1.6925
sub-01	2	10	pie	behav_sub-01_run-02_trial-10.wav	8	1.7525	1.8725
sub-01	2	10	pie	behav_sub-01_run-02_trial-10.wav	9	1.9325	2.0725
sub-01	2	10	pie	behav_sub-01_run-02_trial-10.wav	10	2.1125	2.2325
sub-01	2	10	pie	behav_sub-01_run-02_trial-10.wav	11	2.2925	2.4325
sub-01	2	10	pie	behav_sub-01_run-02_trial-10.wav	12	2.5125	2.6525
sub-01	2	10	pie	behav_sub-01_run-02_trial-10.wav	13	2.7125	2.8525
sub-01	2	10	pie	behav_sub-01_run-02_trial-10.wav	14	2.9125	3.0525
sub-01	2	10	pie	behav_sub-01_run-02_trial-10.wav	15	3.1125	3.2525
sub-01	2	10	pie	behav_sub-01_run-02_trial-10.wav	16	3.3325	3.4325
sub-01	2	10	pie	behav_sub-01_run-02_trial-10.wav	17	3.5125	3.6525
sub-01	2	10	pie	behav_sub-01_run-02_trial-10.wav	18	3.7125	3.8325
sub-01	2	10	pie	behav_sub-01_run-02_trial-10.wav	19	3.8925	4.0325
sub-01	2	10	pie	behav_sub-01_run-02_trial-10.wav	20	4.0925	4.2725
sub-01	2	11	thurs	behav_sub-01_run-02_trial-11.wav	1	0.5125	0.6325
sub-01	2	11	thurs	behav_sub-01_run-02_trial-11.wav	2	0.6725	0.8525
sub-01	2	11	thurs	behav_sub-01_run-02_trial-11.wav	3	0.8525	1.0525
sub-01	2	11	thurs	behav_sub-01_run-02_trial-11.wav	4	1.0525	1.2725
sub-01	2	11	thurs	behav_sub-01_run-02_trial-11.wav	5	1.2725	1.4925
sub-01	2	11	thurs	behav_sub-01_run-02_trial-11.wav	6	1.4925	1.6925
sub-01	2	11	thurs	behav_sub-01_run-02_trial-11.wav	7	1.6925	1.9325
sub-01	2	11	thurs	behav_sub-01_run-02_trial-11.wav	8	1.9325	2.1525
sub-01	2	11	thurs	behav_sub-01_run-02_trial-11.wav	9	2.1525	2.3725
sub-01	2	11	thurs	behav_sub-01_run-02_trial-11.wav	10	2.3725	2.5725
sub-01	2	11	thurs	behav_sub-01_run-02_trial-11.wav	11	2.5725	2.8525
sub-01	2	11	thurs	behav_sub-01_run-02_trial-11.wav	12	2.8525	3.0325
sub-01	2	11	thurs	behav_sub-01_run-02_trial-11.wav	13	3.0325	3.2525
sub-01	2	11	thurs	behav_sub-01_run-02_trial-11.wav	14	3.2525	3.4725
sub-01	2	11	thurs	behav_sub-01_run-02_trial-11.wav	15	3.4725	3.7125
sub-01	2	11	thurs	behav_sub-01_run-02_trial-11.wav	16	3.7125	3.9725
sub-01	2	11	thurs	behav_sub-01_run-02_trial-11.wav	17	3.9725	4.2125
sub-01	2	11	thurs	behav_sub-01_run-02_trial-11.wav	18	4.2125	4.5000
sub-01	2	12	day	behav_sub-01_run-02_trial-12.wav	1	0.3325	0.4525
sub-01	2	12	day	behav_sub-01_run-02_trial-12.wav	2	0.4525	0.6125
sub-01	2	12	day	behav_sub-01_run-02_trial-12.wav	3	0.6125	0.7725
sub-01	2	12	day	behav_sub-01_run-02_trial-12.wav	4	0.7725	0.9325
sub-01	2	12	day	behav_sub-01_run-02_trial-12.wav	5	0.9325	1.0925
sub-01	2	12	day	behav_sub-01_run-02_trial-12.wav	6	1.0925	1.2525
sub-01	2	12	day	behav_sub-01_run-02_trial-12.wav	7	1.2925	1.4525
sub-01	2	12	day	behav_sub-01_run-02_trial-12.wav	8	1.4525	1.6125
sub-01	2	12	day	behav_sub-01_run-02_trial-12.wav	9	1.6125	1.7725
sub-01	2	12	day	behav_sub-01_run-02_trial-12.wav	10	1.7725	1.9725
sub-01	2	12	day	behav_sub-01_run-02_trial-12.wav	11	1.9725	2.1325
sub-01	2	12	day	behav_sub-01_run-02_trial-12.wav	12	2.1325	2.3325
sub-01	2	12	day	behav_sub-01_run-02_trial-12.wav	13	2.3325	2.5325
sub-01	2	12	day	behav_sub-01_run-02_trial-12.wav	14	2.5925	2.7725
sub-01	2	12	day	behav_sub-01_run-02_trial-12.wav	15	2.7725	2.9325
sub-01	2	12	day	behav_sub-01_run-02_trial-12.wav	16	2.9325	3.1125
sub-01	2	12	day	behav_sub-01_run-02_trial-12.wav	17	3.1525	3.2925
sub-01	2	12	day	behav_sub-01_run-02_trial-12.wav	18	3.2925	3.4725
sub-01	2	12	day	behav_sub-01_run-02_trial-12.wav	19	3.5125	3.6525
sub-01	2	12	day	behav_sub-01_run-02_trial-12.wav	20	3.6525	3.8525
sub-01	2	12	day	behav_sub-01_run-02_trial-12.wav	21	3.8525	4.0525
sub-01	2	12	day	behav_sub-01_run-02_trial-12.wav	22	4.0525	4.2325
sub-01	2	12	day	behav_sub-01_run-02_trial-12.wav	23	4.2725	4.4525
sub-01	2	13	mih	behav_sub-01_run-02_trial-13.wav	1	0.2125	0.2725
sub-01	2	13	mih	behav_sub-01_run-02_trial-13.wav	2	0.3125	0.4325
sub-01	2	13	mih	behav_sub-01_run-02_trial-13.wav	3	0.4325	0.5725
sub-01	2	13	mih	behav_sub-01_run-02_trial-13.wav	4	0.5725	0.7125
sub-01	2	13	mih	behav_sub-01_run-02_trial-13.wav	5	0.7125	0.8525
sub-01	2	13	mih	behav_sub-01_run-02_trial-13.wav	6	0.8525	1.0125
sub-01	2	13	mih	behav_sub-01_run-02_trial-13.wav	7	1.0125	1.1525
sub-01	2	13	mih	behav_sub-01_run-02_trial-13.wav	8	1.1525	1.2925
sub-01	2	13	mih	behav_sub-01_run-02_trial-13.wav	9	1.2925	1.4525
sub-01	2	13	mih	behav_sub-01_run-02_trial-13.wav	10	1.4525	1.6125
sub-01	2	13	mih	behav_sub-01_run-02_trial-13.wav	11	1.6125	1.7725
sub-01	2	13	mih	behav_sub-01_run-02_trial-13.wav	12	1.7725	1.9125
sub-01	2	13	mih	behav_sub-01_run-02_trial-13.wav	13	1.9125	2.0725
sub-01	2	13	mih	behav_sub-01_run-02_trial-13.wav	14	2.0725	2.2125
sub-01	2	13	mih	behav_sub-01_run-02_trial-13.wav	15	2.2125	2.3725
sub-01	2	13	mih	behav_sub-01_run-02_trial-13.wav	16	2.3725	2.5325
sub-01	2	13	mih	behav_sub-01_run-02_trial-13.wav	17	2.5325	2.6925
sub-01	2	13	mih	behav_sub-01_run-02_trial-13.wav	18	2.6925	2.8525
sub-01	2	13	mih	behav_sub-01_run-02_trial-13.wav	19	2.8525	3.0125
sub-01	2	13	mih	behav_sub-01_run-02_trial-13.wav	20	3.0125	3.1525
sub-01	2	13	mih	behav_sub-01_run-02_trial-13.wav	21	3.1525	3.3125
sub-01	2	13	mih	behav_sub-01_run-02_trial-13.wav	22	3.3125	3.4725
sub-01	2	13	mih	behav_sub-01_run-02_trial-13.wav	23	3.4725	3.6925
sub-01	2	13	mih	behav_sub-01_run-02_trial-13.wav	24	3.6925	3.8525
sub-01	2	13	mih	behav_sub-01_run-02_trial-13.wav	25	3.8525	4.0325
sub-01	2	13	mih	behav_sub-01_run-02_trial-13.wav	26	4.0325	4.2325
sub-01	2	13	mih	behav_sub-01_run-02_trial-13.wav	27	4.2325	4.2925
sub-01	2	14	fee	behav_sub-01_run-02_trial-14.wav	1	0.4925	0.6125
sub-01	2	14	fee	behav_sub-01_run-02_trial-14.wav	2	0.6725	0.7925
sub-01	2	14	fee	behav_sub-01_run-02_trial-14.wav	3	0.7925	0.9325
sub-01	2	14	fee	behav_sub-01_run-02_trial-14.wav	4	0.9925	1.1325
sub-01	2	14	fee	behav_sub-01_run-02_trial-14.wav	5	1.1925	1.3125
sub-01	2	14	fee	behav_sub-01_run-02_trial-14.wav	6	1.3725	1.4925
sub-01	2	14	fee	behav_sub-01_run-02_trial-14.wav	7	1.5525	1.6525
sub-01	2	14	fee	behav_sub-01_run-02_trial-14.wav	8	1.7325	1.8525
sub-01	2	14	fee	behav_sub-01_run-02_trial-14.wav	9	1.9125	2.0325
sub-01	2	14	fee	behav_sub-01_run-02_trial-14.wav	10	2.0925	2.2325
sub-01	2	14	fee	behav_sub-01_run-02_trial-14.wav	11	2.2725	2.3925
sub-01	2	14	fee	behav_sub-01_run-02_trial-14.wav	12	2.4525	2.6125
sub-01	2	14	fee	behav_sub-01_run-02_trial-14.wav	13	2.6525	2.7925
sub-01	2	14	fee	behav_sub-01_run-02_trial-14.wav	14	2.8525	3.0125
sub-01	2	14	fee	behav_sub-01_run-02_trial-14.wav	15	3.0125	3.1725
sub-01	2	14	fee	behav_sub-01_run-02_trial-14.wav	16	3.2325	3.3525
sub-01	2	14	fee	behav_sub-01_run-02_trial-14.wav	17	3.4325	3.5525
sub-01	2	14	fee	behav_sub-01_run-02_trial-14.wav	18	3.6125	3.7325
sub-01	2	14	fee	behav_sub-01_run-02_trial-14.wav	19	3.7925	3.9125
sub-01	2	14	fee	behav_sub-01_run-02_trial-14.wav	20	3.9725	4.1125
sub-01	2	14	fee	behav_sub-01_run-02_trial-14.wav	21	4.1725	4.3125
sub-01	2	14	fee	behav_sub-01_run-02_trial-14.wav	22	4.3725	4.4725
sub-01	2	15	thought	behav_sub-01_run-02_trial-15.wav	1	0.4125	0.5325
sub-01	2	15	thought	behav_sub-01_run-02_trial-15.wav	2	0.5725	0.6925
sub-01	2	15	thought	behav_sub-01_run-02_trial-15.wav	3	0.7525	0.8725
sub-01	2	15	thought	behav_sub-01_run-02_trial-15.wav	4	0.9325	1.0325
sub-01	2	15	thought	behav_sub-01_run-02_trial-15.wav	5	1.1125	1.2325
sub-01	2	15	thought	behav_sub-01_run-02_trial-15.wav	6	1.2925	1.4325
sub-01	2	15	thought	behav_sub-01_run-02_trial-15.wav	7	1.4925	1.6325
sub-01	2	15	thought	behav_sub-01_run-02_trial-15.wav	8	1.6925	1.7925
sub-01	2	15	thought	behav_sub-01_run-02_trial-15.wav	9	1.8725	1.9725
sub-01	2	15	thought	behav_sub-01_run-02_trial-15.wav	10	2.0325	2.1525
sub-01	2	15	thought	behav_sub-01_run-02_trial-15.wav	11	2.2325	2.3325
sub-01	2	15	thought	behav_sub-01_run-02_trial-15.wav	12	2.4125	2.5325
sub-01	2	15	thought	behav_sub-01_run-02_trial-15.wav	13	2.6125	2.7325
sub-01	2	15	thought	behav_sub-01_run-02_trial-15.wav	14	2.8125	2.9125
sub-01	2	15	thought	behav_sub-01_run-02_trial-15.wav	15	3.0125	3.1725
sub-01	2	15	thought	behav_sub-01_run-02_trial-15.wav	16	3.1725	3.2925
sub-01	2	15	thought	behav_sub-01_run-02_trial-15.wav	17	3.3525	3.4525
sub-01	2	15	thought	behav_sub-01_run-02_trial-15.wav	18	3.5325	3.6525
sub-01	2	15	thought	behav_sub-01_run-02_trial-15.wav	19	3.7325	3.8525
sub-01	2	15	thought	behav_sub-01_run-02_trial-15.wav	20	3.9525	4.1325
sub-01	2	15	thought	behav_sub-01_run-02_trial-15.wav	21	4.1325	4.2325
sub-01	2	15	thought	behav_sub-01_run-02_trial-15.wav	22	4.2925	4.4725
sub-01	2	16	per	behav_sub-01_run-02_trial-16.wav	1	0.3925	0.4925
sub-01	2	16	per	behav_sub-01_run-02_trial-16.wav	2	0.4925	0.6325
sub-01	2	16	per	behav_sub-01_run-02_trial-16.wav	3	0.6925	0.7925
sub-01	2	16	per	behav_sub-01_run-02_trial-16.wav	4	0.8325	0.9325
sub-01	2	16	per	behav_sub-01_run-02_trial-16.wav	5	0.9925	1.0925
sub-01	2	16	per	behav_sub-01_run-02_trial-16.wav	6	1.1525	1.2325
sub-01	2	16	per	behav_sub-01_run-02_trial-16.wav	7	1.2925	1.3925
sub-01	2	16	per	behav_sub-01_run-02_trial-16.wav	8	1.4525	1.5525
sub-01	2	16	per	behav_sub-01_run-02_trial-16.wav	9	1.6125	1.7325
sub-01	2	16	per	behav_sub-01_run-02_trial-16.wav	10	1.8125	1.8925
sub-01	2	16	per	behav_sub-01_run-02_trial-16.wav	11	1.9725	2.0725
sub-01	2	16	per	behav_sub-01_run-02_trial-16.wav	12	2.1525	2.2525
sub-01	2	16	per	behav_sub-01_run-02_trial-16.wav	13	2.3125	2.4125
sub-01	2	16	per	behav_sub-01_run-02_trial-16.wav	14	2.4725	2.5725
sub-01	2	16	per	behav_sub-01_run-02_trial-16.wav	15	2.6525	2.7525
sub-01	2	16	per	behav_sub-01_run-02_trial-16.wav	16	2.8125	2.9125
sub-01	2	16	per	behav_sub-01_run-02_trial-16.wav	17	2.9925	3.0925
sub-01	2	16	per	behav_sub-01_run-02_trial-16.wav	18	3.1525	3.2725
sub-01	2	16	per	behav_sub-01_run-02_trial-16.wav	19	3.3325	3.4325
sub-01	2	16	per	behav_sub-01_run-02_trial-16.wav	20	3.5125	3.6125
sub-01	2	16	per	behav_sub-01_run-02_trial-16.wav	21	3.6925	3.7925
sub-01	2	16	per	behav_sub-01_run-02_trial-16.wav	22	3.8725	3.9725
sub-01	2	16	per	behav_sub-01_run-02_trial-16.wav	23	4.0525	4.1325
sub-01	2	17	day	behav_sub-01_run-02_trial-17.wav	1	0.5925	0.6925
sub-01	2	17	day	behav_sub-01_run-02_trial-17.wav	2	0.6925	0.8525
sub-01	2	17	day	behav_sub-01_run-02_trial-17.wav	3	0.8525	1.0125
sub-01	2	17	day	behav_sub-01_run-02_trial-17.wav	4	1.0525	1.2125
sub-01	2	17	day	behav_sub-01_run-02_trial-17.wav	5	1.2125	1.3725
sub-01	2	17	day	behav_sub-01_run-02_trial-17.wav	6	1.3725	1.5325
sub-01	2	17	day	behav_sub-01_run-02_trial-17.wav	7	1.5325	1.6925
sub-01	2	17	day	behav_sub-01_run-02_trial-17.wav	8	1.6925	1.8925
sub-01	2	17	day	behav_sub-01_run-02_trial-17.wav	9	1.8925	2.0525
sub-01	2	17	day	behav_sub-01_run-02_trial-17.wav	10	2.0525	2.2325
sub-01	2	17	day	behav_sub-01_run-02_trial-17.wav	11	2.2325	2.4125
sub-01	2	17	day	behav_sub-01_run-02_trial-17.wav	12	2.4125	2.5725
sub-01	2	17	day	behav_sub-01_run-02_trial-17.wav	13	2.5725	2.7725
sub-01	2	17	day	behav_sub-01_run-02_trial-17.wav	14	2.7725	2.9325
sub-01	2	17	day	behav_sub-01_run-02_trial-17.wav	15	2.9325	3.1125
sub-01	2	17	day	behav_sub-01_run-02_trial-17.wav	16	3.1525	3.2925
sub-01	2	17	day	behav_sub-01_run-02_trial-17.wav	17	3.2925	3.4525
sub-01	2	17	day	behav_sub-01_run-02_trial-17.wav	18	3.4525	3.6125
sub-01	2	17	day	behav_sub-01_run-02_trial-17.wav	19	3.6525	3.8125
sub-01	2	17	day	behav_sub-01_run-02_trial-17.wav	20	3.8125	3.9725
sub-01	2	17	day	behav_sub-01_run-02_trial-17.wav	21	3.9725	4.1325
sub-01	2	17	day	behav_sub-01_run-02_trial-17.wav	22	4.1925	4.3325
sub-01	2	17	day	behav_sub-01_run-02_trial-17.wav	23	4.3325	4.4725
sub-01	2	18	naw	behav_sub-01_run-02_trial-18.wav	1	0.4725	0.6325
sub-01	2	18	naw	behav_sub-01_run-02_trial-18.wav	2	0.6325	0.7925
sub-01	2	18	naw	behav_sub-01_run-02_trial-18.wav	3	0.7925	0.9525
sub-01	2	18	naw	behav_sub-01_run-02_trial-18.wav	4	0.9525	1.1125
sub-01	2	18	naw	behav_sub-01_run-02_trial-18.wav	5	1.1125	1.2725
sub-01	2	18	naw	behav_sub-01_run-02_trial-18.wav	6	1.2725	1.4325
sub-01	2	18	naw	behav_sub-01_run-02_trial-18.wav	7	1.4325	1.6125
sub-01	2	18	naw	behav_sub-01_run-02_trial-18.wav	8	1.6125	1.7725
sub-01	2	18	naw	behav_sub-01_run-02_trial-18.wav	9	1.7725	1.9325
sub-01	2	18	naw	behav_sub-01_run-02_trial-18.wav	10	1.9325	2.1125
sub-01	2	18	naw	behav_sub-01_run-02_trial-18.wav	11	2.1125	2.2925
sub-01	2	18	naw	behav_sub-01_run-02_trial-18.wav	12	2.2925	2.4525
sub-01	2	18	naw	behav_sub-01_run-02_trial-18.wav	13	2.4525	2.6125
sub-01	2	18	naw	behav_sub-01_run-02_trial-18.wav	14	2.6125	2.7925
sub-01	2	18	naw	behav_sub-01_run-02_trial-18.wav	15	2.7925	2.9525
sub-01	2	18	naw	behav_sub-01_run-02_trial-18.wav	16	2.9525	3.1325
sub-01	2	18	naw	behav_sub-01_run-02_trial-18.wav	17	3.1325	3.2925
sub-01	2	18	naw	behav_sub-01_run-02_trial-18.wav	18	3.2925	3.4725
sub-01	2	18	naw	behav_sub-01_run-02_trial-18.wav	19	3.4725	3.6525
sub-01	2	18	naw	behav_sub-01_run-02_trial-18.wav	20	3.6525	4.1725
sub-01	2	18	naw	behav_sub-01_run-02_trial-18.wav	21	4.1725	4.3725
sub-01	2	19	thought	behav_sub-01_run-02_trial-19.wav	1	0.2525	0.3525
sub-01	2	19	thought	behav_sub-01_run-02_trial-19.wav	2	0.4125	0.5325
sub-01	2	19	thought	behav_sub-01_run-02_trial-19.wav	3	0.5925	0.6925
sub-01	2	19	thought	behav_sub-01_run-02_trial-19.wav	4	0.7525	0.8525
sub-01	2	19	thought	behav_sub-01_run-02_trial-19.wav	5	0.9125	1.0325
sub-01	2	19	thought	behav_sub-01_run-02_trial-19.wav	6	1.0925	1.1925
sub-01	2	19	thought	behav_sub-01_run-02_trial-19.wav	7	1.2725	1.3925
sub-01	2	19	thought	behav_sub-01_run-02_trial-19.wav	8	1.4525	1.5725
sub-01	2	19	thought	behav_sub-01_run-02_trial-19.wav	9	1.6125	1.7525
sub-01	2	19	thought	behav_sub-01_run-02_trial-19.wav	10	1.8125	1.9325
sub-01	2	19	thought	behav_sub-01_run-02_trial-19.wav	11	1.9925	2.0925
sub-01	2	19	thought	behav_sub-01_run-02_trial-19.wav	12	2.1725	2.2925
sub-01	2	19	thought	behav_sub-01_run-02_trial-19.wav	13	2.2925	2.4525
sub-01	2	19	thought	behav_sub-01_run-02_trial-19.wav	14	2.5125	2.6325
sub-01	2	19	thought	behav_sub-01_run-02_trial-19.wav	15	2.6925	2.8125
sub-01	2	19	thought	behav_sub-01_run-02_trial-19.wav	16	2.8725	2.9925
sub-01	2	19	thought	behav_sub-01_run-02_trial-19.wav	17	3.0325	3.1525
sub-01	2	19	thought	behav_sub-01_run-02_trial-19.wav	18	3.2125	3.3525
sub-01	2	19	thought	behav_sub-01_run-02_trial-19.wav	19	3.3925	3.5325
sub-01	2	19	thought	behav_sub-01_run-02_trial-19.wav	20	3.5725	3.6925
sub-01	2	19	thought	behav_sub-01_run-02_trial-19.wav	21	3.7725	3.8725
sub-01	2	19	thought	behav_sub-01_run-02_trial-19.wav	22	3.9525	4.0525
sub-01	2	19	thought	behav_sub-01_run-02_trial-19.wav	23	4.1325	4.2925
sub-01	2	20	per	behav_sub-01_run-02_trial-20.wav	1	0.5725	0.6925
sub-01	2	20	per	behav_sub-01_run-02_trial-20.wav	2	0.6925	0.8525
sub-01	2	20	per	behav_sub-01_run-02_trial-20.wav	3	0.8525	0.9525
sub-01	2	20	per	behav_sub-01_run-02_trial-20.wav	4	1.0325	1.1725
sub-01	2	20	per	behav_sub-01_run-02_trial-20.wav	5	1.1725	1.2725
sub-01	2	20	per	behav_sub-01_run-02_trial-20.wav	6	1.3525	1.4525
sub-01	2	20	per	behav_sub-01_run-02_trial-20.wav	7	1.4925	1.6125
sub-01	2	20	per	behav_sub-01_run-02_trial-20.wav	8	1.6725	1.7525
sub-01	2	20	per	behav_sub-01_run-02_trial-20.wav	9	1.8125	1.9125
sub-01	2	20	per	behav_sub-01_run-02_trial-20.wav	10	1.9725	2.0525
sub-01	2	20	per	behav_sub-01_run-02_trial-20.wav	11	2.1125	2.1925
sub-01	2	20	per	behav_sub-01_run-02_trial-20.wav	12	2.2525	2.3725
sub-01	2	20	per	behav_sub-01_run-02_trial-20.wav	13	2.3725	2.5125
sub-01	2	20	per	behav_sub-01_run-02_trial-20.wav	14	2.5725	2.6525
sub-01	2	20	per	behav_sub-01_run-02_trial-20.wav	15	2.7125	2.8125
sub-01	2	20	per	behav_sub-01_run-02_trial-20.wav	16	2.8725	2.9525
sub-01	2	20	per	behav_sub-01_run-02_trial-20.wav	17	3.0325	3.1125
sub-01	2	20	per	behav_sub-01_run-02_trial-20.wav	18	3.1925	3.2525
sub-01	2	20	per	behav_sub-01_run-02_trial-20.wav	19	3.3325	3.4325
sub-01	2	20	per	behav_sub-01_run-02_trial-20.wav	20	3.4925	3.5925
sub-01	2	20	per	behav_sub-01_run-02_trial-20.wav	21	3.6525	3.7125
sub-01	2	20	per	behav_sub-01_run-02_trial-20.wav	22	3.7925	3.8925
sub-01	2	20	per	behav_sub-01_run-02_trial-20.wav	23	3.8925	4.0125
sub-01	2	20	per	behav_sub-01_run-02_trial-20.wav	24	4.0925	4.1725
sub-01	2	20	per	behav_sub-01_run-02_trial-20.wav	25	4.2325	4.3325
sub-01	2	20	per	behav_sub-01_run-02_trial-20.wav	26	4.4125	4.5000
sub-01	2	21	ter	behav_sub-01_run-02_trial-21.wav	1	0.9725	1.0925
sub-01	2	21	ter	behav_sub-01_run-02_trial-21.wav	2	1.0925	1.2525
sub-01	2	21	ter	behav_sub-01_run-02_trial-21.wav	3	1.2525	1.3725
sub-01	2	21	ter	behav_sub-01_run-02_trial-21.wav	4	1.3725	1.5325
sub-01	2	21	ter	behav_sub-01_run-02_trial-21.wav	5	1.5325	1.6525
sub-01	2	21	ter	behav_sub-01_run-02_trial-21.wav	6	1.6525	1.8125
sub-01	2	21	ter	behav_sub-01_run-02_trial-21.wav	7	1.8125	1.9525
sub-01	2	21	ter	behav_sub-01_run-02_trial-21.wav	8	1.9925	2.1125
sub-01	2	21	ter	behav_sub-01_run-02_trial-21.wav	9	2.1525	2.2925
sub-01	2	21	ter	behav_sub-01_run-02_trial-21.wav	10	2.2925	2.4125
sub-01	2	21	ter	behav_sub-01_run-02_trial-21.wav	11	2.4125	2.5725
sub-01	2	21	ter	behav_sub-01_run-02_trial-21.wav	12	2.5725	2.7125
sub-01	2	21	ter	behav_sub-01_run-02_trial-21.wav	13	2.7525	2.8725
sub-01	2	21	ter	behav_sub-01_run-02_trial-21.wav	14	2.9125	3.0125
sub-01	2	21	ter	behav_sub-01_run-02_trial-21.wav	15	3.0725	3.1725
sub-01	2	21	ter	behav_sub-01_run-02_trial-21.wav	16	3.2325	3.3325
sub-01	2	21	ter	behav_sub-01_run-02_trial-21.wav	17	3.3325	3.4725
sub-01	2	21	ter	behav_sub-01_run-02_trial-21.wav	18	3.5325	3.6525
sub-01	2	21	ter	behav_sub-01_run-02_trial-21.wav	19	3.6525	3.7925
sub-01	2	21	ter	behav_sub-01_run-02_trial-21.wav	20	3.8525	3.9325
sub-01	2	21	ter	behav_sub-01_run-02_trial-21.wav	21	3.9925	4.1125
sub-01	2	21	ter	behav_sub-01_run-02_trial-21.wav	22	4.1725	4.2925
sub-01	2	22	ser	behav_sub-01_run-02_trial-22.wav	1	0.5525	0.6725
sub-01	2	22	ser	behav_sub-01_run-02_trial-22.wav	2	0.6725	0.8325
sub-01	2	22	ser	behav_sub-01_run-02_trial-22.wav	3	0.8725	1.0325
sub-01	2	22	ser	behav_sub-01_run-02_trial-22.wav	4	1.0325	1.2325
sub-01	2	22	ser	behav_sub-01_run-02_trial-22.wav	5	1.2325	1.3125
sub-01	2	22	ser	behav_sub-01_run-02_trial-22.wav	6	1.3125	1.4125
sub-01	2	22	ser	behav_sub-01_run-02_trial-22.wav	7	1.4125	1.6325
sub-01	2	22	ser	behav_sub-01_run-02_trial-22.wav	8	1.6325	1.7925
sub-01	2	22	ser	behav_sub-01_run-02_trial-22.wav	9	1.7925	1.9725
sub-01	2	22	ser	behav_sub-01_run-02_trial-22.wav	10	1.9725	2.1725
sub-01	2	22	ser	behav_sub-01_run-02_trial-22.wav	11	2.1725	2.3525
sub-01	2	22	ser	behav_sub-01_run-02_trial-22.wav	12	2.3525	2.5125
sub-01	2	22	ser	behav_sub-01_run-02_trial-22.wav	13	2.5125	2.7125
sub-01	2	22	ser	behav_sub-01_run-02_trial-22.wav	14	2.7125	2.8925
sub-01	2	22	ser	behav_sub-01_run-02_trial-22.wav	15	2.8925	3.0925
sub-01	2	22	ser	behav_sub-01_run-02_trial-22.wav	16	3.0925	3.2525
sub-01	2	22	ser	behav_sub-01_run-02_trial-22.wav	17	3.2525	3.3525
sub-01	2	22	ser	behav_sub-01_run-02_trial-22.wav	18	3.3525	3.4325
sub-01	2	22	ser	behav_sub-01_run-02_trial-22.wav	19	3.4325	3.6125
sub-01	2	22	ser	behav_sub-01_run-02_trial-22.wav	20	3.6125	3.7925
sub-01	2	22	ser	behav_sub-01_run-02_trial-22.wav	21	3.7925	3.9725
sub-01	2	22	ser	behav_sub-01_run-02_trial-22.wav	22	3.9725	4.1725
sub-01	2	22	ser	behav_sub-01_run-02_trial-22.wav	23	4.1725	4.3525
sub-01	2	23	pie	behav_sub-01_run-02_trial-23.wav	1	0.3325	0.4125
sub-01	2	23	pie	behav_sub-01_run-02_trial-23.wav	2	0.4725	0.5725
sub-01	2	23	pie	behav_sub-01_run-02_trial-23.wav	3	0.5725	0.7325
sub-01	2	23	pie	behav_sub-01_run-02_trial-23.wav	4	0.7925	0.8925
sub-01	2	23	pie	behav_sub-01_run-02_trial-23.wav	5	0.9525	1.0725
sub-01	2	23	pie	behav_sub-01_run-02_trial-23.wav	6	1.1325	1.2525
sub-01	2	23	pie	behav_sub-01_run-02_trial-23.wav	7	1.3125	1.4325
sub-01	2	23	pie	behav_sub-01_run-02_trial-23.wav	8	1.4725	1.6125
sub-01	2	23	pie	behav_sub-01_run-02_trial-23.wav	9	1.6725	1.7925
sub-01	2	23	pie	behav_sub-01_run-02_trial-23.wav	10	1.8525	1.9725
sub-01	2	23	pie	behav_sub-01_run-02_trial-23.wav	11	2.0325	2.1725
sub-01	2	23	pie	behav_sub-01_run-02_trial-23.wav	12	2.2325	2.3525
sub-01	2	23	pie	behav_sub-01_run-02_trial-23.wav	13	2.4125	2.5525
sub-01	2	23	pie	behav_sub-01_run-02_trial-23.wav	14	2.6125	2.7125
sub-01	2	23	pie	behav_sub-01_run-02_trial-23.wav	15	2.7925	2.9325
sub-01	2	23	pie	behav_sub-01_run-02_trial-23.wav	16	2.9925	3.0925
sub-01	2	23	pie	behav_sub-01_run-02_trial-23.wav	17	3.1725	3.2925
sub-01	2	23	pie	behav_sub-01_run-02_trial-23.wav	18	3.3525	3.4725
sub-01	2	23	pie	behav_sub-01_run-02_trial-23.wav	19	3.5325	3.6325
sub-01	2	23	pie	behav_sub-01_run-02_trial-23.wav	20	3.6925	3.8125
sub-01	2	23	pie	behav_sub-01_run-02_trial-23.wav	21	3.8925	4.0125
sub-01	2	23	pie	behav_sub-01_run-02_trial-23.wav	22	4.0925	4.2125
sub-01	2	24	mih	behav_sub-01_run-02_trial-24.wav	1	0.4325	0.5525
sub-01	2	24	mih	behav_sub-01_run-02_trial-24.wav	2	0.5525	0.6925
sub-01	2	24	mih	behav_sub-01_run-02_trial-24.wav	3	0.6925	0.8325
sub-01	2	24	mih	behav_sub-01_run-02_trial-24.wav	4	0.8325	0.9925
sub-01	2	24	mih	behav_sub-01_run-02_trial-24.wav	5	0.9925	1.1525
sub-01	2	24	mih	behav_sub-01_run-02_trial-24.wav	6	1.1525	1.2925
sub-01	2	24	mih	behav_sub-01_run-02_trial-24.wav	7	1.2925	1.4525
sub-01	2	24	mih	behav_sub-01_run-02_trial-24.wav	8	1.4525	1.6125
sub-01	2	24	mih	behav_sub-01_run-02_trial-24.wav	9	1.6125	1.7525
sub-01	2	24	mih	behav_sub-01_run-02_trial-24.wav	10	1.7525	1.9125
sub-01	2	24	mih	behav_sub-01_run-02_trial-24.wav	11	1.9125	2.0725
sub-01	2	24	mih	behav_sub-01_run-02_trial-24.wav	12	2.0725	2.2325
sub-01	2	24	mih	behav_sub-01_run-02_trial-24.wav	13	2.2325	2.3925
sub-01	2	24	mih	behav_sub-01_run-02_trial-24.wav	14	2.3925	2.5525
sub-01	2	24	mih	behav_sub-01_run-02_trial-24.wav	15	2.5525	2.6925
sub-01	2	24	mih	behav_sub-01_run-02_trial-24.wav	16	2.6925	2.8525
sub-01	2	24	mih	behav_sub-01_run-02_trial-24.wav	17	2.8525	3.0125
sub-01	2	24	mih	behav_sub-01_run-02_trial-24.wav	18	3.0125	3.1725
sub-01	2	24	mih	behav_sub-01_run-02_trial-24.wav	19	3.1725	3.3325
sub-01	2	24	mih	behav_sub-01_run-02_trial-24.wav	20	3.3325	3.4925
sub-01	2	24	mih	behav_sub-01_run-02_trial-24.wav	21	3.4925	3.6725
sub-01	2	24	mih	behav_sub-01_run-02_trial-24.wav	22	3.6725	3.8125
sub-01	2	24	mih	behav_sub-01_run-02_trial-24.wav	23	3.8125	3.9925
sub-01	2	24	mih	behav_sub-01_run-02_trial-24.wav	24	3.9925	4.1725
sub-01	2	24	mih	behav_sub-01_run-02_trial-24.wav	25	4.1725	4.3125
sub-01	2	24	mih	behav_sub-01_run-02_trial-24.wav	26	4.3125	4.4725
sub-01	2	25	pot	behav_sub-01_run-02_trial-25.wav	1	0.6125	0.7725
sub-01	2	25	pot	behav_sub-01_run-02_trial-25.wav	2	0.7725	0.9725
sub-01	2	25	pot	behav_sub-01_run-02_trial-25.wav	3	0.9725	1.0925
sub-01	2	25	pot	behav_sub-01_run-02_trial-25.wav	4	1.0925	1.2525
sub-01	2	25	pot	behav_sub-01_run-02_trial-25.wav	5	1.3125	1.4325
sub-01	2	25	pot	behav_sub-01_run-02_trial-25.wav	6	1.4925	1.6125
sub-01	2	25	pot	behav_sub-01_run-02_trial-25.wav	7	1.6725	1.7925
sub-01	2	25	pot	behav_sub-01_run-02_trial-25.wav	8	1.8525	1.9725
sub-01	2	25	pot	behav_sub-01_run-02_trial-25.wav	9	2.0325	2.1525
sub-01	2	25	pot	behav_sub-01_run-02_trial-25.wav	10	2.2125	2.3325
sub-01	2	25	pot	behav_sub-01_run-02_trial-25.wav	11	2.3925	2.5125
sub-01	2	25	pot	behav_sub-01_run-02_trial-25.wav	12	2.5925	2.6925
sub-01	2	25	pot	behav_sub-01_run-02_trial-25.wav	13	2.7725	2.8925
sub-01	2	25	pot	behav_sub-01_run-02_trial-25.wav	14	2.9725	3.0925
sub-01	2	25	pot	behav_sub-01_run-02_trial-25.wav	15	3.1725	3.2725
sub-01	2	25	pot	behav_sub-01_run-02_trial-25.wav	16	3.3325	3.4325
sub-01	2	25	pot	behav_sub-01_run-02_trial-25.wav	17	3.5325	3.6725
sub-01	2	25	pot	behav_sub-01_run-02_trial-25.wav	18	3.7525	3.8325
sub-01	2	25	pot	behav_sub-01_run-02_trial-25.wav	19	3.9125	4.0725
sub-01	2	25	pot	behav_sub-01_run-02_trial-25.wav	20	4.1925	4.3325
sub-01	2	26	day	behav_sub-01_run-02_trial-26.wav	1	0.2325	0.3725
sub-01	2	26	day	behav_sub-01_run-02_trial-26.wav	2	0.3725	0.5125
sub-01	2	26	day	behav_sub-01_run-02_trial-26.wav	3	0.5525	0.6925
sub-01	2	26	day	behav_sub-01_run-02_trial-26.wav	4	0.6925	0.8325
sub-01	2	26	day	behav_sub-01_run-02_trial-26.wav	5	0.8725	1.0125
sub-01	2	26	day	behav_sub-01_run-02_trial-26.wav	6	1.0125	1.1725
sub-01	2	26	day	behav_sub-01_run-02_trial-26.wav	7	1.1725	1.3325
sub-01	2	26	day	behav_sub-01_run-02_trial-26.wav	8	1.3325	1.4925
sub-01	2	26	day	behav_sub-01_run-02_trial-26.wav	9	1.4925	1.6525
sub-01	2	26	day	behav_sub-01_run-02_trial-26.wav	10	1.6525	1.8525
sub-01	2	26	day	behav_sub-01_run-02_trial-26.wav	11	1.8525	1.9925
sub-01	2	26	day	behav_sub-01_run-02_trial-26.wav	12	2.0325	2.1725
sub-01	2	26	day	behav_sub-01_run-02_trial-26.wav	13	2.1725	2.3325
sub-01	2	26	day	behav_sub-01_run-02_trial-26.wav	14	2.3725	2.5125
sub-01	2	26	day	behav_sub-01_run-02_trial-26.wav	15	2.5125	2.6925
sub-01	2	26	day	behav_sub-01_run-02_trial-26.wav	16	2.6925	2.8525
sub-01	2	26	day	behav_sub-01_run-02_trial-26.wav	17	2.8525	3.0525
sub-01	2	26	day	behav_sub-01_run-02_trial-26.wav	18	3.0525	3.2525
sub-01	2	26	day	behav_sub-01_run-02_trial-26.wav	19	3.2525	3.4125
sub-01	2	26	day	behav_sub-01_run-02_trial-26.wav	20	3.4125	3.6125
sub-01	2	26	day	behav_sub-01_run-02_trial-26.wav	21	3.6125	3.7725
sub-01	2	26	day	behav_sub-01_run-02_trial-26.wav	22	3.7725	3.9725
sub-01	2	26	day	behav_sub-01_run-02_trial-26.wav	23	3.9725	4.1125
sub-01	2	26	day	behav_sub-01_run-02_trial-26.wav	24	4.1525	4.3125
sub-01	2	27	pie	behav_sub-01_run-02_trial-27.wav	1	0.4325	0.5325
sub-01	2	27	pie	behav_sub-01_run-02_trial-27.wav	2	0.5325	0.6925
sub-01	2	27	pie	behav_sub-01_run-02_trial-27.wav	3	0.6925	0.8525
sub-01	2	27	pie	behav_sub-01_run-02_trial-27.wav	4	0.8525	1.0525
sub-01	2	27	pie	behav_sub-01_run-02_trial-27.wav	5	1.0525	1.2125
sub-01	2	27	pie	behav_sub-01_run-02_trial-27.wav	6	1.2525	1.4125
sub-01	2	27	pie	behav_sub-01_run-02_trial-27.wav	7	1.4125	1.5725
sub-01	2	27	pie	behav_sub-01_run-02_trial-27.wav	8	1.6325	1.7725
sub-01	2	27	pie	behav_sub-01_run-02_trial-27.wav	9	1.8325	2.0125
sub-01	2	27	pie	behav_sub-01_run-02_trial-27.wav	10	2.0125	2.1925
sub-01	2	27	pie	behav_sub-01_run-02_trial-27.wav	11	2.2525	2.3725
sub-01	2	27	pie	behav_sub-01_run-02_trial-27.wav	12	2.3725	2.5525
sub-01	2	27	pie	behav_sub-01_run-02_trial-27.wav	13	2.6325	2.7525
sub-01	2	27	pie	behav_sub-01_run-02_trial-27.wav	14	2.8125	2.9525
sub-01	2	27	pie	behav_sub-01_run-02_trial-27.wav	15	3.0125	3.1325
sub-01	2	27	pie	behav_sub-01_run-02_trial-27.wav	16	3.2125	3.3725
sub-01	2	27	pie	behav_sub-01_run-02_trial-27.wav	17	3.4325	3.5525
sub-01	2	27	pie	behav_sub-01_run-02_trial-27.wav	18	3.6125	3.7725
sub-01	2	27	pie	behav_sub-01_run-02_trial-27.wav	19	3.8525	4.0325
sub-01	2	27	pie	behav_sub-01_run-02_trial-27.wav	20	4.0925	4.2725
sub-01	2	27	pie	behav_sub-01_run-02_trial-27.wav	21	4.3125	4.4725
sub-01	2	28	per	behav_sub-01_run-02_trial-28.wav	1	0.2125	0.2925
sub-01	2	28	per	behav_sub-01_run-02_trial-28.wav	2	0.3725	0.4525
sub-01	2	28	per	behav_sub-01_run-02_trial-28.wav	3	0.4925	0.5925
sub-01	2	28	per	behav_sub-01_run-02_trial-28.wav	4	0.6525	0.7325
sub-01	2	28	per	behav_sub-01_run-02_trial-28.wav	5	0.7725	0.8725
sub-01	2	28	per	behav_sub-01_run-02_trial-28.wav	6	0.9525	1.0125
sub-01	2	28	per	behav_sub-01_run-02_trial-28.wav	7	1.0925	1.1725
sub-01	2	28	per	behav_sub-01_run-02_trial-28.wav	8	1.2325	1.3125
sub-01	2	28	per	behav_sub-01_run-02_trial-28.wav	9	1.3725	1.4925
sub-01	2	28	per	behav_sub-01_run-02_trial-28.wav	10	1.5525	1.6325
sub-01	2	28	per	behav_sub-01_run-02_trial-28.wav	11	1.6925	1.7925
sub-01	2	28	per	behav_sub-01_run-02_trial-28.wav	12	1.8525	1.9525
sub-01	2	28	per	behav_sub-01_run-02_trial-28.wav	13	2.0125	2.0925
sub-01	2	28	per	behav_sub-01_run-02_trial-28.wav	14	2.1525	2.2325
sub-01	2	28	per	behav_sub-01_run-02_trial-28.wav	15	2.3125	2.4125
sub-01	2	28	per	behav_sub-01_run-02_trial-28.wav	16	2.4525	2.5525
sub-01	2	28	per	behav_sub-01_run-02_trial-28.wav	17	2.6125	2.6925
sub-01	2	28	per	behav_sub-01_run-02_trial-28.wav	18	2.7525	2.8325
sub-01	2	28	per	behav_sub-01_run-02_trial-28.wav	19	2.9325	3.0525
sub-01	2	28	per	behav_sub-01_run-02_trial-28.wav	20	3.1525	3.2125
sub-01	2	28	per	behav_sub-01_run-02_trial-28.wav	21	3.2925	3.4125
sub-01	2	28	per	behav_sub-01_run-02_trial-28.wav	22	3.4725	3.5725
sub-01	2	28	per	behav_sub-01_run-02_trial-28.wav	23	3.6325	3.7325
sub-01	2	28	per	behav_sub-01_run-02_trial-28.wav	24	3.8125	3.8925
sub-01	2	28	per	behav_sub-01_run-02_trial-28.wav	25	3.9325	4.0125
sub-01	2	28	per	behav_sub-01_run-02_trial-28.wav	26	4.1125	4.1725
sub-01	2	28	per	behav_sub-01_run-02_trial-28.wav	27	4.2525	4.3525
sub-01	2	28	per	behav_sub-01_run-02_trial-28.wav	28	4.4325	4.5000
sub-01	2	29	thought	behav_sub-01_run-02_trial-29.wav	1	0.6525	0.7725
sub-01	2	29	thought	behav_sub-01_run-02_trial-29.wav	2	0.8325	0.9325
sub-01	2	29	thought	behav_sub-01_run-02_trial-29.wav	3	0.9925	1.0925
sub-01	2	29	thought	behav_sub-01_run-02_trial-29.wav	4	1.1525	1.2525
sub-01	2	29	thought	behav_sub-01_run-02_trial-29.wav	5	1.3125	1.4325
sub-01	2	29	thought	behav_sub-01_run-02_trial-29.wav	6	1.4725	1.5925
sub-01	2	29	thought	behav_sub-01_run-02_trial-29.wav	7	1.6725	1.7525
sub-01	2	29	thought	behav_sub-01_run-02_trial-29.wav	8	1.8325	1.9325
sub-01	2	29	thought	behav_sub-01_run-02_trial-29.wav	9	2.0125	2.1125
sub-01	2	29	thought	behav_sub-01_run-02_trial-29.wav	10	2.1725	2.2725
sub-01	2	29	thought	behav_sub-01_run-02_trial-29.wav	11	2.3325	2.4325
sub-01	2	29	thought	behav_sub-01_run-02_trial-29.wav	12	2.5125	2.6125
sub-01	2	29	thought	behav_sub-01_run-02_trial-29.wav	13	2.6725	2.7925
sub-01	2	29	thought	behav_sub-01_run-02_trial-29.wav	14	2.8725	2.9725
sub-01	2	29	thought	behav_sub-01_run-02_trial-29.wav	15	3.0525	3.1725
sub-01	2	29	thought	behav_sub-01_run-02_trial-29.wav	16	3.2325	3.3325
sub-01	2	29	thought	behav_sub-01_run-02_trial-29.wav	17	3.4125	3.5125
sub-01	2	29	thought	behav_sub-01_run-02_trial-29.wav	18	3.5925	3.6925
sub-01	2	29	thought	behav_sub-01_run-02_trial-29.wav	19	3.7525	3.8525
sub-01	2	29	thought	behav_sub-01_run-02_trial-29.wav	20	3.9125	4.0325
sub-01	2	29	thought	behav_sub-01_run-02_trial-29.wav	21	4.1125	4.2325
sub-01	2	29	thought	behav_sub-01_run-02_trial-29.wav	22	4.3125	4.4525
sub-01	2	30	fee	behav_sub-01_run-02_trial-30.wav	1	0.8725	0.9925
sub-01	2	30	fee	behav_sub-01_run-02_trial-30.wav	2	0.9925	1.1325
sub-01	2	30	fee	behav_sub-01_run-02_trial-30.wav	3	1.1325	1.2925
sub-01	2	30	fee	behav_sub-01_run-02_trial-30.wav	4	1.2925	1.4525
sub-01	2	30	fee	behav_sub-01_run-02_trial-30.wav	5	1.4525	1.6125
sub-01	2	30	fee	behav_sub-01_run-02_trial-30.wav	6	1.6125	1.7725
sub-01	2	30	fee	behav_sub-01_run-02_trial-30.wav	7	1.7725	1.9125
sub-01	2	30	fee	behav_sub-01_run-02_trial-30.wav	8	1.9525	2.0725
sub-01	2	30	fee	behav_sub-01_run-02_trial-30.wav	9	2.1125	2.2525
sub-01	2	30	fee	behav_sub-01_run-02_trial-30.wav	10	2.2525	2.3925
sub-01	2	30	fee	behav_sub-01_run-02_trial-30.wav	11	2.4525	2.5725
sub-01	2	30	fee	behav_sub-01_run-02_trial-30.wav	12	2.5725	2.7125
sub-01	2	30	fee	behav_sub-01_run-02_trial-30.wav	13	2.7525	2.8725
sub-01	2	30	fee	behav_sub-01_run-02_trial-30.wav	14	2.8725	3.0125
sub-01	2	30	fee	behav_sub-01_run-02_trial-30.wav	15	3.0725	3.2125
sub-01	2	30	fee	behav_sub-01_run-02_trial-30.wav	16	3.2125	3.3725
sub-01	2	30	fee	behav_sub-01_run-02_trial-30.wav	17	3.3725	3.5125
sub-01	2	30	fee	behav_sub-01_run-02_trial-30.wav	18	3.5525	3.6725
sub-01	2	30	fee	behav_sub-01_run-02_trial-30.wav	19	3.7325	3.8525
sub-01	2	30	fee	behav_sub-01_run-02_trial-30.wav	20	3.8525	4.0125
sub-01	2	30	fee	behav_sub-01_run-02_trial-30.wav	21	4.0525	4.1725
sub-01	2	30	fee	behav_sub-01_run-02_trial-30.wav	22	4.2325	4.3325
sub-01	2	30	fee	behav_sub-01_run-02_trial-30.wav	23	4.3925	4.5000
sub-01	2	31	ser	behav_sub-01_run-02_trial-31.wav	1	0.7525	0.9725
sub-01	2	31	ser	behav_sub-01_run-02_trial-31.wav	2	0.9725	1.1525
sub-01	2	31	ser	behav_sub-01_run-02_trial-31.wav	3	1.1525	1.3725
sub-01	2	31	ser	behav_sub-01_run-02_trial-31.wav	4	1.3725	1.5325
sub-01	2	31	ser	behav_sub-01_run-02_trial-31.wav	5	1.5325	1.7325
sub-01	2	31	ser	behav_sub-01_run-02_trial-31.wav	6	1.7325	1.9325
sub-01	2	31	ser	behav_sub-01_run-02_trial-31.wav	7	1.9325	2.1125
sub-01	2	31	ser	behav_sub-01_run-02_trial-31.wav	8	2.1125	2.2925
sub-01	2	31	ser	behav_sub-01_run-02_trial-31.wav	9	2.2925	2.4525
sub-01	2	31	ser	behav_sub-01_run-02_trial-31.wav	10	2.4525	2.6725
sub-01	2	31	ser	behav_sub-01_run-02_trial-31.wav	11	2.6725	2.8925
sub-01	2	31	ser	behav_sub-01_run-02_trial-31.wav	12	2.8925	3.0925
sub-01	2	31	ser	behav_sub-01_run-02_trial-31.wav	13	3.0925	3.2925
sub-01	2	31	ser	behav_sub-01_run-02_trial-31.wav	14	3.2925	3.4525
sub-01	2	31	ser	behav_sub-01_run-02_trial-31.wav	15	3.4525	3.6525
sub-01	2	31	ser	behav_sub-01_run-02_trial-31.wav	16	3.6525	3.8325
sub-01	2	31	ser	behav_sub-01_run-02_trial-31.wav	17	3.8325	4.0125
sub-01	2	31	ser	behav_sub-01_run-02_trial-31.wav	18	4.0125	4.2325
sub-01	2	31	ser	behav_sub-01_run-02_trial-31.wav	19	4.2325	4.4525
sub-01	2	31	ser	behav_sub-01_run-02_trial-31.wav	20	4.4525	4.5000
sub-01	2	32	mih	behav_sub-01_run-02_trial-32.wav	1	0.3325	0.4725
sub-01	2	32	mih	behav_sub-01_run-02_trial-32.wav	2	0.4725	0.6125
sub-01	2	32	mih	behav_sub-01_run-02_trial-32.wav	3	0.6125	0.7525
sub-01	2	32	mih	behav_sub-01_run-02_trial-32.wav	4	0.7525	0.8925
sub-01	2	32	mih	behav_sub-01_run-02_trial-32.wav	5	0.8925	1.0325
sub-01	2	32	mih	behav_sub-01_run-02_trial-32.wav	6	1.0325	1.1925
sub-01	2	32	mih	behav_sub-01_run-02_trial-32.wav	7	1.1925	1.3325
sub-01	2	32	mih	behav_sub-01_run-02_trial-32.wav	8	1.3325	1.4925
sub-01	2	32	mih	behav_sub-01_run-02_trial-32.wav	9	1.4925	1.6325
sub-01	2	32	mih	behav_sub-01_run-02_trial-32.wav	10	1.6325	1.7925
sub-01	2	32	mih	behav_sub-01_run-02_trial-32.wav	11	1.7925	1.9325
sub-01	2	32	mih	behav_sub-01_run-02_trial-32.wav	12	1.9325	2.0925
sub-01	2	32	mih	behav_sub-01_run-02_trial-32.wav	13	2.0925	2.2325
sub-01	2	32	mih	behav_sub-01_run-02_trial-32.wav	14	2.2325	2.3725
sub-01	2	32	mih	behav_sub-01_run-02_trial-32.wav	15	2.3725	2.5525
sub-01	2	32	mih	behav_sub-01_run-02_trial-32.wav	16	2.5525	2.6925
sub-01	2	32	mih	behav_sub-01_run-02_trial-32.wav	17	2.6925	2.8525
sub-01	2	32	mih	behav_sub-01_run-02_trial-32.wav	18	2.8525	3.0125
sub-01	2	32	mih	behav_sub-01_run-02_trial-32.wav	19	3.0125	3.1525
sub-01	2	32	mih	behav_sub-01_run-02_trial-32.wav	20	3.1525	3.3125
sub-01	2	32	mih	behav_sub-01_run-02_trial-32.wav	21	3.3125	3.4525
sub-01	2	32	mih	behav_sub-01_run-02_trial-32.wav	22	3.4525	3.6125
sub-01	2	32	mih	behav_sub-01_run-02_trial-32.wav	23	3.6125	3.7525
sub-01	2	32	mih	behav_sub-01_run-02_trial-32.wav	24	3.7525	3.9125
sub-01	2	32	mih	behav_sub-01_run-02_trial-32.wav	25	3.9125	4.0925
sub-01	2	32	mih	behav_sub-01_run-02_trial-32.wav	26	4.0925	4.2725
sub-01	2	32	mih	behav_sub-01_run-02_trial-32.wav	27	4.2725	4.4325
sub-01	2	33	thurs	behav_sub-01_run-02_trial-33.wav	1	0.4925	0.6525
sub-01	2	33	thurs	behav_sub-01_run-02_trial-33.wav	2	0.6525	0.8525
sub-01	2	33	thurs	behav_sub-01_run-02_trial-33.wav	3	0.8525	0.9525
sub-01	2	33	thurs	behav_sub-01_run-02_trial-33.wav	4	0.9525	1.0925
sub-01	2	33	thurs	behav_sub-01_run-02_trial-33.wav	5	1.0925	1.2725
sub-01	2	33	thurs	behav_sub-01_run-02_trial-33.wav	6	1.3125	1.4725
sub-01	2	33	thurs	behav_sub-01_run-02_trial-33.wav	7	1.5125	1.6725
sub-01	2	33	thurs	behav_sub-01_run-02_trial-33.wav	8	1.7525	1.8925
sub-01	2	33	thurs	behav_sub-01_run-02_trial-33.wav	9	1.8925	2.1125
sub-01	2	33	thurs	behav_sub-01_run-02_trial-33.wav	10	2.1125	2.3925
sub-01	2	33	thurs	behav_sub-01_run-02_trial-33.wav	11	2.3925	2.6525
sub-01	2	33	thurs	behav_sub-01_run-02_trial-33.wav	12	2.6525	2.9125
sub-01	2	33	thurs	behav_sub-01_run-02_trial-33.wav	13	2.9125	3.1925
sub-01	2	33	thurs	behav_sub-01_run-02_trial-33.wav	14	3.1925	3.4125
sub-01	2	33	thurs	behav_sub-01_run-02_trial-33.wav	15	3.4125	3.6725
sub-01	2	33	thurs	behav_sub-01_run-02_trial-33.wav	16	3.6725	3.8925
sub-01	2	33	thurs	behav_sub-01_run-02_trial-33.wav	17	3.8925	4.3125
sub-01	2	34	thought	behav_sub-01_run-02_trial-34.wav	1	0.4125	0.5325
sub-01	2	34	thought	behav_sub-01_run-02_trial-34.wav	2	0.5925	0.6925
sub-01	2	34	thought	behav_sub-01_run-02_trial-34.wav	3	0.7525	0.8525
sub-01	2	34	thought	behav_sub-01_run-02_trial-34.wav	4	0.9125	1.0125
sub-01	2	34	thought	behav_sub-01_run-02_trial-34.wav	5	1.0725	1.1925
sub-01	2	34	thought	behav_sub-01_run-02_trial-34.wav	6	1.2325	1.3525
sub-01	2	34	thought	behav_sub-01_run-02_trial-34.wav	7	1.4125	1.5125
sub-01	2	34	thought	behav_sub-01_run-02_trial-34.wav	8	1.5725	1.6725
sub-01	2	34	thought	behav_sub-01_run-02_trial-34.wav	9	1.7325	1.8525
sub-01	2	34	thought	behav_sub-01_run-02_trial-34.wav	10	1.9125	2.0325
sub-01	2	34	thought	behav_sub-01_run-02_trial-34.wav	11	2.0925	2.1925
sub-01	2	34	thought	behav_sub-01_run-02_trial-34.wav	12	2.2525	2.3725
sub-01	2	34	thought	behav_sub-01_run-02_trial-34.wav	13	2.4325	2.5325
sub-01	2	34	thought	behav_sub-01_run-02_trial-34.wav	14	2.5925	2.7125
sub-01	2	34	thought	behav_sub-01_run-02_trial-34.wav	15	2.7725	2.8925
sub-01	2	34	thought	behav_sub-01_run-02_trial-34.wav	16	2.9525	3.0725
sub-01	2	34	thought	behav_sub-01_run-02_trial-34.wav	17	3.1325	3.2525
sub-01	2	34	thought	behav_sub-01_run-02_trial-34.wav	18	3.3125	3.4325
sub-01	2	34	thought	behav_sub-01_run-02_trial-34.wav	19	3.4925	3.6125
sub-01	2	34	thought	behav_sub-01_run-02_trial-34.wav	20	3.6925	3.7925
sub-01	2	34	thought	behav_sub-01_run-02_trial-34.wav	21	3.8525	3.9525
sub-01	2	34	thought	behav_sub-01_run-02_trial-34.wav	22	4.0325	4.1125
sub-01	2	34	thought	behav_sub-01_run-02_trial-34.wav	23	4.1925	4.3125
sub-01	2	34	thought	behav_sub-01_run-02_trial-34.wav	24	4.3925	4.5000
sub-01	2	35	mih	behav_sub-01_run-02_trial-35.wav	1	0.4525	0.6325
sub-01	2	35	mih	behav_sub-01_run-02_trial-35.wav	2	0.6325	0.7725
sub-01	2	35	mih	behav_sub-01_run-02_trial-35.wav	3	0.7725	0.9125
sub-01	2	35	mih	behav_sub-01_run-02_trial-35.wav	4	0.9125	1.0725
sub-01	2	35	mih	behav_sub-01_run-02_trial-35.wav	5	1.0725	1.1925
sub-01	2	35	mih	behav_sub-01_run-02_trial-35.wav	6	1.1925	1.3325
sub-01	2	35	mih	behav_sub-01_run-02_trial-35.wav	7	1.3325	1.4925
sub-01	2	35	mih	behav_sub-01_run-02_trial-35.wav	8	1.4925	1.6525
sub-01	2	35	mih	behav_sub-01_run-02_trial-35.wav	9	1.6525	1.8125
sub-01	2	35	mih	behav_sub-01_run-02_trial-35.wav	10	1.8125	1.9925
sub-01	2	35	mih	behav_sub-01_run-02_trial-35.wav	11	1.9925	2.1525
sub-01	2	35	mih	behav_sub-01_run-02_trial-35.wav	12	2.1525	2.2925
sub-01	2	35	mih	behav_sub-01_run-02_trial-35.wav	13	2.2925	2.4525
sub-01	2	35	mih	behav_sub-01_run-02_trial-35.wav	14	2.4525	2.6125
sub-01	2	35	mih	behav_sub-01_run-02_trial-35.wav	15	2.6125	2.7725
sub-01	2	35	mih	behav_sub-01_run-02_trial-35.wav	16	2.7725	2.9325
sub-01	2	35	mih	behav_sub-01_run-02_trial-35.wav	17	2.9325	3.0925
sub-01	2	35	mih	behav_sub-01_run-02_trial-35.wav	18	3.0925	3.2725
sub-01	2	35	mih	behav_sub-01_run-02_trial-35.wav	19	3.2725	3.4325
sub-01	2	35	mih	behav_sub-01_run-02_trial-35.wav	20	3.4325	3.5725
sub-01	2	35	mih	behav_sub-01_run-02_trial-35.wav	21	3.5725	3.7325
sub-01	2	35	mih	behav_sub-01_run-02_trial-35.wav	22	3.7325	3.9125
sub-01	2	35	mih	behav_sub-01_run-02_trial-35.wav	23	3.9125	4.0725
sub-01	2	35	mih	behav_sub-01_run-02_trial-35.wav	24	4.0725	4.2325
sub-01	2	35	mih	behav_sub-01_run-02_trial-35.wav	25	4.2325	4.3925
sub-01	2	35	mih	behav_sub-01_run-02_trial-35.wav	26	4.3925	4.5000
sub-01	2	36	day	behav_sub-01_run-02_trial-36.wav	1	0.3925	0.5325
sub-01	2	36	day	behav_sub-01_run-02_trial-36.wav	2	0.5325	0.6925
sub-01	2	36	day	behav_sub-01_run-02_trial-36.wav	3	0.6925	0.8525
sub-01	2	36	day	behav_sub-01_run-02_trial-36.wav	4	0.8525	1.0125
sub-01	2	36	day	behav_sub-01_run-02_trial-36.wav	5	1.0125	1.2125
sub-01	2	36	day	behav_sub-01_run-02_trial-36.wav	6	1.2125	1.3725
sub-01	2	36	day	behav_sub-01_run-02_trial-36.wav	7	1.3725	1.5325
sub-01	2	36	day	behav_sub-01_run-02_trial-36.wav	8	1.5325	1.7325
sub-01	2	36	day	behav_sub-01_run-02_trial-36.wav	9	1.7325	1.9325
sub-01	2	36	day	behav_sub-01_run-02_trial-36.wav	10	1.9325	2.0925
sub-01	2	36	day	behav_sub-01_run-02_trial-36.wav	11	2.0925	2.2925
sub-01	2	36	day	behav_sub-01_run-02_trial-36.wav	12	2.2925	2.4925
sub-01	2	36	day	behav_sub-01_run-02_trial-36.wav	13	2.4925	2.6525
sub-01	2	36	day	behav_sub-01_run-02_trial-36.wav	14	2.6925	2.8325
sub-01	2	36	day	behav_sub-01_run-02_trial-36.wav	15	2.8925	3.0525
sub-01	2	36	day	behav_sub-01_run-02_trial-36.wav	16	3.1125	3.2925
sub-01	2	36	day	behav_sub-01_run-02_trial-36.wav	17	3.2925	3.4525
sub-01	2	36	day	behav_sub-01_run-02_trial-36.wav	18	3.4925	3.6925
sub-01	2	36	day	behav_sub-01_run-02_trial-36.wav	19	3.6925	3.8925
sub-01	2	36	day	behav_sub-01_run-02_trial-36.wav	20	3.9325	4.0925
sub-01	2	36	day	behav_sub-01_run-02_trial-36.wav	21	4.1525	4.2925
sub-01	2	37	fee	behav_sub-01_run-02_trial-37.wav	1	0.4325	0.5325
sub-01	2	37	fee	behav_sub-01_run-02_trial-37.wav	2	0.5325	0.6925
sub-01	2	37	fee	behav_sub-01_run-02_trial-37.wav	3	0.7525	0.8525
sub-01	2	37	fee	behav_sub-01_run-02_trial-37.wav	4	0.9125	1.0525
sub-01	2	37	fee	behav_sub-01_run-02_trial-37.wav	5	1.0925	1.2125
sub-01	2	37	fee	behav_sub-01_run-02_trial-37.wav	6	1.2525	1.3725
sub-01	2	37	fee	behav_sub-01_run-02_trial-37.wav	7	1.4125	1.5525
sub-01	2	37	fee	behav_sub-01_run-02_trial-37.wav	8	1.5925	1.7325
sub-01	2	37	fee	behav_sub-01_run-02_trial-37.wav	9	1.7325	1.8925
sub-01	2	37	fee	behav_sub-01_run-02_trial-37.wav	10	1.9525	2.0925
sub-01	2	37	fee	behav_sub-01_run-02_trial-37.wav	11	2.0925	2.2525
sub-01	2	37	fee	behav_sub-01_run-02_trial-37.wav	12	2.3325	2.4525
sub-01	2	37	fee	behav_sub-01_run-02_trial-37.wav	13	2.5125	2.6525
sub-01	2	37	fee	behav_sub-01_run-02_trial-37.wav	14	2.6525	2.8325
sub-01	2	37	fee	behav_sub-01_run-02_trial-37.wav	15	2.8925	3.0125
sub-01	2	37	fee	behav_sub-01_run-02_trial-37.wav	16	3.0725	3.1925
sub-01	2	37	fee	behav_sub-01_run-02_trial-37.wav	17	3.1925	3.3925
sub-01	2	37	fee	behav_sub-01_run-02_trial-37.wav	18	3.3925	3.5725
sub-01	2	37	fee	behav_sub-01_run-02_trial-37.wav	19	3.5725	3.7525
sub-01	2	37	fee	behav_sub-01_run-02_trial-37.wav	20	3.8125	3.9325
sub-01	2	37	fee	behav_sub-01_run-02_trial-37.wav	21	4.0125	4.1525
sub-01	2	37	fee	behav_sub-01_run-02_trial-37.wav	22	4.2325	4.3725
sub-01	2	38	ser	behav_sub-01_run-02_trial-38.wav	1	0.2325	0.3325
sub-01	2	38	ser	behav_sub-01_run-02_trial-38.wav	2	0.3325	0.5325
sub-01	2	38	ser	behav_sub-01_run-02_trial-38.wav	3	0.5325	0.7325
sub-01	2	38	ser	behav_sub-01_run-02_trial-38.wav	4	0.7325	0.9325
sub-01	2	38	ser	behav_sub-01_run-02_trial-38.wav	5	0.9325	1.1525
sub-01	2	38	ser	behav_sub-01_run-02_trial-38.wav	6	1.1525	1.3325
sub-01	2	38	ser	behav_sub-01_run-02_trial-38.wav	7	1.3325	1.5525
sub-01	2	38	ser	behav_sub-01_run-02_trial-38.wav	8	1.5525	1.7725
sub-01	2	38	ser	behav_sub-01_run-02_trial-38.wav	9	1.7725	2.0125
sub-01	2	38	ser	behav_sub-01_run-02_trial-38.wav	10	2.0125	2.2325
sub-01	2	38	ser	behav_sub-01_run-02_trial-38.wav	11	2.2325	2.4125
sub-01	2	38	ser	behav_sub-01_run-02_trial-38.wav	12	2.4125	2.5125
sub-01	2	38	ser	behav_sub-01_run-02_trial-38.wav	13	2.5125	2.6525
sub-01	2	38	ser	behav_sub-01_run-02_trial-38.wav	14	2.6525	2.8525
sub-01	2	38	ser	behav_sub-01_run-02_trial-38.wav	15	2.8525	3.1125
sub-01	2	38	ser	behav_sub-01_run-02_trial-38.wav	16	3.1125	3.3325
sub-01	2	38	ser	behav_sub-01_run-02_trial-38.wav	17	3.3325	3.4325
sub-01	2	38	ser	behav_sub-01_run-02_trial-38.wav	18	3.4325	3.5925
sub-01	2	38	ser	behav_sub-01_run-02_trial-38.wav	19	3.5925	3.7525
sub-01	2	38	ser	behav_sub-01_run-02_trial-38.wav	20	3.7525	3.8925
sub-01	2	38	ser	behav_sub-01_run-02_trial-38.wav	21	3.8925	4.1725
sub-01	2	38	ser	behav_sub-01_run-02_trial-38.wav	22	4.1725	4.4325
sub-01	2	39	pie	behav_sub-01_run-02_trial-39.wav	1	0.4325	0.5725
sub-01	2	39	pie	behav_sub-01_run-02_trial-39.wav	2	0.5725	0.7325
sub-01	2	39	pie	behav_sub-01_run-02_trial-39.wav	3	0.7325	0.8925
sub-01	2	39	pie	behav_sub-01_run-02_trial-39.wav	4	0.9525	1.0725
sub-01	2	39	pie	behav_sub-01_run-02_trial-39.wav	5	1.1125	1.2525
sub-01	2	39	pie	behav_sub-01_run-02_trial-39.wav	6	1.3125	1.4525
sub-01	2	39	pie	behav_sub-01_run-02_trial-39.wav	7	1.5125	1.6325
sub-01	2	39	pie	behav_sub-01_run-02_trial-39.wav	8	1.6925	1.8525
sub-01	2	39	pie	behav_sub-01_run-02_trial-39.wav	9	1.9125	2.0325
sub-01	2	39	pie	behav_sub-01_run-02_trial-39.wav	10	2.1125	2.2525
sub-01	2	39	pie	behav_sub-01_run-02_trial-39.wav	11	2.2525	2.3925
sub-01	2	39	pie	behav_sub-01_run-02_trial-39.wav	12	2.4925	2.6125
sub-01	2	39	pie	behav_sub-01_run-02_trial-39.wav	13	2.6725	2.7925
sub-01	2	39	pie	behav_sub-01_run-02_trial-39.wav	14	2.8525	2.9925
sub-01	2	39	pie	behav_sub-01_run-02_trial-39.wav	15	3.0525	3.1525
sub-01	2	39	pie	behav_sub-01_run-02_trial-39.wav	16	3.2325	3.3925
sub-01	2	39	pie	behav_sub-01_run-02_trial-39.wav	17	3.4925	3.6525
sub-01	2	39	pie	behav_sub-01_run-02_trial-39.wav	18	3.7125	3.8725
sub-01	2	39	pie	behav_sub-01_run-02_trial-39.wav	19	3.9725	4.0925
sub-01	2	39	pie	behav_sub-01_run-02_trial-39.wav	20	4.1325	4.2925
sub-01	2	39	pie	behav_sub-01_run-02_trial-39.wav	21	4.3725	4.5000
sub-01	2	40	naw	behav_sub-01_run-02_trial-40.wav	1	0.2325	0.3725
sub-01	2	40	naw	behav_sub-01_run-02_trial-40.wav	2	0.3725	0.5525
sub-01	2	40	naw	behav_sub-01_run-02_trial-40.wav	3	0.5525	0.7125
sub-01	2	40	naw	behav_sub-01_run-02_trial-40.wav	4	0.7125	0.8525
sub-01	2	40	naw	behav_sub-01_run-02_trial-40.wav	5	0.8525	1.0325
sub-01	2	40	naw	behav_sub-01_run-02_trial-40.wav	6	1.0325	1.2125
sub-01	2	40	naw	behav_sub-01_run-02_trial-40.wav	7	1.2125	1.3725
sub-01	2	40	naw	behav_sub-01_run-02_trial-40.wav	8	1.3725	1.5525
sub-01	2	40	naw	behav_sub-01_run-02_trial-40.wav	9	1.5525	1.7325
sub-01	2	40	naw	behav_sub-01_run-02_trial-40.wav	10	1.7325	1.8925
sub-01	2	40	naw	behav_sub-01_run-02_trial-40.wav	11	1.8925	2.0725
sub-01	2	40	naw	behav_sub-01_run-02_trial-40.wav	12	2.0725	2.2725
sub-01	2	40	naw	behav_sub-01_run-02_trial-40.wav	13	2.2725	2.4525
sub-01	2	40	naw	behav_sub-01_run-02_trial-40.wav	14	2.4525	2.6325
sub-01	2	40	naw	behav_sub-01_run-02_trial-40.wav	15	2.6325	2.8525
sub-01	2	40	naw	behav_sub-01_run-02_trial-40.wav	16	2.8525	3.0525
sub-01	2	40	naw	behav_sub-01_run-02_trial-40.wav	17	3.0525	3.2725
sub-01	2	40	naw	behav_sub-01_run-02_trial-40.wav	18	3.2725	3.4125
sub-01	2	40	naw	behav_sub-01_run-02_trial-40.wav	19	3.4125	3.4925
sub-01	2	40	naw	behav_sub-01_run-02_trial-40.wav	20	3.4925	3.5925
sub-01	2	40	naw	behav_sub-01_run-02_trial-40.wav	21	3.5925	3.6925
sub-01	2	40	naw	behav_sub-01_run-02_trial-40.wav	22	3.6925	3.8125
sub-01	2	40	naw	behav_sub-01_run-02_trial-40.wav	23	3.8125	3.9125
sub-01	2	40	naw	behav_sub-01_run-02_trial-40.wav	24	3.9125	4.0525
sub-01	2	40	naw	behav_sub-01_run-02_trial-40.wav	25	4.0525	4.1725
sub-01	2	40	naw	behav_sub-01_run-02_trial-40.wav	26	4.1725	4.5000
sub-01	2	41	fee	behav_sub-01_run-02_trial-41.wav	1	0.4325	0.5725
sub-01	2	41	fee	behav_sub-01_run-02_trial-41.wav	2	0.5725	0.7525
sub-01	2	41	fee	behav_sub-01_run-02_trial-41.wav	3	0.7525	0.9325
sub-01	2	41	fee	behav_sub-01_run-02_trial-41.wav	4	0.9325	1.0925
sub-01	2	41	fee	behav_sub-01_run-02_trial-41.wav	5	1.1525	1.2925
sub-01	2	41	fee	behav_sub-01_run-02_trial-41.wav	6	1.3525	1.4725
sub-01	2	41	fee	behav_sub-01_run-02_trial-41.wav	7	1.5325	1.6725
sub-01	2	41	fee	behav_sub-01_run-02_trial-41.wav	8	1.6725	1.8525
sub-01	2	41	fee	behav_sub-01_run-02_trial-41.wav	9	1.9125	2.0525
sub-01	2	41	fee	behav_sub-01_run-02_trial-41.wav	10	2.0925	2.2325
sub-01	2	41	fee	behav_sub-01_run-02_trial-41.wav	11	2.2925	2.4125
sub-01	2	41	fee	behav_sub-01_run-02_trial-41.wav	12	2.4725	2.6325
sub-01	2	41	fee	behav_sub-01_run-02_trial-41.wav	13	2.6725	2.8125
sub-01	2	41	fee	behav_sub-01_run-02_trial-41.wav	14	2.8125	2.9525
sub-01	2	41	fee	behav_sub-01_run-02_trial-41.wav	15	3.0125	3.1525
sub-01	2	41	fee	behav_sub-01_run-02_trial-41.wav	16	3.2125	3.3525
sub-01	2	41	fee	behav_sub-01_run-02_trial-41.wav	17	3.4125	3.5525
sub-01	2	41	fee	behav_sub-01_run-02_trial-41.wav	18	3.5525	3.7325
sub-01	2	41	fee	behav_sub-01_run-02_trial-41.wav	19	3.7325	3.9325
sub-01	2	41	fee	behav_sub-01_run-02_trial-41.wav	20	3.9325	4.1325
sub-01	2	41	fee	behav_sub-01_run-02_trial-41.wav	21	4.1325	4.2925
sub-01	2	41	fee	behav_sub-01_run-02_trial-41.wav	22	4.3725	4.4725
sub-01	2	42	day	behav_sub-01_run-02_trial-42.wav	1	0.5525	0.8125
sub-01	2	42	day	behav_sub-01_run-02_trial-42.wav	2	0.8125	1.0525
sub-01	2	42	day	behav_sub-01_run-02_trial-42.wav	3	1.0525	1.2525
sub-01	2	42	day	behav_sub-01_run-02_trial-42.wav	4	1.2525	1.4525
sub-01	2	42	day	behav_sub-01_run-02_trial-42.wav	5	1.4525	1.6125
sub-01	2	42	day	behav_sub-01_run-02_trial-42.wav	6	1.6125	1.8125
sub-01	2	42	day	behav_sub-01_run-02_trial-42.wav	7	1.8125	2.0125
sub-01	2	42	day	behav_sub-01_run-02_trial-42.wav	8	2.0125	2.1925
sub-01	2	42	day	behav_sub-01_run-02_trial-42.wav	9	2.2525	2.4525
sub-01	2	42	day	behav_sub-01_run-02_trial-42.wav	10	2.4525	2.6925
sub-01	2	42	day	behav_sub-01_run-02_trial-42.wav	11	2.6925	2.8925
sub-01	2	42	day	behav_sub-01_run-02_trial-42.wav	12	2.9525	3.1325
sub-01	2	42	day	behav_sub-01_run-02_trial-42.wav	13	3.1325	3.3725
sub-01	2	42	day	behav_sub-01_run-02_trial-42.wav	14	3.3725	3.5725
sub-01	2	42	day	behav_sub-01_run-02_trial-42.wav	15	3.5725	3.7525
sub-01	2	42	day	behav_sub-01_run-02_trial-42.wav	16	3.7525	3.9325
sub-01	2	42	day	behav_sub-01_run-02_trial-42.wav	17	3.9325	4.1525
sub-01	2	42	day	behav_sub-01_run-02_trial-42.wav	18	4.1925	4.3725
sub-01	2	42	day	behav_sub-01_run-02_trial-42.wav	19	4.3725	4.5000
sub-01	2	43	thought	behav_sub-01_run-02_trial-43.wav	1	0.4925	0.6325
sub-01	2	43	thought	behav_sub-01_run-02_trial-43.wav	2	0.6925	0.8125
sub-01	2	43	thought	behav_sub-01_run-02_trial-43.wav	3	0.8725	1.0125
sub-01	2	43	thought	behav_sub-01_run-02_trial-43.wav	4	1.0925	1.2125
sub-01	2	43	thought	behav_sub-01_run-02_trial-43.wav	5	1.2725	1.3725
sub-01	2	43	thought	behav_sub-01_run-02_trial-43.wav	6	1.4525	1.5925
sub-01	2	43	thought	behav_sub-01_run-02_trial-43.wav	7	1.6725	1.7925
sub-01	2	43	thought	behav_sub-01_run-02_trial-43.wav	8	1.8525	1.9925
sub-01	2	43	thought	behav_sub-01_run-02_trial-43.wav	9	2.0525	2.2525
sub-01	2	43	thought	behav_sub-01_run-02_trial-43.wav	10	2.2525	2.4125
sub-01	2	43	thought	behav_sub-01_run-02_trial-43.wav	11	2.4125	2.5525
sub-01	2	43	thought	behav_sub-01_run-02_trial-43.wav	12	2.6325	2.7725
sub-01	2	43	thought	behav_sub-01_run-02_trial-43.wav	13	2.8325	2.9525
sub-01	2	43	thought	behav_sub-01_run-02_trial-43.wav	14	3.0325	3.1525
sub-01	2	43	thought	behav_sub-01_run-02_trial-43.wav	15	3.2525	3.3525
sub-01	2	43	thought	behav_sub-01_run-02_trial-43.wav	16	3.4325	3.5725
sub-01	2	43	thought	behav_sub-01_run-02_trial-43.wav	17	3.6525	3.7525
sub-01	2	43	thought	behav_sub-01_run-02_trial-43.wav	18	3.8325	3.9725
sub-01	2	43	thought	behav_sub-01_run-02_trial-43.wav	19	4.0325	4.1725
sub-01	2	43	thought	behav_sub-01_run-02_trial-43.wav	20	4.2525	4.4125
sub-01	2	44	naw	behav_sub-01_run-02_trial-44.wav	1	0.3725	0.5925
sub-01	2	44	naw	behav_sub-01_run-02_trial-44.wav	2	0.5925	0.7525
sub-01	2	44	naw	behav_sub-01_run-02_trial-44.wav	3	0.7525	0.9525
sub-01	2	44	naw	behav_sub-01_run-02_trial-44.wav	4	0.9525	1.1325
sub-01	2	44	naw	behav_sub-01_run-02_trial-44.wav	5	1.1325	1.3125
sub-01	2	44	naw	behav_sub-01_run-02_trial-44.wav	6	1.3125	1.5325
sub-01	2	44	naw	behav_sub-01_run-02_trial-44.wav	7	1.5325	1.7125
sub-01	2	44	naw	behav_sub-01_run-02_trial-44.wav	8	1.7125	1.9325
sub-01	2	44	naw	behav_sub-01_run-02_trial-44.wav	9	1.9325	2.1125
sub-01	2	44	naw	behav_sub-01_run-02_trial-44.wav	10	2.1125	2.3125
sub-01	2	44	naw	behav_sub-01_run-02_trial-44.wav	11	2.3125	2.5125
sub-01	2	44	naw	behav_sub-01_run-02_trial-44.wav	12	2.5125	2.7325
sub-01	2	44	naw	behav_sub-01_run-02_trial-44.wav	13	2.7325	2.9525
sub-01	2	44	naw	behav_sub-01_run-02_trial-44.wav	14	2.9525	3.1925
sub-01	2	44	naw	behav_sub-01_run-02_trial-44.wav	15	3.1925	3.3925
sub-01	2	44	naw	behav_sub-01_run-02_trial-44.wav	16	3.3925	3.6325
sub-01	2	44	naw	behav_sub-01_run-02_trial-44.wav	17	3.6325	3.8525
sub-01	2	44	naw	behav_sub-01_run-02_trial-44.wav	18	3.8525	4.0725
sub-01	2	44	naw	behav_sub-01_run-02_trial-44.wav	19	4.0725	4.2925
sub-01	2	44	naw	behav_sub-01_run-02_trial-44.wav	20	4.2925	4.5000
sub-01	2	45	mih	behav_sub-01_run-02_trial-45.wav	1	0.2125	0.3925
sub-01	2	45	mih	behav_sub-01_run-02_trial-45.wav	2	0.3925	0.5525
sub-01	2	45	mih	behav_sub-01_run-02_trial-45.wav	3	0.5525	0.7125
sub-01	2	45	mih	behav_sub-01_run-02_trial-45.wav	4	0.7125	0.8725
sub-01	2	45	mih	behav_sub-01_run-02_trial-45.wav	5	0.8725	1.0725
sub-01	2	45	mih	behav_sub-01_run-02_trial-45.wav	6	1.0725	1.2325
sub-01	2	45	mih	behav_sub-01_run-02_trial-45.wav	7	1.2325	1.4125
sub-01	2	45	mih	behav_sub-01_run-02_trial-45.wav	8	1.4125	1.5725
sub-01	2	45	mih	behav_sub-01_run-02_trial-45.wav	9	1.5725	1.7525
sub-01	2	45	mih	behav_sub-01_run-02_trial-45.wav	10	1.7525	1.9325
sub-01	2	45	mih	behav_sub-01_run-02_trial-45.wav	11	1.9325	2.1325
sub-01	2	45	mih	behav_sub-01_run-02_trial-45.wav	12	2.1325	2.2925
sub-01	2	45	mih	behav_sub-01_run-02_trial-45.wav	13	2.2925	2.4725
sub-01	2	45	mih	behav_sub-01_run-02_trial-45.wav	14	2.4725	2.6525
sub-01	2	45	mih	behav_sub-01_run-02_trial-45.wav	15	2.6525	2.8325
sub-01	2	45	mih	behav_sub-01_run-02_trial-45.wav	16	2.8325	3.0125
sub-01	2	45	mih	behav_sub-01_run-02_trial-45.wav	17	3.0125	3.1725
sub-01	2	45	mih	behav_sub-01_run-02_trial-45.wav	18	3.2525	3.3525
sub-01	2	45	mih	behav_sub-01_run-02_trial-45.wav	19	3.3525	3.5125
sub-01	2	45	mih	behav_sub-01_run-02_trial-45.wav	20	3.5125	3.6925
sub-01	2	45	mih	behav_sub-01_run-02_trial-45.wav	21	3.6925	3.8725
sub-01	2	45	mih	behav_sub-01_run-02_trial-45.wav	22	3.8725	4.0525
sub-01	2	45	mih	behav_sub-01_run-02_trial-45.wav	23	4.0525	4.2925
sub-01	2	46	per	behav_sub-01_run-02_trial-46.wav	1	0.5125	0.6325
sub-01	2	46	per	behav_sub-01_run-02_trial-46.wav	2	0.6925	0.8525
sub-01	2	46	per	behav_sub-01_run-02_trial-46.wav	3	0.8525	1.0125
sub-01	2	46	per	behav_sub-01_run-02_trial-46.wav	4	1.0925	1.2125
sub-01	2	46	per	behav_sub-01_run-02_trial-46.wav	5	1.2725	1.3925
sub-01	2	46	per	behav_sub-01_run-02_trial-46.wav	6	1.4525	1.5725
sub-01	2	46	per	behav_sub-01_run-02_trial-46.wav	7	1.6325	1.7725
sub-01	2	46	per	behav_sub-01_run-02_trial-46.wav	8	1.8325	1.9525
sub-01	2	46	per	behav_sub-01_run-02_trial-46.wav	9	2.0325	2.1525
sub-01	2	46	per	behav_sub-01_run-02_trial-46.wav	10	2.2325	2.3325
sub-01	2	46	per	behav_sub-01_run-02_trial-46.wav	11	2.3925	2.5525
sub-01	2	46	per	behav_sub-01_run-02_trial-46.wav	12	2.6125	2.7525
sub-01	2	46	per	behav_sub-01_run-02_trial-46.wav	13	2.8125	2.9525
sub-01	2	46	per	behav_sub-01_run-02_trial-46.wav	14	2.9925	3.1525
sub-01	2	46	per	behav_sub-01_run-02_trial-46.wav	15	3.2125	3.3325
sub-01	2	46	per	behav_sub-01_run-02_trial-46.wav	16	3.3925	3.5325
sub-01	2	46	per	behav_sub-01_run-02_trial-46.wav	17	3.5925	3.7525
sub-01	2	46	per	behav_sub-01_run-02_trial-46.wav	18	3.8125	3.9125
sub-01	2	46	per	behav_sub-01_run-02_trial-46.wav	19	3.9925	4.1325
sub-01	2	46	per	behav_sub-01_run-02_trial-46.wav	20	4.1925	4.3125
sub-01	2	47	ter	behav_sub-01_run-02_trial-47.wav	1	0.6325	0.7725
sub-01	2	47	ter	behav_sub-01_run-02_trial-47.wav	2	0.8125	1.0125
sub-01	2	47	ter	behav_sub-01_run-02_trial-47.wav	3	1.0125	1.1525
sub-01	2	47	ter	behav_sub-01_run-02_trial-47.wav	4	1.1925	1.3325
sub-01	2	47	ter	behav_sub-01_run-02_trial-47.wav	5	1.3325	1.4925
sub-01	2	47	ter	behav_sub-01_run-02_trial-47.wav	6	1.5325	1.6925
sub-01	2	47	ter	behav_sub-01_run-02_trial-47.wav	7	1.6925	1.8525
sub-01	2	47	ter	behav_sub-01_run-02_trial-47.wav	8	1.8525	2.0525
sub-01	2	47	ter	behav_sub-01_run-02_trial-47.wav	9	2.0525	2.2125
sub-01	2	47	ter	behav_sub-01_run-02_trial-47.wav	10	2.2525	2.3925
sub-01	2	47	ter	behav_sub-01_run-02_trial-47.wav	11	2.4525	2.6125
sub-01	2	47	ter	behav_sub-01_run-02_trial-47.wav	12	2.6125	2.7725
sub-01	2	47	ter	behav_sub-01_run-02_trial-47.wav	13	2.8125	2.9525
sub-01	2	47	ter	behav_sub-01_run-02_trial-47.wav	14	2.9925	3.1725
sub-01	2	47	ter	behav_sub-01_run-02_trial-47.wav	15	3.1725	3.3325
sub-01	2	47	ter	behav_sub-01_run-02_trial-47.wav	16	3.3325	3.5325
sub-01	2	47	ter	behav_sub-01_run-02_trial-47.wav	17	3.5325	3.7125
sub-01	2	47	ter	behav_sub-01_run-02_trial-47.wav	18	3.7725	3.8725
sub-01	2	47	ter	behav_sub-01_run-02_trial-47.wav	19	3.9125	4.0725
sub-01	2	47	ter	behav_sub-01_run-02_trial-47.wav	20	4.1325	4.2925
sub-01	2	47	ter	behav_sub-01_run-02_trial-47.wav	21	4.3325	4.4725
sub-01	2	48	thurs	behav_sub-01_run-02_trial-48.wav	1	0.5125	0.6525
sub-01	2	48	thurs	behav_sub-01_run-02_trial-48.wav	2	0.6525	0.8525
sub-01	2	48	thurs	behav_sub-01_run-02_trial-48.wav	3	0.8525	1.0925
sub-01	2	48	thurs	behav_sub-01_run-02_trial-48.wav	4	1.0925	1.2925
sub-01	2	48	thurs	behav_sub-01_run-02_trial-48.wav	5	1.2925	1.4925
sub-01	2	48	thurs	behav_sub-01_run-02_trial-48.wav	6	1.4925	1.7325
sub-01	2	48	thurs	behav_sub-01_run-02_trial-48.wav	7	1.7325	1.9525
sub-01	2	48	thurs	behav_sub-01_run-02_trial-48.wav	8	1.9525	2.1725
sub-01	2	48	thurs	behav_sub-01_run-02_trial-48.wav	9	2.1725	2.3725
sub-01	2	48	thurs	behav_sub-01_run-02_trial-48.wav	10	2.3725	2.5925
sub-01	2	48	thurs	behav_sub-01_run-02_trial-48.wav	11	2.5925	2.8125
sub-01	2	48	thurs	behav_sub-01_run-02_trial-48.wav	12	2.8125	3.0125
sub-01	2	48	thurs	behav_sub-01_run-02_trial-48.wav	13	3.0125	3.0925
sub-01	2	48	thurs	behav_sub-01_run-02_trial-48.wav	14	3.0925	3.2125
sub-01	2	48	thurs	behav_sub-01_run-02_trial-48.wav	15	3.2125	3.4525
sub-01	2	48	thurs	behav_sub-01_run-02_trial-48.wav	16	3.4525	3.6525
sub-01	2	48	thurs	behav_sub-01_run-02_trial-48.wav	17	3.6525	3.9325
sub-01	2	48	thurs	behav_sub-01_run-02_trial-48.wav	18	3.9325	4.0925
sub-01	2	48	thurs	behav_sub-01_run-02_trial-48.wav	19	4.1525	4.2925
sub-01	2	48	thurs	behav_sub-01_run-02_trial-48.wav	20	4.2925	4.5000
sub-01	2	49	thought	behav_sub-01_run-02_trial-49.wav	1	0.2125	0.2925
sub-01	2	49	thought	behav_sub-01_run-02_trial-49.wav	2	0.3525	0.4725
sub-01	2	49	thought	behav_sub-01_run-02_trial-49.wav	3	0.5325	0.6325
sub-01	2	49	thought	behav_sub-01_run-02_trial-49.wav	4	0.6925	0.7925
sub-01	2	49	thought	behav_sub-01_run-02_trial-49.wav	5	0.8725	0.9925
sub-01	2	49	thought	behav_sub-01_run-02_trial-49.wav	6	1.0325	1.1525
sub-01	2	49	thought	behav_sub-01_run-02_trial-49.wav	7	1.1925	1.3125
sub-01	2	49	thought	behav_sub-01_run-02_trial-49.wav	8	1.3725	1.4725
sub-01	2	49	thought	behav_sub-01_run-02_trial-49.wav	9	1.5325	1.6325
sub-01	2	49	thought	behav_sub-01_run-02_trial-49.wav	10	1.7125	1.8125
sub-01	2	49	thought	behav_sub-01_run-02_trial-49.wav	11	1.8925	2.0125
sub-01	2	49	thought	behav_sub-01_run-02_trial-49.wav	12	2.0725	2.1525
sub-01	2	49	thought	behav_sub-01_run-02_trial-49.wav	13	2.2325	2.3325
sub-01	2	49	thought	behav_sub-01_run-02_trial-49.wav	14	2.3925	2.5125
sub-01	2	49	thought	behav_sub-01_run-02_trial-49.wav	15	2.5725	2.6725
sub-01	2	49	thought	behav_sub-01_run-02_trial-49.wav	16	2.7525	2.8525
sub-01	2	49	thought	behav_sub-01_run-02_trial-49.wav	17	2.9325	3.0525
sub-01	2	49	thought	behav_sub-01_run-02_trial-49.wav	18	3.1125	3.2125
sub-01	2	49	thought	behav_sub-01_run-02_trial-49.wav	19	3.2725	3.3725
sub-01	2	49	thought	behav_sub-01_run-02_trial-49.wav	20	3.4525	3.5325
sub-01	2	49	thought	behav_sub-01_run-02_trial-49.wav	21	3.6325	3.7525
sub-01	2	49	thought	behav_sub-01_run-02_trial-49.wav	22	3.8325	3.9525
sub-01	2	49	thought	behav_sub-01_run-02_trial-49.wav	23	4.0125	4.1325
sub-01	2	49	thought	behav_sub-01_run-02_trial-49.wav	24	4.2125	4.3925
sub-01	2	50	thurs	behav_sub-01_run-02_trial-50.wav	1	1.1725	1.3125
sub-01	2	50	thurs	behav_sub-01_run-02_trial-50.wav	2	1.3125	1.3925
sub-01	2	50	thurs	behav_sub-01_run-02_trial-50.wav	3	1.3925	1.4925
sub-01	2	50	thurs	behav_sub-01_run-02_trial-50.wav	4	1.4925	1.6925
sub-01	2	50	thurs	behav_sub-01_run-02_trial-50.wav	5	1.6925	1.8725
sub-01	2	50	thurs	behav_sub-01_run-02_trial-50.wav	6	1.8725	1.9725
sub-01	2	50	thurs	behav_sub-01_run-02_trial-50.wav	7	1.9725	2.0725
sub-01	2	50	thurs	behav_sub-01_run-02_trial-50.wav	8	2.0725	2.2525
sub-01	2	50	thurs	behav_sub-01_run-02_trial-50.wav	9	2.2525	2.3325
sub-01	2	50	thurs	behav_sub-01_run-02_trial-50.wav	10	2.3325	2.4325
sub-01	2	50	thurs	behav_sub-01_run-02_trial-50.wav	11	2.4325	2.6325
sub-01	2	50	thurs	behav_sub-01_run-02_trial-50.wav	12	2.6325	2.8525
sub-01	2	50	thurs	behav_sub-01_run-02_trial-50.wav	13	2.8525	3.0525
sub-01	2	50	thurs	behav_sub-01_run-02_trial-50.wav	14	3.0525	3.2525
sub-01	2	50	thurs	behav_sub-01_run-02_trial-50.wav	15	3.2525	3.4725
sub-01	2	50	thurs	behav_sub-01_run-02_trial-50.wav	16	3.4725	3.5725
sub-01	2	50	thurs	behav_sub-01_run-02_trial-50.wav	17	3.5725	3.6725
sub-01	2	50	thurs	behav_sub-01_run-02_trial-50.wav	18	3.7325	3.8325
sub-01	2	50	thurs	behav_sub-01_run-02_trial-50.wav	19	3.9125	4.0125
sub-01	2	50	thurs	behav_sub-01_run-02_trial-50.wav	20	4.0125	4.2525
sub-01	2	50	thurs	behav_sub-01_run-02_trial-50.wav	21	4.2525	4.4725
sub-01	2	51	pie	behav_sub-01_run-02_trial-51.wav	1	0.3925	0.5125
sub-01	2	51	pie	behav_sub-01_run-02_trial-51.wav	2	0.5725	0.6925
sub-01	2	51	pie	behav_sub-01_run-02_trial-51.wav	3	0.7525	0.8925
sub-01	2	51	pie	behav_sub-01_run-02_trial-51.wav	4	0.8925	1.0725
sub-01	2	51	pie	behav_sub-01_run-02_trial-51.wav	5	1.1325	1.2525
sub-01	2	51	pie	behav_sub-01_run-02_trial-51.wav	6	1.3125	1.4525
sub-01	2	51	pie	behav_sub-01_run-02_trial-51.wav	7	1.5125	1.6525
sub-01	2	51	pie	behav_sub-01_run-02_trial-51.wav	8	1.7125	1.8525
sub-01	2	51	pie	behav_sub-01_run-02_trial-51.wav	9	1.9125	2.0325
sub-01	2	51	pie	behav_sub-01_run-02_trial-51.wav	10	2.0925	2.2525
sub-01	2	51	pie	behav_sub-01_run-02_trial-51.wav	11	2.2525	2.3925
sub-01	2	51	pie	behav_sub-01_run-02_trial-51.wav	12	2.4725	2.5925
sub-01	2	51	pie	behav_sub-01_run-02_trial-51.wav	13	2.6725	2.7725
sub-01	2	51	pie	behav_sub-01_run-02_trial-51.wav	14	2.8525	2.9925
sub-01	2	51	pie	behav_sub-01_run-02_trial-51.wav	15	3.0525	3.1725
sub-01	2	51	pie	behav_sub-01_run-02_trial-51.wav	16	3.2325	3.3725
sub-01	2	51	pie	behav_sub-01_run-02_trial-51.wav	17	3.4325	3.5325
sub-01	2	51	pie	behav_sub-01_run-02_trial-51.wav	18	3.6125	3.7725
sub-01	2	51	pie	behav_sub-01_run-02_trial-51.wav	19	3.8125	3.9525
sub-01	2	51	pie	behav_sub-01_run-02_trial-51.wav	20	4.0125	4.1725
sub-01	2	51	pie	behav_sub-01_run-02_trial-51.wav	21	4.2325	4.4125
sub-01	2	52	naw	behav_sub-01_run-02_trial-52.wav	1	0.5725	0.7325
sub-01	2	52	naw	behav_sub-01_run-02_trial-52.wav	2	0.7325	0.9125
sub-01	2	52	naw	behav_sub-01_run-02_trial-52.wav	3	0.9125	1.1125
sub-01	2	52	naw	behav_sub-01_run-02_trial-52.wav	4	1.1125	1.2925
sub-01	2	52	naw	behav_sub-01_run-02_trial-52.wav	5	1.2925	1.4925
sub-01	2	52	naw	behav_sub-01_run-02_trial-52.wav	6	1.4925	1.6725
sub-01	2	52	naw	behav_sub-01_run-02_trial-52.wav	7	1.6725	1.8525
sub-01	2	52	naw	behav_sub-01_run-02_trial-52.wav	8	1.8525	2.0325
sub-01	2	52	naw	behav_sub-01_run-02_trial-52.wav	9	2.0325	2.2325
sub-01	2	52	naw	behav_sub-01_run-02_trial-52.wav	10	2.2325	2.4125
sub-01	2	52	naw	behav_sub-01_run-02_trial-52.wav	11	2.4125	2.6125
sub-01	2	52	naw	behav_sub-01_run-02_trial-52.wav	12	2.6125	2.8125
sub-01	2	52	naw	behav_sub-01_run-02_trial-52.wav	13	2.8125	2.9725
sub-01	2	52	naw	behav_sub-01_run-02_trial-52.wav	14	2.9725	3.1725
sub-01	2	52	naw	behav_sub-01_run-02_trial-52.wav	15	3.1725	3.3325
sub-01	2	52	naw	behav_sub-01_run-02_trial-52.wav	16	3.3325	3.5325
sub-01	2	52	naw	behav_sub-01_run-02_trial-52.wav	17	3.5325	3.6725
sub-01	2	52	naw	behav_sub-01_run-02_trial-52.wav	18	3.6725	3.9125
sub-01	2	53	ter	behav_sub-01_run-02_trial-53.wav	1	0.2725	0.3725
sub-01	2	53	ter	behav_sub-01_run-02_trial-53.wav	2	0.3725	0.5325
sub-01	2	53	ter	behav_sub-01_run-02_trial-53.wav	3	0.5325	0.6925
sub-01	2	53	ter	behav_sub-01_run-02_trial-53.wav	4	0.6925	0.8525
sub-01	2	53	ter	behav_sub-01_run-02_trial-53.wav	5	0.8525	1.0125
sub-01	2	53	ter	behav_sub-01_run-02_trial-53.wav	6	1.0125	1.1325
sub-01	2	53	ter	behav_sub-01_run-02_trial-53.wav	7	1.1925	1.2925
sub-01	2	53	ter	behav_sub-01_run-02_trial-53.wav	8	1.3325	1.4925
sub-01	2	53	ter	behav_sub-01_run-02_trial-53.wav	9	1.4925	1.6525
sub-01	2	53	ter	behav_sub-01_run-02_trial-53.wav	10	1.6525	1.7725
sub-01	2	53	ter	behav_sub-01_run-02_trial-53.wav	11	1.8325	1.9725
sub-01	2	53	ter	behav_sub-01_run-02_trial-53.wav	12	1.9725	2.1325
sub-01	2	53	ter	behav_sub-01_run-02_trial-53.wav	13	2.1325	2.2925
sub-01	2	53	ter	behav_sub-01_run-02_trial-53.wav	14	2.2925	2.4525
sub-01	2	53	ter	behav_sub-01_run-02_trial-53.wav	15	2.4525	2.6325
sub-01	2	53	ter	behav_sub-01_run-02_trial-53.wav	16	2.6325	2.8525
sub-01	2	53	ter	behav_sub-01_run-02_trial-53.wav	17	2.9125	3.1125
sub-01	2	53	ter	behav_sub-01_run-02_trial-53.wav	18	3.1725	3.2925
sub-01	2	53	ter	behav_sub-01_run-02_trial-53.wav	19	3.3525	3.4725
sub-01	2	53	ter	behav_sub-01_run-02_trial-53.wav	20	3.5325	3.5925
sub-01	2	53	ter	behav_sub-01_run-02_trial-53.wav	21	3.6725	3.7725
sub-01	2	53	ter	behav_sub-01_run-02_trial-53.wav	22	3.7725	3.9525
sub-01	2	53	ter	behav_sub-01_run-02_trial-53.wav	23	4.0325	4.1925
sub-01	2	54	day	behav_sub-01_run-02_trial-54.wav	1	0.5525	0.6925
sub-01	2	54	day	behav_sub-01_run-02_trial-54.wav	2	0.6925	0.8725
sub-01	2	54	day	behav_sub-01_run-02_trial-54.wav	3	0.8725	1.0525
sub-01	2	54	day	behav_sub-01_run-02_trial-54.wav	4	1.0525	1.1925
sub-01	2	54	day	behav_sub-01_run-02_trial-54.wav	5	1.2325	1.3725
sub-01	2	54	day	behav_sub-01_run-02_trial-54.wav	6	1.3725	1.4925
sub-01	2	54	day	behav_sub-01_run-02_trial-54.wav	7	1.5325	1.6525
sub-01	2	54	day	behav_sub-01_run-02_trial-54.wav	8	1.6525	1.8125
sub-01	2	54	day	behav_sub-01_run-02_trial-54.wav	9	1.8125	1.9725
sub-01	2	54	day	behav_sub-01_run-02_trial-54.wav	10	1.9725	2.1325
sub-01	2	54	day	behav_sub-01_run-02_trial-54.wav	11	2.1325	2.2925
sub-01	2	54	day	behav_sub-01_run-02_trial-54.wav	12	2.2925	2.4925
sub-01	2	54	day	behav_sub-01_run-02_trial-54.wav	13	2.4925	2.6325
sub-01	2	54	day	behav_sub-01_run-02_trial-54.wav	14	2.6725	2.8125
sub-01	2	54	day	behav_sub-01_run-02_trial-54.wav	15	2.8125	2.9725
sub-01	2	54	day	behav_sub-01_run-02_trial-54.wav	16	3.0325	3.1525
sub-01	2	54	day	behav_sub-01_run-02_trial-54.wav	17	3.2125	3.3325
sub-01	2	54	day	behav_sub-01_run-02_trial-54.wav	18	3.3725	3.5325
sub-01	2	54	day	behav_sub-01_run-02_trial-54.wav	19	3.5325	3.7325
sub-01	2	54	day	behav_sub-01_run-02_trial-54.wav	20	3.7325	3.8725
sub-01	2	54	day	behav_sub-01_run-02_trial-54.wav	21	3.9325	4.0525
sub-01	2	54	day	behav_sub-01_run-02_trial-54.wav	22	4.1325	4.2725
sub-01	2	54	day	behav_sub-01_run-02_trial-54.wav	23	4.3125	4.4325
sub-01	2	55	pot	behav_sub-01_run-02_trial-55.wav	1	0.3525	0.4725
sub-01	2	55	pot	behav_sub-01_run-02_trial-55.wav	2	0.5325	0.6925
sub-01	2	55	pot	behav_sub-01_run-02_trial-55.wav	3	0.6925	0.8325
sub-01	2	55	pot	behav_sub-01_run-02_trial-55.wav	4	0.8925	1.0525
sub-01	2	55	pot	behav_sub-01_run-02_trial-55.wav	5	1.0525	1.1725
sub-01	2	55	pot	behav_sub-01_run-02_trial-55.wav	6	1.2325	1.3125
sub-01	2	55	pot	behav_sub-01_run-02_trial-55.wav	7	1.3925	1.5125
sub-01	2	55	pot	behav_sub-01_run-02_trial-55.wav	8	1.5725	1.6725
sub-01	2	55	pot	behav_sub-01_run-02_trial-55.wav	9	1.7525	1.8925
sub-01	2	55	pot	behav_sub-01_run-02_trial-55.wav	10	1.9525	2.0925
sub-01	2	55	pot	behav_sub-01_run-02_trial-55.wav	11	2.1525	2.2325
sub-01	2	55	pot	behav_sub-01_run-02_trial-55.wav	12	2.3125	2.4125
sub-01	2	55	pot	behav_sub-01_run-02_trial-55.wav	13	2.4925	2.5925
sub-01	2	55	pot	behav_sub-01_run-02_trial-55.wav	14	2.6725	2.7725
sub-01	2	55	pot	behav_sub-01_run-02_trial-55.wav	15	2.8525	2.9525
sub-01	2	55	pot	behav_sub-01_run-02_trial-55.wav	16	3.0325	3.1525
sub-01	2	55	pot	behav_sub-01_run-02_trial-55.wav	17	3.2125	3.2925
sub-01	2	55	pot	behav_sub-01_run-02_trial-55.wav	18	3.3925	3.4925
sub-01	2	55	pot	behav_sub-01_run-02_trial-55.wav	19	3.5725	3.7125
sub-01	2	55	pot	behav_sub-01_run-02_trial-55.wav	20	3.7925	3.9125
sub-01	2	55	pot	behav_sub-01_run-02_trial-55.wav	21	3.9925	4.1325
sub-01	2	56	per	behav_sub-01_run-02_trial-56.wav	1	0.4925	0.8125
sub-01	2	56	per	behav_sub-01_run-02_trial-56.wav	2	0.8125	0.9725
sub-01	2	56	per	behav_sub-01_run-02_trial-56.wav	3	0.9725	1.1125
sub-01	2	56	per	behav_sub-01_run-02_trial-56.wav	4	1.1925	1.2725
sub-01	2	56	per	behav_sub-01_run-02_trial-56.wav	5	1.3325	1.4325
sub-01	2	56	per	behav_sub-01_run-02_trial-56.wav	6	1.4925	1.6125
sub-01	2	56	per	behav_sub-01_run-02_trial-56.wav	7	1.6725	1.7725
sub-01	2	56	per	behav_sub-01_run-02_trial-56.wav	8	1.8325	1.9125
sub-01	2	56	per	behav_sub-01_run-02_trial-56.wav	9	1.9925	2.0725
sub-01	2	56	per	behav_sub-01_run-02_trial-56.wav	10	2.1525	2.2325
sub-01	2	56	per	behav_sub-01_run-02_trial-56.wav	11	2.3125	2.4125
sub-01	2	56	per	behav_sub-01_run-02_trial-56.wav	12	2.4725	2.5725
sub-01	2	56	per	behav_sub-01_run-02_trial-56.wav	13	2.6525	2.7525
sub-01	2	56	per	behav_sub-01_run-02_trial-56.wav	14	2.8325	2.9125
sub-01	2	56	per	behav_sub-01_run-02_trial-56.wav	15	2.9925	3.0925
sub-01	2	56	per	behav_sub-01_run-02_trial-56.wav	16	3.1725	3.2525
sub-01	2	56	per	behav_sub-01_run-02_trial-56.wav	17	3.3125	3.4125
sub-01	2	56	per	behav_sub-01_run-02_trial-56.wav	18	3.4725	3.5525
sub-01	2	56	per	behav_sub-01_run-02_trial-56.wav	19	3.6125	3.7125
sub-01	2	56	per	behav_sub-01_run-02_trial-56.wav	20	3.7725	3.8925
sub-01	2	56	per	behav_sub-01_run-02_trial-56.wav	21	3.9525	4.0325
sub-01	2	56	per	behav_sub-01_run-02_trial-56.wav	22	4.1125	4.2125
sub-01	2	56	per	behav_sub-01_run-02_trial-56.wav	23	4.2925	4.4525
sub-01	2	57	fee	behav_sub-01_run-02_trial-57.wav	1	0.5325	0.6725
sub-01	2	57	fee	behav_sub-01_run-02_trial-57.wav	2	0.6725	0.8125
sub-01	2	57	fee	behav_sub-01_run-02_trial-57.wav	3	0.8125	0.9525
sub-01	2	57	fee	behav_sub-01_run-02_trial-57.wav	4	0.9525	1.1325
sub-01	2	57	fee	behav_sub-01_run-02_trial-57.wav	5	1.1325	1.2925
sub-01	2	57	fee	behav_sub-01_run-02_trial-57.wav	6	1.2925	1.4525
sub-01	2	57	fee	behav_sub-01_run-02_trial-57.wav	7	1.4525	1.6125
sub-01	2	57	fee	behav_sub-01_run-02_trial-57.wav	8	1.6125	1.7725
sub-01	2	57	fee	behav_sub-01_run-02_trial-57.wav	9	1.8325	1.9525
sub-01	2	57	fee	behav_sub-01_run-02_trial-57.wav	10	1.9525	2.0925
sub-01	2	57	fee	behav_sub-01_run-02_trial-57.wav	11	2.1525	2.2525
sub-01	2	57	fee	behav_sub-01_run-02_trial-57.wav	12	2.2525	2.4125
sub-01	2	57	fee	behav_sub-01_run-02_trial-57.wav	13	2.4725	2.5925
sub-01	2	57	fee	behav_sub-01_run-02_trial-57.wav	14	2.6325	2.7725
sub-01	2	57	fee	behav_sub-01_run-02_trial-57.wav	15	2.8325	2.9525
sub-01	2	57	fee	behav_sub-01_run-02_trial-57.wav	16	2.9525	3.1325
sub-01	2	57	fee	behav_sub-01_run-02_trial-57.wav	17	3.1725	3.2925
sub-01	2	57	fee	behav_sub-01_run-02_trial-57.wav	18	3.3325	3.4725
sub-01	2	57	fee	behav_sub-01_run-02_trial-57.wav	19	3.5325	3.6525
sub-01	2	57	fee	behav_sub-01_run-02_trial-57.wav	20	3.6525	3.8525
sub-01	2	57	fee	behav_sub-01_run-02_trial-57.wav	21	3.8525	4.0125
sub-01	2	57	fee	behav_sub-01_run-02_trial-57.wav	22	4.0125	4.2325
sub-01	2	57	fee	behav_sub-01_run-02_trial-57.wav	23	4.2325	4.4125
sub-01	2	57	fee	behav_sub-01_run-02_trial-57.wav	24	4.4125	4.5000
sub-01	2	58	ter	behav_sub-01_run-02_trial-58.wav	1	0.4925	0.5525
sub-01	2	58	ter	behav_sub-01_run-02_trial-58.wav	2	0.6125	0.7325
sub-01	2	58	ter	behav_sub-01_run-02_trial-58.wav	3	0.7325	0.8925
sub-01	2	58	ter	behav_sub-01_run-02_trial-58.wav	4	0.8925	1.0525
sub-01	2	58	ter	behav_sub-01_run-02_trial-58.wav	5	1.0525	1.2125
sub-01	2	58	ter	behav_sub-01_run-02_trial-58.wav	6	1.2125	1.4125
sub-01	2	58	ter	behav_sub-01_run-02_trial-58.wav	7	1.4125	1.5725
sub-01	2	58	ter	behav_sub-01_run-02_trial-58.wav	8	1.5725	1.7325
sub-01	2	58	ter	behav_sub-01_run-02_trial-58.wav	9	1.7925	1.9325
sub-01	2	58	ter	behav_sub-01_run-02_trial-58.wav	10	1.9325	2.0925
sub-01	2	58	ter	behav_sub-01_run-02_trial-58.wav	11	2.0925	2.2525
sub-01	2	58	ter	behav_sub-01_run-02_trial-58.wav	12	2.2525	2.4325
sub-01	2	58	ter	behav_sub-01_run-02_trial-58.wav	13	2.4925	2.6525
sub-01	2	58	ter	behav_sub-01_run-02_trial-58.wav	14	2.6525	2.8125
sub-01	2	58	ter	behav_sub-01_run-02_trial-58.wav	15	2.8525	3.0125
sub-01	2	58	ter	behav_sub-01_run-02_trial-58.wav	16	3.0125	3.1725
sub-01	2	58	ter	behav_sub-01_run-02_trial-58.wav	17	3.1725	3.3725
sub-01	2	58	ter	behav_sub-01_run-02_trial-58.wav	18	3.3725	3.5325
sub-01	2	58	ter	behav_sub-01_run-02_trial-58.wav	19	3.5325	3.7325
sub-01	2	58	ter	behav_sub-01_run-02_trial-58.wav	20	3.7325	3.8925
sub-01	2	58	ter	behav_sub-01_run-02_trial-58.wav	21	3.8925	4.0525
sub-01	2	58	ter	behav_sub-01_run-02_trial-58.wav	22	4.0525	4.2525
sub-01	2	58	ter	behav_sub-01_run-02_trial-58.wav	23	4.3325	4.4725
sub-01	2	59	day	behav_sub-01_run-02_trial-59.wav	1	0.4125	0.5725
sub-01	2	59	day	behav_sub-01_run-02_trial-59.wav	2	0.5725	0.7125
sub-01	2	59	day	behav_sub-01_run-02_trial-59.wav	3	0.7525	0.8925
sub-01	2	59	day	behav_sub-01_run-02_trial-59.wav	4	0.8925	1.0925
sub-01	2	59	day	behav_sub-01_run-02_trial-59.wav	5	1.0925	1.2325
sub-01	2	59	day	behav_sub-01_run-02_trial-59.wav	6	1.2725	1.4125
sub-01	2	59	day	behav_sub-01_run-02_trial-59.wav	7	1.4125	1.6125
sub-01	2	59	day	behav_sub-01_run-02_trial-59.wav	8	1.6125	1.7725
sub-01	2	59	day	behav_sub-01_run-02_trial-59.wav	9	1.7725	1.9725
sub-01	2	59	day	behav_sub-01_run-02_trial-59.wav	10	1.9725	2.1325
sub-01	2	59	day	behav_sub-01_run-02_trial-59.wav	11	2.1325	2.3325
sub-01	2	59	day	behav_sub-01_run-02_trial-59.wav	12	2.3325	2.5325
sub-01	2	59	day	behav_sub-01_run-02_trial-59.wav	13	2.5325	2.6925
sub-01	2	59	day	behav_sub-01_run-02_trial-59.wav	14	2.7525	2.8925
sub-01	2	59	day	behav_sub-01_run-02_trial-59.wav	15	2.8925	3.0925
sub-01	2	59	day	behav_sub-01_run-02_trial-59.wav	16	3.0925	3.2725
sub-01	2	59	day	behav_sub-01_run-02_trial-59.wav	17	3.3125	3.4525
sub-01	2	59	day	behav_sub-01_run-02_trial-59.wav	18	3.4925	3.6525
sub-01	2	59	day	behav_sub-01_run-02_trial-59.wav	19	3.6525	3.8525
sub-01	2	59	day	behav_sub-01_run-02_trial-59.wav	20	3.8525	4.0325
sub-01	2	59	day	behav_sub-01_run-02_trial-59.wav	21	4.0925	4.2325
sub-01	2	59	day	behav_sub-01_run-02_trial-59.wav	22	4.2925	4.5000
sub-01	2	60	thought	behav_sub-01_run-02_trial-60.wav	1	0.3525	0.4925
sub-01	2	60	thought	behav_sub-01_run-02_trial-60.wav	2	0.4925	0.6525
sub-01	2	60	thought	behav_sub-01_run-02_trial-60.wav	3	0.7125	0.8325
sub-01	2	60	thought	behav_sub-01_run-02_trial-60.wav	4	0.8925	1.0325
sub-01	2	60	thought	behav_sub-01_run-02_trial-60.wav	5	1.0925	1.2125
sub-01	2	60	thought	behav_sub-01_run-02_trial-60.wav	6	1.2725	1.3925
sub-01	2	60	thought	behav_sub-01_run-02_trial-60.wav	7	1.4525	1.5725
sub-01	2	60	thought	behav_sub-01_run-02_trial-60.wav	8	1.6325	1.7725
sub-01	2	60	thought	behav_sub-01_run-02_trial-60.wav	9	1.8325	1.9725
sub-01	2	60	thought	behav_sub-01_run-02_trial-60.wav	10	2.0325	2.1325
sub-01	2	60	thought	behav_sub-01_run-02_trial-60.wav	11	2.2125	2.3525
sub-01	2	60	thought	behav_sub-01_run-02_trial-60.wav	12	2.3925	2.5125
sub-01	2	60	thought	behav_sub-01_run-02_trial-60.wav	13	2.5925	2.7125
sub-01	2	60	thought	behav_sub-01_run-02_trial-60.wav	14	2.7725	2.9125
sub-01	2	60	thought	behav_sub-01_run-02_trial-60.wav	15	2.9725	3.0925
sub-01	2	60	thought	behav_sub-01_run-02_trial-60.wav	16	3.1725	3.2925
sub-01	2	60	thought	behav_sub-01_run-02_trial-60.wav	17	3.3725	3.4925
sub-01	2	60	thought	behav_sub-01_run-02_trial-60.wav	18	3.5725	3.6725
sub-01	2	60	thought	behav_sub-01_run-02_trial-60.wav	19	3.7325	3.8525
sub-01	2	60	thought	behav_sub-01_run-02_trial-60.wav	20	3.9125	4.0325
sub-01	2	60	thought	behav_sub-01_run-02_trial-60.wav	21	4.1125	4.2525
sub-01	2	61	per	behav_sub-01_run-02_trial-61.wav	1	0.3125	0.4125
sub-01	2	61	per	behav_sub-01_run-02_trial-61.wav	2	0.4125	0.5725
sub-01	2	61	per	behav_sub-01_run-02_trial-61.wav	3	0.6125	0.7325
sub-01	2	61	per	behav_sub-01_run-02_trial-61.wav	4	0.7325	0.8925
sub-01	2	61	per	behav_sub-01_run-02_trial-61.wav	5	0.9325	1.0525
sub-01	2	61	per	behav_sub-01_run-02_trial-61.wav	6	1.1125	1.2325
sub-01	2	61	per	behav_sub-01_run-02_trial-61.wav	7	1.2925	1.3925
sub-01	2	61	per	behav_sub-01_run-02_trial-61.wav	8	1.4525	1.5325
sub-01	2	61	per	behav_sub-01_run-02_trial-61.wav	9	1.6125	1.7125
sub-01	2	61	per	behav_sub-01_run-02_trial-61.wav	10	1.7725	1.8925
sub-01	2	61	per	behav_sub-01_run-02_trial-61.wav	11	1.9325	2.0525
sub-01	2	61	per	behav_sub-01_run-02_trial-61.wav	12	2.1125	2.2325
sub-01	2	61	per	behav_sub-01_run-02_trial-61.wav	13	2.2725	2.3725
sub-01	2	61	per	behav_sub-01_run-02_trial-61.wav	14	2.4525	2.5325
sub-01	2	61	per	behav_sub-01_run-02_trial-61.wav	15	2.6125	2.6925
sub-01	2	61	per	behav_sub-01_run-02_trial-61.wav	16	2.7525	2.8725
sub-01	2	61	per	behav_sub-01_run-02_trial-61.wav	17	2.9325	3.0525
sub-01	2	61	per	behav_sub-01_run-02_trial-61.wav	18	3.1125	3.2325
sub-01	2	61	per	behav_sub-01_run-02_trial-61.wav	19	3.2725	3.3925
sub-01	2	61	per	behav_sub-01_run-02_trial-61.wav	20	3.4725	3.5525
sub-01	2	61	per	behav_sub-01_run-02_trial-61.wav	21	3.6325	3.7325
sub-01	2	61	per	behav_sub-01_run-02_trial-61.wav	22	3.8125	3.9125
sub-01	2	61	per	behav_sub-01_run-02_trial-61.wav	23	4.0125	4.1125
sub-01	2	61	per	behav_sub-01_run-02_trial-61.wav	24	4.1925	4.3925
sub-01	2	62	mih	behav_sub-01_run-02_trial-62.wav	1	0.3525	0.4725
sub-01	2	62	mih	behav_sub-01_run-02_trial-62.wav	2	0.4725	0.6325
sub-01	2	62	mih	behav_sub-01_run-02_trial-62.wav	3	0.6325	0.8125
sub-01	2	62	mih	behav_sub-01_run-02_trial-62.wav	4	0.8125	0.9725
sub-01	2	62	mih	behav_sub-01_run-02_trial-62.wav	5	0.9725	1.1325
sub-01	2	62	mih	behav_sub-01_run-02_trial-62.wav	6	1.1325	1.3125
sub-01	2	62	mih	behav_sub-01_run-02_trial-62.wav	7	1.3125	1.4725
sub-01	2	62	mih	behav_sub-01_run-02_trial-62.wav	8	1.4725	1.6525
sub-01	2	62	mih	behav_sub-01_run-02_trial-62.wav	9	1.6525	1.8125
sub-01	2	62	mih	behav_sub-01_run-02_trial-62.wav	10	1.8125	1.9725
sub-01	2	62	mih	behav_sub-01_run-02_trial-62.wav	11	1.9725	2.1325
sub-01	2	62	mih	behav_sub-01_run-02_trial-62.wav	12	2.1325	2.2925
sub-01	2	62	mih	behav_sub-01_run-02_trial-62.wav	13	2.2925	2.4725
sub-01	2	62	mih	behav_sub-01_run-02_trial-62.wav	14	2.4725	2.6325
sub-01	2	62	mih	behav_sub-01_run-02_trial-62.wav	15	2.6325	2.7925
sub-01	2	62	mih	behav_sub-01_run-02_trial-62.wav	16	2.7925	2.9525
sub-01	2	62	mih	behav_sub-01_run-02_trial-62.wav	17	2.9525	3.1325
sub-01	2	62	mih	behav_sub-01_run-02_trial-62.wav	18	3.1325	3.3125
sub-01	2	62	mih	behav_sub-01_run-02_trial-62.wav	19	3.3125	3.5125
sub-01	2	62	mih	behav_sub-01_run-02_trial-62.wav	20	3.5125	3.6725
sub-01	2	62	mih	behav_sub-01_run-02_trial-62.wav	21	3.6725	3.8325
sub-01	2	62	mih	behav_sub-01_run-02_trial-62.wav	22	3.8325	4.0125
sub-01	2	62	mih	behav_sub-01_run-02_trial-62.wav	23	4.0125	4.1925
sub-01	2	62	mih	behav_sub-01_run-02_trial-62.wav	24	4.1925	4.3925
sub-01	2	62	mih	behav_sub-01_run-02_trial-62.wav	25	4.3925	4.5000
sub-01	2	63	ser	behav_sub-01_run-02_trial-63.wav	1	0.5325	0.7125
sub-01	2	63	ser	behav_sub-01_run-02_trial-63.wav	2	0.7125	0.8925
sub-01	2	63	ser	behav_sub-01_run-02_trial-63.wav	3	0.8925	1.0925
sub-01	2	63	ser	behav_sub-01_run-02_trial-63.wav	4	1.0925	1.2725
sub-01	2	63	ser	behav_sub-01_run-02_trial-63.wav	5	1.2725	1.4925
sub-01	2	63	ser	behav_sub-01_run-02_trial-63.wav	6	1.4925	1.6725
sub-01	2	63	ser	behav_sub-01_run-02_trial-63.wav	7	1.6725	1.8725
sub-01	2	63	ser	behav_sub-01_run-02_trial-63.wav	8	1.8725	2.1325
sub-01	2	63	ser	behav_sub-01_run-02_trial-63.wav	9	2.1325	2.2525
sub-01	2	63	ser	behav_sub-01_run-02_trial-63.wav	10	2.2525	2.4925
sub-01	2	63	ser	behav_sub-01_run-02_trial-63.wav	11	2.4925	2.6525
sub-01	2	63	ser	behav_sub-01_run-02_trial-63.wav	12	2.6525	2.7325
sub-01	2	63	ser	behav_sub-01_run-02_trial-63.wav	13	2.7325	2.9725
sub-01	2	63	ser	behav_sub-01_run-02_trial-63.wav	14	2.9725	3.1125
sub-01	2	63	ser	behav_sub-01_run-02_trial-63.wav	15	3.1125	3.2525
sub-01	2	63	ser	behav_sub-01_run-02_trial-63.wav	16	3.2525	3.4925
sub-01	2	63	ser	behav_sub-01_run-02_trial-63.wav	17	3.4925	3.7125
sub-01	2	63	ser	behav_sub-01_run-02_trial-63.wav	18	3.7125	3.9125
sub-01	2	63	ser	behav_sub-01_run-02_trial-63.wav	19	3.9125	4.1125
sub-01	2	63	ser	behav_sub-01_run-02_trial-63.wav	20	4.1125	4.3325
sub-01	2	63	ser	behav_sub-01_run-02_trial-63.wav	21	4.3325	4.5000
sub-01	2	64	naw	behav_sub-01_run-02_trial-64.wav	1	0.3925	0.5525
sub-01	2	64	naw	behav_sub-01_run-02_trial-64.wav	2	0.5525	0.7125
sub-01	2	64	naw	behav_sub-01_run-02_trial-64.wav	3	0.7125	0.8725
sub-01	2	64	naw	behav_sub-01_run-02_trial-64.wav	4	0.8725	1.0325
sub-01	2	64	naw	behav_sub-01_run-02_trial-64.wav	5	1.0325	1.1925
sub-01	2	64	naw	behav_sub-01_run-02_trial-64.wav	6	1.1925	1.3525
sub-01	2	64	naw	behav_sub-01_run-02_trial-64.wav	7	1.3525	1.5325
sub-01	2	64	naw	behav_sub-01_run-02_trial-64.wav	8	1.5325	1.7125
sub-01	2	64	naw	behav_sub-01_run-02_trial-64.wav	9	1.7125	1.8725
sub-01	2	64	naw	behav_sub-01_run-02_trial-64.wav	10	1.8725	2.0525
sub-01	2	64	naw	behav_sub-01_run-02_trial-64.wav	11	2.0525	2.2125
sub-01	2	64	naw	behav_sub-01_run-02_trial-64.wav	12	2.2125	2.3925
sub-01	2	64	naw	behav_sub-01_run-02_trial-64.wav	13	2.3925	2.5525
sub-01	2	64	naw	behav_sub-01_run-02_trial-64.wav	14	2.5525	2.7125
sub-01	2	64	naw	behav_sub-01_run-02_trial-64.wav	15	2.7125	2.8925
sub-01	2	64	naw	behav_sub-01_run-02_trial-64.wav	16	2.8925	3.0525
sub-01	2	64	naw	behav_sub-01_run-02_trial-64.wav	17	3.0525	3.2325
sub-01	2	64	naw	behav_sub-01_run-02_trial-64.wav	18	3.2325	3.3925
sub-01	2	64	naw	behav_sub-01_run-02_trial-64.wav	19	3.3925	3.7325
sub-01	2	64	naw	behav_sub-01_run-02_trial-64.wav	20	3.7325	3.9125
sub-01	2	64	naw	behav_sub-01_run-02_trial-64.wav	21	3.9125	4.1125
sub-01	2	64	naw	behav_sub-01_run-02_trial-64.wav	22	4.1125	4.2925
sub-01	3	1	pot	behav_sub-01_run-03_trial-01.wav	1	0.2925	0.3725
sub-01	3	1	pot	behav_sub-01_run-03_trial-01.wav	2	0.4325	0.5325
sub-01	3	1	pot	behav_sub-01_run-03_trial-01.wav	3	0.5925	0.7125
sub-01	3	1	pot	behav_sub-01_run-03_trial-01.wav	4	0.7725	0.8725
sub-01	3	1	pot	behav_sub-01_run-03_trial-01.wav	5	0.9325	1.0525
sub-01	3	1	pot	behav_sub-01_run-03_trial-01.wav	6	1.1525	1.2925
sub-01	3	1	pot	behav_sub-01_run-03_trial-01.wav	7	1.2925	1.4525
sub-01	3	1	pot	behav_sub-01_run-03_trial-01.wav	8	1.5125	1.6125
sub-01	3	1	pot	behav_sub-01_run-03_trial-01.wav	9	1.6725	1.8125
sub-01	3	1	pot	behav_sub-01_run-03_trial-01.wav	10	1.8125	1.9725
sub-01	3	1	pot	behav_sub-01_run-03_trial-01.wav	11	2.0325	2.1525
sub-01	3	1	pot	behav_sub-01_run-03_trial-01.wav	12	2.2125	2.3325
sub-01	3	1	pot	behav_sub-01_run-03_trial-01.wav	13	2.3925	2.5125
sub-01	3	1	pot	behav_sub-01_run-03_trial-01.wav	14	2.5725	2.6925
sub-01	3	1	pot	behav_sub-01_run-03_trial-01.wav	15	2.7325	2.8525
sub-01	3	1	pot	behav_sub-01_run-03_trial-01.wav	16	2.9125	3.0325
sub-01	3	1	pot	behav_sub-01_run-03_trial-01.wav	17	3.0925	3.1925
sub-01	3	1	pot	behav_sub-01_run-03_trial-01.wav	18	3.2925	3.4125
sub-01	3	1	pot	behav_sub-01_run-03_trial-01.wav	19	3.4725	3.6125
sub-01	3	1	pot	behav_sub-01_run-03_trial-01.wav	20	3.6925	3.7925
sub-01	3	1	pot	behav_sub-01_run-03_trial-01.wav	21	3.8725	3.9925
sub-01	3	1	pot	behav_sub-01_run-03_trial-01.wav	22	4.0525	4.1725
sub-01	3	2	pie	behav_sub-01_run-03_trial-02.wav	1	0.4525	0.5725
sub-01	3	2	pie	behav_sub-01_run-03_trial-02.wav	2	0.5725	0.7325
sub-01	3	2	pie	behav_sub-01_run-03_trial-02.wav	3	0.7325	0.8725
sub-01	3	2	pie	behav_sub-01_run-03_trial-02.wav	4	0.9325	1.0525
sub-01	3	2	pie	behav_sub-01_run-03_trial-02.wav	5	1.0925	1.2125
sub-01	3	2	pie	behav_sub-01_run-03_trial-02.wav	6	1.2125	1.3925
sub-01	3	2	pie	behav_sub-01_run-03_trial-02.wav	7	1.4525	1.5725
sub-01	3	2	pie	behav_sub-01_run-03_trial-02.wav	8	1.5725	1.7125
sub-01	3	2	pie	behav_sub-01_run-03_trial-02.wav	9	1.7525	1.9325
sub-01	3	2	pie	behav_sub-01_run-03_trial-02.wav	10	1.9325	2.0925
sub-01	3	2	pie	behav_sub-01_run-03_trial-02.wav	11	2.1325	2.2725
sub-01	3	2	pie	behav_sub-01_run-03_trial-02.wav	12	2.3325	2.4925
sub-01	3	2	pie	behav_sub-01_run-03_trial-02.wav	13	2.4925	2.6125
sub-01	3	2	pie	behav_sub-01_run-03_trial-02.wav	14	2.6725	2.7925
sub-01	3	2	pie	behav_sub-01_run-03_trial-02.wav	15	2.8525	2.9725
sub-01	3	2	pie	behav_sub-01_run-03_trial-02.wav	16	2.9725	3.1325
sub-01	3	2	pie	behav_sub-01_run-03_trial-02.wav	17	3.1925	3.3325
sub-01	3	2	pie	behav_sub-01_run-03_trial-02.wav	18	3.3925	3.5325
sub-01	3	2	pie	behav_sub-01_run-03_trial-02.wav	19	3.5725	3.7125
sub-01	3	2	pie	behav_sub-01_run-03_trial-02.wav	20	3.7725	3.8925
sub-01	3	2	pie	behav_sub-01_run-03_trial-02.wav	21	3.9525	4.0925
sub-01	3	2	pie	behav_sub-01_run-03_trial-02.wav	22	4.1525	4.2725
sub-01	3	2	pie	behav_sub-01_run-03_trial-02.wav	23	4.3525	4.4725
sub-01	3	3	per	behav_sub-01_run-03_trial-03.wav	1	0.8325	0.9125
sub-01	3	3	per	behav_sub-01_run-03_trial-03.wav	2	0.9725	1.0725
sub-01	3	3	per	behav_sub-01_run-03_trial-03.wav	3	1.1325	1.2525
sub-01	3	3	per	behav_sub-01_run-03_trial-03.wav	4	1.2925	1.4125
sub-01	3	3	per	behav_sub-01_run-03_trial-03.wav	5	1.4525	1.5525
sub-01	3	3	per	behav_sub-01_run-03_trial-03.wav	6	1.6325	1.7525
sub-01	3	3	per	behav_sub-01_run-03_trial-03.wav	7	1.7925	1.8925
sub-01	3	3	per	behav_sub-01_run-03_trial-03.wav	8	1.9525	2.0525
sub-01	3	3	per	behav_sub-01_run-03_trial-03.wav	9	2.1325	2.2125
sub-01	3	3	per	behav_sub-01_run-03_trial-03.wav	10	2.2725	2.3925
sub-01	3	3	per	behav_sub-01_run-03_trial-03.wav	11	2.4525	2.5325
sub-01	3	3	per	behav_sub-01_run-03_trial-03.wav	12	2.5925	2.6925
sub-01	3	3	per	behav_sub-01_run-03_trial-03.wav	13	2.7525	2.8525
sub-01	3	3	per	behav_sub-01_run-03_trial-03.wav	14	2.9125	3.0125
sub-01	3	3	per	behav_sub-01_run-03_trial-03.wav	15	3.0925	3.1725
sub-01	3	3	per	behav_sub-01_run-03_trial-03.wav	16	3.2325	3.3325
sub-01	3	3	per	behav_sub-01_run-03_trial-03.wav	17	3.3925	3.4925
sub-01	3	3	per	behav_sub-01_run-03_trial-03.wav	18	3.5525	3.6325
sub-01	3	3	per	behav_sub-01_run-03_trial-03.wav	19	3.6925	3.7925
sub-01	3	3	per	behav_sub-01_run-03_trial-03.wav	20	3.8725	3.9325
sub-01	3	3	per	behav_sub-01_run-03_trial-03.wav	21	4.0325	4.1325
sub-01	3	3	per	behav_sub-01_run-03_trial-03.wav	22	4.1925	4.2925
sub-01	3	3	per	behav_sub-01_run-03_trial-03.wav	23	4.3725	4.4725
sub-01	3	4	fee	behav_sub-01_run-03_trial-04.wav	1	0.6125	0.7325
sub-01	3	4	fee	behav_sub-01_run-03_trial-04.wav	2	0.7725	0.8925
sub-01	3	4	fee	behav_sub-01_run-03_trial-04.wav	3	0.9525	1.0525
sub-01	3	4	fee	behav_sub-01_run-03_trial-04.wav	4	1.1125	1.2125
sub-01	3	4	fee	behav_sub-01_run-03_trial-04.wav	5	1.2725	1.3725
sub-01	3	4	fee	behav_sub-01_run-03_trial-04.wav	6	1.4325	1.5725
sub-01	3	4	fee	behav_sub-01_run-03_trial-04.wav	7	1.5725	1.6925
sub-01	3	4	fee	behav_sub-01_run-03_trial-04.wav	8	1.7725	1.8525
sub-01	3	4	fee	behav_sub-01_run-03_trial-04.wav	9	1.9125	2.0125
sub-01	3	4	fee	behav_sub-01_run-03_trial-04.wav	10	2.0725	2.1925
sub-01	3	4	fee	behav_sub-01_run-03_trial-04.wav	11	2.2525	2.3525
sub-01	3	4	fee	behav_sub-01_run-03_trial-04.wav	12	2.4125	2.5725
sub-01	3	4	fee	behav_sub-01_run-03_trial-04.wav	13	2.5725	2.7125
sub-01	3	4	fee	behav_sub-01_run-03_trial-04.wav	14	2.7525	2.8725
sub-01	3	4	fee	behav_sub-01_run-03_trial-04.wav	15	2.9125	3.0125
sub-01	3	4	fee	behav_sub-01_run-03_trial-04.wav	16	3.0925	3.1925
sub-01	3	4	fee	behav_sub-01_run-03_trial-04.wav	17	3.2525	3.3525
sub-01	3	4	fee	behav_sub-01_run-03_trial-04.wav	18	3.4125	3.5325
sub-01	3	4	fee	behav_sub-01_run-03_trial-04.wav	19	3.5925	3.7125
sub-01	3	4	fee	behav_sub-01_run-03_trial-04.wav	20	3.7925	3.8925
sub-01	3	4	fee	behav_sub-01_run-03_trial-04.wav	21	3.8925	3.9725
sub-01	3	4	fee	behav_sub-01_run-03_trial-04.wav	22	3.9725	4.0725
sub-01	3	4	fee	behav_sub-01_run-03_trial-04.wav	23	4.1525	4.2925
sub-01	3	5	thurs	behav_sub-01_run-03_trial-05.wav	1	0.5925	0.8925
sub-01	3	5	thurs	behav_sub-01_run-03_trial-05.wav	2	0.8925	1.0725
sub-01	3	5	thurs	behav_sub-01_run-03_trial-05.wav	3	1.0725	1.2725
sub-01	3	5	thurs	behav_sub-01_run-03_trial-05.wav	4	1.2725	1.4925
sub-01	3	5	thurs	behav_sub-01_run-03_trial-05.wav	5	1.4925	1.6925
sub-01	3	5	thurs	behav_sub-01_run-03_trial-05.wav	6	1.6925	1.8925
sub-01	3	5	thurs	behav_sub-01_run-03_trial-05.wav	7	1.8925	2.1125
sub-01	3	5	thurs	behav_sub-01_run-03_trial-05.wav	8	2.1125	2.3325
sub-01	3	5	thurs	behav_sub-01_run-03_trial-05.wav	9	2.3325	2.5525
sub-01	3	5	thurs	behav_sub-01_run-03_trial-05.wav	10	2.5525	2.7725
sub-01	3	5	thurs	behav_sub-01_run-03_trial-05.wav	11	2.7725	2.9525
sub-01	3	5	thurs	behav_sub-01_run-03_trial-05.wav	12	2.9525	3.1725
sub-01	3	5	thurs	behav_sub-01_run-03_trial-05.wav	13	3.1725	3.3925
sub-01	3	5	thurs	behav_sub-01_run-03_trial-05.wav	14	3.3925	3.6325
sub-01	3	5	thurs	behav_sub-01_run-03_trial-05.wav	15	3.6325	3.8325
sub-01	3	5	thurs	behav_sub-01_run-03_trial-05.wav	16	3.8325	4.0725
sub-01	3	5	thurs	behav_sub-01_run-03_trial-05.wav	17	4.0725	4.2925
sub-01	3	5	thurs	behav_sub-01_run-03_trial-05.wav	18	4.2925	4.5000
sub-01	3	6	thought	behav_sub-01_run-03_trial-06.wav	1	0.2125	0.3125
sub-01	3	6	thought	behav_sub-01_run-03_trial-06.wav	2	0.3725	0.5125
sub-01	3	6	thought	behav_sub-01_run-03_trial-06.wav	3	0.5525	0.6525
sub-01	3	6	thought	behav_sub-01_run-03_trial-06.wav	4	0.7325	0.8325
sub-01	3	6	thought	behav_sub-01_run-03_trial-06.wav	5	0.9125	1.0325
sub-01	3	6	thought	behav_sub-01_run-03_trial-06.wav	6	1.1125	1.2125
sub-01	3	6	thought	behav_sub-01_run-03_trial-06.wav	7	1.2925	1.4125
sub-01	3	6	thought	behav_sub-01_run-03_trial-06.wav	8	1.4725	1.5925
sub-01	3	6	thought	behav_sub-01_run-03_trial-06.wav	9	1.6525	1.7725
sub-01	3	6	thought	behav_sub-01_run-03_trial-06.wav	10	1.8125	1.9525
sub-01	3	6	thought	behav_sub-01_run-03_trial-06.wav	11	2.0125	2.2125
sub-01	3	6	thought	behav_sub-01_run-03_trial-06.wav	12	2.2125	2.3325
sub-01	3	6	thought	behav_sub-01_run-03_trial-06.wav	13	2.3925	2.5125
sub-01	3	6	thought	behav_sub-01_run-03_trial-06.wav	14	2.5925	2.6925
sub-01	3	6	thought	behav_sub-01_run-03_trial-06.wav	15	2.7725	2.8925
sub-01	3	6	thought	behav_sub-01_run-03_trial-06.wav	16	2.9725	3.0925
sub-01	3	6	thought	behav_sub-01_run-03_trial-06.wav	17	3.1525	3.2525
sub-01	3	6	thought	behav_sub-01_run-03_trial-06.wav	18	3.3325	3.4725
sub-01	3	6	thought	behav_sub-01_run-03_trial-06.wav	19	3.5325	3.6525
sub-01	3	6	thought	behav_sub-01_run-03_trial-06.wav	20	3.7325	3.8525
sub-01	3	6	thought	behav_sub-01_run-03_trial-06.wav	21	3.9125	4.0325
sub-01	3	6	thought	behav_sub-01_run-03_trial-06.wav	22	4.1125	4.2725
sub-01	3	7	ter	behav_sub-01_run-03_trial-07.wav	1	0.6925	0.8525
sub-01	3	7	ter	behav_sub-01_run-03_trial-07.wav	2	0.8525	1.0525
sub-01	3	7	ter	behav_sub-01_run-03_trial-07.wav	3	1.0525	1.1925
sub-01	3	7	ter	behav_sub-01_run-03_trial-07.wav	4	1.2325	1.3725
sub-01	3	7	ter	behav_sub-01_run-03_trial-07.wav	5	1.3725	1.5725
sub-01	3	7	ter	behav_sub-01_run-03_trial-07.wav	6	1.5725	1.7325
sub-01	3	7	ter	behav_sub-01_run-03_trial-07.wav	7	1.7925	1.9325
sub-01	3	7	ter	behav_sub-01_run-03_trial-07.wav	8	1.9325	2.1325
sub-01	3	7	ter	behav_sub-01_run-03_trial-07.wav	9	2.1325	2.3325
sub-01	3	7	ter	behav_sub-01_run-03_trial-07.wav	10	2.3325	2.4925
sub-01	3	7	ter	behav_sub-01_run-03_trial-07.wav	11	2.4925	2.6725
sub-01	3	7	ter	behav_sub-01_run-03_trial-07.wav	12	2.7125	2.8725
sub-01	3	7	ter	behav_sub-01_run-03_trial-07.wav	13	2.9325	3.0525
sub-01	3	7	ter	behav_sub-01_run-03_trial-07.wav	14	3.1125	3.2325
sub-01	3	7	ter	behav_sub-01_run-03_trial-07.wav	15	3.2925	3.4125
sub-01	3	7	ter	behav_sub-01_run-03_trial-07.wav	16	3.4725	3.6125
sub-01	3	7	ter	behav_sub-01_run-03_trial-07.wav	17	3.6125	3.7725
sub-01	3	7	ter	behav_sub-01_run-03_trial-07.wav	18	3.7725	3.9525
sub-01	3	7	ter	behav_sub-01_run-03_trial-07.wav	19	3.9925	4.1725
sub-01	3	7	ter	behav_sub-01_run-03_trial-07.wav	20	4.1725	4.3525
sub-01	3	8	day	behav_sub-01_run-03_trial-08.wav	1	0.2925	0.4525
sub-01	3	8	day	behav_sub-01_run-03_trial-08.wav	2	0.4525	0.6125
sub-01	3	8	day	behav_sub-01_run-03_trial-08.wav	3	0.6125	0.7725
sub-01	3	8	day	behav_sub-01_run-03_trial-08.wav	4	0.7725	0.9325
sub-01	3	8	day	behav_sub-01_run-03_trial-08.wav	5	0.9325	1.0525
sub-01	3	8	day	behav_sub-01_run-03_trial-08.wav	6	1.0525	1.2125
sub-01	3	8	day	behav_sub-01_run-03_trial-08.wav	7	1.2125	1.3725
sub-01	3	8	day	behav_sub-01_run-03_trial-08.wav	8	1.4125	1.5525
sub-01	3	8	day	behav_sub-01_run-03_trial-08.wav	9	1.5925	1.7325
sub-01	3	8	day	behav_sub-01_run-03_trial-08.wav	10	1.7325	1.8925
sub-01	3	8	day	behav_sub-01_run-03_trial-08.wav	11	1.8925	2.0525
sub-01	3	8	day	behav_sub-01_run-03_trial-08.wav	12	2.0525	2.2125
sub-01	3	8	day	behav_sub-01_run-03_trial-08.wav	13	2.2125	2.3725
sub-01	3	8	day	behav_sub-01_run-03_trial-08.wav	14	2.3725	2.5725
sub-01	3	8	day	behav_sub-01_run-03_trial-08.wav	15	2.5725	2.7125
sub-01	3	8	day	behav_sub-01_run-03_trial-08.wav	16	2.7525	2.8925
sub-01	3	8	day	behav_sub-01_run-03_trial-08.wav	17	2.8925	3.0925
sub-01	3	8	day	behav_sub-01_run-03_trial-08.wav	18	3.0925	3.2525
sub-01	3	8	day	behav_sub-01_run-03_trial-08.wav	19	3.2525	3.4125
sub-01	3	8	day	behav_sub-01_run-03_trial-08.wav	20	3.4125	3.5725
sub-01	3	8	day	behav_sub-01_run-03_trial-08.wav	21	3.5725	3.7725
sub-01	3	8	day	behav_sub-01_run-03_trial-08.wav	22	3.7725	3.9325
sub-01	3	8	day	behav_sub-01_run-03_trial-08.wav	23	3.9325	4.0925
sub-01	3	8	day	behav_sub-01_run-03_trial-08.wav	24	4.0925	4.2925
sub-01	3	8	day	behav_sub-01_run-03_trial-08.wav	25	4.3525	4.5000
sub-01	3	9	per	behav_sub-01_run-03_trial-09.wav	1	0.4725	0.6125
sub-01	3	9	per	behav_sub-01_run-03_trial-09.wav	2	0.6125	0.7525
sub-01	3	9	per	behav_sub-01_run-03_trial-09.wav	3	0.8125	0.9325
sub-01	3	9	per	behav_sub-01_run-03_trial-09.wav	4	0.9325	1.0525
sub-01	3	9	per	behav_sub-01_run-03_trial-09.wav	5	1.1125	1.2125
sub-01	3	9	per	behav_sub-01_run-03_trial-09.wav	6	1.2725	1.3725
sub-01	3	9	per	behav_sub-01_run-03_trial-09.wav	7	1.4325	1.5525
sub-01	3	9	per	behav_sub-01_run-03_trial-09.wav	8	1.6125	1.7125
sub-01	3	9	per	behav_sub-01_run-03_trial-09.wav	9	1.7725	1.8725
sub-01	3	9	per	behav_sub-01_run-03_trial-09.wav	10	1.9525	2.0525
sub-01	3	9	per	behav_sub-01_run-03_trial-09.wav	11	2.0925	2.1925
sub-01	3	9	per	behav_sub-01_run-03_trial-09.wav	12	2.2725	2.3525
sub-01	3	9	per	behav_sub-01_run-03_trial-09.wav	13	2.4325	2.5125
sub-01	3	9	per	behav_sub-01_run-03_trial-09.wav	14	2.5925	2.6925
sub-01	3	9	per	behav_sub-01_run-03_trial-09.wav	15	2.7725	2.8525
sub-01	3	9	per	behav_sub-01_run-03_trial-09.wav	16	2.9325	3.0125
sub-01	3	9	per	behav_sub-01_run-03_trial-09.wav	17	3.0925	3.1725
sub-01	3	9	per	behav_sub-01_run-03_trial-09.wav	18	3.2525	3.3325
sub-01	3	9	per	behav_sub-01_run-03_trial-09.wav	19	3.3925	3.4725
sub-01	3	9	per	behav_sub-01_run-03_trial-09.wav	20	3.5525	3.6325
sub-01	3	9	per	behav_sub-01_run-03_trial-09.wav	21	3.7325	3.8125
sub-01	3	9	per	behav_sub-01_run-03_trial-09.wav	22	3.8925	3.9725
sub-01	3	9	per	behav_sub-01_run-03_trial-09.wav	23	4.0525	4.1325
sub-01	3	9	per	behav_sub-01_run-03_trial-09.wav	24	4.2125	4.2925
sub-01	3	9	per	behav_sub-01_run-03_trial-09.wav	25	4.3725	4.4725
sub-01	3	10	mih	behav_sub-01_run-03_trial-10.wav	1	0.6925	0.8325
sub-01	3	10	mih	behav_sub-01_run-03_trial-10.wav	2	0.8325	0.9925
sub-01	3	10	mih	behav_sub-01_run-03_trial-10.wav	3	0.9925	1.1525
sub-01	3	10	mih	behav_sub-01_run-03_trial-10.wav	4	1.1525	1.3125
sub-01	3	10	mih	behav_sub-01_run-03_trial-10.wav	5	1.3125	1.4525
sub-01	3	10	mih	behav_sub-01_run-03_trial-10.wav	6	1.4525	1.6125
sub-01	3	10	mih	behav_sub-01_run-03_trial-10.wav	7	1.6125	1.7725
sub-01	3	10	mih	behav_sub-01_run-03_trial-10.wav	8	1.7725	1.9125
sub-01	3	10	mih	behav_sub-01_run-03_trial-10.wav	9	1.9125	2.0725
sub-01	3	10	mih	behav_sub-01_run-03_trial-10.wav	10	2.0725	2.2125
sub-01	3	10	mih	behav_sub-01_run-03_trial-10.wav	11	2.2125	2.3925
sub-01	3	10	mih	behav_sub-01_run-03_trial-10.wav	12	2.3925	2.5725
sub-01	3	10	mih	behav_sub-01_run-03_trial-10.wav	13	2.5725	2.7125
sub-01	3	10	mih	behav_sub-01_run-03_trial-10.wav	14	2.7125	2.8725
sub-01	3	10	mih	behav_sub-01_run-03_trial-10.wav	15	2.8725	3.0325
sub-01	3	10	mih	behav_sub-01_run-03_trial-10.wav	16	3.0325	3.1925
sub-01	3	10	mih	behav_sub-01_run-03_trial-10.wav	17	3.1925	3.3525
sub-01	3	10	mih	behav_sub-01_run-03_trial-10.wav	18	3.3525	3.5325
sub-01	3	10	mih	behav_sub-01_run-03_trial-10.wav	19	3.5325	3.7125
sub-01	3	10	mih	behav_sub-01_run-03_trial-10.wav	20	3.7125	3.8925
sub-01	3	10	mih	behav_sub-01_run-03_trial-10.wav	21	3.8925	4.0325
sub-01	3	10	mih	behav_sub-01_run-03_trial-10.wav	22	4.0325	4.2125
sub-01	3	10	mih	behav_sub-01_run-03_trial-10.wav	23	4.2125	4.3925
sub-01	3	10	mih	behav_sub-01_run-03_trial-10.wav	24	4.3925	4.5000
sub-01	3	11	naw	behav_sub-01_run-03_trial-11.wav	1	0.8725	1.0125
sub-01	3	11	naw	behav_sub-01_run-03_trial-11.wav	2	1.0125	1.1725
sub-01	3	11	naw	behav_sub-01_run-03_trial-11.wav	3	1.1725	1.3325
sub-01	3	11	naw	behav_sub-01_run-03_trial-11.wav	4	1.3325	1.5125
sub-01	3	11	naw	behav_sub-01_run-03_trial-11.wav	5	1.5125	1.6725
sub-01	3	11	naw	behav_sub-01_run-03_trial-11.wav	6	1.6725	1.8325
sub-01	3	11	naw	behav_sub-01_run-03_trial-11.wav	7	1.8325	1.9925
sub-01	3	11	naw	behav_sub-01_run-03_trial-11.wav	8	1.9925	2.1725
sub-01	3	11	naw	behav_sub-01_run-03_trial-11.wav	9	2.1725	2.3325
sub-01	3	11	naw	behav_sub-01_run-03_trial-11.wav	10	2.3325	2.4925
sub-01	3	11	naw	behav_sub-01_run-03_trial-11.wav	11	2.4925	2.6725
sub-01	3	11	naw	behav_sub-01_run-03_trial-11.wav	12	2.6725	2.8525
sub-01	3	11	naw	behav_sub-01_run-03_trial-11.wav	13	2.8525	3.0125
sub-01	3	11	naw	behav_sub-01_run-03_trial-11.wav	14	3.0125	3.1925
sub-01	3	11	naw	behav_sub-01_run-03_trial-11.wav	15	3.1925	3.3525
sub-01	3	11	naw	behav_sub-01_run-03_trial-11.wav	16	3.3525	3.5125
sub-01	3	11	naw	behav_sub-01_run-03_trial-11.wav	17	3.5125	3.6925
sub-01	3	11	naw	behav_sub-01_run-03_trial-11.wav	18	3.6925	3.8725
sub-01	3	11	naw	behav_sub-01_run-03_trial-11.wav	19	3.8725	4.0525
sub-01	3	11	naw	behav_sub-01_run-03_trial-11.wav	20	4.0525	4.2325
sub-01	3	11	naw	behav_sub-01_run-03_trial-11.wav	21	4.2325	4.4125
sub-01	3	12	fee	behav_sub-01_run-03_trial-12.wav	1	0.3725	0.4925
sub-01	3	12	fee	behav_sub-01_run-03_trial-12.wav	2	0.5325	0.6525
sub-01	3	12	fee	behav_sub-01_run-03_trial-12.wav	3	0.6925	0.8125
sub-01	3	12	fee	behav_sub-01_run-03_trial-12.wav	4	0.8725	1.0125
sub-01	3	12	fee	behav_sub-01_run-03_trial-12.wav	5	1.0125	1.1525
sub-01	3	12	fee	behav_sub-01_run-03_trial-12.wav	6	1.2125	1.3325
sub-01	3	12	fee	behav_sub-01_run-03_trial-12.wav	7	1.3925	1.4925
sub-01	3	12	fee	behav_sub-01_run-03_trial-12.wav	8	1.5325	1.6725
sub-01	3	12	fee	behav_sub-01_run-03_trial-12.wav	9	1.6725	1.8125
sub-01	3	12	fee	behav_sub-01_run-03_trial-12.wav	10	1.8125	1.9925
sub-01	3	12	fee	behav_sub-01_run-03_trial-12.wav	11	2.0525	2.1725
sub-01	3	12	fee	behav_sub-01_run-03_trial-12.wav	12	2.2325	2.3725
sub-01	3	12	fee	behav_sub-01_run-03_trial-12.wav	13	2.4325	2.5725
sub-01	3	12	fee	behav_sub-01_run-03_trial-12.wav	14	2.5725	2.7125
sub-01	3	12	fee	behav_sub-01_run-03_trial-12.wav	15	2.7725	2.8925
sub-01	3	12	fee	behav_sub-01_run-03_trial-12.wav	16	2.9525	3.0925
sub-01	3	12	fee	behav_sub-01_run-03_trial-12.wav	17	3.0925	3.2525
sub-01	3	12	fee	behav_sub-01_run-03_trial-12.wav	18	3.3125	3.4325
sub-01	3	12	fee	behav_sub-01_run-03_trial-12.wav	19	3.4925	3.6125
sub-01	3	12	fee	behav_sub-01_run-03_trial-12.wav	20	3.6725	3.7925
sub-01	3	12	fee	behav_sub-01_run-03_trial-12.wav	21	3.8525	3.9925
sub-01	3	12	fee	behav_sub-01_run-03_trial-12.wav	22	3.9925	4.1525
sub-01	3	12	fee	behav_sub-01_run-03_trial-12.wav	23	4.1525	4.3325
sub-01	3	12	fee	behav_sub-01_run-03_trial-12.wav	24	4.3325	4.5000
sub-01	3	13	thought	behav_sub-01_run-03_trial-13.wav	1	0.4725	0.5925
sub-01	3	13	thought	behav_sub-01_run-03_trial-13.wav	2	0.6525	0.7525
sub-01	3	13	thought	behav_sub-01_run-03_trial-13.wav	3	0.8125	0.9525
sub-01	3	13	thought	behav_sub-01_run-03_trial-13.wav	4	1.0125	1.1525
sub-01	3	13	thought	behav_sub-01_run-03_trial-13.wav	5	1.1925	1.3325
sub-01	3	13	thought	behav_sub-01_run-03_trial-13.wav	6	1.3925	1.5125
sub-01	3	13	thought	behav_sub-01_run-03_trial-13.wav	7	1.5725	1.7125
sub-01	3	13	thought	behav_sub-01_run-03_trial-13.wav	8	1.7925	1.9125
sub-01	3	13	thought	behav_sub-01_run-03_trial-13.wav	9	1.9925	2.1125
sub-01	3	13	thought	behav_sub-01_run-03_trial-13.wav	10	2.1725	2.3125
sub-01	3	13	thought	behav_sub-01_run-03_trial-13.wav	11	2.3725	2.5125
sub-01	3	13	thought	behav_sub-01_run-03_trial-13.wav	12	2.5925	2.7125
sub-01	3	13	thought	behav_sub-01_run-03_trial-13.wav	13	2.7925	2.8925
sub-01	3	13	thought	behav_sub-01_run-03_trial-13.wav	14	2.9725	3.1125
sub-01	3	13	thought	behav_sub-01_run-03_trial-13.wav	15	3.1725	3.3125
sub-01	3	13	thought	behav_sub-01_run-03_trial-13.wav	16	3.3925	3.5125
sub-01	3	13	thought	behav_sub-01_run-03_trial-13.wav	17	3.5725	3.7125
sub-01	3	13	thought	behav_sub-01_run-03_trial-13.wav	18	3.7925	3.9125
sub-01	3	13	thought	behav_sub-01_run-03_trial-13.wav	19	3.9925	4.0925
sub-01	3	13	thought	behav_sub-01_run-03_trial-13.wav	20	4.1725	4.2925
sub-01	3	13	thought	behav_sub-01_run-03_trial-13.wav	21	4.3925	4.5000
sub-01	3	14	pot	behav_sub-01_run-03_trial-14.wav	1	0.4925	0.5925
sub-01	3	14	pot	behav_sub-01_run-03_trial-14.wav	2	0.6525	0.7725
sub-01	3	14	pot	behav_sub-01_run-03_trial-14.wav	3	0.8525	0.9925
sub-01	3	14	pot	behav_sub-01_run-03_trial-14.wav	4	1.0525	1.1725
sub-01	3	14	pot	behav_sub-01_run-03_trial-14.wav	5	1.2325	1.3525
sub-01	3	14	pot	behav_sub-01_run-03_trial-14.wav	6	1.4325	1.5725
sub-01	3	14	pot	behav_sub-01_run-03_trial-14.wav	7	1.6325	1.8125
sub-01	3	14	pot	behav_sub-01_run-03_trial-14.wav	8	1.9325	2.0925
sub-01	3	14	pot	behav_sub-01_run-03_trial-14.wav	9	2.2325	2.3925
sub-01	3	14	pot	behav_sub-01_run-03_trial-14.wav	10	2.4925	2.5925
sub-01	3	14	pot	behav_sub-01_run-03_trial-14.wav	11	2.6525	2.8125
sub-01	3	14	pot	behav_sub-01_run-03_trial-14.wav	12	2.8925	3.0725
sub-01	3	14	pot	behav_sub-01_run-03_trial-14.wav	13	3.1525	3.3125
sub-01	3	14	pot	behav_sub-01_run-03_trial-14.wav	14	3.4125	3.5525
sub-01	3	14	pot	behav_sub-01_run-03_trial-14.wav	15	3.6325	3.7725
sub-01	3	14	pot	behav_sub-01_run-03_trial-14.wav	16	3.8525	4.0325
sub-01	3	14	pot	behav_sub-01_run-03_trial-14.wav	17	4.1125	4.2725
sub-01	3	14	pot	behav_sub-01_run-03_trial-14.wav	18	4.3725	4.5000
sub-01	3	15	thurs	behav_sub-01_run-03_trial-15.wav	1	0.6925	0.8125
sub-01	3	15	thurs	behav_sub-01_run-03_trial-15.wav	2	0.8125	1.0125
sub-01	3	15	thurs	behav_sub-01_run-03_trial-15.wav	3	1.0125	1.2125
sub-01	3	15	thurs	behav_sub-01_run-03_trial-15.wav	4	1.2125	1.4325
sub-01	3	15	thurs	behav_sub-01_run-03_trial-15.wav	5	1.4325	1.6525
sub-01	3	15	thurs	behav_sub-01_run-03_trial-15.wav	6	1.6525	1.7525
sub-01	3	15	thurs	behav_sub-01_run-03_trial-15.wav	7	1.7525	1.8925
sub-01	3	15	thurs	behav_sub-01_run-03_trial-15.wav	8	1.8925	2.1125
sub-01	3	15	thurs	behav_sub-01_run-03_trial-15.wav	9	2.1125	2.3325
sub-01	3	15	thurs	behav_sub-01_run-03_trial-15.wav	10	2.3325	2.5525
sub-01	3	15	thurs	behav_sub-01_run-03_trial-15.wav	11	2.5525	2.8125
sub-01	3	15	thurs	behav_sub-01_run-03_trial-15.wav	12	2.8125	3.0125
sub-01	3	15	thurs	behav_sub-01_run-03_trial-15.wav	13	3.0125	3.2725
sub-01	3	15	thurs	behav_sub-01_run-03_trial-15.wav	14	3.2725	3.4925
sub-01	3	15	thurs	behav_sub-01_run-03_trial-15.wav	15	3.4925	3.7325
sub-01	3	15	thurs	behav_sub-01_run-03_trial-15.wav	16	3.7325	3.9725
sub-01	3	15	thurs	behav_sub-01_run-03_trial-15.wav	17	3.9725	4.2125
sub-01	3	15	thurs	behav_sub-01_run-03_trial-15.wav	18	4.2125	4.4325
sub-01	3	16	ser	behav_sub-01_run-03_trial-16.wav	1	0.7925	1.0125
sub-01	3	16	ser	behav_sub-01_run-03_trial-16.wav	2	1.0125	1.2125
sub-01	3	16	ser	behav_sub-01_run-03_trial-16.wav	3	1.2125	1.4325
sub-01	3	16	ser	behav_sub-01_run-03_trial-16.wav	4	1.4325	1.6125
sub-01	3	16	ser	behav_sub-01_run-03_trial-16.wav	5	1.6125	1.8125
sub-01	3	16	ser	behav_sub-01_run-03_trial-16.wav	6	1.8125	2.0525
sub-01	3	16	ser	behav_sub-01_run-03_trial-16.wav	7	2.0525	2.2525
sub-01	3	16	ser	behav_sub-01_run-03_trial-16.wav	8	2.2525	2.4725
sub-01	3	16	ser	behav_sub-01_run-03_trial-16.wav	9	2.4725	2.6725
sub-01	3	16	ser	behav_sub-01_run-03_trial-16.wav	10	2.6725	2.8525
sub-01	3	16	ser	behav_sub-01_run-03_trial-16.wav	11	2.8525	3.0725
sub-01	3	16	ser	behav_sub-01_run-03_trial-16.wav	12	3.0725	3.2725
sub-01	3	16	ser	behav_sub-01_run-03_trial-16.wav	13	3.2725	3.4925
sub-01	3	16	ser	behav_sub-01_run-03_trial-16.wav	14	3.4925	3.7325
sub-01	3	16	ser	behav_sub-01_run-03_trial-16.wav	15	3.7325	3.9725
sub-01	3	16	ser	behav_sub-01_run-03_trial-16.wav	16	3.9725	4.1925
sub-01	3	16	ser	behav_sub-01_run-03_trial-16.wav	17	4.1925	4.4125
sub-01	3	16	ser	behav_sub-01_run-03_trial-16.wav	18	4.4125	4.5000
sub-01	3	17	day	behav_sub-01_run-03_trial-17.wav	1	0.9525	1.0925
sub-01	3	17	day	behav_sub-01_run-03_trial-17.wav	2	1.0925	1.2525
sub-01	3	17	day	behav_sub-01_run-03_trial-17.wav	3	1.2525	1.4125
sub-01	3	17	day	behav_sub-01_run-03_trial-17.wav	4	1.4125	1.5725
sub-01	3	17	day	behav_sub-01_run-03_trial-17.wav	5	1.5725	1.7325
sub-01	3	17	day	behav_sub-01_run-03_trial-17.wav	6	1.7325	1.8925
sub-01	3	17	day	behav_sub-01_run-03_trial-17.wav	7	1.8925	2.0525
sub-01	3	17	day	behav_sub-01_run-03_trial-17.wav	8	2.0525	2.2125
sub-01	3	17	day	behav_sub-01_run-03_trial-17.wav	9	2.2125	2.4125
sub-01	3	17	day	behav_sub-01_run-03_trial-17.wav	10	2.4125	2.5725
sub-01	3	17	day	behav_sub-01_run-03_trial-17.wav	11	2.5725	2.7325
sub-01	3	17	day	behav_sub-01_run-03_trial-17.wav	12	2.7325	2.8925
sub-01	3	17	day	behav_sub-01_run-03_trial-17.wav	13	2.8925	3.0525
sub-01	3	17	day	behav_sub-01_run-03_trial-17.wav	14	3.0525	3.2525
sub-01	3	17	day	behav_sub-01_run-03_trial-17.wav	15	3.2525	3.4125
sub-01	3	17	day	behav_sub-01_run-03_trial-17.wav	16	3.4125	3.5525
sub-01	3	17	day	behav_sub-01_run-03_trial-17.wav	17	3.6125	3.7525
sub-01	3	17	day	behav_sub-01_run-03_trial-17.wav	18	3.7925	3.9325
sub-01	3	17	day	behav_sub-01_run-03_trial-17.wav	19	3.9925	4.0925
sub-01	3	17	day	behav_sub-01_run-03_trial-17.wav	20	4.0925	4.2925
sub-01	3	17	day	behav_sub-01_run-03_trial-17.wav	21	4.2925	4.4325
sub-01	3	18	thought	behav_sub-01_run-03_trial-18.wav	1	0.2125	0.3725
sub-01	3	18	thought	behav_sub-01_run-03_trial-18.wav	2	0.3725	0.4725
sub-01	3	18	thought	behav_sub-01_run-03_trial-18.wav	3	0.5325	0.6725
sub-01	3	18	thought	behav_sub-01_run-03_trial-18.wav	4	0.7325	0.9325
sub-01	3	18	thought	behav_sub-01_run-03_trial-18.wav	5	0.9325	1.1525
sub-01	3	18	thought	behav_sub-01_run-03_trial-18.wav	6	1.1525	1.2725
sub-01	3	18	thought	behav_sub-01_run-03_trial-18.wav	7	1.3325	1.5725
sub-01	3	18	thought	behav_sub-01_run-03_trial-18.wav	8	1.5725	1.7925
sub-01	3	18	thought	behav_sub-01_run-03_trial-18.wav	9	1.7925	1.8725
sub-01	3	18	thought	behav_sub-01_run-03_trial-18.wav	10	1.9325	2.1725
sub-01	3	18	thought	behav_sub-01_run-03_trial-18.wav	11	2.1725	2.2925
sub-01	3	18	thought	behav_sub-01_run-03_trial-18.wav	12	2.3525	2.5925
sub-01	3	18	thought	behav_sub-01_run-03_trial-18.wav	13	2.5925	2.7325
sub-01	3	18	thought	behav_sub-01_run-03_trial-18.wav	14	2.7925	2.9925
sub-01	3	18	thought	behav_sub-01_run-03_trial-18.wav	15	2.9925	3.2125
sub-01	3	18	thought	behav_sub-01_run-03_trial-18.wav	16	3.2125	3.3325
sub-01	3	18	thought	behav_sub-01_run-03_trial-18.wav	17	3.4125	3.5725
sub-01	3	18	thought	behav_sub-01_run-03_trial-18.wav	18	3.6125	3.7525
sub-01	3	18	thought	behav_sub-01_run-03_trial-18.wav	19	3.8525	3.9725
sub-01	3	18	thought	behav_sub-01_run-03_trial-18.wav	20	4.0525	4.5000
sub-01	3	19	pie	behav_sub-01_run-03_trial-19.wav	1	0.4325	0.5725
sub-01	3	19	pie	behav_sub-01_run-03_trial-19.wav	2	0.6325	0.7725
sub-01	3	19	pie	behav_sub-01_run-03_trial-19.wav	3	0.7725	0.9725
sub-01	3	19	pie	behav_sub-01_run-03_trial-19.wav	4	0.9725	1.1725
sub-01	3	19	pie	behav_sub-01_run-03_trial-19.wav	5	1.1725	1.3525
sub-01	3	19	pie	behav_sub-01_run-03_trial-19.wav	6	1.3925	1.5525
sub-01	3	19	pie	behav_sub-01_run-03_trial-19.wav	7	1.6125	1.7525
sub-01	3	19	pie	behav_sub-01_run-03_trial-19.wav	8	1.8125	1.9325
sub-01	3	19	pie	behav_sub-01_run-03_trial-19.wav	9	2.0325	2.1525
sub-01	3	19	pie	behav_sub-01_run-03_trial-19.wav	10	2.2125	2.3925
sub-01	3	19	pie	behav_sub-01_run-03_trial-19.wav	11	2.4325	2.6125
sub-01	3	19	pie	behav_sub-01_run-03_trial-19.wav	12	2.6925	2.8325
sub-01	3	19	pie	behav_sub-01_run-03_trial-19.wav	13	2.8725	3.0125
sub-01	3	19	pie	behav_sub-01_run-03_trial-19.wav	14	3.0925	3.2125
sub-01	3	19	pie	behav_sub-01_run-03_trial-19.wav	15	3.3125	3.4525
sub-01	3	19	pie	behav_sub-01_run-03_trial-19.wav	16	3.5125	3.6725
sub-01	3	19	pie	behav_sub-01_run-03_trial-19.wav	17	3.7325	3.8525
sub-01	3	19	pie	behav_sub-01_run-03_trial-19.wav	18	3.9325	4.1525
sub-01	3	19	pie	behav_sub-01_run-03_trial-19.wav	19	4.2525	4.4325
sub-01	3	20	per	behav_sub-01_run-03_trial-20.wav	1	0.4325	0.5325
sub-01	3	20	per	behav_sub-01_run-03_trial-20.wav	2	0.5925	0.6925
sub-01	3	20	per	behav_sub-01_run-03_trial-20.wav	3	0.7525	0.8725
sub-01	3	20	per	behav_sub-01_run-03_trial-20.wav	4	0.9125	1.0325
sub-01	3	20	per	behav_sub-01_run-03_trial-20.wav	5	1.0925	1.1925
sub-01	3	20	per	behav_sub-01_run-03_trial-20.wav	6	1.2525	1.3325
sub-01	3	20	per	behav_sub-01_run-03_trial-20.wav	7	1.4125	1.5325
sub-01	3	20	per	behav_sub-01_run-03_trial-20.wav	8	1.5925	1.6725
sub-01	3	20	per	behav_sub-01_run-03_trial-20.wav	9	1.7525	1.8325
sub-01	3	20	per	behav_sub-01_run-03_trial-20.wav	10	1.9125	2.0125
sub-01	3	20	per	behav_sub-01_run-03_trial-20.wav	11	2.0725	2.1725
sub-01	3	20	per	behav_sub-01_run-03_trial-20.wav	12	2.2525	2.3325
sub-01	3	20	per	behav_sub-01_run-03_trial-20.wav	13	2.4125	2.4925
sub-01	3	20	per	behav_sub-01_run-03_trial-20.wav	14	2.5725	2.6725
sub-01	3	20	per	behav_sub-01_run-03_trial-20.wav	15	2.7525	2.8525
sub-01	3	20	per	behav_sub-01_run-03_trial-20.wav	16	2.9125	3.0125
sub-01	3	20	per	behav_sub-01_run-03_trial-20.wav	17	3.0925	3.1725
sub-01	3	20	per	behav_sub-01_run-03_trial-20.wav	18	3.2725	3.3725
sub-01	3	20	per	behav_sub-01_run-03_trial-20.wav	19	3.4525	3.5725
sub-01	3	20	per	behav_sub-01_run-03_trial-20.wav	20	3.6525	3.7525
sub-01	3	20	per	behav_sub-01_run-03_trial-20.wav	21	3.8125	3.9325
sub-01	3	20	per	behav_sub-01_run-03_trial-20.wav	22	4.0125	4.1925
sub-01	3	21	ter	behav_sub-01_run-03_trial-21.wav	1	0.5525	0.6925
sub-01	3	21	ter	behav_sub-01_run-03_trial-21.wav	2	0.6925	0.8525
sub-01	3	21	ter	behav_sub-01_run-03_trial-21.wav	3	0.8525	1.0125
sub-01	3	21	ter	behav_sub-01_run-03_trial-21.wav	4	1.0125	1.1725
sub-01	3	21	ter	behav_sub-01_run-03_trial-21.wav	5	1.1725	1.3525
sub-01	3	21	ter	behav_sub-01_run-03_trial-21.wav	6	1.3925	1.4925
sub-01	3	21	ter	behav_sub-01_run-03_trial-21.wav	7	1.5525	1.6925
sub-01	3	21	ter	behav_sub-01_run-03_trial-21.wav	8	1.6925	1.8525
sub-01	3	21	ter	behav_sub-01_run-03_trial-21.wav	9	1.9125	2.0525
sub-01	3	21	ter	behav_sub-01_run-03_trial-21.wav	10	2.0525	2.2125
sub-01	3	21	ter	behav_sub-01_run-03_trial-21.wav	11	2.2125	2.3725
sub-01	3	21	ter	behav_sub-01_run-03_trial-21.wav	12	2.3725	2.5725
sub-01	3	21	ter	behav_sub-01_run-03_trial-21.wav	13	2.5725	2.7325
sub-01	3	21	ter	behav_sub-01_run-03_trial-21.wav	14	2.7325	2.8725
sub-01	3	21	ter	behav_sub-01_run-03_trial-21.wav	15	2.9125	3.0125
sub-01	3	21	ter	behav_sub-01_run-03_trial-21.wav	16	3.0725	3.1725
sub-01	3	21	ter	behav_sub-01_run-03_trial-21.wav	17	3.2325	3.3725
sub-01	3	21	ter	behav_sub-01_run-03_trial-21.wav	18	3.3725	3.5125
sub-01	3	21	ter	behav_sub-01_run-03_trial-21.wav	19	3.5725	3.6925
sub-01	3	21	ter	behav_sub-01_run-03_trial-21.wav	20	3.7525	3.8925
sub-01	3	21	ter	behav_sub-01_run-03_trial-21.wav	21	3.8925	4.0725
sub-01	3	21	ter	behav_sub-01_run-03_trial-21.wav	22	4.1325	4.2925
sub-01	3	22	thurs	behav_sub-01_run-03_trial-22.wav	1	0.4125	0.5325
sub-01	3	22	thurs	behav_sub-01_run-03_trial-22.wav	2	0.5325	0.7325
sub-01	3	22	thurs	behav_sub-01_run-03_trial-22.wav	3	0.7325	0.9725
sub-01	3	22	thurs	behav_sub-01_run-03_trial-22.wav	4	0.9725	1.1925
sub-01	3	22	thurs	behav_sub-01_run-03_trial-22.wav	5	1.1925	1.3925
sub-01	3	22	thurs	behav_sub-01_run-03_trial-22.wav	6	1.3925	1.5925
sub-01	3	22	thurs	behav_sub-01_run-03_trial-22.wav	7	1.5925	1.8125
sub-01	3	22	thurs	behav_sub-01_run-03_trial-22.wav	8	1.8125	2.0125
sub-01	3	22	thurs	behav_sub-01_run-03_trial-22.wav	9	2.0125	2.2125
sub-01	3	22	thurs	behav_sub-01_run-03_trial-22.wav	10	2.2125	2.4125
sub-01	3	22	thurs	behav_sub-01_run-03_trial-22.wav	11	2.4125	2.6325
sub-01	3	22	thurs	behav_sub-01_run-03_trial-22.wav	12	2.6325	2.7525
sub-01	3	22	thurs	behav_sub-01_run-03_trial-22.wav	13	2.7525	2.8525
sub-01	3	22	thurs	behav_sub-01_run-03_trial-22.wav	14	2.8525	3.1125
sub-01	3	22	thurs	behav_sub-01_run-03_trial-22.wav	15	3.1925	3.3325
sub-01	3	22	thurs	behav_sub-01_run-03_trial-22.wav	16	3.3325	3.5325
sub-01	3	22	thurs	behav_sub-01_run-03_trial-22.wav	17	3.5325	3.7725
sub-01	3	22	thurs	behav_sub-01_run-03_trial-22.wav	18	3.7725	4.2325
sub-01	3	23	naw	behav_sub-01_run-03_trial-23.wav	1	0.6525	0.8725
sub-01	3	23	naw	behav_sub-01_run-03_trial-23.wav	2	0.8725	1.0525
sub-01	3	23	naw	behav_sub-01_run-03_trial-23.wav	3	1.0525	1.2325
sub-01	3	23	naw	behav_sub-01_run-03_trial-23.wav	4	1.2325	1.4125
sub-01	3	23	naw	behav_sub-01_run-03_trial-23.wav	5	1.4125	1.5925
sub-01	3	23	naw	behav_sub-01_run-03_trial-23.wav	6	1.5925	1.7725
sub-01	3	23	naw	behav_sub-01_run-03_trial-23.wav	7	1.7725	1.9525
sub-01	3	23	naw	behav_sub-01_run-03_trial-23.wav	8	1.9525	2.1325
sub-01	3	23	naw	behav_sub-01_run-03_trial-23.wav	9	2.1325	2.2925
sub-01	3	23	naw	behav_sub-01_run-03_trial-23.wav	10	2.2925	2.4725
sub-01	3	23	naw	behav_sub-01_run-03_trial-23.wav	11	2.4725	2.6525
sub-01	3	23	naw	behav_sub-01_run-03_trial-23.wav	12	2.6525	2.8125
sub-01	3	23	naw	behav_sub-01_run-03_trial-23.wav	13	2.8125	2.9925
sub-01	3	23	naw	behav_sub-01_run-03_trial-23.wav	14	2.9925	3.1525
sub-01	3	23	naw	behav_sub-01_run-03_trial-23.wav	15	3.1525	3.3525
sub-01	3	23	naw	behav_sub-01_run-03_trial-23.wav	16	3.3525	3.5525
sub-01	3	23	naw	behav_sub-01_run-03_trial-23.wav	17	3.5525	3.7125
sub-01	3	23	naw	behav_sub-01_run-03_trial-23.wav	18	3.7125	3.9125
sub-01	3	23	naw	behav_sub-01_run-03_trial-23.wav	19	3.9125	4.0725
sub-01	3	23	naw	behav_sub-01_run-03_trial-23.wav	20	4.0725	4.2725
sub-01	3	23	naw	behav_sub-01_run-03_trial-23.wav	21	4.2725	4.4725
sub-01	3	24	pot	behav_sub-01_run-03_trial-24.wav	1	0.7325	0.8725
sub-01	3	24	pot	behav_sub-01_run-03_trial-24.wav	2	0.9325	1.0525
sub-01	3	24	pot	behav_sub-01_run-03_trial-24.wav	3	1.1125	1.2325
sub-01	3	24	pot	behav_sub-01_run-03_trial-24.wav	4	1.2925	1.4325
sub-01	3	24	pot	behav_sub-01_run-03_trial-24.wav	5	1.4725	1.5925
sub-01	3	24	pot	behav_sub-01_run-03_trial-24.wav	6	1.6725	1.7725
sub-01	3	24	pot	behav_sub-01_run-03_trial-24.wav	7	1.8525	1.9725
sub-01	3	24	pot	behav_sub-01_run-03_trial-24.wav	8	2.0325	2.1725
sub-01	3	24	pot	behav_sub-01_run-03_trial-24.wav	9	2.2325	2.3725
sub-01	3	24	pot	behav_sub-01_run-03_trial-24.wav	10	2.3725	2.5125
sub-01	3	24	pot	behav_sub-01_run-03_trial-24.wav	11	2.5925	2.7125
sub-01	3	24	pot	behav_sub-01_run-03_trial-24.wav	12	2.7925	2.8925
sub-01	3	24	pot	behav_sub-01_run-03_trial-24.wav	13	2.9725	3.0925
sub-01	3	24	pot	behav_sub-01_run-03_trial-24.wav	14	3.1725	3.2725
sub-01	3	24	pot	behav_sub-01_run-03_trial-24.wav	15	3.3725	3.4725
sub-01	3	24	pot	behav_sub-01_run-03_trial-24.wav	16	3.5725	3.6925
sub-01	3	24	pot	behav_sub-01_run-03_trial-24.wav	17	3.7725	3.8925
sub-01	3	24	pot	behav_sub-01_run-03_trial-24.wav	18	4.0125	4.1125
sub-01	3	24	pot	behav_sub-01_run-03_trial-24.wav	19	4.1925	4.3125
sub-01	3	24	pot	behav_sub-01_run-03_trial-24.wav	20	4.3925	4.5000
sub-01	3	25	ter	behav_sub-01_run-03_trial-25.wav	1	0.4125	0.5325
sub-01	3	25	ter	behav_sub-01_run-03_trial-25.wav	2	0.5325	0.6925
sub-01	3	25	ter	behav_sub-01_run-03_trial-25.wav	3	0.6925	0.8725
sub-01	3	25	ter	behav_sub-01_run-03_trial-25.wav	4	0.9125	1.0325
sub-01	3	25	ter	behav_sub-01_run-03_trial-25.wav	5	1.0725	1.2125
sub-01	3	25	ter	behav_sub-01_run-03_trial-25.wav	6	1.2125	1.3725
sub-01	3	25	ter	behav_sub-01_run-03_trial-25.wav	7	1.3725	1.5325
sub-01	3	25	ter	behav_sub-01_run-03_trial-25.wav	8	1.5325	1.6925
sub-01	3	25	ter	behav_sub-01_run-03_trial-25.wav	9	1.7525	1.8925
sub-01	3	25	ter	behav_sub-01_run-03_trial-25.wav	10	1.9525	2.0925
sub-01	3	25	ter	behav_sub-01_run-03_trial-25.wav	11	2.0925	2.2325
sub-01	3	25	ter	behav_sub-01_run-03_trial-25.wav	12	2.2925	2.4125
sub-01	3	25	ter	behav_sub-01_run-03_trial-25.wav	13	2.4125	2.6125
sub-01	3	25	ter	behav_sub-01_run-03_trial-25.wav	14	2.6525	2.8125
sub-01	3	25	ter	behav_sub-01_run-03_trial-25.wav	15	2.8125	2.9725
sub-01	3	25	ter	behav_sub-01_run-03_trial-25.wav	16	2.9725	3.1325
sub-01	3	25	ter	behav_sub-01_run-03_trial-25.wav	17	3.1325	3.3325
sub-01	3	25	ter	behav_sub-01_run-03_trial-25.wav	18	3.3325	3.4925
sub-01	3	25	ter	behav_sub-01_run-03_trial-25.wav	19	3.5525	3.6925
sub-01	3	25	ter	behav_sub-01_run-03_trial-25.wav	20	3.6925	3.8925
sub-01	3	25	ter	behav_sub-01_run-03_trial-25.wav	21	3.8925	4.0525
sub-01	3	25	ter	behav_sub-01_run-03_trial-25.wav	22	4.1125	4.2325
sub-01	3	25	ter	behav_sub-01_run-03_trial-25.wav	23	4.2925	4.4325
sub-01	3	25	ter	behav_sub-01_run-03_trial-25.wav	24	4.4725	4.5000
sub-01	3	26	thurs	behav_sub-01_run-03_trial-26.wav	1	0.4125	0.5725
sub-01	3	26	thurs	behav_sub-01_run-03_trial-26.wav	2	0.5725	0.7325
sub-01	3	26	thurs	behav_sub-01_run-03_trial-26.wav	3	0.7325	0.9325
sub-01	3	26	thurs	behav_sub-01_run-03_trial-26.wav	4	0.9325	1.1525
sub-01	3	26	thurs	behav_sub-01_run-03_trial-26.wav	5	1.1525	1.3525
sub-01	3	26	thurs	behav_sub-01_run-03_trial-26.wav	6	1.3525	1.5725
sub-01	3	26	thurs	behav_sub-01_run-03_trial-26.wav	7	1.5725	1.7725
sub-01	3	26	thurs	behav_sub-01_run-03_trial-26.wav	8	1.7725	1.9725
sub-01	3	26	thurs	behav_sub-01_run-03_trial-26.wav	9	1.9725	2.2125
sub-01	3	26	thurs	behav_sub-01_run-03_trial-26.wav	10	2.2125	2.4125
sub-01	3	26	thurs	behav_sub-01_run-03_trial-26.wav	11	2.4125	2.6525
sub-01	3	26	thurs	behav_sub-01_run-03_trial-26.wav	12	2.6525	2.8525
sub-01	3	26	thurs	behav_sub-01_run-03_trial-26.wav	13	2.8525	3.0325
sub-01	3	26	thurs	behav_sub-01_run-03_trial-26.wav	14	3.0325	3.2525
sub-01	3	26	thurs	behav_sub-01_run-03_trial-26.wav	15	3.2525	3.3525
sub-01	3	26	thurs	behav_sub-01_run-03_trial-26.wav	16	3.3525	3.5525
sub-01	3	26	thurs	behav_sub-01_run-03_trial-26.wav	17	3.5525	3.7925
sub-01	3	26	thurs	behav_sub-01_run-03_trial-26.wav	18	3.7925	4.0125
sub-01	3	26	thurs	behav_sub-01_run-03_trial-26.wav	19	4.0125	4.2525
sub-01	3	26	thurs	behav_sub-01_run-03_trial-26.wav	20	4.2525	4.5000
sub-01	3	27	mih	behav_sub-01_run-03_trial-27.wav	1	0.2525	0.4125
sub-01	3	27	mih	behav_sub-01_run-03_trial-27.wav	2	0.4125	0.5525
sub-01	3	27	mih	behav_sub-01_run-03_trial-27.wav	3	0.5525	0.7125
sub-01	3	27	mih	behav_sub-01_run-03_trial-27.wav	4	0.7125	0.8525
sub-01	3	27	mih	behav_sub-01_run-03_trial-27.wav	5	0.8525	1.0125
sub-01	3	27	mih	behav_sub-01_run-03_trial-27.wav	6	1.0125	1.1725
sub-01	3	27	mih	behav_sub-01_run-03_trial-27.wav	7	1.1725	1.3125
sub-01	3	27	mih	behav_sub-01_run-03_trial-27.wav	8	1.3125	1.4725
sub-01	3	27	mih	behav_sub-01_run-03_trial-27.wav	9	1.4725	1.6525
sub-01	3	27	mih	behav_sub-01_run-03_trial-27.wav	10	1.6525	1.7925
sub-01	3	27	mih	behav_sub-01_run-03_trial-27.wav	11	1.7925	1.9325
sub-01	3	27	mih	behav_sub-01_run-03_trial-27.wav	12	1.9325	2.1125
sub-01	3	27	mih	behav_sub-01_run-03_trial-27.wav	13	2.1125	2.2525
sub-01	3	27	mih	behav_sub-01_run-03_trial-27.wav	14	2.2525	2.3925
sub-01	3	27	mih	behav_sub-01_run-03_trial-27.wav	15	2.3925	2.5725
sub-01	3	27	mih	behav_sub-01_run-03_trial-27.wav	16	2.5725	2.7125
sub-01	3	27	mih	behav_sub-01_run-03_trial-27.wav	17	2.7125	2.8725
sub-01	3	27	mih	behav_sub-01_run-03_trial-27.wav	18	2.8725	3.0525
sub-01	3	27	mih	behav_sub-01_run-03_trial-27.wav	19	3.0525	3.1925
sub-01	3	27	mih	behav_sub-01_run-03_trial-27.wav	20	3.1925	3.3525
sub-01	3	27	mih	behav_sub-01_run-03_trial-27.wav	21	3.3525	3.5125
sub-01	3	27	mih	behav_sub-01_run-03_trial-27.wav	22	3.5125	3.6725
sub-01	3	27	mih	behav_sub-01_run-03_trial-27.wav	23	3.6725	3.8125
sub-01	3	27	mih	behav_sub-01_run-03_trial-27.wav	24	3.8125	3.9525
sub-01	3	27	mih	behav_sub-01_run-03_trial-27.wav	25	3.9525	4.1325
sub-01	3	27	mih	behav_sub-01_run-03_trial-27.wav	26	4.1325	4.3125
sub-01	3	27	mih	behav_sub-01_run-03_trial-27.wav	27	4.3125	4.5000
sub-01	3	28	pot	behav_sub-01_run-03_trial-28.wav	1	0.5325	0.6725
sub-01	3	28	pot	behav_sub-01_run-03_trial-28.wav	2	0.7325	0.8325
sub-01	3	28	pot	behav_sub-01_run-03_trial-28.wav	3	0.9125	1.0525
sub-01	3	28	pot	behav_sub-01_run-03_trial-28.wav	4	1.1125	1.2125
sub-01	3	28	pot	behav_sub-01_run-03_trial-28.wav	5	1.2725	1.3925
sub-01	3	28	pot	behav_sub-01_run-03_trial-28.wav	6	1.4725	1.5925
sub-01	3	28	pot	behav_sub-01_run-03_trial-28.wav	7	1.6725	1.7925
sub-01	3	28	pot	behav_sub-01_run-03_trial-28.wav	8	1.8725	1.9925
sub-01	3	28	pot	behav_sub-01_run-03_trial-28.wav	9	2.0725	2.1925
sub-01	3	28	pot	behav_sub-01_run-03_trial-28.wav	10	2.2725	2.3925
sub-01	3	28	pot	behav_sub-01_run-03_trial-28.wav	11	2.4725	2.6125
sub-01	3	28	pot	behav_sub-01_run-03_trial-28.wav	12	2.6925	2.8125
sub-01	3	28	pot	behav_sub-01_run-03_trial-28.wav	13	2.9125	3.0125
sub-01	3	28	pot	behav_sub-01_run-03_trial-28.wav	14	3.0925	3.1925
sub-01	3	28	pot	behav_sub-01_run-03_trial-28.wav	15	3.2925	3.3925
sub-01	3	28	pot	behav_sub-01_run-03_trial-28.wav	16	3.4725	3.5925
sub-01	3	28	pot	behav_sub-01_run-03_trial-28.wav	17	3.6925	3.7925
sub-01	3	28	pot	behav_sub-01_run-03_trial-28.wav	18	3.8925	4.0325
sub-01	3	28	pot	behav_sub-01_run-03_trial-28.wav	19	4.1725	4.2725
sub-01	3	29	thought	behav_sub-01_run-03_trial-29.wav	1	0.3925	0.5125
sub-01	3	29	thought	behav_sub-01_run-03_trial-29.wav	2	0.5525	0.6925
sub-01	3	29	thought	behav_sub-01_run-03_trial-29.wav	3	0.6925	0.8725
sub-01	3	29	thought	behav_sub-01_run-03_trial-29.wav	4	0.9525	1.1725
sub-01	3	29	thought	behav_sub-01_run-03_trial-29.wav	5	1.1725	1.2725
sub-01	3	29	thought	behav_sub-01_run-03_trial-29.wav	6	1.3325	1.4725
sub-01	3	29	thought	behav_sub-01_run-03_trial-29.wav	7	1.5325	1.6725
sub-01	3	29	thought	behav_sub-01_run-03_trial-29.wav	8	1.7325	1.8725
sub-01	3	29	thought	behav_sub-01_run-03_trial-29.wav	9	1.9525	2.0725
sub-01	3	29	thought	behav_sub-01_run-03_trial-29.wav	10	2.1325	2.2725
sub-01	3	29	thought	behav_sub-01_run-03_trial-29.wav	11	2.3525	2.4725
sub-01	3	29	thought	behav_sub-01_run-03_trial-29.wav	12	2.5525	2.6725
sub-01	3	29	thought	behav_sub-01_run-03_trial-29.wav	13	2.7325	2.8725
sub-01	3	29	thought	behav_sub-01_run-03_trial-29.wav	14	2.9325	3.0725
sub-01	3	29	thought	behav_sub-01_run-03_trial-29.wav	15	3.1325	3.2525
sub-01	3	29	thought	behav_sub-01_run-03_trial-29.wav	16	3.3325	3.4525
sub-01	3	29	thought	behav_sub-01_run-03_trial-29.wav	17	3.5325	3.6725
sub-01	3	29	thought	behav_sub-01_run-03_trial-29.wav	18	3.7725	3.9725
sub-01	3	29	thought	behav_sub-01_run-03_trial-29.wav	19	3.9725	4.0925
sub-01	3	29	thought	behav_sub-01_run-03_trial-29.wav	20	4.1725	4.2925
sub-01	3	29	thought	behav_sub-01_run-03_trial-29.wav	21	4.3725	4.5000
sub-01	3	30	naw	behav_sub-01_run-03_trial-30.wav	1	0.4725	0.6725
sub-01	3	30	naw	behav_sub-01_run-03_trial-30.wav	2	0.6725	0.8725
sub-01	3	30	naw	behav_sub-01_run-03_trial-30.wav	3	0.8725	1.0325
sub-01	3	30	naw	behav_sub-01_run-03_trial-30.wav	4	1.0325	1.2125
sub-01	3	30	naw	behav_sub-01_run-03_trial-30.wav	5	1.2125	1.4125
sub-01	3	30	naw	behav_sub-01_run-03_trial-30.wav	6	1.4125	1.5925
sub-01	3	30	naw	behav_sub-01_run-03_trial-30.wav	7	1.5925	1.7725
sub-01	3	30	naw	behav_sub-01_run-03_trial-30.wav	8	1.7725	1.9725
sub-01	3	30	naw	behav_sub-01_run-03_trial-30.wav	9	1.9725	2.1725
sub-01	3	30	naw	behav_sub-01_run-03_trial-30.wav	10	2.1725	2.3925
sub-01	3	30	naw	behav_sub-01_run-03_trial-30.wav	11	2.3925	2.5925
sub-01	3	30	naw	behav_sub-01_run-03_trial-30.wav	12	2.5925	2.7925
sub-01	3	30	naw	behav_sub-01_run-03_trial-30.wav	13	2.7925	2.9925
sub-01	3	30	naw	behav_sub-01_run-03_trial-30.wav	14	2.9925	3.1925
sub-01	3	30	naw	behav_sub-01_run-03_trial-30.wav	15	3.1925	3.3925
sub-01	3	30	naw	behav_sub-01_run-03_trial-30.wav	16	3.3925	3.6125
sub-01	3	30	naw	behav_sub-01_run-03_trial-30.wav	17	3.6125	3.8125
sub-01	3	30	naw	behav_sub-01_run-03_trial-30.wav	18	3.8125	4.0125
sub-01	3	30	naw	behav_sub-01_run-03_trial-30.wav	19	4.0125	4.2125
sub-01	3	30	naw	behav_sub-01_run-03_trial-30.wav	20	4.2125	4.4125
sub-01	3	30	naw	behav_sub-01_run-03_trial-30.wav	21	4.4125	4.5000
sub-01	3	31	per	behav_sub-01_run-03_trial-31.wav	1	0.5925	0.7325
sub-01	3	31	per	behav_sub-01_run-03_trial-31.wav	2	0.7725	0.9125
sub-01	3	31	per	behav_sub-01_run-03_trial-31.wav	3	0.9725	1.1325
sub-01	3	31	per	behav_sub-01_run-03_trial-31.wav	4	1.1725	1.3125
sub-01	3	31	per	behav_sub-01_run-03_trial-31.wav	5	1.3725	1.5125
sub-01	3	31	per	behav_sub-01_run-03_trial-31.wav	6	1.5725	1.6925
sub-01	3	31	per	behav_sub-01_run-03_trial-31.wav	7	1.7525	1.8925
sub-01	3	31	per	behav_sub-01_run-03_trial-31.wav	8	1.9525	2.0725
sub-01	3	31	per	behav_sub-01_run-03_trial-31.wav	9	2.1525	2.2725
sub-01	3	31	per	behav_sub-01_run-03_trial-31.wav	10	2.3525	2.5125
sub-01	3	31	per	behav_sub-01_run-03_trial-31.wav	11	2.5525	2.6925
sub-01	3	31	per	behav_sub-01_run-03_trial-31.wav	12	2.7725	2.8925
sub-01	3	31	per	behav_sub-01_run-03_trial-31.wav	13	2.9525	3.0725
sub-01	3	31	per	behav_sub-01_run-03_trial-31.wav	14	3.1525	3.2725
sub-01	3	31	per	behav_sub-01_run-03_trial-31.wav	15	3.3325	3.4525
sub-01	3	31	per	behav_sub-01_run-03_trial-31.wav	16	3.5125	3.6325
sub-01	3	31	per	behav_sub-01_run-03_trial-31.wav	17	3.7125	3.8125
sub-01	3	31	per	behav_sub-01_run-03_trial-31.wav	18	3.8925	3.9925
sub-01	3	31	per	behav_sub-01_run-03_trial-31.wav	19	4.0925	4.1925
sub-01	3	31	per	behav_sub-01_run-03_trial-31.wav	20	4.3325	4.4525
sub-01	3	32	ser	behav_sub-01_run-03_trial-32.wav	1	0.3325	0.4925
sub-01	3	32	ser	behav_sub-01_run-03_trial-32.wav	2	0.4925	0.7125
sub-01	3	32	ser	behav_sub-01_run-03_trial-32.wav	3	0.7125	0.9125
sub-01	3	32	ser	behav_sub-01_run-03_trial-32.wav	4	0.9125	1.1525
sub-01	3	32	ser	behav_sub-01_run-03_trial-32.wav	5	1.1525	1.2325
sub-01	3	32	ser	behav_sub-01_run-03_trial-32.wav	6	1.2325	1.3525
sub-01	3	32	ser	behav_sub-01_run-03_trial-32.wav	7	1.3525	1.5725
sub-01	3	32	ser	behav_sub-01_run-03_trial-32.wav	8	1.5725	1.8125
sub-01	3	32	ser	behav_sub-01_run-03_trial-32.wav	9	1.8125	2.0525
sub-01	3	32	ser	behav_sub-01_run-03_trial-32.wav	10	2.0525	2.2925
sub-01	3	32	ser	behav_sub-01_run-03_trial-32.wav	11	2.2925	2.5125
sub-01	3	32	ser	behav_sub-01_run-03_trial-32.wav	12	2.5125	2.6125
sub-01	3	32	ser	behav_sub-01_run-03_trial-32.wav	13	2.6125	2.7525
sub-01	3	32	ser	behav_sub-01_run-03_trial-32.wav	14	2.7525	2.9925
sub-01	3	32	ser	behav_sub-01_run-03_trial-32.wav	15	3.0725	3.3525
sub-01	3	32	ser	behav_sub-01_run-03_trial-32.wav	16	3.3525	3.6325
sub-01	3	32	ser	behav_sub-01_run-03_trial-32.wav	17	3.6325	3.8925
sub-01	3	32	ser	behav_sub-01_run-03_trial-32.wav	18	3.8925	4.1725
sub-01	3	32	ser	behav_sub-01_run-03_trial-32.wav	19	4.1725	4.3925
sub-01	3	33	fee	behav_sub-01_run-03_trial-33.wav	1	0.2125	0.3125
sub-01	3	33	fee	behav_sub-01_run-03_trial-33.wav	2	0.3725	0.4925
sub-01	3	33	fee	behav_sub-01_run-03_trial-33.wav	3	0.5525	0.6725
sub-01	3	33	fee	behav_sub-01_run-03_trial-33.wav	4	0.7525	0.8925
sub-01	3	33	fee	behav_sub-01_run-03_trial-33.wav	5	0.9325	1.0725
sub-01	3	33	fee	behav_sub-01_run-03_trial-33.wav	6	1.1325	1.2525
sub-01	3	33	fee	behav_sub-01_run-03_trial-33.wav	7	1.3125	1.4325
sub-01	3	33	fee	behav_sub-01_run-03_trial-33.wav	8	1.5125	1.6325
sub-01	3	33	fee	behav_sub-01_run-03_trial-33.wav	9	1.6925	1.8125
sub-01	3	33	fee	behav_sub-01_run-03_trial-33.wav	10	1.8925	1.9925
sub-01	3	33	fee	behav_sub-01_run-03_trial-33.wav	11	2.0525	2.1725
sub-01	3	33	fee	behav_sub-01_run-03_trial-33.wav	12	2.2325	2.3925
sub-01	3	33	fee	behav_sub-01_run-03_trial-33.wav	13	2.4325	2.5525
sub-01	3	33	fee	behav_sub-01_run-03_trial-33.wav	14	2.6325	2.7725
sub-01	3	33	fee	behav_sub-01_run-03_trial-33.wav	15	2.8125	2.9325
sub-01	3	33	fee	behav_sub-01_run-03_trial-33.wav	16	2.9925	3.1325
sub-01	3	33	fee	behav_sub-01_run-03_trial-33.wav	17	3.1925	3.3325
sub-01	3	33	fee	behav_sub-01_run-03_trial-33.wav	18	3.3925	3.5325
sub-01	3	33	fee	behav_sub-01_run-03_trial-33.wav	19	3.6125	3.7325
sub-01	3	33	fee	behav_sub-01_run-03_trial-33.wav	20	3.7925	3.9325
sub-01	3	33	fee	behav_sub-01_run-03_trial-33.wav	21	3.9925	4.1125
sub-01	3	33	fee	behav_sub-01_run-03_trial-33.wav	22	4.1125	4.3325
sub-01	3	34	ser	behav_sub-01_run-03_trial-34.wav	1	0.5325	0.7325
sub-01	3	34	ser	behav_sub-01_run-03_trial-34.wav	2	0.7325	0.9525
sub-01	3	34	ser	behav_sub-01_run-03_trial-34.wav	3	0.9525	1.0725
sub-01	3	34	ser	behav_sub-01_run-03_trial-34.wav	4	1.0725	1.1725
sub-01	3	34	ser	behav_sub-01_run-03_trial-34.wav	5	1.1725	1.3725
sub-01	3	34	ser	behav_sub-01_run-03_trial-34.wav	6	1.3725	1.5925
sub-01	3	34	ser	behav_sub-01_run-03_trial-34.wav	7	1.5925	1.8125
sub-01	3	34	ser	behav_sub-01_run-03_trial-34.wav	8	1.8125	2.0325
sub-01	3	34	ser	behav_sub-01_run-03_trial-34.wav	9	2.0325	2.2925
sub-01	3	34	ser	behav_sub-01_run-03_trial-34.wav	10	2.2925	2.5325
sub-01	3	34	ser	behav_sub-01_run-03_trial-34.wav	11	2.5325	2.7325
sub-01	3	34	ser	behav_sub-01_run-03_trial-34.wav	12	2.7325	2.9525
sub-01	3	34	ser	behav_sub-01_run-03_trial-34.wav	13	2.9525	3.0925
sub-01	3	34	ser	behav_sub-01_run-03_trial-34.wav	14	3.0925	3.1725
sub-01	3	34	ser	behav_sub-01_run-03_trial-34.wav	15	3.1725	3.2725
sub-01	3	34	ser	behav_sub-01_run-03_trial-34.wav	16	3.2725	3.3525
sub-01	3	34	ser	behav_sub-01_run-03_trial-34.wav	17	3.3525	3.4525
sub-01	3	34	ser	behav_sub-01_run-03_trial-34.wav	18	3.4525	3.5525
sub-01	3	34	ser	behav_sub-01_run-03_trial-34.wav	19	3.5525	3.7525
sub-01	3	34	ser	behav_sub-01_run-03_trial-34.wav	20	3.7525	3.8725
sub-01	3	34	ser	behav_sub-01_run-03_trial-34.wav	21	3.8725	3.9925
sub-01	3	34	ser	behav_sub-01_run-03_trial-34.wav	22	3.9925	4.1925
sub-01	3	34	ser	behav_sub-01_run-03_trial-34.wav	23	4.1925	4.4125
sub-01	3	35	day	behav_sub-01_run-03_trial-35.wav	1	0.4325	0.5725
sub-01	3	35	day	behav_sub-01_run-03_trial-35.wav	2	0.5725	0.7725
sub-01	3	35	day	behav_sub-01_run-03_trial-35.wav	3	0.7725	0.9325
sub-01	3	35	day	behav_sub-01_run-03_trial-35.wav	4	0.9325	1.0925
sub-01	3	35	day	behav_sub-01_run-03_trial-35.wav	5	1.0925	1.2325
sub-01	3	35	day	behav_sub-01_run-03_trial-35.wav	6	1.2725	1.4125
sub-01	3	35	day	behav_sub-01_run-03_trial-35.wav	7	1.4125	1.6125
sub-01	3	35	day	behav_sub-01_run-03_trial-35.wav	8	1.6125	1.7725
sub-01	3	35	day	behav_sub-01_run-03_trial-35.wav	9	1.8125	1.9725
sub-01	3	35	day	behav_sub-01_run-03_trial-35.wav	10	1.9725	2.1325
sub-01	3	35	day	behav_sub-01_run-03_trial-35.wav	11	2.1725	2.3325
sub-01	3	35	day	behav_sub-01_run-03_trial-35.wav	12	2.3325	2.4925
sub-01	3	35	day	behav_sub-01_run-03_trial-35.wav	13	2.4925	2.6925
sub-01	3	35	day	behav_sub-01_run-03_trial-35.wav	14	2.6925	2.8525
sub-01	3	35	day	behav_sub-01_run-03_trial-35.wav	15	2.8925	3.0525
sub-01	3	35	day	behav_sub-01_run-03_trial-35.wav	16	3.0525	3.2125
sub-01	3	35	day	behav_sub-01_run-03_trial-35.wav	17	3.2525	3.4125
sub-01	3	35	day	behav_sub-01_run-03_trial-35.wav	18	3.4525	3.6125
sub-01	3	35	day	behav_sub-01_run-03_trial-35.wav	19	3.6125	3.7725
sub-01	3	35	day	behav_sub-01_run-03_trial-35.wav	20	3.7725	3.9725
sub-01	3	35	day	behav_sub-01_run-03_trial-35.wav	21	3.9725	4.1325
sub-01	3	35	day	behav_sub-01_run-03_trial-35.wav	22	4.1325	4.3125
sub-01	3	35	day	behav_sub-01_run-03_trial-35.wav	23	4.3525	4.4725
sub-01	3	36	pie	behav_sub-01_run-03_trial-36.wav	1	0.4525	0.5925
sub-01	3	36	pie	behav_sub-01_run-03_trial-36.wav	2	0.6525	0.7925
sub-01	3	36	pie	behav_sub-01_run-03_trial-36.wav	3	0.8525	1.0125
sub-01	3	36	pie	behav_sub-01_run-03_trial-36.wav	4	1.0125	1.1725
sub-01	3	36	pie	behav_sub-01_run-03_trial-36.wav	5	1.1725	1.3725
sub-01	3	36	pie	behav_sub-01_run-03_trial-36.wav	6	1.3725	1.5525
sub-01	3	36	pie	behav_sub-01_run-03_trial-36.wav	7	1.5925	1.7525
sub-01	3	36	pie	behav_sub-01_run-03_trial-36.wav	8	1.8125	1.9525
sub-01	3	36	pie	behav_sub-01_run-03_trial-36.wav	9	2.0125	2.1725
sub-01	3	36	pie	behav_sub-01_run-03_trial-36.wav	10	2.2325	2.3925
sub-01	3	36	pie	behav_sub-01_run-03_trial-36.wav	11	2.4325	2.6125
sub-01	3	36	pie	behav_sub-01_run-03_trial-36.wav	12	2.6725	2.8125
sub-01	3	36	pie	behav_sub-01_run-03_trial-36.wav	13	2.8725	3.0325
sub-01	3	36	pie	behav_sub-01_run-03_trial-36.wav	14	3.0925	3.2325
sub-01	3	36	pie	behav_sub-01_run-03_trial-36.wav	15	3.2925	3.4525
sub-01	3	36	pie	behav_sub-01_run-03_trial-36.wav	16	3.4925	3.6525
sub-01	3	36	pie	behav_sub-01_run-03_trial-36.wav	17	3.7125	3.8925
sub-01	3	36	pie	behav_sub-01_run-03_trial-36.wav	18	3.9525	4.1325
sub-01	3	36	pie	behav_sub-01_run-03_trial-36.wav	19	4.1725	4.3725
sub-01	3	37	ter	behav_sub-01_run-03_trial-37.wav	1	0.2125	0.2925
sub-01	3	37	ter	behav_sub-01_run-03_trial-37.wav	2	0.2925	0.4925
sub-01	3	37	ter	behav_sub-01_run-03_trial-37.wav	3	0.5325	0.6925
sub-01	3	37	ter	behav_sub-01_run-03_trial-37.wav	4	0.6925	0.8725
sub-01	3	37	ter	behav_sub-01_run-03_trial-37.wav	5	0.9325	1.0925
sub-01	3	37	ter	behav_sub-01_run-03_trial-37.wav	6	1.0925	1.2525
sub-01	3	37	ter	behav_sub-01_run-03_trial-37.wav	7	1.3125	1.4525
sub-01	3	37	ter	behav_sub-01_run-03_trial-37.wav	8	1.5125	1.6525
sub-01	3	37	ter	behav_sub-01_run-03_trial-37.wav	9	1.6525	1.8925
sub-01	3	37	ter	behav_sub-01_run-03_trial-37.wav	10	1.8925	2.0525
sub-01	3	37	ter	behav_sub-01_run-03_trial-37.wav	11	2.0525	2.2325
sub-01	3	37	ter	behav_sub-01_run-03_trial-37.wav	12	2.2925	2.4525
sub-01	3	37	ter	behav_sub-01_run-03_trial-37.wav	13	2.4525	2.6525
sub-01	3	37	ter	behav_sub-01_run-03_trial-37.wav	14	2.6525	2.8525
sub-01	3	37	ter	behav_sub-01_run-03_trial-37.wav	15	2.8525	3.0525
sub-01	3	37	ter	behav_sub-01_run-03_trial-37.wav	16	3.0525	3.2125
sub-01	3	37	ter	behav_sub-01_run-03_trial-37.wav	17	3.2525	3.4525
sub-01	3	37	ter	behav_sub-01_run-03_trial-37.wav	18	3.4525	3.6325
sub-01	3	37	ter	behav_sub-01_run-03_trial-37.wav	19	3.6925	3.8525
sub-01	3	37	ter	behav_sub-01_run-03_trial-37.wav	20	3.9125	4.0925
sub-01	3	38	mih	behav_sub-01_run-03_trial-38.wav	1	0.3725	0.5325
sub-01	3	38	mih	behav_sub-01_run-03_trial-38.wav	2	0.5325	0.7125
sub-01	3	38	mih	behav_sub-01_run-03_trial-38.wav	3	0.7125	0.8925
sub-01	3	38	mih	behav_sub-01_run-03_trial-38.wav	4	0.8925	1.0525
sub-01	3	38	mih	behav_sub-01_run-03_trial-38.wav	5	1.0525	1.2325
sub-01	3	38	mih	behav_sub-01_run-03_trial-38.wav	6	1.2325	1.4125
sub-01	3	38	mih	behav_sub-01_run-03_trial-38.wav	7	1.4125	1.5525
sub-01	3	38	mih	behav_sub-01_run-03_trial-38.wav	8	1.5525	1.7325
sub-01	3	38	mih	behav_sub-01_run-03_trial-38.wav	9	1.7325	1.8925
sub-01	3	38	mih	behav_sub-01_run-03_trial-38.wav	10	1.8925	2.0525
sub-01	3	38	mih	behav_sub-01_run-03_trial-38.wav	11	2.0525	2.2325
sub-01	3	38	mih	behav_sub-01_run-03_trial-38.wav	12	2.2325	2.3925
sub-01	3	38	mih	behav_sub-01_run-03_trial-38.wav	13	2.3925	2.5725
sub-01	3	38	mih	behav_sub-01_run-03_trial-38.wav	14	2.5725	2.7325
sub-01	3	38	mih	behav_sub-01_run-03_trial-38.wav	15	2.7325	2.9125
sub-01	3	38	mih	behav_sub-01_run-03_trial-38.wav	16	2.9125	3.1125
sub-01	3	38	mih	behav_sub-01_run-03_trial-38.wav	17	3.1125	3.2725
sub-01	3	38	mih	behav_sub-01_run-03_trial-38.wav	18	3.2725	3.4525
sub-01	3	38	mih	behav_sub-01_run-03_trial-38.wav	19	3.4525	3.6125
sub-01	3	38	mih	behav_sub-01_run-03_trial-38.wav	20	3.6125	3.7925
sub-01	3	38	mih	behav_sub-01_run-03_trial-38.wav	21	3.7925	3.9725
sub-01	3	38	mih	behav_sub-01_run-03_trial-38.wav	22	3.9725	4.1525
sub-01	3	38	mih	behav_sub-01_run-03_trial-38.wav	23	4.1525	4.3325
sub-01	3	39	per	behav_sub-01_run-03_trial-39.wav	1	0.5725	0.6725
sub-01	3	39	per	behav_sub-01_run-03_trial-39.wav	2	0.7325	0.8525
sub-01	3	39	per	behav_sub-01_run-03_trial-39.wav	3	0.9125	1.0325
sub-01	3	39	per	behav_sub-01_run-03_trial-39.wav	4	1.0925	1.2125
sub-01	3	39	per	behav_sub-01_run-03_trial-39.wav	5	1.2925	1.4125
sub-01	3	39	per	behav_sub-01_run-03_trial-39.wav	6	1.4925	1.6125
sub-01	3	39	per	behav_sub-01_run-03_trial-39.wav	7	1.6925	1.8125
sub-01	3	39	per	behav_sub-01_run-03_trial-39.wav	8	1.8725	2.0125
sub-01	3	39	per	behav_sub-01_run-03_trial-39.wav	9	2.0725	2.1925
sub-01	3	39	per	behav_sub-01_run-03_trial-39.wav	10	2.2725	2.3925
sub-01	3	39	per	behav_sub-01_run-03_trial-39.wav	11	2.4725	2.5725
sub-01	3	39	per	behav_sub-01_run-03_trial-39.wav	12	2.6725	2.7525
sub-01	3	39	per	behav_sub-01_run-03_trial-39.wav	13	2.8525	2.9725
sub-01	3	39	per	behav_sub-01_run-03_trial-39.wav	14	3.0525	3.1525
sub-01	3	39	per	behav_sub-01_run-03_trial-39.wav	15	3.2325	3.3325
sub-01	3	39	per	behav_sub-01_run-03_trial-39.wav	16	3.4325	3.5125
sub-01	3	39	per	behav_sub-01_run-03_trial-39.wav	17	3.5925	3.6925
sub-01	3	39	per	behav_sub-01_run-03_trial-39.wav	18	3.7925	3.8925
sub-01	3	39	per	behav_sub-01_run-03_trial-39.wav	19	3.9725	4.1125
sub-01	3	39	per	behav_sub-01_run-03_trial-39.wav	20	4.1925	4.3525
sub-01	3	40	thought	behav_sub-01_run-03_trial-40.wav	1	0.5325	0.6525
sub-01	3	40	thought	behav_sub-01_run-03_trial-40.wav	2	0.7125	0.8525
sub-01	3	40	thought	behav_sub-01_run-03_trial-40.wav	3	0.9325	1.1525
sub-01	3	40	thought	behav_sub-01_run-03_trial-40.wav	4	1.1525	1.2725
sub-01	3	40	thought	behav_sub-01_run-03_trial-40.wav	5	1.3525	1.4725
sub-01	3	40	thought	behav_sub-01_run-03_trial-40.wav	6	1.5525	1.6725
sub-01	3	40	thought	behav_sub-01_run-03_trial-40.wav	7	1.7525	1.9725
sub-01	3	40	thought	behav_sub-01_run-03_trial-40.wav	8	1.9725	2.0725
sub-01	3	40	thought	behav_sub-01_run-03_trial-40.wav	9	2.1525	2.2525
sub-01	3	40	thought	behav_sub-01_run-03_trial-40.wav	10	2.3125	2.5325
sub-01	3	40	thought	behav_sub-01_run-03_trial-40.wav	11	2.5325	2.6325
sub-01	3	40	thought	behav_sub-01_run-03_trial-40.wav	12	2.7125	2.9325
sub-01	3	40	thought	behav_sub-01_run-03_trial-40.wav	13	2.9325	3.1125
sub-01	3	40	thought	behav_sub-01_run-03_trial-40.wav	14	3.1125	3.2525
sub-01	3	40	thought	behav_sub-01_run-03_trial-40.wav	15	3.3325	3.4325
sub-01	3	40	thought	behav_sub-01_run-03_trial-40.wav	16	3.5125	3.6125
sub-01	3	40	thought	behav_sub-01_run-03_trial-40.wav	17	3.7125	3.8325
sub-01	3	40	thought	behav_sub-01_run-03_trial-40.wav	18	3.9125	4.1125
sub-01	3	40	thought	behav_sub-01_run-03_trial-40.wav	19	4.1125	4.3325
sub-01	3	40	thought	behav_sub-01_run-03_trial-40.wav	20	4.3325	4.4725
sub-01	3	41	ser	behav_sub-01_run-03_trial-41.wav	1	0.5525	0.6725
sub-01	3	41	ser	behav_sub-01_run-03_trial-41.wav	2	0.6725	0.7525
sub-01	3	41	ser	behav_sub-01_run-03_trial-41.wav	3	0.7525	0.8925
sub-01	3	41	ser	behav_sub-01_run-03_trial-41.wav	4	0.8925	1.0925
sub-01	3	41	ser	behav_sub-01_run-03_trial-41.wav	5	1.0925	1.2925
sub-01	3	41	ser	behav_sub-01_run-03_trial-41.wav	6	1.2925	1.5125
sub-01	3	41	ser	behav_sub-01_run-03_trial-41.wav	7	1.5725	1.6925
sub-01	3	41	ser	behav_sub-01_run-03_trial-41.wav	8	1.6925	1.8925
sub-01	3	41	ser	behav_sub-01_run-03_trial-41.wav	9	1.8925	2.0925
sub-01	3	41	ser	behav_sub-01_run-03_trial-41.wav	10	2.0925	2.1725
sub-01	3	41	ser	behav_sub-01_run-03_trial-41.wav	11	2.1725	2.3125
sub-01	3	41	ser	behav_sub-01_run-03_trial-41.wav	12	2.3125	2.5125
sub-01	3	41	ser	behav_sub-01_run-03_trial-41.wav	13	2.5125	2.7325
sub-01	3	41	ser	behav_sub-01_run-03_trial-41.wav	14	2.7325	2.9325
sub-01	3	41	ser	behav_sub-01_run-03_trial-41.wav	15	2.9325	3.1125
sub-01	3	41	ser	behav_sub-01_run-03_trial-41.wav	16	3.1125	3.3325
sub-01	3	41	ser	behav_sub-01_run-03_trial-41.wav	17	3.3925	3.5325
sub-01	3	41	ser	behav_sub-01_run-03_trial-41.wav	18	3.5325	3.7725
sub-01	3	41	ser	behav_sub-01_run-03_trial-41.wav	19	3.7725	3.9925
sub-01	3	41	ser	behav_sub-01_run-03_trial-41.wav	20	3.9925	4.2325
sub-01	3	42	thurs	behav_sub-01_run-03_trial-42.wav	1	0.3925	0.5525
sub-01	3	42	thurs	behav_sub-01_run-03_trial-42.wav	2	0.5925	0.7325
sub-01	3	42	thurs	behav_sub-01_run-03_trial-42.wav	3	0.9525	1.1125
sub-01	3	42	thurs	behav_sub-01_run-03_trial-42.wav	4	1.1125	1.3325
sub-01	3	42	thurs	behav_sub-01_run-03_trial-42.wav	5	1.3325	1.5325
sub-01	3	42	thurs	behav_sub-01_run-03_trial-42.wav	6	1.5325	1.7325
sub-01	3	42	thurs	behav_sub-01_run-03_trial-42.wav	7	1.7325	1.9525
sub-01	3	42	thurs	behav_sub-01_run-03_trial-42.wav	8	1.9525	2.1725
sub-01	3	42	thurs	behav_sub-01_run-03_trial-42.wav	9	2.1725	2.3925
sub-01	3	42	thurs	behav_sub-01_run-03_trial-42.wav	10	2.3925	2.6125
sub-01	3	42	thurs	behav_sub-01_run-03_trial-42.wav	11	2.6125	2.8325
sub-01	3	42	thurs	behav_sub-01_run-03_trial-42.wav	12	2.8325	3.0525
sub-01	3	42	thurs	behav_sub-01_run-03_trial-42.wav	13	3.0525	3.2725
sub-01	3	42	thurs	behav_sub-01_run-03_trial-42.wav	14	3.2725	3.5125
sub-01	3	42	thurs	behav_sub-01_run-03_trial-42.wav	15	3.5125	3.7325
sub-01	3	42	thurs	behav_sub-01_run-03_trial-42.wav	16	3.7325	3.9725
sub-01	3	42	thurs	behav_sub-01_run-03_trial-42.wav	17	3.9725	4.1925
sub-01	3	42	thurs	behav_sub-01_run-03_trial-42.wav	18	4.1925	4.4125
sub-01	3	43	fee	behav_sub-01_run-03_trial-43.wav	1	0.2325	0.3325
sub-01	3	43	fee	behav_sub-01_run-03_trial-43.wav	2	0.3925	0.5325
sub-01	3	43	fee	behav_sub-01_run-03_trial-43.wav	3	0.5725	0.6925
sub-01	3	43	fee	behav_sub-01_run-03_trial-43.wav	4	0.7525	0.8925
sub-01	3	43	fee	behav_sub-01_run-03_trial-43.wav	5	0.9325	1.0525
sub-01	3	43	fee	behav_sub-01_run-03_trial-43.wav	6	1.1125	1.2525
sub-01	3	43	fee	behav_sub-01_run-03_trial-43.wav	7	1.2925	1.4325
sub-01	3	43	fee	behav_sub-01_run-03_trial-43.wav	8	1.4925	1.5925
sub-01	3	43	fee	behav_sub-01_run-03_trial-43.wav	9	1.6525	1.7925
sub-01	3	43	fee	behav_sub-01_run-03_trial-43.wav	10	1.8525	1.9725
sub-01	3	43	fee	behav_sub-01_run-03_trial-43.wav	11	2.0325	2.1525
sub-01	3	43	fee	behav_sub-01_run-03_trial-43.wav	12	2.2325	2.3725
sub-01	3	43	fee	behav_sub-01_run-03_trial-43.wav	13	2.4325	2.5725
sub-01	3	43	fee	behav_sub-01_run-03_trial-43.wav	14	2.6325	2.7725
sub-01	3	43	fee	behav_sub-01_run-03_trial-43.wav	15	2.8325	2.9725
sub-01	3	43	fee	behav_sub-01_run-03_trial-43.wav	16	3.0325	3.1725
sub-01	3	43	fee	behav_sub-01_run-03_trial-43.wav	17	3.2525	3.3525
sub-01	3	43	fee	behav_sub-01_run-03_trial-43.wav	18	3.4525	3.5525
sub-01	3	43	fee	behav_sub-01_run-03_trial-43.wav	19	3.6125	3.7325
sub-01	3	43	fee	behav_sub-01_run-03_trial-43.wav	20	3.7925	3.9125
sub-01	3	43	fee	behav_sub-01_run-03_trial-43.wav	21	3.9725	4.1325
sub-01	3	43	fee	behav_sub-01_run-03_trial-43.wav	22	4.1925	4.3125
sub-01	3	44	day	behav_sub-01_run-03_trial-44.wav	1	0.5125	0.6525
sub-01	3	44	day	behav_sub-01_run-03_trial-44.wav	2	0.6925	0.8525
sub-01	3	44	day	behav_sub-01_run-03_trial-44.wav	3	0.8525	1.0325
sub-01	3	44	day	behav_sub-01_run-03_trial-44.wav	4	1.0725	1.2525
sub-01	3	44	day	behav_sub-01_run-03_trial-44.wav	5	1.2525	1.3925
sub-01	3	44	day	behav_sub-01_run-03_trial-44.wav	6	1.4325	1.5925
sub-01	3	44	day	behav_sub-01_run-03_trial-44.wav	7	1.6325	1.7725
sub-01	3	44	day	behav_sub-01_run-03_trial-44.wav	8	1.7725	1.9725
sub-01	3	44	day	behav_sub-01_run-03_trial-44.wav	9	1.9725	2.1725
sub-01	3	44	day	behav_sub-01_run-03_trial-44.wav	10	2.1725	2.3725
sub-01	3	44	day	behav_sub-01_run-03_trial-44.wav	11	2.3725	2.5725
sub-01	3	44	day	behav_sub-01_run-03_trial-44.wav	12	2.5725	2.7325
sub-01	3	44	day	behav_sub-01_run-03_trial-44.wav	13	2.7725	2.9325
sub-01	3	44	day	behav_sub-01_run-03_trial-44.wav	14	2.9325	3.1325
sub-01	3	44	day	behav_sub-01_run-03_trial-44.wav	15	3.1325	3.2925
sub-01	3	44	day	behav_sub-01_run-03_trial-44.wav	16	3.2925	3.4925
sub-01	3	44	day	behav_sub-01_run-03_trial-44.wav	17	3.4925	3.6925
sub-01	3	44	day	behav_sub-01_run-03_trial-44.wav	18	3.6925	3.8925
sub-01	3	44	day	behav_sub-01_run-03_trial-44.wav	19	3.8925	4.0525
sub-01	3	44	day	behav_sub-01_run-03_trial-44.wav	20	4.0925	4.2525
sub-01	3	44	day	behav_sub-01_run-03_trial-44.wav	21	4.2525	4.4325
sub-01	3	44	day	behav_sub-01_run-03_trial-44.wav	22	4.4725	4.5000
sub-01	3	45	pot	behav_sub-01_run-03_trial-45.wav	1	0.4125	0.5325
sub-01	3	45	pot	behav_sub-01_run-03_trial-45.wav	2	0.5925	0.7325
sub-01	3	45	pot	behav_sub-01_run-03_trial-45.wav	3	0.8125	0.9325
sub-01	3	45	pot	behav_sub-01_run-03_trial-45.wav	4	0.9925	1.1125
sub-01	3	45	pot	behav_sub-01_run-03_trial-45.wav	5	1.1925	1.3325
sub-01	3	45	pot	behav_sub-01_run-03_trial-45.wav	6	1.3925	1.5325
sub-01	3	45	pot	behav_sub-01_run-03_trial-45.wav	7	1.5925	1.7325
sub-01	3	45	pot	behav_sub-01_run-03_trial-45.wav	8	1.7325	1.9125
sub-01	3	45	pot	behav_sub-01_run-03_trial-45.wav	9	1.9925	2.1325
sub-01	3	45	pot	behav_sub-01_run-03_trial-45.wav	10	2.2125	2.3525
sub-01	3	45	pot	behav_sub-01_run-03_trial-45.wav	11	2.4125	2.5525
sub-01	3	45	pot	behav_sub-01_run-03_trial-45.wav	12	2.5925	2.7325
sub-01	3	45	pot	behav_sub-01_run-03_trial-45.wav	13	2.8125	2.9725
sub-01	3	45	pot	behav_sub-01_run-03_trial-45.wav	14	3.0525	3.1925
sub-01	3	45	pot	behav_sub-01_run-03_trial-45.wav	15	3.2725	3.3925
sub-01	3	45	pot	behav_sub-01_run-03_trial-45.wav	16	3.4725	3.6125
sub-01	3	45	pot	behav_sub-01_run-03_trial-45.wav	17	3.6925	3.8325
sub-01	3	45	pot	behav_sub-01_run-03_trial-45.wav	18	3.9125	4.0325
sub-01	3	45	pot	behav_sub-01_run-03_trial-45.wav	19	4.1325	4.2525
sub-01	3	45	pot	behav_sub-01_run-03_trial-45.wav	20	4.3325	4.4525
sub-01	3	46	mih	behav_sub-01_run-03_trial-46.wav	1	0.3925	0.5325
sub-01	3	46	mih	behav_sub-01_run-03_trial-46.wav	2	0.5325	0.7125
sub-01	3	46	mih	behav_sub-01_run-03_trial-46.wav	3	0.7125	0.8725
sub-01	3	46	mih	behav_sub-01_run-03_trial-46.wav	4	0.8725	1.0325
sub-01	3	46	mih	behav_sub-01_run-03_trial-46.wav	5	1.0325	1.1925
sub-01	3	46	mih	behav_sub-01_run-03_trial-46.wav	6	1.1925	1.3925
sub-01	3	46	mih	behav_sub-01_run-03_trial-46.wav	7	1.3925	1.5525
sub-01	3	46	mih	behav_sub-01_run-03_trial-46.wav	8	1.5525	1.7125
sub-01	3	46	mih	behav_sub-01_run-03_trial-46.wav	9	1.7125	1.8725
sub-01	3	46	mih	behav_sub-01_run-03_trial-46.wav	10	1.8725	2.0525
sub-01	3	46	mih	behav_sub-01_run-03_trial-46.wav	11	2.0525	2.2325
sub-01	3	46	mih	behav_sub-01_run-03_trial-46.wav	12	2.2325	2.3925
sub-01	3	46	mih	behav_sub-01_run-03_trial-46.wav	13	2.3925	2.5725
sub-01	3	46	mih	behav_sub-01_run-03_trial-46.wav	14	2.5725	2.7525
sub-01	3	46	mih	behav_sub-01_run-03_trial-46.wav	15	2.7525	2.9325
sub-01	3	46	mih	behav_sub-01_run-03_trial-46.wav	16	2.9325	3.0925
sub-01	3	46	mih	behav_sub-01_run-03_trial-46.wav	17	3.0925	3.2525
sub-01	3	46	mih	behav_sub-01_run-03_trial-46.wav	18	3.2525	3.4525
sub-01	3	46	mih	behav_sub-01_run-03_trial-46.wav	19	3.4525	3.6325
sub-01	3	46	mih	behav_sub-01_run-03_trial-46.wav	20	3.6325	3.7925
sub-01	3	46	mih	behav_sub-01_run-03_trial-46.wav	21	3.7925	3.9725
sub-01	3	46	mih	behav_sub-01_run-03_trial-46.wav	22	3.9725	4.1525
sub-01	3	46	mih	behav_sub-01_run-03_trial-46.wav	23	4.1525	4.3325
sub-01	3	46	mih	behav_sub-01_run-03_trial-46.wav	24	4.3325	4.5000
sub-01	3	47	pie	behav_sub-01_run-03_trial-47.wav	1	0.5725	0.6925
sub-01	3	47	pie	behav_sub-01_run-03_trial-47.wav	2	0.7325	0.8925
sub-01	3	47	pie	behav_sub-01_run-03_trial-47.wav	3	0.9525	1.1125
sub-01	3	47	pie	behav_sub-01_run-03_trial-47.wav	4	1.1525	1.2925
sub-01	3	47	pie	behav_sub-01_run-03_trial-47.wav	5	1.2925	1.4725
sub-01	3	47	pie	behav_sub-01_run-03_trial-47.wav	6	1.5125	1.6525
sub-01	3	47	pie	behav_sub-01_run-03_trial-47.wav	7	1.7125	1.8525
sub-01	3	47	pie	behav_sub-01_run-03_trial-47.wav	8	1.9325	2.0725
sub-01	3	47	pie	behav_sub-01_run-03_trial-47.wav	9	2.1325	2.2725
sub-01	3	47	pie	behav_sub-01_run-03_trial-47.wav	10	2.3125	2.4525
sub-01	3	47	pie	behav_sub-01_run-03_trial-47.wav	11	2.4925	2.6725
sub-01	3	47	pie	behav_sub-01_run-03_trial-47.wav	12	2.7325	2.8525
sub-01	3	47	pie	behav_sub-01_run-03_trial-47.wav	13	2.9125	3.0325
sub-01	3	47	pie	behav_sub-01_run-03_trial-47.wav	14	3.1125	3.2525
sub-01	3	47	pie	behav_sub-01_run-03_trial-47.wav	15	3.3125	3.4325
sub-01	3	47	pie	behav_sub-01_run-03_trial-47.wav	16	3.5125	3.6925
sub-01	3	47	pie	behav_sub-01_run-03_trial-47.wav	17	3.7325	3.8925
sub-01	3	47	pie	behav_sub-01_run-03_trial-47.wav	18	3.9925	4.0725
sub-01	3	47	pie	behav_sub-01_run-03_trial-47.wav	19	4.1325	4.2925
sub-01	3	48	naw	behav_sub-01_run-03_trial-48.wav	1	0.3525	0.5725
sub-01	3	48	naw	behav_sub-01_run-03_trial-48.wav	2	0.5725	0.7525
sub-01	3	48	naw	behav_sub-01_run-03_trial-48.wav	3	0.7525	0.9525
sub-01	3	48	naw	behav_sub-01_run-03_trial-48.wav	4	0.9525	1.1525
sub-01	3	48	naw	behav_sub-01_run-03_trial-48.wav	5	1.1525	1.3325
sub-01	3	48	naw	behav_sub-01_run-03_trial-48.wav	6	1.3325	1.5525
sub-01	3	48	naw	behav_sub-01_run-03_trial-48.wav	7	1.5525	1.7525
sub-01	3	48	naw	behav_sub-01_run-03_trial-48.wav	8	1.7525	1.9525
sub-01	3	48	naw	behav_sub-01_run-03_trial-48.wav	9	1.9525	2.1525
sub-01	3	48	naw	behav_sub-01_run-03_trial-48.wav	10	2.1525	2.3525
sub-01	3	48	naw	behav_sub-01_run-03_trial-48.wav	11	2.3525	2.5725
sub-01	3	48	naw	behav_sub-01_run-03_trial-48.wav	12	2.5725	2.7525
sub-01	3	48	naw	behav_sub-01_run-03_trial-48.wav	13	2.7525	2.9525
sub-01	3	48	naw	behav_sub-01_run-03_trial-48.wav	14	2.9525	3.1525
sub-01	3	48	naw	behav_sub-01_run-03_trial-48.wav	15	3.1525	3.3525
sub-01	3	48	naw	behav_sub-01_run-03_trial-48.wav	16	3.3525	3.5525
sub-01	3	48	naw	behav_sub-01_run-03_trial-48.wav	17	3.5525	3.7725
sub-01	3	48	naw	behav_sub-01_run-03_trial-48.wav	18	3.7725	3.9725
sub-01	3	48	naw	behav_sub-01_run-03_trial-48.wav	19	3.9725	4.1525
sub-01	3	48	naw	behav_sub-01_run-03_trial-48.wav	20	4.1525	4.3525
sub-01	3	49	pot	behav_sub-01_run-03_trial-49.wav	1	0.3525	0.4725
sub-01	3	49	pot	behav_sub-01_run-03_trial-49.wav	2	0.5525	0.6925
sub-01	3	49	pot	behav_sub-01_run-03_trial-49.wav	3	0.7525	0.8725
sub-01	3	49	pot	behav_sub-01_run-03_trial-49.wav	4	0.9525	1.0725
sub-01	3	49	pot	behav_sub-01_run-03_trial-49.wav	5	1.1525	1.2525
sub-01	3	49	pot	behav_sub-01_run-03_trial-49.wav	6	1.3325	1.4725
sub-01	3	49	pot	behav_sub-01_run-03_trial-49.wav	7	1.5525	1.6925
sub-01	3	49	pot	behav_sub-01_run-03_trial-49.wav	8	1.7525	1.8925
sub-01	3	49	pot	behav_sub-01_run-03_trial-49.wav	9	1.9725	2.1125
sub-01	3	49	pot	behav_sub-01_run-03_trial-49.wav	10	2.1925	2.3325
sub-01	3	49	pot	behav_sub-01_run-03_trial-49.wav	11	2.4125	2.5325
sub-01	3	49	pot	behav_sub-01_run-03_trial-49.wav	12	2.6125	2.7325
sub-01	3	49	pot	behav_sub-01_run-03_trial-49.wav	13	2.8125	2.9325
sub-01	3	49	pot	behav_sub-01_run-03_trial-49.wav	14	3.0125	3.1525
sub-01	3	49	pot	behav_sub-01_run-03_trial-49.wav	15	3.2325	3.3525
sub-01	3	49	pot	behav_sub-01_run-03_trial-49.wav	16	3.4325	3.5725
sub-01	3	49	pot	behav_sub-01_run-03_trial-49.wav	17	3.6525	3.7725
sub-01	3	49	pot	behav_sub-01_run-03_trial-49.wav	18	3.8725	4.0325
sub-01	3	49	pot	behav_sub-01_run-03_trial-49.wav	19	4.1125	4.2725
sub-01	3	50	day	behav_sub-01_run-03_trial-50.wav	1	0.4925	0.6525
sub-01	3	50	day	behav_sub-01_run-03_trial-50.wav	2	0.6525	0.8525
sub-01	3	50	day	behav_sub-01_run-03_trial-50.wav	3	0.8525	1.0125
sub-01	3	50	day	behav_sub-01_run-03_trial-50.wav	4	1.0125	1.2125
sub-01	3	50	day	behav_sub-01_run-03_trial-50.wav	5	1.2125	1.4125
sub-01	3	50	day	behav_sub-01_run-03_trial-50.wav	6	1.4125	1.5525
sub-01	3	50	day	behav_sub-01_run-03_trial-50.wav	7	1.5925	1.7725
sub-01	3	50	day	behav_sub-01_run-03_trial-50.wav	8	1.7725	1.9725
sub-01	3	50	day	behav_sub-01_run-03_trial-50.wav	9	2.0125	2.1725
sub-01	3	50	day	behav_sub-01_run-03_trial-50.wav	10	2.1725	2.3925
sub-01	3	50	day	behav_sub-01_run-03_trial-50.wav	11	2.4325	2.6125
sub-01	3	50	day	behav_sub-01_run-03_trial-50.wav	12	2.6125	2.8125
sub-01	3	50	day	behav_sub-01_run-03_trial-50.wav	13	2.8125	3.0525
sub-01	3	50	day	behav_sub-01_run-03_trial-50.wav	14	3.0525	3.2525
sub-01	3	50	day	behav_sub-01_run-03_trial-50.wav	15	3.2525	3.4525
sub-01	3	50	day	behav_sub-01_run-03_trial-50.wav	16	3.4525	3.6525
sub-01	3	50	day	behav_sub-01_run-03_trial-50.wav	17	3.6925	3.8925
sub-01	3	50	day	behav_sub-01_run-03_trial-50.wav	18	3.8925	4.0525
sub-01	3	50	day	behav_sub-01_run-03_trial-50.wav	19	4.0525	4.2325
sub-01	3	50	day	behav_sub-01_run-03_trial-50.wav	20	4.2725	4.4325
sub-01	3	50	day	behav_sub-01_run-03_trial-50.wav	21	4.4725	4.5000
sub-01	3	51	pie	behav_sub-01_run-03_trial-51.wav	1	0.4925	0.6125
sub-01	3	51	pie	behav_sub-01_run-03_trial-51.wav	2	0.6725	0.8125
sub-01	3	51	pie	behav_sub-01_run-03_trial-51.wav	3	0.8725	1.0325
sub-01	3	51	pie	behav_sub-01_run-03_trial-51.wav	4	1.0725	1.2125
sub-01	3	51	pie	behav_sub-01_run-03_trial-51.wav	5	1.2725	1.4325
sub-01	3	51	pie	behav_sub-01_run-03_trial-51.wav	6	1.4725	1.6325
sub-01	3	51	pie	behav_sub-01_run-03_trial-51.wav	7	1.6925	1.8125
sub-01	3	51	pie	behav_sub-01_run-03_trial-51.wav	8	1.8925	2.0325
sub-01	3	51	pie	behav_sub-01_run-03_trial-51.wav	9	2.0925	2.2325
sub-01	3	51	pie	behav_sub-01_run-03_trial-51.wav	10	2.2925	2.4525
sub-01	3	51	pie	behav_sub-01_run-03_trial-51.wav	11	2.5525	2.6725
sub-01	3	51	pie	behav_sub-01_run-03_trial-51.wav	12	2.7325	2.8725
sub-01	3	51	pie	behav_sub-01_run-03_trial-51.wav	13	2.9325	3.0525
sub-01	3	51	pie	behav_sub-01_run-03_trial-51.wav	14	3.1525	3.2525
sub-01	3	51	pie	behav_sub-01_run-03_trial-51.wav	15	3.3325	3.4525
sub-01	3	51	pie	behav_sub-01_run-03_trial-51.wav	16	3.5325	3.6525
sub-01	3	51	pie	behav_sub-01_run-03_trial-51.wav	17	3.7125	3.8325
sub-01	3	51	pie	behav_sub-01_run-03_trial-51.wav	18	3.9325	4.0525
sub-01	3	51	pie	behav_sub-01_run-03_trial-51.wav	19	4.1125	4.2525
sub-01	3	51	pie	behav_sub-01_run-03_trial-51.wav	20	4.3525	4.5000
sub-01	3	52	per	behav_sub-01_run-03_trial-52.wav	1	0.7125	0.8125
sub-01	3	52	per	behav_sub-01_run-03_trial-52.wav	2	0.8725	0.9925
sub-01	3	52	per	behav_sub-01_run-03_trial-52.wav	3	1.0525	1.1925
sub-01	3	52	per	behav_sub-01_run-03_trial-52.wav	4	1.2525	1.3725
sub-01	3	52	per	behav_sub-01_run-03_trial-52.wav	5	1.4725	1.5725
sub-01	3	52	per	behav_sub-01_run-03_trial-52.wav	6	1.6525	1.7525
sub-01	3	52	per	behav_sub-01_run-03_trial-52.wav	7	1.8125	1.9325
sub-01	3	52	per	behav_sub-01_run-03_trial-52.wav	8	2.0125	2.1325
sub-01	3	52	per	behav_sub-01_run-03_trial-52.wav	9	2.1925	2.3125
sub-01	3	52	per	behav_sub-01_run-03_trial-52.wav	10	2.3725	2.4925
sub-01	3	52	per	behav_sub-01_run-03_trial-52.wav	11	2.5525	2.6525
sub-01	3	52	per	behav_sub-01_run-03_trial-52.wav	12	2.7525	2.8525
sub-01	3	52	per	behav_sub-01_run-03_trial-52.wav	13	2.9325	3.0325
sub-01	3	52	per	behav_sub-01_run-03_trial-52.wav	14	3.1125	3.2125
sub-01	3	52	per	behav_sub-01_run-03_trial-52.wav	15	3.3125	3.4125
sub-01	3	52	per	behav_sub-01_run-03_trial-52.wav	16	3.5125	3.6325
sub-01	3	52	per	behav_sub-01_run-03_trial-52.wav	17	3.7125	3.7925
sub-01	3	52	per	behav_sub-01_run-03_trial-52.wav	18	3.8725	3.9725
sub-01	3	52	per	behav_sub-01_run-03_trial-52.wav	19	4.0525	4.1525
sub-01	3	52	per	behav_sub-01_run-03_trial-52.wav	20	4.2325	4.3325
sub-01	3	52	per	behav_sub-01_run-03_trial-52.wav	21	4.4125	4.5000
sub-01	3	53	naw	behav_sub-01_run-03_trial-53.wav	1	0.3325	0.5325
sub-01	3	53	naw	behav_sub-01_run-03_trial-53.wav	2	0.5325	0.7125
sub-01	3	53	naw	behav_sub-01_run-03_trial-53.wav	3	0.7125	0.8925
sub-01	3	53	naw	behav_sub-01_run-03_trial-53.wav	4	0.8925	1.0725
sub-01	3	53	naw	behav_sub-01_run-03_trial-53.wav	5	1.0725	1.2525
sub-01	3	53	naw	behav_sub-01_run-03_trial-53.wav	6	1.2525	1.4325
sub-01	3	53	naw	behav_sub-01_run-03_trial-53.wav	7	1.4325	1.5925
sub-01	3	53	naw	behav_sub-01_run-03_trial-53.wav	8	1.5925	1.7925
sub-01	3	53	naw	behav_sub-01_run-03_trial-53.wav	9	1.7925	1.9725
sub-01	3	53	naw	behav_sub-01_run-03_trial-53.wav	10	1.9725	2.1725
sub-01	3	53	naw	behav_sub-01_run-03_trial-53.wav	11	2.1725	2.3525
sub-01	3	53	naw	behav_sub-01_run-03_trial-53.wav	12	2.3525	2.5325
sub-01	3	53	naw	behav_sub-01_run-03_trial-53.wav	13	2.5325	2.7125
sub-01	3	53	naw	behav_sub-01_run-03_trial-53.wav	14	2.7125	2.8925
sub-01	3	53	naw	behav_sub-01_run-03_trial-53.wav	15	2.8925	3.0525
sub-01	3	53	naw	behav_sub-01_run-03_trial-53.wav	16	3.0525	3.2525
sub-01	3	53	naw	behav_sub-01_run-03_trial-53.wav	17	3.2525	3.4525
sub-01	3	53	naw	behav_sub-01_run-03_trial-53.wav	18	3.4525	3.6125
sub-01	3	53	naw	behav_sub-01_run-03_trial-53.wav	19	3.6125	3.8125
sub-01	3	53	naw	behav_sub-01_run-03_trial-53.wav	20	3.8125	4.0125
sub-01	3	53	naw	behav_sub-01_run-03_trial-53.wav	21	4.0125	4.2325
sub-01	3	54	fee	behav_sub-01_run-03_trial-54.wav	1	0.4725	0.5925
sub-01	3	54	fee	behav_sub-01_run-03_trial-54.wav	2	0.6525	0.7725
sub-01	3	54	fee	behav_sub-01_run-03_trial-54.wav	3	0.7725	0.9725
sub-01	3	54	fee	behav_sub-01_run-03_trial-54.wav	4	1.0325	1.1725
sub-01	3	54	fee	behav_sub-01_run-03_trial-54.wav	5	1.1725	1.3725
sub-01	3	54	fee	behav_sub-01_run-03_trial-54.wav	6	1.3725	1.5725
sub-01	3	54	fee	behav_sub-01_run-03_trial-54.wav	7	1.5725	1.7525
sub-01	3	54	fee	behav_sub-01_run-03_trial-54.wav	8	1.8125	1.9525
sub-01	3	54	fee	behav_sub-01_run-03_trial-54.wav	9	1.9925	2.1325
sub-01	3	54	fee	behav_sub-01_run-03_trial-54.wav	10	2.1925	2.3125
sub-01	3	54	fee	behav_sub-01_run-03_trial-54.wav	11	2.3925	2.5325
sub-01	3	54	fee	behav_sub-01_run-03_trial-54.wav	12	2.5925	2.7325
sub-01	3	54	fee	behav_sub-01_run-03_trial-54.wav	13	2.7325	2.9125
sub-01	3	54	fee	behav_sub-01_run-03_trial-54.wav	14	2.9725	3.0925
sub-01	3	54	fee	behav_sub-01_run-03_trial-54.wav	15	3.1525	3.2925
sub-01	3	54	fee	behav_sub-01_run-03_trial-54.wav	16	3.2925	3.4925
sub-01	3	54	fee	behav_sub-01_run-03_trial-54.wav	17	3.5525	3.6925
sub-01	3	54	fee	behav_sub-01_run-03_trial-54.wav	18	3.6925	3.8925
sub-01	3	54	fee	behav_sub-01_run-03_trial-54.wav	19	3.8925	4.0925
sub-01	3	54	fee	behav_sub-01_run-03_trial-54.wav	20	4.0925	4.2725
sub-01	3	54	fee	behav_sub-01_run-03_trial-54.wav	21	4.2725	4.4725
sub-01	3	55	ser	behav_sub-01_run-03_trial-55.wav	1	0.3725	0.5925
sub-01	3	55	ser	behav_sub-01_run-03_trial-55.wav	2	0.5925	0.7925
sub-01	3	55	ser	behav_sub-01_run-03_trial-55.wav	3	0.7925	1.0325
sub-01	3	55	ser	behav_sub-01_run-03_trial-55.wav	4	1.0325	1.2325
sub-01	3	55	ser	behav_sub-01_run-03_trial-55.wav	5	1.2325	1.4525
sub-01	3	55	ser	behav_sub-01_run-03_trial-55.wav	6	1.4525	1.6925
sub-01	3	55	ser	behav_sub-01_run-03_trial-55.wav	7	1.6925	1.9125
sub-01	3	55	ser	behav_sub-01_run-03_trial-55.wav	8	1.9125	2.1325
sub-01	3	55	ser	behav_sub-01_run-03_trial-55.wav	9	2.1325	2.3525
sub-01	3	55	ser	behav_sub-01_run-03_trial-55.wav	10	2.3525	2.5725
sub-01	3	55	ser	behav_sub-01_run-03_trial-55.wav	11	2.5725	2.7925
sub-01	3	55	ser	behav_sub-01_run-03_trial-55.wav	12	2.7925	3.0525
sub-01	3	55	ser	behav_sub-01_run-03_trial-55.wav	13	3.0525	3.2525
sub-01	3	55	ser	behav_sub-01_run-03_trial-55.wav	14	3.2525	3.4725
sub-01	3	55	ser	behav_sub-01_run-03_trial-55.wav	15	3.4725	3.5725
sub-01	3	55	ser	behav_sub-01_run-03_trial-55.wav	16	3.5725	3.6925
sub-01	3	55	ser	behav_sub-01_run-03_trial-55.wav	17	3.6925	3.8925
sub-01	3	55	ser	behav_sub-01_run-03_trial-55.wav	18	3.8925	4.1325
sub-01	3	55	ser	behav_sub-01_run-03_trial-55.wav	19	4.1325	4.3525
sub-01	3	56	thurs	behav_sub-01_run-03_trial-56.wav	1	0.3725	0.4925
sub-01	3	56	thurs	behav_sub-01_run-03_trial-56.wav	2	0.4925	0.7125
sub-01	3	56	thurs	behav_sub-01_run-03_trial-56.wav	3	0.7125	0.9525
sub-01	3	56	thurs	behav_sub-01_run-03_trial-56.wav	4	0.9525	1.0725
sub-01	3	56	thurs	behav_sub-01_run-03_trial-56.wav	5	1.0725	1.1725
sub-01	3	56	thurs	behav_sub-01_run-03_trial-56.wav	6	1.1725	1.2725
sub-01	3	56	thurs	behav_sub-01_run-03_trial-56.wav	7	1.2725	1.3925
sub-01	3	56	thurs	behav_sub-01_run-03_trial-56.wav	8	1.3925	1.6325
sub-01	3	56	thurs	behav_sub-01_run-03_trial-56.wav	9	1.6325	1.8725
sub-01	3	56	thurs	behav_sub-01_run-03_trial-56.wav	10	1.8725	2.0925
sub-01	3	56	thurs	behav_sub-01_run-03_trial-56.wav	11	2.0925	2.3325
sub-01	3	56	thurs	behav_sub-01_run-03_trial-56.wav	12	2.3325	2.5725
sub-01	3	56	thurs	behav_sub-01_run-03_trial-56.wav	13	2.5725	2.8125
sub-01	3	56	thurs	behav_sub-01_run-03_trial-56.wav	14	2.8125	3.0925
sub-01	3	56	thurs	behav_sub-01_run-03_trial-56.wav	15	3.0925	3.3325
sub-01	3	56	thurs	behav_sub-01_run-03_trial-56.wav	16	3.3325	3.5325
sub-01	3	56	thurs	behav_sub-01_run-03_trial-56.wav	17	3.5325	3.7525
sub-01	3	56	thurs	behav_sub-01_run-03_trial-56.wav	18	3.7525	3.9725
sub-01	3	56	thurs	behav_sub-01_run-03_trial-56.wav	19	3.9725	4.2125
sub-01	3	56	thurs	behav_sub-01_run-03_trial-56.wav	20	4.2125	4.4725
sub-01	3	57	mih	behav_sub-01_run-03_trial-57.wav	1	0.4525	0.6125
sub-01	3	57	mih	behav_sub-01_run-03_trial-57.wav	2	0.6125	0.8125
sub-01	3	57	mih	behav_sub-01_run-03_trial-57.wav	3	0.8125	1.0325
sub-01	3	57	mih	behav_sub-01_run-03_trial-57.wav	4	1.0325	1.2325
sub-01	3	57	mih	behav_sub-01_run-03_trial-57.wav	5	1.2325	1.4125
sub-01	3	57	mih	behav_sub-01_run-03_trial-57.wav	6	1.4125	1.6325
sub-01	3	57	mih	behav_sub-01_run-03_trial-57.wav	7	1.6925	1.8525
sub-01	3	57	mih	behav_sub-01_run-03_trial-57.wav	8	1.8525	2.0525
sub-01	3	57	mih	behav_sub-01_run-03_trial-57.wav	9	2.0525	2.2725
sub-01	3	57	mih	behav_sub-01_run-03_trial-57.wav	10	2.2725	2.4525
sub-01	3	57	mih	behav_sub-01_run-03_trial-57.wav	11	2.4525	2.6325
sub-01	3	57	mih	behav_sub-01_run-03_trial-57.wav	12	2.6325	2.8325
sub-01	3	57	mih	behav_sub-01_run-03_trial-57.wav	13	2.8325	3.0325
sub-01	3	57	mih	behav_sub-01_run-03_trial-57.wav	14	3.0325	3.2325
sub-01	3	57	mih	behav_sub-01_run-03_trial-57.wav	15	3.2325	3.4125
sub-01	3	57	mih	behav_sub-01_run-03_trial-57.wav	16	3.4125	3.6125
sub-01	3	57	mih	behav_sub-01_run-03_trial-57.wav	17	3.6125	3.8125
sub-01	3	57	mih	behav_sub-01_run-03_trial-57.wav	18	3.8125	4.1125
sub-01	3	58	per	behav_sub-01_run-03_trial-58.wav	1	0.1925	0.3125
sub-01	3	58	per	behav_sub-01_run-03_trial-58.wav	2	0.3925	0.5125
sub-01	3	58	per	behav_sub-01_run-03_trial-58.wav	3	0.5725	0.7125
sub-01	3	58	per	behav_sub-01_run-03_trial-58.wav	4	0.7725	0.9325
sub-01	3	58	per	behav_sub-01_run-03_trial-58.wav	5	0.9325	1.0725
sub-01	3	58	per	behav_sub-01_run-03_trial-58.wav	6	1.1325	1.2525
sub-01	3	58	per	behav_sub-01_run-03_trial-58.wav	7	1.3125	1.4325
sub-01	3	58	per	behav_sub-01_run-03_trial-58.wav	8	1.4925	1.6125
sub-01	3	58	per	behav_sub-01_run-03_trial-58.wav	9	1.6725	1.8125
sub-01	3	58	per	behav_sub-01_run-03_trial-58.wav	10	1.8725	1.9725
sub-01	3	58	per	behav_sub-01_run-03_trial-58.wav	11	2.0325	2.1525
sub-01	3	58	per	behav_sub-01_run-03_trial-58.wav	12	2.2125	2.3325
sub-01	3	58	per	behav_sub-01_run-03_trial-58.wav	13	2.3925	2.5325
sub-01	3	58	per	behav_sub-01_run-03_trial-58.wav	14	2.5925	2.7125
sub-01	3	58	per	behav_sub-01_run-03_trial-58.wav	15	2.7725	2.8725
sub-01	3	58	per	behav_sub-01_run-03_trial-58.wav	16	2.9325	3.0525
sub-01	3	58	per	behav_sub-01_run-03_trial-58.wav	17	3.1125	3.2125
sub-01	3	58	per	behav_sub-01_run-03_trial-58.wav	18	3.2925	3.4125
sub-01	3	58	per	behav_sub-01_run-03_trial-58.wav	19	3.4925	3.5925
sub-01	3	58	per	behav_sub-01_run-03_trial-58.wav	20	3.6725	3.7925
sub-01	3	58	per	behav_sub-01_run-03_trial-58.wav	21	3.8525	3.9725
sub-01	3	58	per	behav_sub-01_run-03_trial-58.wav	22	4.0525	4.1525
sub-01	3	58	per	behav_sub-01_run-03_trial-58.wav	23	4.2525	4.3925
sub-01	3	59	day	behav_sub-01_run-03_trial-59.wav	1	0.7725	0.9325
sub-01	3	59	day	behav_sub-01_run-03_trial-59.wav	2	0.9325	1.1525
sub-01	3	59	day	behav_sub-01_run-03_trial-59.wav	3	1.1525	1.3325
sub-01	3	59	day	behav_sub-01_run-03_trial-59.wav	4	1.3325	1.4925
sub-01	3	59	day	behav_sub-01_run-03_trial-59.wav	5	1.4925	1.6925
sub-01	3	59	day	behav_sub-01_run-03_trial-59.wav	6	1.6925	1.8525
sub-01	3	59	day	behav_sub-01_run-03_trial-59.wav	7	1.8525	2.0125
sub-01	3	59	day	behav_sub-01_run-03_trial-59.wav	8	2.0125	2.2125
sub-01	3	59	day	behav_sub-01_run-03_trial-59.wav	9	2.2125	2.4125
sub-01	3	59	day	behav_sub-01_run-03_trial-59.wav	10	2.4125	2.6525
sub-01	3	59	day	behav_sub-01_run-03_trial-59.wav	11	2.6525	2.8125
sub-01	3	59	day	behav_sub-01_run-03_trial-59.wav	12	2.8125	2.9725
sub-01	3	59	day	behav_sub-01_run-03_trial-59.wav	13	3.0125	3.1725
sub-01	3	59	day	behav_sub-01_run-03_trial-59.wav	14	3.1725	3.3325
sub-01	3	59	day	behav_sub-01_run-03_trial-59.wav	15	3.3325	3.5125
sub-01	3	59	day	behav_sub-01_run-03_trial-59.wav	16	3.5525	3.6925
sub-01	3	59	day	behav_sub-01_run-03_trial-59.wav	17	3.7325	3.8925
sub-01	3	59	day	behav_sub-01_run-03_trial-59.wav	18	3.8925	4.0725
sub-01	3	59	day	behav_sub-01_run-03_trial-59.wav	19	4.1125	4.2925
sub-01	3	59	day	behav_sub-01_run-03_trial-59.wav	20	4.2925	4.4125
sub-01	3	60	fee	behav_sub-01_run-03_trial-60.wav	1	0.7125	0.8525
sub-01	3	60	fee	behav_sub-01_run-03_trial-60.wav	2	0.9125	1.0525
sub-01	3	60	fee	behav_sub-01_run-03_trial-60.wav	3	1.0525	1.2125
sub-01	3	60	fee	behav_sub-01_run-03_trial-60.wav	4	1.2925	1.3925
sub-01	3	60	fee	behav_sub-01_run-03_trial-60.wav	5	1.4525	1.5725
sub-01	3	60	fee	behav_sub-01_run-03_trial-60.wav	6	1.6325	1.7525
sub-01	3	60	fee	behav_sub-01_run-03_trial-60.wav	7	1.8325	1.9325
sub-01	3	60	fee	behav_sub-01_run-03_trial-60.wav	8	1.9925	2.1125
sub-01	3	60	fee	behav_sub-01_run-03_trial-60.wav	9	2.1925	2.3125
sub-01	3	60	fee	behav_sub-01_run-03_trial-60.wav	10	2.3725	2.4725
sub-01	3	60	fee	behav_sub-01_run-03_trial-60.wav	11	2.5325	2.6725
sub-01	3	60	fee	behav_sub-01_run-03_trial-60.wav	12	2.7325	2.8725
sub-01	3	60	fee	behav_sub-01_run-03_trial-60.wav	13	2.9325	3.0925
sub-01	3	60	fee	behav_sub-01_run-03_trial-60.wav	14	3.1325	3.2525
sub-01	3	60	fee	behav_sub-01_run-03_trial-60.wav	15	3.3125	3.4525
sub-01	3	60	fee	behav_sub-01_run-03_trial-60.wav	16	3.5125	3.6525
sub-01	3	60	fee	behav_sub-01_run-03_trial-60.wav	17	3.6525	3.8325
sub-01	3	60	fee	behav_sub-01_run-03_trial-60.wav	18	3.8925	4.0125
sub-01	3	60	fee	behav_sub-01_run-03_trial-60.wav	19	4.0925	4.2125
sub-01	3	60	fee	behav_sub-01_run-03_trial-60.wav	20	4.2725	4.4125
sub-01	3	60	fee	behav_sub-01_run-03_trial-60.wav	21	4.4125	4.5000
sub-01	3	61	ser	behav_sub-01_run-03_trial-61.wav	1	0.5925	0.8325
sub-01	3	61	ser	behav_sub-01_run-03_trial-61.wav	2	0.8325	1.0125
sub-01	3	61	ser	behav_sub-01_run-03_trial-61.wav	3	1.0125	1.2125
sub-01	3	61	ser	behav_sub-01_run-03_trial-61.wav	4	1.2125	1.2925
sub-01	3	61	ser	behav_sub-01_run-03_trial-61.wav	5	1.2925	1.4325
sub-01	3	61	ser	behav_sub-01_run-03_trial-61.wav	6	1.4325	1.6325
sub-01	3	61	ser	behav_sub-01_run-03_trial-61.wav	7	1.6325	1.8125
sub-01	3	61	ser	behav_sub-01_run-03_trial-61.wav	8	1.8125	2.0125
sub-01	3	61	ser	behav_sub-01_run-03_trial-61.wav	9	2.0125	2.2125
sub-01	3	61	ser	behav_sub-01_run-03_trial-61.wav	10	2.2125	2.4125
sub-01	3	61	ser	behav_sub-01_run-03_trial-61.wav	11	2.4125	2.5925
sub-01	3	61	ser	behav_sub-01_run-03_trial-61.wav	12	2.5925	2.7925
sub-01	3	61	ser	behav_sub-01_run-03_trial-61.wav	13	2.7925	2.9925
sub-01	3	61	ser	behav_sub-01_run-03_trial-61.wav	14	2.9925	3.1725
sub-01	3	61	ser	behav_sub-01_run-03_trial-61.wav	15	3.1725	3.3725
sub-01	3	61	ser	behav_sub-01_run-03_trial-61.wav	16	3.3725	3.5725
sub-01	3	61	ser	behav_sub-01_run-03_trial-61.wav	17	3.5725	3.7525
sub-01	3	61	ser	behav_sub-01_run-03_trial-61.wav	18	3.7525	3.9125
sub-01	3	61	ser	behav_sub-01_run-03_trial-61.wav	19	3.9125	4.1325
sub-01	3	61	ser	behav_sub-01_run-03_trial-61.wav	20	4.1325	4.3525
sub-01	3	61	ser	behav_sub-01_run-03_trial-61.wav	21	4.3525	4.5000
sub-01	3	62	thought	behav_sub-01_run-03_trial-62.wav	1	0.3925	0.5325
sub-01	3	62	thought	behav_sub-01_run-03_trial-62.wav	2	0.5925	0.7725
sub-01	3	62	thought	behav_sub-01_run-03_trial-62.wav	3	0.7725	0.8925
sub-01	3	62	thought	behav_sub-01_run-03_trial-62.wav	4	0.9525	1.0725
sub-01	3	62	thought	behav_sub-01_run-03_trial-62.wav	5	1.1525	1.2725
sub-01	3	62	thought	behav_sub-01_run-03_trial-62.wav	6	1.3325	1.4525
sub-01	3	62	thought	behav_sub-01_run-03_trial-62.wav	7	1.5325	1.6525
sub-01	3	62	thought	behav_sub-01_run-03_trial-62.wav	8	1.7325	1.8325
sub-01	3	62	thought	behav_sub-01_run-03_trial-62.wav	9	1.9125	2.0325
sub-01	3	62	thought	behav_sub-01_run-03_trial-62.wav	10	2.1125	2.2125
sub-01	3	62	thought	behav_sub-01_run-03_trial-62.wav	11	2.3125	2.4125
sub-01	3	62	thought	behav_sub-01_run-03_trial-62.wav	12	2.4925	2.6125
sub-01	3	62	thought	behav_sub-01_run-03_trial-62.wav	13	2.6925	2.8125
sub-01	3	62	thought	behav_sub-01_run-03_trial-62.wav	14	2.8725	2.9925
sub-01	3	62	thought	behav_sub-01_run-03_trial-62.wav	15	3.0725	3.1725
sub-01	3	62	thought	behav_sub-01_run-03_trial-62.wav	16	3.2525	3.3525
sub-01	3	62	thought	behav_sub-01_run-03_trial-62.wav	17	3.4325	3.5725
sub-01	3	62	thought	behav_sub-01_run-03_trial-62.wav	18	3.6325	3.7325
sub-01	3	62	thought	behav_sub-01_run-03_trial-62.wav	19	3.8125	3.9325
sub-01	3	62	thought	behav_sub-01_run-03_trial-62.wav	20	4.0125	4.1125
sub-01	3	62	thought	behav_sub-01_run-03_trial-62.wav	21	4.2125	4.3125
sub-01	3	63	thurs	behav_sub-01_run-03_trial-63.wav	1	0.2725	0.3725
sub-01	3	63	thurs	behav_sub-01_run-03_trial-63.wav	2	0.3725	0.5725
sub-01	3	63	thurs	behav_sub-01_run-03_trial-63.wav	3	0.5725	0.7725
sub-01	3	63	thurs	behav_sub-01_run-03_trial-63.wav	4	0.7725	0.9725
sub-01	3	63	thurs	behav_sub-01_run-03_trial-63.wav	5	0.9725	1.1725
sub-01	3	63	thurs	behav_sub-01_run-03_trial-63.wav	6	1.1725	1.3725
sub-01	3	63	thurs	behav_sub-01_run-03_trial-63.wav	7	1.3725	1.5925
sub-01	3	63	thurs	behav_sub-01_run-03_trial-63.wav	8	1.5925	1.7925
sub-01	3	63	thurs	behav_sub-01_run-03_trial-63.wav	9	1.7925	2.0125
sub-01	3	63	thurs	behav_sub-01_run-03_trial-63.wav	10	2.0125	2.2325
sub-01	3	63	thurs	behav_sub-01_run-03_trial-63.wav	11	2.2325	2.4525
sub-01	3	63	thurs	behav_sub-01_run-03_trial-63.wav	12	2.4525	2.6525
sub-01	3	63	thurs	behav_sub-01_run-03_trial-63.wav	13	2.6525	2.8525
sub-01	3	63	thurs	behav_sub-01_run-03_trial-63.wav	14	2.8525	3.0525
sub-01	3	63	thurs	behav_sub-01_run-03_trial-63.wav	15	3.0525	3.2725
sub-01	3	63	thurs	behav_sub-01_run-03_trial-63.wav	16	3.2725	3.4725
sub-01	3	63	thurs	behav_sub-01_run-03_trial-63.wav	17	3.4725	3.6925
sub-01	3	63	thurs	behav_sub-01_run-03_trial-63.wav	18	3.6925	3.8925
sub-01	3	63	thurs	behav_sub-01_run-03_trial-63.wav	19	3.8925	4.1125
sub-01	3	63	thurs	behav_sub-01_run-03_trial-63.wav	20	4.1125	4.3325
sub-01	3	63	thurs	behav_sub-01_run-03_trial-63.wav	21	4.3325	4.5000
sub-01	3	64	naw	behav_sub-01_run-03_trial-64.wav	1	0.5725	0.7925
sub-01	3	64	naw	behav_sub-01_run-03_trial-64.wav	2	0.7925	0.9725
sub-01	3	64	naw	behav_sub-01_run-03_trial-64.wav	3	0.9725	1.1725
sub-01	3	64	naw	behav_sub-01_run-03_trial-64.wav	4	1.1725	1.3525
sub-01	3	64	naw	behav_sub-01_run-03_trial-64.wav	5	1.3525	1.5325
sub-01	3	64	naw	behav_sub-01_run-03_trial-64.wav	6	1.5325	1.7125
sub-01	3	64	naw	behav_sub-01_run-03_trial-64.wav	7	1.7125	1.9125
sub-01	3	64	naw	behav_sub-01_run-03_trial-64.wav	8	1.9125	2.0925
sub-01	3	64	naw	behav_sub-01_run-03_trial-64.wav	9	2.0925	2.2925
sub-01	3	64	naw	behav_sub-01_run-03_trial-64.wav	10	2.2925	2.4925
sub-01	3	64	naw	behav_sub-01_run-03_trial-64.wav	11	2.4925	2.6925
sub-01	3	64	naw	behav_sub-01_run-03_trial-64.wav	12	2.6925	2.8925
sub-01	3	64	naw	behav_sub-01_run-03_trial-64.wav	13	2.8925	3.0925
sub-01	3	64	naw	behav_sub-01_run-03_trial-64.wav	14	3.0925	3.2725
sub-01	3	64	naw	behav_sub-01_run-03_trial-64.wav	15	3.2725	3.4725
sub-01	3	64	naw	behav_sub-01_run-03_trial-64.wav	16	3.4725	3.6525
sub-01	3	64	naw	behav_sub-01_run-03_trial-64.wav	17	3.6525	3.8525
sub-01	3	64	naw	behav_sub-01_run-03_trial-64.wav	18	3.8525	4.0525
sub-01	3	64	naw	behav_sub-01_run-03_trial-64.wav	19	4.0525	4.2525
sub-01	3	64	naw	behav_sub-01_run-03_trial-64.wav	20	4.2525	4.4125
sub-01	4	1	naw	behav_sub-01_run-04_trial-01.wav	1	0.2325	0.3725
sub-01	4	1	naw	behav_sub-01_run-04_trial-01.wav	2	0.3725	0.5325
sub-01	4	1	naw	behav_sub-01_run-04_trial-01.wav	3	0.5325	0.7125
sub-01	4	1	naw	behav_sub-01_run-04_trial-01.wav	4	0.7125	0.8925
sub-01	4	1	naw	behav_sub-01_run-04_trial-01.wav	5	0.8925	1.0725
sub-01	4	1	naw	behav_sub-01_run-04_trial-01.wav	6	1.0725	1.2525
sub-01	4	1	naw	behav_sub-01_run-04_trial-01.wav	7	1.2525	1.4125
sub-01	4	1	naw	behav_sub-01_run-04_trial-01.wav	8	1.4125	1.5725
sub-01	4	1	naw	behav_sub-01_run-04_trial-01.wav	9	1.5725	1.7525
sub-01	4	1	naw	behav_sub-01_run-04_trial-01.wav	10	1.7525	1.9125
sub-01	4	1	naw	behav_sub-01_run-04_trial-01.wav	11	1.9125	2.0925
sub-01	4	1	naw	behav_sub-01_run-04_trial-01.wav	12	2.0925	2.2925
sub-01	4	1	naw	behav_sub-01_run-04_trial-01.wav	13	2.2925	2.4725
sub-01	4	1	naw	behav_sub-01_run-04_trial-01.wav	14	2.4725	2.6525
sub-01	4	1	naw	behav_sub-01_run-04_trial-01.wav	15	2.6525	2.8325
sub-01	4	1	naw	behav_sub-01_run-04_trial-01.wav	16	2.8325	3.0125
sub-01	4	1	naw	behav_sub-01_run-04_trial-01.wav	17	3.0125	3.1925
sub-01	4	1	naw	behav_sub-01_run-04_trial-01.wav	18	3.1925	3.3925
sub-01	4	1	naw	behav_sub-01_run-04_trial-01.wav	19	3.3925	3.5925
sub-01	4	1	naw	behav_sub-01_run-04_trial-01.wav	20	3.5925	3.7725
sub-01	4	1	naw	behav_sub-01_run-04_trial-01.wav	21	3.7725	3.9525
sub-01	4	1	naw	behav_sub-01_run-04_trial-01.wav	22	3.9525	4.1125
sub-01	4	2	fee	behav_sub-01_run-04_trial-02.wav	1	0.3325	0.4925
sub-01	4	2	fee	behav_sub-01_run-04_trial-02.wav	2	0.4925	0.6525
sub-01	4	2	fee	behav_sub-01_run-04_trial-02.wav	3	0.6525	0.8125
sub-01	4	2	fee	behav_sub-01_run-04_trial-02.wav	4	0.8725	0.9925
sub-01	4	2	fee	behav_sub-01_run-04_trial-02.wav	5	1.0525	1.1925
sub-01	4	2	fee	behav_sub-01_run-04_trial-02.wav	6	1.2525	1.3725
sub-01	4	2	fee	behav_sub-01_run-04_trial-02.wav	7	1.4325	1.5525
sub-01	4	2	fee	behav_sub-01_run-04_trial-02.wav	8	1.6125	1.7325
sub-01	4	2	fee	behav_sub-01_run-04_trial-02.wav	9	1.8125	1.9125
sub-01	4	2	fee	behav_sub-01_run-04_trial-02.wav	10	1.9725	2.0925
sub-01	4	2	fee	behav_sub-01_run-04_trial-02.wav	11	2.1525	2.2725
sub-01	4	2	fee	behav_sub-01_run-04_trial-02.wav	12	2.3325	2.4725
sub-01	4	2	fee	behav_sub-01_run-04_trial-02.wav	13	2.5325	2.6525
sub-01	4	2	fee	behav_sub-01_run-04_trial-02.wav	14	2.7125	2.8525
sub-01	4	2	fee	behav_sub-01_run-04_trial-02.wav	15	2.9125	3.0525
sub-01	4	2	fee	behav_sub-01_run-04_trial-02.wav	16	3.0525	3.2325
sub-01	4	2	fee	behav_sub-01_run-04_trial-02.wav	17	3.2925	3.4125
sub-01	4	2	fee	behav_sub-01_run-04_trial-02.wav	18	3.4125	3.5925
sub-01	4	2	fee	behav_sub-01_run-04_trial-02.wav	19	3.5925	3.7925
sub-01	4	2	fee	behav_sub-01_run-04_trial-02.wav	20	3.7925	3.9925
sub-01	4	2	fee	behav_sub-01_run-04_trial-02.wav	21	3.9925	4.2125
sub-01	4	2	fee	behav_sub-01_run-04_trial-02.wav	22	4.2125	4.4525
sub-01	4	3	pot	behav_sub-01_run-04_trial-03.wav	1	0.4725	0.6125
sub-01	4	3	pot	behav_sub-01_run-04_trial-03.wav	2	0.6125	0.7725
sub-01	4	3	pot	behav_sub-01_run-04_trial-03.wav	3	0.7725	0.9525
sub-01	4	3	pot	behav_sub-01_run-04_trial-03.wav	4	1.0125	1.1325
sub-01	4	3	pot	behav_sub-01_run-04_trial-03.wav	5	1.1925	1.3325
sub-01	4	3	pot	behav_sub-01_run-04_trial-03.wav	6	1.3925	1.5325
sub-01	4	3	pot	behav_sub-01_run-04_trial-03.wav	7	1.5925	1.7325
sub-01	4	3	pot	behav_sub-01_run-04_trial-03.wav	8	1.7925	1.9125
sub-01	4	3	pot	behav_sub-01_run-04_trial-03.wav	9	1.9725	2.0925
sub-01	4	3	pot	behav_sub-01_run-04_trial-03.wav	10	2.1525	2.2925
sub-01	4	3	pot	behav_sub-01_run-04_trial-03.wav	11	2.3525	2.4725
sub-01	4	3	pot	behav_sub-01_run-04_trial-03.wav	12	2.5325	2.6525
sub-01	4	3	pot	behav_sub-01_run-04_trial-03.wav	13	2.7325	2.8725
sub-01	4	3	pot	behav_sub-01_run-04_trial-03.wav	14	2.9325	3.0525
sub-01	4	3	pot	behav_sub-01_run-04_trial-03.wav	15	3.1525	3.2525
sub-01	4	3	pot	behav_sub-01_run-04_trial-03.wav	16	3.3325	3.4525
sub-01	4	3	pot	behav_sub-01_run-04_trial-03.wav	17	3.4525	3.6325
sub-01	4	3	pot	behav_sub-01_run-04_trial-03.wav	18	3.6925	3.8125
sub-01	4	3	pot	behav_sub-01_run-04_trial-03.wav	19	3.8725	3.9925
sub-01	4	3	pot	behav_sub-01_run-04_trial-03.wav	20	4.0725	4.1925
sub-01	4	4	pie	behav_sub-01_run-04_trial-04.wav	1	0.7325	0.8925
sub-01	4	4	pie	behav_sub-01_run-04_trial-04.wav	2	0.8925	1.0325
sub-01	4	4	pie	behav_sub-01_run-04_trial-04.wav	3	1.0725	1.2325
sub-01	4	4	pie	behav_sub-01_run-04_trial-04.wav	4	1.2925	1.4525
sub-01	4	4	pie	behav_sub-01_run-04_trial-04.wav	5	1.4525	1.6125
sub-01	4	4	pie	behav_sub-01_run-04_trial-04.wav	6	1.6725	1.8125
sub-01	4	4	pie	behav_sub-01_run-04_trial-04.wav	7	1.8125	2.0125
sub-01	4	4	pie	behav_sub-01_run-04_trial-04.wav	8	2.0725	2.2125
sub-01	4	4	pie	behav_sub-01_run-04_trial-04.wav	9	2.2725	2.4125
sub-01	4	4	pie	behav_sub-01_run-04_trial-04.wav	10	2.4725	2.6125
sub-01	4	4	pie	behav_sub-01_run-04_trial-04.wav	11	2.6725	2.7925
sub-01	4	4	pie	behav_sub-01_run-04_trial-04.wav	12	2.8525	2.9525
sub-01	4	4	pie	behav_sub-01_run-04_trial-04.wav	13	3.0525	3.1725
sub-01	4	4	pie	behav_sub-01_run-04_trial-04.wav	14	3.2325	3.3525
sub-01	4	4	pie	behav_sub-01_run-04_trial-04.wav	15	3.4125	3.5525
sub-01	4	4	pie	behav_sub-01_run-04_trial-04.wav	16	3.6125	3.7525
sub-01	4	4	pie	behav_sub-01_run-04_trial-04.wav	17	3.8125	3.9325
sub-01	4	4	pie	behav_sub-01_run-04_trial-04.wav	18	3.9725	4.1325
sub-01	4	4	pie	behav_sub-01_run-04_trial-04.wav	19	4.1925	4.3525
sub-01	4	4	pie	behav_sub-01_run-04_trial-04.wav	20	4.4125	4.5000
sub-01	4	5	thought	behav_sub-01_run-04_trial-05.wav	1	0.6325	0.7725
sub-01	4	5	thought	behav_sub-01_run-04_trial-05.wav	2	0.8325	0.9725
sub-01	4	5	thought	behav_sub-01_run-04_trial-05.wav	3	1.0325	1.1525
sub-01	4	5	thought	behav_sub-01_run-04_trial-05.wav	4	1.2125	1.3525
sub-01	4	5	thought	behav_sub-01_run-04_trial-05.wav	5	1.4125	1.5525
sub-01	4	5	thought	behav_sub-01_run-04_trial-05.wav	6	1.6125	1.7325
sub-01	4	5	thought	behav_sub-01_run-04_trial-05.wav	7	1.7925	1.9125
sub-01	4	5	thought	behav_sub-01_run-04_trial-05.wav	8	1.9725	2.1125
sub-01	4	5	thought	behav_sub-01_run-04_trial-05.wav	9	2.1725	2.3125
sub-01	4	5	thought	behav_sub-01_run-04_trial-05.wav	10	2.3725	2.4925
sub-01	4	5	thought	behav_sub-01_run-04_trial-05.wav	11	2.5525	2.6925
sub-01	4	5	thought	behav_sub-01_run-04_trial-05.wav	12	2.7525	2.8925
sub-01	4	5	thought	behav_sub-01_run-04_trial-05.wav	13	2.9525	3.0925
sub-01	4	5	thought	behav_sub-01_run-04_trial-05.wav	14	3.1525	3.2725
sub-01	4	5	thought	behav_sub-01_run-04_trial-05.wav	15	3.3525	3.4725
sub-01	4	5	thought	behav_sub-01_run-04_trial-05.wav	16	3.5325	3.6725
sub-01	4	5	thought	behav_sub-01_run-04_trial-05.wav	17	3.7325	3.8725
sub-01	4	5	thought	behav_sub-01_run-04_trial-05.wav	18	3.9525	4.0725
sub-01	4	5	thought	behav_sub-01_run-04_trial-05.wav	19	4.1525	4.2725
sub-01	4	5	thought	behav_sub-01_run-04_trial-05.wav	20	4.3525	4.4725
sub-01	4	6	ter	behav_sub-01_run-04_trial-06.wav	1	0.5325	0.6125
sub-01	4	6	ter	behav_sub-01_run-04_trial-06.wav	2	0.6125	0.8125
sub-01	4	6	ter	behav_sub-01_run-04_trial-06.wav	3	0.8125	1.0125
sub-01	4	6	ter	behav_sub-01_run-04_trial-06.wav	4	1.0125	1.2125
sub-01	4	6	ter	behav_sub-01_run-04_trial-06.wav	5	1.2125	1.4525
sub-01	4	6	ter	behav_sub-01_run-04_trial-06.wav	6	1.4525	1.6125
sub-01	4	6	ter	behav_sub-01_run-04_trial-06.wav	7	1.6125	1.8125
sub-01	4	6	ter	behav_sub-01_run-04_trial-06.wav	8	1.8125	1.9725
sub-01	4	6	ter	behav_sub-01_run-04_trial-06.wav	9	2.0125	2.1525
sub-01	4	6	ter	behav_sub-01_run-04_trial-06.wav	10	2.1925	2.3725
sub-01	4	6	ter	behav_sub-01_run-04_trial-06.wav	11	2.3725	2.5725
sub-01	4	6	ter	behav_sub-01_run-04_trial-06.wav	12	2.5725	2.7725
sub-01	4	6	ter	behav_sub-01_run-04_trial-06.wav	13	2.7725	2.9725
sub-01	4	6	ter	behav_sub-01_run-04_trial-06.wav	14	2.9725	3.1325
sub-01	4	6	ter	behav_sub-01_run-04_trial-06.wav	15	3.1325	3.3325
sub-01	4	6	ter	behav_sub-01_run-04_trial-06.wav	16	3.3325	3.5125
sub-01	4	6	ter	behav_sub-01_run-04_trial-06.wav	17	3.5525	3.7325
sub-01	4	6	ter	behav_sub-01_run-04_trial-06.wav	18	3.7325	3.9325
sub-01	4	6	ter	behav_sub-01_run-04_trial-06.wav	19	3.9325	4.1325
sub-01	4	6	ter	behav_sub-01_run-04_trial-06.wav	20	4.1325	4.3125
sub-01	4	6	ter	behav_sub-01_run-04_trial-06.wav	21	4.3725	4.5000
sub-01	4	7	per	behav_sub-01_run-04_trial-07.wav	1	0.5725	0.6925
sub-01	4	7	per	behav_sub-01_run-04_trial-07.wav	2	0.7325	0.8725
sub-01	4	7	per	behav_sub-01_run-04_trial-07.wav	3	0.9325	1.0525
sub-01	4	7	per	behav_sub-01_run-04_trial-07.wav	4	1.0925	1.2325
sub-01	4	7	per	behav_sub-01_run-04_trial-07.wav	5	1.2925	1.3925
sub-01	4	7	per	behav_sub-01_run-04_trial-07.wav	6	1.4725	1.5725
sub-01	4	7	per	behav_sub-01_run-04_trial-07.wav	7	1.6525	1.7525
sub-01	4	7	per	behav_sub-01_run-04_trial-07.wav	8	1.8325	1.9325
sub-01	4	7	per	behav_sub-01_run-04_trial-07.wav	9	1.9925	2.1125
sub-01	4	7	per	behav_sub-01_run-04_trial-07.wav	10	2.1925	2.3125
sub-01	4	7	per	behav_sub-01_run-04_trial-07.wav	11	2.3925	2.4725
sub-01	4	7	per	behav_sub-01_run-04_trial-07.wav	12	2.5525	2.6325
sub-01	4	7	per	behav_sub-01_run-04_trial-07.wav	13	2.7125	2.8125
sub-01	4	7	per	behav_sub-01_run-04_trial-07.wav	14	2.8925	2.9925
sub-01	4	7	per	behav_sub-01_run-04_trial-07.wav	15	3.0525	3.1725
sub-01	4	7	per	behav_sub-01_run-04_trial-07.wav	16	3.2525	3.3525
sub-01	4	7	per	behav_sub-01_run-04_trial-07.wav	17	3.4325	3.5525
sub-01	4	7	per	behav_sub-01_run-04_trial-07.wav	18	3.6325	3.7525
sub-01	4	7	per	behav_sub-01_run-04_trial-07.wav	19	3.8525	3.9725
sub-01	4	7	per	behav_sub-01_run-04_trial-07.wav	20	4.0525	4.2125
sub-01	4	8	thurs	behav_sub-01_run-04_trial-08.wav	1	0.5325	0.6725
sub-01	4	8	thurs	behav_sub-01_run-04_trial-08.wav	2	0.6725	0.8725
sub-01	4	8	thurs	behav_sub-01_run-04_trial-08.wav	3	0.8725	1.1125
sub-01	4	8	thurs	behav_sub-01_run-04_trial-08.wav	4	1.1125	1.3325
sub-01	4	8	thurs	behav_sub-01_run-04_trial-08.wav	5	1.3325	1.5325
sub-01	4	8	thurs	behav_sub-01_run-04_trial-08.wav	6	1.5325	1.7525
sub-01	4	8	thurs	behav_sub-01_run-04_trial-08.wav	7	1.7525	1.9725
sub-01	4	8	thurs	behav_sub-01_run-04_trial-08.wav	8	1.9725	2.2125
sub-01	4	8	thurs	behav_sub-01_run-04_trial-08.wav	9	2.2125	2.2925
sub-01	4	8	thurs	behav_sub-01_run-04_trial-08.wav	10	2.3325	2.4725
sub-01	4	8	thurs	behav_sub-01_run-04_trial-08.wav	11	2.4725	2.6925
sub-01	4	8	thurs	behav_sub-01_run-04_trial-08.wav	12	2.6925	2.9525
sub-01	4	8	thurs	behav_sub-01_run-04_trial-08.wav	13	2.9525	3.1925
sub-01	4	8	thurs	behav_sub-01_run-04_trial-08.wav	14	3.1925	3.4125
sub-01	4	8	thurs	behav_sub-01_run-04_trial-08.wav	15	3.4125	3.6525
sub-01	4	8	thurs	behav_sub-01_run-04_trial-08.wav	16	3.6525	3.8525
sub-01	4	8	thurs	behav_sub-01_run-04_trial-08.wav	17	3.8525	4.0925
sub-01	4	8	thurs	behav_sub-01_run-04_trial-08.wav	18	4.0925	4.3125
sub-01	4	8	thurs	behav_sub-01_run-04_trial-08.wav	19	4.3125	4.5000
sub-01	4	9	per	behav_sub-01_run-04_trial-09.wav	1	1.1325	1.2525
sub-01	4	9	per	behav_sub-01_run-04_trial-09.wav	2	1.2525	1.4125
sub-01	4	9	per	behav_sub-01_run-04_trial-09.wav	3	1.4525	1.5725
sub-01	4	9	per	behav_sub-01_run-04_trial-09.wav	4	1.5725	1.7325
sub-01	4	9	per	behav_sub-01_run-04_trial-09.wav	5	1.7325	1.8925
sub-01	4	9	per	behav_sub-01_run-04_trial-09.wav	6	1.9525	2.0525
sub-01	4	9	per	behav_sub-01_run-04_trial-09.wav	7	2.1125	2.2325
sub-01	4	9	per	behav_sub-01_run-04_trial-09.wav	8	2.2925	2.3925
sub-01	4	9	per	behav_sub-01_run-04_trial-09.wav	9	2.4725	2.5725
sub-01	4	9	per	behav_sub-01_run-04_trial-09.wav	10	2.6525	2.7325
sub-01	4	9	per	behav_sub-01_run-04_trial-09.wav	11	2.8125	2.9125
sub-01	4	9	per	behav_sub-01_run-04_trial-09.wav	12	2.9725	3.0725
sub-01	4	9	per	behav_sub-01_run-04_trial-09.wav	13	3.1125	3.2125
sub-01	4	9	per	behav_sub-01_run-04_trial-09.wav	14	3.2925	3.3725
sub-01	4	9	per	behav_sub-01_run-04_trial-09.wav	15	3.4525	3.5525
sub-01	4	9	per	behav_sub-01_run-04_trial-09.wav	16	3.6125	3.7125
sub-01	4	9	per	behav_sub-01_run-04_trial-09.wav	17	3.7925	3.8725
sub-01	4	9	per	behav_sub-01_run-04_trial-09.wav	18	3.9725	4.0725
sub-01	4	9	per	behav_sub-01_run-04_trial-09.wav	19	4.1525	4.2525
sub-01	4	9	per	behav_sub-01_run-04_trial-09.wav	20	4.3325	4.4325
sub-01	4	10	pie	behav_sub-01_run-04_trial-10.wav	1	0.6525	0.7725
sub-01	4	10	pie	behav_sub-01_run-04_trial-10.wav	2	0.8325	0.9925
sub-01	4	10	pie	behav_sub-01_run-04_trial-10.wav	3	1.0325	1.1725
sub-01	4	10	pie	behav_sub-01_run-04_trial-10.wav	4	1.2325	1.3925
sub-01	4	10	pie	behav_sub-01_run-04_trial-10.wav	5	1.4325	1.5925
sub-01	4	10	pie	behav_sub-01_run-04_trial-10.wav	6	1.6525	1.7925
sub-01	4	10	pie	behav_sub-01_run-04_trial-10.wav	7	1.8525	1.9925
sub-01	4	10	pie	behav_sub-01_run-04_trial-10.wav	8	2.0325	2.1725
sub-01	4	10	pie	behav_sub-01_run-04_trial-10.wav	9	2.2325	2.3725
sub-01	4	10	pie	behav_sub-01_run-04_trial-10.wav	10	2.4325	2.5925
sub-01	4	10	pie	behav_sub-01_run-04_trial-10.wav	11	2.6525	2.7925
sub-01	4	10	pie	behav_sub-01_run-04_trial-10.wav	12	2.8525	2.9725
sub-01	4	10	pie	behav_sub-01_run-04_trial-10.wav	13	3.0325	3.1525
sub-01	4	10	pie	behav_sub-01_run-04_trial-10.wav	14	3.2125	3.3725
sub-01	4	10	pie	behav_sub-01_run-04_trial-10.wav	15	3.4125	3.5525
sub-01	4	10	pie	behav_sub-01_run-04_trial-10.wav	16	3.6125	3.7725
sub-01	4	10	pie	behav_sub-01_run-04_trial-10.wav	17	3.8325	3.9725
sub-01	4	10	pie	behav_sub-01_run-04_trial-10.wav	18	4.0325	4.1725
sub-01	4	10	pie	behav_sub-01_run-04_trial-10.wav	19	4.2325	4.3925
sub-01	4	11	ser	behav_sub-01_run-04_trial-11.wav	1	0.8925	1.0925
sub-01	4	11	ser	behav_sub-01_run-04_trial-11.wav	2	1.0925	1.2725
sub-01	4	11	ser	behav_sub-01_run-04_trial-11.wav	3	1.2725	1.4525
sub-01	4	11	ser	behav_sub-01_run-04_trial-11.wav	4	1.4525	1.6725
sub-01	4	11	ser	behav_sub-01_run-04_trial-11.wav	5	1.6725	1.9125
sub-01	4	11	ser	behav_sub-01_run-04_trial-11.wav	6	1.9125	2.1325
sub-01	4	11	ser	behav_sub-01_run-04_trial-11.wav	7	2.1325	2.3325
sub-01	4	11	ser	behav_sub-01_run-04_trial-11.wav	8	2.3325	2.5725
sub-01	4	11	ser	behav_sub-01_run-04_trial-11.wav	9	2.5725	2.7925
sub-01	4	11	ser	behav_sub-01_run-04_trial-11.wav	10	2.7925	3.0525
sub-01	4	11	ser	behav_sub-01_run-04_trial-11.wav	11	3.0525	3.3325
sub-01	4	11	ser	behav_sub-01_run-04_trial-11.wav	12	3.3325	3.5325
sub-01	4	11	ser	behav_sub-01_run-04_trial-11.wav	13	3.5325	4.0125
sub-01	4	11	ser	behav_sub-01_run-04_trial-11.wav	14	4.0125	4.2525
sub-01	4	11	ser	behav_sub-01_run-04_trial-11.wav	15	4.2525	4.5000
sub-01	4	12	ter	behav_sub-01_run-04_trial-12.wav	1	0.4925	0.5925
sub-01	4	12	ter	behav_sub-01_run-04_trial-12.wav	2	0.6325	0.7725
sub-01	4	12	ter	behav_sub-01_run-04_trial-12.wav	3	0.7725	0.9325
sub-01	4	12	ter	behav_sub-01_run-04_trial-12.wav	4	0.9325	1.0925
sub-01	4	12	ter	behav_sub-01_run-04_trial-12.wav	5	1.0925	1.2525
sub-01	4	12	ter	behav_sub-01_run-04_trial-12.wav	6	1.2525	1.4125
sub-01	4	12	ter	behav_sub-01_run-04_trial-12.wav	7	1.4525	1.5725
sub-01	4	12	ter	behav_sub-01_run-04_trial-12.wav	8	1.6325	1.7725
sub-01	4	12	ter	behav_sub-01_run-04_trial-12.wav	9	1.7725	1.9325
sub-01	4	12	ter	behav_sub-01_run-04_trial-12.wav	10	1.9325	2.0925
sub-01	4	12	ter	behav_sub-01_run-04_trial-12.wav	11	2.0925	2.2325
sub-01	4	12	ter	behav_sub-01_run-04_trial-12.wav	12	2.2925	2.4725
sub-01	4	12	ter	behav_sub-01_run-04_trial-12.wav	13	2.5325	2.6925
sub-01	4	12	ter	behav_sub-01_run-04_trial-12.wav	14	2.6925	2.8525
sub-01	4	12	ter	behav_sub-01_run-04_trial-12.wav	15	2.8525	3.0125
sub-01	4	12	ter	behav_sub-01_run-04_trial-12.wav	16	3.0525	3.1725
sub-01	4	12	ter	behav_sub-01_run-04_trial-12.wav	17	3.1725	3.3725
sub-01	4	12	ter	behav_sub-01_run-04_trial-12.wav	18	3.3725	3.5325
sub-01	4	12	ter	behav_sub-01_run-04_trial-12.wav	19	3.5325	3.6925
sub-01	4	12	ter	behav_sub-01_run-04_trial-12.wav	20	3.7525	3.9125
sub-01	4	13	day	behav_sub-01_run-04_trial-13.wav	1	0.7325	0.8525
sub-01	4	13	day	behav_sub-01_run-04_trial-13.wav	2	0.8525	1.0125
sub-01	4	13	day	behav_sub-01_run-04_trial-13.wav	3	1.0125	1.1725
sub-01	4	13	day	behav_sub-01_run-04_trial-13.wav	4	1.1725	1.3325
sub-01	4	13	day	behav_sub-01_run-04_trial-13.wav	5	1.3325	1.4925
sub-01	4	13	day	behav_sub-01_run-04_trial-13.wav	6	1.4925	1.6525
sub-01	4	13	day	behav_sub-01_run-04_trial-13.wav	7	1.6925	1.8325
sub-01	4	13	day	behav_sub-01_run-04_trial-13.wav	8	1.8725	2.0125
sub-01	4	13	day	behav_sub-01_run-04_trial-13.wav	9	2.0125	2.1725
sub-01	4	13	day	behav_sub-01_run-04_trial-13.wav	10	2.2125	2.3725
sub-01	4	13	day	behav_sub-01_run-04_trial-13.wav	11	2.3725	2.5325
sub-01	4	13	day	behav_sub-01_run-04_trial-13.wav	12	2.5325	2.6925
sub-01	4	13	day	behav_sub-01_run-04_trial-13.wav	13	2.6925	2.8525
sub-01	4	13	day	behav_sub-01_run-04_trial-13.wav	14	2.8525	3.0125
sub-01	4	13	day	behav_sub-01_run-04_trial-13.wav	15	3.0125	3.1725
sub-01	4	13	day	behav_sub-01_run-04_trial-13.wav	16	3.2325	3.3725
sub-01	4	13	day	behav_sub-01_run-04_trial-13.wav	17	3.4125	3.5325
sub-01	4	13	day	behav_sub-01_run-04_trial-13.wav	18	3.5325	3.6925
sub-01	4	13	day	behav_sub-01_run-04_trial-13.wav	19	3.6925	3.8525
sub-01	4	13	day	behav_sub-01_run-04_trial-13.wav	20	3.8525	3.9925
sub-01	4	13	day	behav_sub-01_run-04_trial-13.wav	21	4.0325	4.1725
sub-01	4	13	day	behav_sub-01_run-04_trial-13.wav	22	4.1725	4.3325
sub-01	4	13	day	behav_sub-01_run-04_trial-13.wav	23	4.3325	4.5000
sub-01	4	14	fee	behav_sub-01_run-04_trial-14.wav	1	0.6725	0.7725
sub-01	4	14	fee	behav_sub-01_run-04_trial-14.wav	2	0.7725	0.9725
sub-01	4	14	fee	behav_sub-01_run-04_trial-14.wav	3	0.9725	1.1125
sub-01	4	14	fee	behav_sub-01_run-04_trial-14.wav	4	1.1725	1.2925
sub-01	4	14	fee	behav_sub-01_run-04_trial-14.wav	5	1.2925	1.4525
sub-01	4	14	fee	behav_sub-01_run-04_trial-14.wav	6	1.4925	1.6125
sub-01	4	14	fee	behav_sub-01_run-04_trial-14.wav	7	1.6525	1.7725
sub-01	4	14	fee	behav_sub-01_run-04_trial-14.wav	8	1.7725	1.9325
sub-01	4	14	fee	behav_sub-01_run-04_trial-14.wav	9	1.9925	2.1125
sub-01	4	14	fee	behav_sub-01_run-04_trial-14.wav	10	2.1925	2.2925
sub-01	4	14	fee	behav_sub-01_run-04_trial-14.wav	11	2.2925	2.4525
sub-01	4	14	fee	behav_sub-01_run-04_trial-14.wav	12	2.5125	2.6125
sub-01	4	14	fee	behav_sub-01_run-04_trial-14.wav	13	2.6925	2.8125
sub-01	4	14	fee	behav_sub-01_run-04_trial-14.wav	14	2.8125	2.9525
sub-01	4	14	fee	behav_sub-01_run-04_trial-14.wav	15	3.0125	3.1325
sub-01	4	14	fee	behav_sub-01_run-04_trial-14.wav	16	3.1325	3.3125
sub-01	4	14	fee	behav_sub-01_run-04_trial-14.wav	17	3.3525	3.4925
sub-01	4	14	fee	behav_sub-01_run-04_trial-14.wav	18	3.4925	3.6525
sub-01	4	14	fee	behav_sub-01_run-04_trial-14.wav	19	3.6525	3.8325
sub-01	4	14	fee	behav_sub-01_run-04_trial-14.wav	20	3.8325	3.9925
sub-01	4	14	fee	behav_sub-01_run-04_trial-14.wav	21	4.0525	4.1725
sub-01	4	14	fee	behav_sub-01_run-04_trial-14.wav	22	4.1725	4.3525
sub-01	4	14	fee	behav_sub-01_run-04_trial-14.wav	23	4.4125	4.4725
sub-01	4	15	mih	behav_sub-01_run-04_trial-15.wav	1	0.7525	0.8925
sub-01	4	15	mih	behav_sub-01_run-04_trial-15.wav	2	0.8925	1.0525
sub-01	4	15	mih	behav_sub-01_run-04_trial-15.wav	3	1.0525	1.1925
sub-01	4	15	mih	behav_sub-01_run-04_trial-15.wav	4	1.1925	1.3525
sub-01	4	15	mih	behav_sub-01_run-04_trial-15.wav	5	1.3525	1.5125
sub-01	4	15	mih	behav_sub-01_run-04_trial-15.wav	6	1.5125	1.6725
sub-01	4	15	mih	behav_sub-01_run-04_trial-15.wav	7	1.6725	1.8325
sub-01	4	15	mih	behav_sub-01_run-04_trial-15.wav	8	1.8325	1.9925
sub-01	4	15	mih	behav_sub-01_run-04_trial-15.wav	9	1.9925	2.1525
sub-01	4	15	mih	behav_sub-01_run-04_trial-15.wav	10	2.1525	2.3125
sub-01	4	15	mih	behav_sub-01_run-04_trial-15.wav	11	2.3125	2.4925
sub-01	4	15	mih	behav_sub-01_run-04_trial-15.wav	12	2.4925	2.6725
sub-01	4	15	mih	behav_sub-01_run-04_trial-15.wav	13	2.6725	2.8325
sub-01	4	15	mih	behav_sub-01_run-04_trial-15.wav	14	2.8325	2.9925
sub-01	4	15	mih	behav_sub-01_run-04_trial-15.wav	15	2.9925	3.1325
sub-01	4	15	mih	behav_sub-01_run-04_trial-15.wav	16	3.1325	3.3125
sub-01	4	15	mih	behav_sub-01_run-04_trial-15.wav	17	3.3125	3.4725
sub-01	4	15	mih	behav_sub-01_run-04_trial-15.wav	18	3.4725	3.6525
sub-01	4	15	mih	behav_sub-01_run-04_trial-15.wav	19	3.6525	3.7925
sub-01	4	15	mih	behav_sub-01_run-04_trial-15.wav	20	3.7925	3.9525
sub-01	4	15	mih	behav_sub-01_run-04_trial-15.wav	21	3.9525	4.1125
sub-01	4	15	mih	behav_sub-01_run-04_trial-15.wav	22	4.1125	4.2925
sub-01	4	15	mih	behav_sub-01_run-04_trial-15.wav	23	4.2925	4.4325
sub-01	4	15	mih	behav_sub-01_run-04_trial-15.wav	24	4.4325	4.5000
sub-01	4	16	thurs	behav_sub-01_run-04_trial-16.wav	1	0.3925	0.5125
sub-01	4	16	thurs	behav_sub-01_run-04_trial-16.wav	2	0.5125	0.7125
sub-01	4	16	thurs	behav_sub-01_run-04_trial-16.wav	3	0.7125	0.9125
sub-01	4	16	thurs	behav_sub-01_run-04_trial-16.wav	4	0.9125	1.0925
sub-01	4	16	thurs	behav_sub-01_run-04_trial-16.wav	5	1.0925	1.2925
sub-01	4	16	thurs	behav_sub-01_run-04_trial-16.wav	6	1.2925	1.4925
sub-01	4	16	thurs	behav_sub-01_run-04_trial-16.wav	7	1.4925	1.6725
sub-01	4	16	thurs	behav_sub-01_run-04_trial-16.wav	8	1.7325	1.8725
sub-01	4	16	thurs	behav_sub-01_run-04_trial-16.wav	9	1.8725	2.1125
sub-01	4	16	thurs	behav_sub-01_run-04_trial-16.wav	10	2.1125	2.3125
sub-01	4	16	thurs	behav_sub-01_run-04_trial-16.wav	11	2.3125	2.5125
sub-01	4	16	thurs	behav_sub-01_run-04_trial-16.wav	12	2.5125	2.7125
sub-01	4	16	thurs	behav_sub-01_run-04_trial-16.wav	13	2.7125	2.9125
sub-01	4	16	thurs	behav_sub-01_run-04_trial-16.wav	14	2.9125	3.1125
sub-01	4	16	thurs	behav_sub-01_run-04_trial-16.wav	15	3.1125	3.3125
sub-01	4	16	thurs	behav_sub-01_run-04_trial-16.wav	16	3.3125	3.5325
sub-01	4	16	thurs	behav_sub-01_run-04_trial-16.wav	17	3.5325	3.7325
sub-01	4	16	thurs	behav_sub-01_run-04_trial-16.wav	18	3.7325	3.9725
sub-01	4	16	thurs	behav_sub-01_run-04_trial-16.wav	19	3.9725	4.2125
sub-01	4	16	thurs	behav_sub-01_run-04_trial-16.wav	20	4.2125	4.5000
sub-01	4	17	thurs	behav_sub-01_run-04_trial-17.wav	1	0.3725	0.6525
sub-01	4	17	thurs	behav_sub-01_run-04_trial-17.wav	2	0.6525	0.8525
sub-01	4	17	thurs	behav_sub-01_run-04_trial-17.wav	3	0.8525	1.0325
sub-01	4	17	thurs	behav_sub-01_run-04_trial-17.wav	4	1.0325	1.2325
sub-01	4	17	thurs	behav_sub-01_run-04_trial-17.wav	5	1.2325	1.4125
sub-01	4	17	thurs	behav_sub-01_run-04_trial-17.wav	6	1.4125	1.6325
sub-01	4	17	thurs	behav_sub-01_run-04_trial-17.wav	7	1.6325	1.8325
sub-01	4	17	thurs	behav_sub-01_run-04_trial-17.wav	8	1.8325	2.0125
sub-01	4	17	thurs	behav_sub-01_run-04_trial-17.wav	9	2.0125	2.2125
sub-01	4	17	thurs	behav_sub-01_run-04_trial-17.wav	10	2.2125	2.4125
sub-01	4	17	thurs	behav_sub-01_run-04_trial-17.wav	11	2.4125	2.5725
sub-01	4	17	thurs	behav_sub-01_run-04_trial-17.wav	12	2.5725	2.7725
sub-01	4	17	thurs	behav_sub-01_run-04_trial-17.wav	13	2.7725	3.0325
sub-01	4	17	thurs	behav_sub-01_run-04_trial-17.wav	14	3.0325	3.2125
sub-01	4	17	thurs	behav_sub-01_run-04_trial-17.wav	15	3.2125	3.4325
sub-01	4	17	thurs	behav_sub-01_run-04_trial-17.wav	16	3.4325	3.6325
sub-01	4	17	thurs	behav_sub-01_run-04_trial-17.wav	17	3.6325	3.8125
sub-01	4	17	thurs	behav_sub-01_run-04_trial-17.wav	18	3.8125	4.0325
sub-01	4	17	thurs	behav_sub-01_run-04_trial-17.wav	19	4.0325	4.2525
sub-01	4	17	thurs	behav_sub-01_run-04_trial-17.wav	20	4.2525	4.4525
sub-01	4	18	ter	behav_sub-01_run-04_trial-18.wav	1	0.3325	0.4725
sub-01	4	18	ter	behav_sub-01_run-04_trial-18.wav	2	0.4725	0.6325
sub-01	4	18	ter	behav_sub-01_run-04_trial-18.wav	3	0.6325	0.7725
sub-01	4	18	ter	behav_sub-01_run-04_trial-18.wav	4	0.7725	0.9325
sub-01	4	18	ter	behav_sub-01_run-04_trial-18.wav	5	0.9325	1.0925
sub-01	4	18	ter	behav_sub-01_run-04_trial-18.wav	6	1.0925	1.2525
sub-01	4	18	ter	behav_sub-01_run-04_trial-18.wav	7	1.2525	1.4125
sub-01	4	18	ter	behav_sub-01_run-04_trial-18.wav	8	1.4125	1.5725
sub-01	4	18	ter	behav_sub-01_run-04_trial-18.wav	9	1.5725	1.7325
sub-01	4	18	ter	behav_sub-01_run-04_trial-18.wav	10	1.7325	1.8725
sub-01	4	18	ter	behav_sub-01_run-04_trial-18.wav	11	1.9125	2.0725
sub-01	4	18	ter	behav_sub-01_run-04_trial-18.wav	12	2.0725	2.2525
sub-01	4	18	ter	behav_sub-01_run-04_trial-18.wav	13	2.2525	2.4125
sub-01	4	18	ter	behav_sub-01_run-04_trial-18.wav	14	2.4125	2.5525
sub-01	4	18	ter	behav_sub-01_run-04_trial-18.wav	15	2.6125	2.7725
sub-01	4	18	ter	behav_sub-01_run-04_trial-18.wav	16	2.7725	2.8925
sub-01	4	18	ter	behav_sub-01_run-04_trial-18.wav	17	2.9525	3.0525
sub-01	4	18	ter	behav_sub-01_run-04_trial-18.wav	18	3.1125	3.2325
sub-01	4	18	ter	behav_sub-01_run-04_trial-18.wav	19	3.2925	3.4125
sub-01	4	18	ter	behav_sub-01_run-04_trial-18.wav	20	3.4725	3.5925
sub-01	4	18	ter	behav_sub-01_run-04_trial-18.wav	21	3.6325	3.7725
sub-01	4	18	ter	behav_sub-01_run-04_trial-18.wav	22	3.8125	3.9525
sub-01	4	18	ter	behav_sub-01_run-04_trial-18.wav	23	4.0125	4.1325
sub-01	4	18	ter	behav_sub-01_run-04_trial-18.wav	24	4.2125	4.3125
sub-01	4	18	ter	behav_sub-01_run-04_trial-18.wav	25	4.3725	4.5000
sub-01	4	19	ser	behav_sub-01_run-04_trial-19.wav	1	0.7325	0.8525
sub-01	4	19	ser	behav_sub-01_run-04_trial-19.wav	2	0.9325	1.0525
sub-01	4	19	ser	behav_sub-01_run-04_trial-19.wav	3	1.0525	1.2125
sub-01	4	19	ser	behav_sub-01_run-04_trial-19.wav	4	1.2125	1.4125
sub-01	4	19	ser	behav_sub-01_run-04_trial-19.wav	5	1.4125	1.5725
sub-01	4	19	ser	behav_sub-01_run-04_trial-19.wav	6	1.5725	1.7325
sub-01	4	19	ser	behav_sub-01_run-04_trial-19.wav	7	1.7325	1.9325
sub-01	4	19	ser	behav_sub-01_run-04_trial-19.wav	8	1.9325	2.0925
sub-01	4	19	ser	behav_sub-01_run-04_trial-19.wav	9	2.0925	2.2725
sub-01	4	19	ser	behav_sub-01_run-04_trial-19.wav	10	2.2725	2.4525
sub-01	4	19	ser	behav_sub-01_run-04_trial-19.wav	11	2.4525	2.6125
sub-01	4	19	ser	behav_sub-01_run-04_trial-19.wav	12	2.6125	2.7925
sub-01	4	19	ser	behav_sub-01_run-04_trial-19.wav	13	2.7925	2.9725
sub-01	4	19	ser	behav_sub-01_run-04_trial-19.wav	14	2.9725	3.1525
sub-01	4	19	ser	behav_sub-01_run-04_trial-19.wav	15	3.1525	3.3325
sub-01	4	19	ser	behav_sub-01_run-04_trial-19.wav	16	3.3325	3.5125
sub-01	4	19	ser	behav_sub-01_run-04_trial-19.wav	17	3.5125	3.6925
sub-01	4	19	ser	behav_sub-01_run-04_trial-19.wav	18	3.6925	3.9125
sub-01	4	19	ser	behav_sub-01_run-04_trial-19.wav	19	3.9125	4.1325
sub-01	4	19	ser	behav_sub-01_run-04_trial-19.wav	20	4.1325	4.3525
sub-01	4	19	ser	behav_sub-01_run-04_trial-19.wav	21	4.3525	4.5000
sub-01	4	20	pie	behav_sub-01_run-04_trial-20.wav	1	0.4325	0.5325
sub-01	4	20	pie	behav_sub-01_run-04_trial-20.wav	2	0.5325	0.7325
sub-01	4	20	pie	behav_sub-01_run-04_trial-20.wav	3	0.7325	0.8925
sub-01	4	20	pie	behav_sub-01_run-04_trial-20.wav	4	0.8925	1.0925
sub-01	4	20	pie	behav_sub-01_run-04_trial-20.wav	5	1.0925	1.2925
sub-01	4	20	pie	behav_sub-01_run-04_trial-20.wav	6	1.2925	1.4725
sub-01	4	20	pie	behav_sub-01_run-04_trial-20.wav	7	1.5125	1.6925
sub-01	4	20	pie	behav_sub-01_run-04_trial-20.wav	8	1.6925	1.8925
sub-01	4	20	pie	behav_sub-01_run-04_trial-20.wav	9	1.8925	2.0725
sub-01	4	20	pie	behav_sub-01_run-04_trial-20.wav	10	2.1325	2.2725
sub-01	4	20	pie	behav_sub-01_run-04_trial-20.wav	11	2.3125	2.4725
sub-01	4	20	pie	behav_sub-01_run-04_trial-20.wav	12	2.5325	2.6725
sub-01	4	20	pie	behav_sub-01_run-04_trial-20.wav	13	2.7125	2.8525
sub-01	4	20	pie	behav_sub-01_run-04_trial-20.wav	14	2.9125	3.0725
sub-01	4	20	pie	behav_sub-01_run-04_trial-20.wav	15	3.1125	3.2725
sub-01	4	20	pie	behav_sub-01_run-04_trial-20.wav	16	3.3325	3.4925
sub-01	4	20	pie	behav_sub-01_run-04_trial-20.wav	17	3.4925	3.6925
sub-01	4	20	pie	behav_sub-01_run-04_trial-20.wav	18	3.6925	3.8725
sub-01	4	20	pie	behav_sub-01_run-04_trial-20.wav	19	3.9525	4.0725
sub-01	4	20	pie	behav_sub-01_run-04_trial-20.wav	20	4.1725	4.3125
sub-01	4	21	fee	behav_sub-01_run-04_trial-21.wav	1	0.8525	1.0125
sub-01	4	21	fee	behav_sub-01_run-04_trial-21.wav	2	1.0125	1.1525
sub-01	4	21	fee	behav_sub-01_run-04_trial-21.wav	3	1.2125	1.3325
sub-01	4	21	fee	behav_sub-01_run-04_trial-21.wav	4	1.3325	1.5125
sub-01	4	21	fee	behav_sub-01_run-04_trial-21.wav	5	1.5525	1.6725
sub-01	4	21	fee	behav_sub-01_run-04_trial-21.wav	6	1.7325	1.8525
sub-01	4	21	fee	behav_sub-01_run-04_trial-21.wav	7	1.8525	1.9925
sub-01	4	21	fee	behav_sub-01_run-04_trial-21.wav	8	2.0725	2.1725
sub-01	4	21	fee	behav_sub-01_run-04_trial-21.wav	9	2.2325	2.3325
sub-01	4	21	fee	behav_sub-01_run-04_trial-21.wav	10	2.3925	2.4925
sub-01	4	21	fee	behav_sub-01_run-04_trial-21.wav	11	2.5725	2.6725
sub-01	4	21	fee	behav_sub-01_run-04_trial-21.wav	12	2.7525	2.8725
sub-01	4	21	fee	behav_sub-01_run-04_trial-21.wav	13	2.9325	3.0325
sub-01	4	21	fee	behav_sub-01_run-04_trial-21.wav	14	3.1125	3.2125
sub-01	4	21	fee	behav_sub-01_run-04_trial-21.wav	15	3.2725	3.3925
sub-01	4	21	fee	behav_sub-01_run-04_trial-21.wav	16	3.4525	3.5525
sub-01	4	21	fee	behav_sub-01_run-04_trial-21.wav	17	3.6325	3.7325
sub-01	4	21	fee	behav_sub-01_run-04_trial-21.wav	18	3.7925	3.9125
sub-01	4	21	fee	behav_sub-01_run-04_trial-21.wav	19	3.9725	4.0925
sub-01	4	21	fee	behav_sub-01_run-04_trial-21.wav	20	4.1525	4.2725
sub-01	4	21	fee	behav_sub-01_run-04_trial-21.wav	21	4.3325	4.4725
sub-01	4	22	day	behav_sub-01_run-04_trial-22.wav	1	0.6925	0.8525
sub-01	4	22	day	behav_sub-01_run-04_trial-22.wav	2	0.8525	1.0125
sub-01	4	22	day	behav_sub-01_run-04_trial-22.wav	3	1.0125	1.1725
sub-01	4	22	day	behav_sub-01_run-04_trial-22.wav	4	1.2125	1.3725
sub-01	4	22	day	behav_sub-01_run-04_trial-22.wav	5	1.3725	1.5325
sub-01	4	22	day	behav_sub-01_run-04_trial-22.wav	6	1.5325	1.6925
sub-01	4	22	day	behav_sub-01_run-04_trial-22.wav	7	1.7325	1.8925
sub-01	4	22	day	behav_sub-01_run-04_trial-22.wav	8	1.8925	2.0525
sub-01	4	22	day	behav_sub-01_run-04_trial-22.wav	9	2.0525	2.2125
sub-01	4	22	day	behav_sub-01_run-04_trial-22.wav	10	2.2525	2.4125
sub-01	4	22	day	behav_sub-01_run-04_trial-22.wav	11	2.4125	2.5725
sub-01	4	22	day	behav_sub-01_run-04_trial-22.wav	12	2.5725	2.7725
sub-01	4	22	day	behav_sub-01_run-04_trial-22.wav	13	2.7725	2.9325
sub-01	4	22	day	behav_sub-01_run-04_trial-22.wav	14	2.9325	3.1325
sub-01	4	22	day	behav_sub-01_run-04_trial-22.wav	15	3.1325	3.2925
sub-01	4	22	day	behav_sub-01_run-04_trial-22.wav	16	3.2925	3.4925
sub-01	4	22	day	behav_sub-01_run-04_trial-22.wav	17	3.4925	3.6925
sub-01	4	22	day	behav_sub-01_run-04_trial-22.wav	18	3.6925	3.8525
sub-01	4	22	day	behav_sub-01_run-04_trial-22.wav	19	3.8525	4.0125
sub-01	4	22	day	behav_sub-01_run-04_trial-22.wav	20	4.0525	4.2125
sub-01	4	22	day	behav_sub-01_run-04_trial-22.wav	21	4.2125	4.3725
sub-01	4	22	day	behav_sub-01_run-04_trial-22.wav	22	4.3725	4.5000
sub-01	4	23	naw	behav_sub-01_run-04_trial-23.wav	1	0.4125	0.5925
sub-01	4	23	naw	behav_sub-01_run-04_trial-23.wav	2	0.5925	0.7725
sub-01	4	23	naw	behav_sub-01_run-04_trial-23.wav	3	0.7725	0.9525
sub-01	4	23	naw	behav_sub-01_run-04_trial-23.wav	4	0.9525	1.1125
sub-01	4	23	naw	behav_sub-01_run-04_trial-23.wav	5	1.1125	1.2925
sub-01	4	23	naw	behav_sub-01_run-04_trial-23.wav	6	1.2925	1.4725
sub-01	4	23	naw	behav_sub-01_run-04_trial-23.wav	7	1.4725	1.6525
sub-01	4	23	naw	behav_sub-01_run-04_trial-23.wav	8	1.6525	1.8325
sub-01	4	23	naw	behav_sub-01_run-04_trial-23.wav	9	1.8325	1.9925
sub-01	4	23	naw	behav_sub-01_run-04_trial-23.wav	10	1.9925	2.1725
sub-01	4	23	naw	behav_sub-01_run-04_trial-23.wav	11	2.1725	2.3725
sub-01	4	23	naw	behav_sub-01_run-04_trial-23.wav	12	2.3725	2.5325
sub-01	4	23	naw	behav_sub-01_run-04_trial-23.wav	13	2.5325	2.7125
sub-01	4	23	naw	behav_sub-01_run-04_trial-23.wav	14	2.7125	2.8725
sub-01	4	23	naw	behav_sub-01_run-04_trial-23.wav	15	2.8725	3.0725
sub-01	4	23	naw	behav_sub-01_run-04_trial-23.wav	16	3.0725	3.2325
sub-01	4	23	naw	behav_sub-01_run-04_trial-23.wav	17	3.2325	3.4325
sub-01	4	23	naw	behav_sub-01_run-04_trial-23.wav	18	3.4325	3.6125
sub-01	4	23	naw	behav_sub-01_run-04_trial-23.wav	19	3.6125	3.7925
sub-01	4	23	naw	behav_sub-01_run-04_trial-23.wav	20	3.7925	3.9725
sub-01	4	23	naw	behav_sub-01_run-04_trial-23.wav	21	3.9725	4.1525
sub-01	4	23	naw	behav_sub-01_run-04_trial-23.wav	22	4.1525	4.3125
sub-01	4	23	naw	behav_sub-01_run-04_trial-23.wav	23	4.3125	4.5000
sub-01	4	24	per	behav_sub-01_run-04_trial-24.wav	1	0.2325	0.3525
sub-01	4	24	per	behav_sub-01_run-04_trial-24.wav	2	0.4125	0.5325
sub-01	4	24	per	behav_sub-01_run-04_trial-24.wav	3	0.5325	0.6925
sub-01	4	24	per	behav_sub-01_run-04_trial-24.wav	4	0.6925	0.8525
sub-01	4	24	per	behav_sub-01_run-04_trial-24.wav	5	0.9125	1.0125
sub-01	4	24	per	behav_sub-01_run-04_trial-24.wav	6	1.0125	1.2125
sub-01	4	24	per	behav_sub-01_run-04_trial-24.wav	7	1.2125	1.3325
sub-01	4	24	per	behav_sub-01_run-04_trial-24.wav	8	1.3925	1.5325
sub-01	4	24	per	behav_sub-01_run-04_trial-24.wav	9	1.5325	1.6525
sub-01	4	24	per	behav_sub-01_run-04_trial-24.wav	10	1.7125	1.8525
sub-01	4	24	per	behav_sub-01_run-04_trial-24.wav	11	1.8525	1.9725
sub-01	4	24	per	behav_sub-01_run-04_trial-24.wav	12	2.0525	2.1525
sub-01	4	24	per	behav_sub-01_run-04_trial-24.wav	13	2.2125	2.3125
sub-01	4	24	per	behav_sub-01_run-04_trial-24.wav	14	2.3725	2.4925
sub-01	4	24	per	behav_sub-01_run-04_trial-24.wav	15	2.5525	2.6725
sub-01	4	24	per	behav_sub-01_run-04_trial-24.wav	16	2.7125	2.8325
sub-01	4	24	per	behav_sub-01_run-04_trial-24.wav	17	2.8925	2.9925
sub-01	4	24	per	behav_sub-01_run-04_trial-24.wav	18	3.0525	3.1725
sub-01	4	24	per	behav_sub-01_run-04_trial-24.wav	19	3.2325	3.3325
sub-01	4	24	per	behav_sub-01_run-04_trial-24.wav	20	3.3925	3.5125
sub-01	4	24	per	behav_sub-01_run-04_trial-24.wav	21	3.5725	3.6925
sub-01	4	24	per	behav_sub-01_run-04_trial-24.wav	22	3.7525	3.8525
sub-01	4	24	per	behav_sub-01_run-04_trial-24.wav	23	3.9325	3.9925
sub-01	4	24	per	behav_sub-01_run-04_trial-24.wav	24	4.0725	4.2125
sub-01	4	24	per	behav_sub-01_run-04_trial-24.wav	25	4.2725	4.3925
sub-01	4	25	day	behav_sub-01_run-04_trial-25.wav	1	0.3925	0.5325
sub-01	4	25	day	behav_sub-01_run-04_trial-25.wav	2	0.5325	0.6925
sub-01	4	25	day	behav_sub-01_run-04_trial-25.wav	3	0.6925	0.8925
sub-01	4	25	day	behav_sub-01_run-04_trial-25.wav	4	0.8925	1.0525
sub-01	4	25	day	behav_sub-01_run-04_trial-25.wav	5	1.0525	1.2525
sub-01	4	25	day	behav_sub-01_run-04_trial-25.wav	6	1.2525	1.4125
sub-01	4	25	day	behav_sub-01_run-04_trial-25.wav	7	1.4125	1.5725
sub-01	4	25	day	behav_sub-01_run-04_trial-25.wav	8	1.5725	1.7725
sub-01	4	25	day	behav_sub-01_run-04_trial-25.wav	9	1.7725	1.9325
sub-01	4	25	day	behav_sub-01_run-04_trial-25.wav	10	1.9325	2.0925
sub-01	4	25	day	behav_sub-01_run-04_trial-25.wav	11	2.0925	2.2925
sub-01	4	25	day	behav_sub-01_run-04_trial-25.wav	12	2.2925	2.4525
sub-01	4	25	day	behav_sub-01_run-04_trial-25.wav	13	2.4525	2.6125
sub-01	4	25	day	behav_sub-01_run-04_trial-25.wav	14	2.6125	2.8125
sub-01	4	25	day	behav_sub-01_run-04_trial-25.wav	15	2.8125	2.9725
sub-01	4	25	day	behav_sub-01_run-04_trial-25.wav	16	2.9725	3.1325
sub-01	4	25	day	behav_sub-01_run-04_trial-25.wav	17	3.1325	3.3325
sub-01	4	25	day	behav_sub-01_run-04_trial-25.wav	18	3.3325	3.4925
sub-01	4	25	day	behav_sub-01_run-04_trial-25.wav	19	3.4925	3.6525
sub-01	4	25	day	behav_sub-01_run-04_trial-25.wav	20	3.6925	3.8525
sub-01	4	25	day	behav_sub-01_run-04_trial-25.wav	21	3.8525	4.0125
sub-01	4	25	day	behav_sub-01_run-04_trial-25.wav	22	4.0125	4.2125
sub-01	4	25	day	behav_sub-01_run-04_trial-25.wav	23	4.2125	4.3525
sub-01	4	26	pie	behav_sub-01_run-04_trial-26.wav	1	0.6325	0.7525
sub-01	4	26	pie	behav_sub-01_run-04_trial-26.wav	2	0.8125	0.9325
sub-01	4	26	pie	behav_sub-01_run-04_trial-26.wav	3	0.9925	1.1325
sub-01	4	26	pie	behav_sub-01_run-04_trial-26.wav	4	1.1725	1.3125
sub-01	4	26	pie	behav_sub-01_run-04_trial-26.wav	5	1.3725	1.4925
sub-01	4	26	pie	behav_sub-01_run-04_trial-26.wav	6	1.5525	1.6725
sub-01	4	26	pie	behav_sub-01_run-04_trial-26.wav	7	1.7325	1.8525
sub-01	4	26	pie	behav_sub-01_run-04_trial-26.wav	8	1.9125	2.0325
sub-01	4	26	pie	behav_sub-01_run-04_trial-26.wav	9	2.1125	2.2325
sub-01	4	26	pie	behav_sub-01_run-04_trial-26.wav	10	2.3125	2.4325
sub-01	4	26	pie	behav_sub-01_run-04_trial-26.wav	11	2.4925	2.6125
sub-01	4	26	pie	behav_sub-01_run-04_trial-26.wav	12	2.6925	2.8125
sub-01	4	26	pie	behav_sub-01_run-04_trial-26.wav	13	2.8925	3.0125
sub-01	4	26	pie	behav_sub-01_run-04_trial-26.wav	14	3.0725	3.2125
sub-01	4	26	pie	behav_sub-01_run-04_trial-26.wav	15	3.2725	3.3925
sub-01	4	26	pie	behav_sub-01_run-04_trial-26.wav	16	3.4525	3.5925
sub-01	4	26	pie	behav_sub-01_run-04_trial-26.wav	17	3.6525	3.7725
sub-01	4	26	pie	behav_sub-01_run-04_trial-26.wav	18	3.8525	3.9725
sub-01	4	26	pie	behav_sub-01_run-04_trial-26.wav	19	4.0325	4.1525
sub-01	4	26	pie	behav_sub-01_run-04_trial-26.wav	20	4.2325	4.3725
sub-01	4	26	pie	behav_sub-01_run-04_trial-26.wav	21	4.4125	4.5000
sub-01	4	27	mih	behav_sub-01_run-04_trial-27.wav	1	0.4725	0.6325
sub-01	4	27	mih	behav_sub-01_run-04_trial-27.wav	2	0.6325	0.8125
sub-01	4	27	mih	behav_sub-01_run-04_trial-27.wav	3	0.8125	0.9725
sub-01	4	27	mih	behav_sub-01_run-04_trial-27.wav	4	0.9725	1.1325
sub-01	4	27	mih	behav_sub-01_run-04_trial-27.wav	5	1.1325	1.3125
sub-01	4	27	mih	behav_sub-01_run-04_trial-27.wav	6	1.3125	1.4725
sub-01	4	27	mih	behav_sub-01_run-04_trial-27.wav	7	1.4725	1.6325
sub-01	4	27	mih	behav_sub-01_run-04_trial-27.wav	8	1.6325	1.7925
sub-01	4	27	mih	behav_sub-01_run-04_trial-27.wav	9	1.7925	1.9725
sub-01	4	27	mih	behav_sub-01_run-04_trial-27.wav	10	1.9725	2.1325
sub-01	4	27	mih	behav_sub-01_run-04_trial-27.wav	11	2.1325	2.2925
sub-01	4	27	mih	behav_sub-01_run-04_trial-27.wav	12	2.2925	2.4725
sub-01	4	27	mih	behav_sub-01_run-04_trial-27.wav	13	2.4725	2.6325
sub-01	4	27	mih	behav_sub-01_run-04_trial-27.wav	14	2.6325	2.7925
sub-01	4	27	mih	behav_sub-01_run-04_trial-27.wav	15	2.7925	2.9725
sub-01	4	27	mih	behav_sub-01_run-04_trial-27.wav	16	2.9725	3.1325
sub-01	4	27	mih	behav_sub-01_run-04_trial-27.wav	17	3.1325	3.2925
sub-01	4	27	mih	behav_sub-01_run-04_trial-27.wav	18	3.2925	3.4525
sub-01	4	27	mih	behav_sub-01_run-04_trial-27.wav	19	3.4525	3.6125
sub-01	4	27	mih	behav_sub-01_run-04_trial-27.wav	20	3.6125	3.7725
sub-01	4	27	mih	behav_sub-01_run-04_trial-27.wav	21	3.7725	3.9525
sub-01	4	27	mih	behav_sub-01_run-04_trial-27.wav	22	3.9525	4.1125
sub-01	4	27	mih	behav_sub-01_run-04_trial-27.wav	23	4.1125	4.2925
sub-01	4	27	mih	behav_sub-01_run-04_trial-27.wav	24	4.2925	4.4525
sub-01	4	28	thought	behav_sub-01_run-04_trial-28.wav	1	0.4525	0.5725
sub-01	4	28	thought	behav_sub-01_run-04_trial-28.wav	2	0.6325	0.7325
sub-01	4	28	thought	behav_sub-01_run-04_trial-28.wav	3	0.7925	0.9125
sub-01	4	28	thought	behav_sub-01_run-04_trial-28.wav	4	0.9725	1.0925
sub-01	4	28	thought	behav_sub-01_run-04_trial-28.wav	5	1.1525	1.2725
sub-01	4	28	thought	behav_sub-01_run-04_trial-28.wav	6	1.3325	1.4325
sub-01	4	28	thought	behav_sub-01_run-04_trial-28.wav	7	1.4725	1.6125
sub-01	4	28	thought	behav_sub-01_run-04_trial-28.wav	8	1.6725	1.7725
sub-01	4	28	thought	behav_sub-01_run-04_trial-28.wav	9	1.8325	1.9525
sub-01	4	28	thought	behav_sub-01_run-04_trial-28.wav	10	2.0125	2.1325
sub-01	4	28	thought	behav_sub-01_run-04_trial-28.wav	11	2.1925	2.3125
sub-01	4	28	thought	behav_sub-01_run-04_trial-28.wav	12	2.3725	2.4925
sub-01	4	28	thought	behav_sub-01_run-04_trial-28.wav	13	2.5525	2.6725
sub-01	4	28	thought	behav_sub-01_run-04_trial-28.wav	14	2.7325	2.8725
sub-01	4	28	thought	behav_sub-01_run-04_trial-28.wav	15	2.9325	3.0325
sub-01	4	28	thought	behav_sub-01_run-04_trial-28.wav	16	3.0925	3.2125
sub-01	4	28	thought	behav_sub-01_run-04_trial-28.wav	17	3.2725	3.4125
sub-01	4	28	thought	behav_sub-01_run-04_trial-28.wav	18	3.4525	3.5925
sub-01	4	28	thought	behav_sub-01_run-04_trial-28.wav	19	3.6525	3.7525
sub-01	4	28	thought	behav_sub-01_run-04_trial-28.wav	20	3.8325	3.9525
sub-01	4	28	thought	behav_sub-01_run-04_trial-28.wav	21	4.0325	4.1325
sub-01	4	28	thought	behav_sub-01_run-04_trial-28.wav	22	4.2125	4.3125
sub-01	4	28	thought	behav_sub-01_run-04_trial-28.wav	23	4.3925	4.5000
sub-01	4	29	pot	behav_sub-01_run-04_trial-29.wav	1	0.7125	0.8525
sub-01	4	29	pot	behav_sub-01_run-04_trial-29.wav	2	0.8525	1.0125
sub-01	4	29	pot	behav_sub-01_run-04_trial-29.wav	3	1.0125	1.1925
sub-01	4	29	pot	behav_sub-01_run-04_trial-29.wav	4	1.2325	1.3725
sub-01	4	29	pot	behav_sub-01_run-04_trial-29.wav	5	1.4325	1.5725
sub-01	4	29	pot	behav_sub-01_run-04_trial-29.wav	6	1.5725	1.7325
sub-01	4	29	pot	behav_sub-01_run-04_trial-29.wav	7	1.7925	1.9125
sub-01	4	29	pot	behav_sub-01_run-04_trial-29.wav	8	1.9725	2.0925
sub-01	4	29	pot	behav_sub-01_run-04_trial-29.wav	9	2.1725	2.2525
sub-01	4	29	pot	behav_sub-01_run-04_trial-29.wav	10	2.3325	2.4325
sub-01	4	29	pot	behav_sub-01_run-04_trial-29.wav	11	2.4925	2.6325
sub-01	4	29	pot	behav_sub-01_run-04_trial-29.wav	12	2.6925	2.7925
sub-01	4	29	pot	behav_sub-01_run-04_trial-29.wav	13	2.8725	2.9725
sub-01	4	29	pot	behav_sub-01_run-04_trial-29.wav	14	3.0525	3.1725
sub-01	4	29	pot	behav_sub-01_run-04_trial-29.wav	15	3.2325	3.3725
sub-01	4	29	pot	behav_sub-01_run-04_trial-29.wav	16	3.4325	3.5325
sub-01	4	29	pot	behav_sub-01_run-04_trial-29.wav	17	3.6125	3.7325
sub-01	4	29	pot	behav_sub-01_run-04_trial-29.wav	18	3.8125	3.9125
sub-01	4	29	pot	behav_sub-01_run-04_trial-29.wav	19	3.9925	4.1125
sub-01	4	29	pot	behav_sub-01_run-04_trial-29.wav	20	4.1925	4.3525
sub-01	4	30	ser	behav_sub-01_run-04_trial-30.wav	1	0.4725	0.6325
sub-01	4	30	ser	behav_sub-01_run-04_trial-30.wav	2	0.6325	0.8125
sub-01	4	30	ser	behav_sub-01_run-04_trial-30.wav	3	0.8125	1.0125
sub-01	4	30	ser	behav_sub-01_run-04_trial-30.wav	4	1.0125	1.1725
sub-01	4	30	ser	behav_sub-01_run-04_trial-30.wav	5	1.1725	1.3525
sub-01	4	30	ser	behav_sub-01_run-04_trial-30.wav	6	1.3525	1.5525
sub-01	4	30	ser	behav_sub-01_run-04_trial-30.wav	7	1.6125	1.7725
sub-01	4	30	ser	behav_sub-01_run-04_trial-30.wav	8	1.7725	1.9525
sub-01	4	30	ser	behav_sub-01_run-04_trial-30.wav	9	1.9525	2.1725
sub-01	4	30	ser	behav_sub-01_run-04_trial-30.wav	10	2.1725	2.3525
sub-01	4	30	ser	behav_sub-01_run-04_trial-30.wav	11	2.3525	2.5525
sub-01	4	30	ser	behav_sub-01_run-04_trial-30.wav	12	2.5525	2.7525
sub-01	4	30	ser	behav_sub-01_run-04_trial-30.wav	13	2.7525	2.9325
sub-01	4	30	ser	behav_sub-01_run-04_trial-30.wav	14	2.9325	3.1125
sub-01	4	30	ser	behav_sub-01_run-04_trial-30.wav	15	3.1125	3.3125
sub-01	4	30	ser	behav_sub-01_run-04_trial-30.wav	16	3.3125	3.5125
sub-01	4	30	ser	behav_sub-01_run-04_trial-30.wav	17	3.5125	3.6925
sub-01	4	30	ser	behav_sub-01_run-04_trial-30.wav	18	3.6925	3.8725
sub-01	4	30	ser	behav_sub-01_run-04_trial-30.wav	19	3.9325	4.0725
sub-01	4	30	ser	behav_sub-01_run-04_trial-30.wav	20	4.0725	4.2925
sub-01	4	30	ser	behav_sub-01_run-04_trial-30.wav	21	4.2925	4.4725
sub-01	4	31	fee	behav_sub-01_run-04_trial-31.wav	1	0.2125	0.3325
sub-01	4	31	fee	behav_sub-01_run-04_trial-31.wav	2	0.3325	0.4925
sub-01	4	31	fee	behav_sub-01_run-04_trial-31.wav	3	0.4925	0.6725
sub-01	4	31	fee	behav_sub-01_run-04_trial-31.wav	4	0.6725	0.8325
sub-01	4	31	fee	behav_sub-01_run-04_trial-31.wav	5	0.9125	1.0125
sub-01	4	31	fee	behav_sub-01_run-04_trial-31.wav	6	1.0725	1.1725
sub-01	4	31	fee	behav_sub-01_run-04_trial-31.wav	7	1.2325	1.3725
sub-01	4	31	fee	behav_sub-01_run-04_trial-31.wav	8	1.4125	1.5325
sub-01	4	31	fee	behav_sub-01_run-04_trial-31.wav	9	1.5925	1.7125
sub-01	4	31	fee	behav_sub-01_run-04_trial-31.wav	10	1.7725	1.8925
sub-01	4	31	fee	behav_sub-01_run-04_trial-31.wav	11	1.9525	2.0725
sub-01	4	31	fee	behav_sub-01_run-04_trial-31.wav	12	2.1525	2.2725
sub-01	4	31	fee	behav_sub-01_run-04_trial-31.wav	13	2.3125	2.4125
sub-01	4	31	fee	behav_sub-01_run-04_trial-31.wav	14	2.4925	2.6125
sub-01	4	31	fee	behav_sub-01_run-04_trial-31.wav	15	2.6725	2.7925
sub-01	4	31	fee	behav_sub-01_run-04_trial-31.wav	16	2.8525	2.9525
sub-01	4	31	fee	behav_sub-01_run-04_trial-31.wav	17	3.0325	3.1525
sub-01	4	31	fee	behav_sub-01_run-04_trial-31.wav	18	3.2125	3.3325
sub-01	4	31	fee	behav_sub-01_run-04_trial-31.wav	19	3.3725	3.5125
sub-01	4	31	fee	behav_sub-01_run-04_trial-31.wav	20	3.5725	3.6925
sub-01	4	31	fee	behav_sub-01_run-04_trial-31.wav	21	3.6925	3.8725
sub-01	4	31	fee	behav_sub-01_run-04_trial-31.wav	22	3.9325	4.0525
sub-01	4	31	fee	behav_sub-01_run-04_trial-31.wav	23	4.1125	4.2525
sub-01	4	32	naw	behav_sub-01_run-04_trial-32.wav	1	0.4325	0.5925
sub-01	4	32	naw	behav_sub-01_run-04_trial-32.wav	2	0.5925	0.7725
sub-01	4	32	naw	behav_sub-01_run-04_trial-32.wav	3	0.7725	0.9525
sub-01	4	32	naw	behav_sub-01_run-04_trial-32.wav	4	0.9525	1.1125
sub-01	4	32	naw	behav_sub-01_run-04_trial-32.wav	5	1.1125	1.2925
sub-01	4	32	naw	behav_sub-01_run-04_trial-32.wav	6	1.2925	1.4925
sub-01	4	32	naw	behav_sub-01_run-04_trial-32.wav	7	1.4925	1.6725
sub-01	4	32	naw	behav_sub-01_run-04_trial-32.wav	8	1.6725	1.8525
sub-01	4	32	naw	behav_sub-01_run-04_trial-32.wav	9	1.8525	2.0125
sub-01	4	32	naw	behav_sub-01_run-04_trial-32.wav	10	2.0125	2.2125
sub-01	4	32	naw	behav_sub-01_run-04_trial-32.wav	11	2.2125	2.3925
sub-01	4	32	naw	behav_sub-01_run-04_trial-32.wav	12	2.3925	2.5925
sub-01	4	32	naw	behav_sub-01_run-04_trial-32.wav	13	2.5925	2.7525
sub-01	4	32	naw	behav_sub-01_run-04_trial-32.wav	14	2.7525	2.9525
sub-01	4	32	naw	behav_sub-01_run-04_trial-32.wav	15	2.9525	3.1325
sub-01	4	32	naw	behav_sub-01_run-04_trial-32.wav	16	3.1325	3.3525
sub-01	4	32	naw	behav_sub-01_run-04_trial-32.wav	17	3.3525	3.5325
sub-01	4	32	naw	behav_sub-01_run-04_trial-32.wav	18	3.5325	3.7125
sub-01	4	32	naw	behav_sub-01_run-04_trial-32.wav	19	3.7125	4.0925
sub-01	4	32	naw	behav_sub-01_run-04_trial-32.wav	20	4.0925	4.2925
sub-01	4	32	naw	behav_sub-01_run-04_trial-32.wav	21	4.2925	4.5000
sub-01	4	33	thought	behav_sub-01_run-04_trial-33.wav	1	0.6725	0.8125
sub-01	4	33	thought	behav_sub-01_run-04_trial-33.wav	2	0.8725	0.9725
sub-01	4	33	thought	behav_sub-01_run-04_trial-33.wav	3	1.0525	1.1525
sub-01	4	33	thought	behav_sub-01_run-04_trial-33.wav	4	1.2325	1.3525
sub-01	4	33	thought	behav_sub-01_run-04_trial-33.wav	5	1.4125	1.5325
sub-01	4	33	thought	behav_sub-01_run-04_trial-33.wav	6	1.6125	1.7125
sub-01	4	33	thought	behav_sub-01_run-04_trial-33.wav	7	1.7925	1.9125
sub-01	4	33	thought	behav_sub-01_run-04_trial-33.wav	8	1.9725	2.0925
sub-01	4	33	thought	behav_sub-01_run-04_trial-33.wav	9	2.1525	2.2725
sub-01	4	33	thought	behav_sub-01_run-04_trial-33.wav	10	2.3325	2.4525
sub-01	4	33	thought	behav_sub-01_run-04_trial-33.wav	11	2.5125	2.6325
sub-01	4	33	thought	behav_sub-01_run-04_trial-33.wav	12	2.7125	2.8325
sub-01	4	33	thought	behav_sub-01_run-04_trial-33.wav	13	2.9125	3.0125
sub-01	4	33	thought	behav_sub-01_run-04_trial-33.wav	14	3.0925	3.1925
sub-01	4	33	thought	behav_sub-01_run-04_trial-33.wav	15	3.2725	3.3925
sub-01	4	33	thought	behav_sub-01_run-04_trial-33.wav	16	3.4525	3.5725
sub-01	4	33	thought	behav_sub-01_run-04_trial-33.wav	17	3.6725	3.7725
sub-01	4	33	thought	behav_sub-01_run-04_trial-33.wav	18	3.8525	3.9725
sub-01	4	33	thought	behav_sub-01_run-04_trial-33.wav	19	4.0525	4.1725
sub-01	4	33	thought	behav_sub-01_run-04_trial-33.wav	20	4.2525	4.3925
sub-01	4	34	pot	behav_sub-01_run-04_trial-34.wav	1	0.4725	0.5925
sub-01	4	34	pot	behav_sub-01_run-04_trial-34.wav	2	0.6525	0.7725
sub-01	4	34	pot	behav_sub-01_run-04_trial-34.wav	3	0.8325	0.9525
sub-01	4	34	pot	behav_sub-01_run-04_trial-34.wav	4	1.0125	1.1325
sub-01	4	34	pot	behav_sub-01_run-04_trial-34.wav	5	1.1925	1.3125
sub-01	4	34	pot	behav_sub-01_run-04_trial-34.wav	6	1.3925	1.5125
sub-01	4	34	pot	behav_sub-01_run-04_trial-34.wav	7	1.5725	1.6925
sub-01	4	34	pot	behav_sub-01_run-04_trial-34.wav	8	1.7525	1.8725
sub-01	4	34	pot	behav_sub-01_run-04_trial-34.wav	9	1.9525	2.0725
sub-01	4	34	pot	behav_sub-01_run-04_trial-34.wav	10	2.1325	2.2725
sub-01	4	34	pot	behav_sub-01_run-04_trial-34.wav	11	2.3325	2.4525
sub-01	4	34	pot	behav_sub-01_run-04_trial-34.wav	12	2.5325	2.6325
sub-01	4	34	pot	behav_sub-01_run-04_trial-34.wav	13	2.7125	2.8325
sub-01	4	34	pot	behav_sub-01_run-04_trial-34.wav	14	2.9125	3.0125
sub-01	4	34	pot	behav_sub-01_run-04_trial-34.wav	15	3.0925	3.1925
sub-01	4	34	pot	behav_sub-01_run-04_trial-34.wav	16	3.2725	3.3925
sub-01	4	34	pot	behav_sub-01_run-04_trial-34.wav	17	3.4725	3.5725
sub-01	4	34	pot	behav_sub-01_run-04_trial-34.wav	18	3.6725	3.7725
sub-01	4	34	pot	behav_sub-01_run-04_trial-34.wav	19	3.8525	3.9525
sub-01	4	34	pot	behav_sub-01_run-04_trial-34.wav	20	4.0525	4.1525
sub-01	4	34	pot	behav_sub-01_run-04_trial-34.wav	21	4.2525	4.3525
sub-01	4	35	ter	behav_sub-01_run-04_trial-35.wav	1	0.2125	0.2925
sub-01	4	35	ter	behav_sub-01_run-04_trial-35.wav	2	0.2925	0.4925
sub-01	4	35	ter	behav_sub-01_run-04_trial-35.wav	3	0.4925	0.6525
sub-01	4	35	ter	behav_sub-01_run-04_trial-35.wav	4	0.6525	0.8125
sub-01	4	35	ter	behav_sub-01_run-04_trial-35.wav	5	0.8125	1.0125
sub-01	4	35	ter	behav_sub-01_run-04_trial-35.wav	6	1.0125	1.1725
sub-01	4	35	ter	behav_sub-01_run-04_trial-35.wav	7	1.1725	1.3725
sub-01	4	35	ter	behav_sub-01_run-04_trial-35.wav	8	1.3725	1.5125
sub-01	4	35	ter	behav_sub-01_run-04_trial-35.wav	9	1.5525	1.7325
sub-01	4	35	ter	behav_sub-01_run-04_trial-35.wav	10	1.7325	1.8925
sub-01	4	35	ter	behav_sub-01_run-04_trial-35.wav	11	1.8925	2.1125
sub-01	4	35	ter	behav_sub-01_run-04_trial-35.wav	12	2.1525	2.2925
sub-01	4	35	ter	behav_sub-01_run-04_trial-35.wav	13	2.3325	2.4925
sub-01	4	35	ter	behav_sub-01_run-04_trial-35.wav	14	2.4925	2.6725
sub-01	4	35	ter	behav_sub-01_run-04_trial-35.wav	15	2.7125	2.8525
sub-01	4	35	ter	behav_sub-01_run-04_trial-35.wav	16	2.8525	3.0525
sub-01	4	35	ter	behav_sub-01_run-04_trial-35.wav	17	3.0525	3.2525
sub-01	4	35	ter	behav_sub-01_run-04_trial-35.wav	18	3.2525	3.4125
sub-01	4	35	ter	behav_sub-01_run-04_trial-35.wav	19	3.4125	3.6125
sub-01	4	35	ter	behav_sub-01_run-04_trial-35.wav	20	3.6125	3.7725
sub-01	4	35	ter	behav_sub-01_run-04_trial-35.wav	21	3.7725	3.9325
sub-01	4	35	ter	behav_sub-01_run-04_trial-35.wav	22	3.9325	4.1125
sub-01	4	36	thurs	behav_sub-01_run-04_trial-36.wav	1	0.3525	0.4725
sub-01	4	36	thurs	behav_sub-01_run-04_trial-36.wav	2	0.4725	0.6925
sub-01	4	36	thurs	behav_sub-01_run-04_trial-36.wav	3	0.6925	0.9325
sub-01	4	36	thurs	behav_sub-01_run-04_trial-36.wav	4	0.9325	1.1125
sub-01	4	36	thurs	behav_sub-01_run-04_trial-36.wav	5	1.1125	1.3525
sub-01	4	36	thurs	behav_sub-01_run-04_trial-36.wav	6	1.3525	1.5725
sub-01	4	36	thurs	behav_sub-01_run-04_trial-36.wav	7	1.5725	1.7725
sub-01	4	36	thurs	behav_sub-01_run-04_trial-36.wav	8	1.7725	1.8725
sub-01	4	36	thurs	behav_sub-01_run-04_trial-36.wav	9	1.8725	1.9925
sub-01	4	36	thurs	behav_sub-01_run-04_trial-36.wav	10	1.9925	2.2125
sub-01	4	36	thurs	behav_sub-01_run-04_trial-36.wav	11	2.2125	2.4525
sub-01	4	36	thurs	behav_sub-01_run-04_trial-36.wav	12	2.4525	2.6325
sub-01	4	36	thurs	behav_sub-01_run-04_trial-36.wav	13	2.6325	2.8725
sub-01	4	36	thurs	behav_sub-01_run-04_trial-36.wav	14	2.8725	3.1125
sub-01	4	36	thurs	behav_sub-01_run-04_trial-36.wav	15	3.1125	3.3525
sub-01	4	36	thurs	behav_sub-01_run-04_trial-36.wav	16	3.3525	3.6125
sub-01	4	36	thurs	behav_sub-01_run-04_trial-36.wav	17	3.6125	3.8525
sub-01	4	36	thurs	behav_sub-01_run-04_trial-36.wav	18	3.8525	4.1125
sub-01	4	36	thurs	behav_sub-01_run-04_trial-36.wav	19	4.1125	4.5000
sub-01	4	37	fee	behav_sub-01_run-04_trial-37.wav	1	0.3725	0.4925
sub-01	4	37	fee	behav_sub-01_run-04_trial-37.wav	2	0.4925	0.6725
sub-01	4	37	fee	behav_sub-01_run-04_trial-37.wav	3	0.6725	0.8725
sub-01	4	37	fee	behav_sub-01_run-04_trial-37.wav	4	0.8725	1.0525
sub-01	4	37	fee	behav_sub-01_run-04_trial-37.wav	5	1.0525	1.2525
sub-01	4	37	fee	behav_sub-01_run-04_trial-37.wav	6	1.3125	1.4525
sub-01	4	37	fee	behav_sub-01_run-04_trial-37.wav	7	1.5125	1.6325
sub-01	4	37	fee	behav_sub-01_run-04_trial-37.wav	8	1.6925	1.8125
sub-01	4	37	fee	behav_sub-01_run-04_trial-37.wav	9	1.8925	1.9925
sub-01	4	37	fee	behav_sub-01_run-04_trial-37.wav	10	2.0525	2.1725
sub-01	4	37	fee	behav_sub-01_run-04_trial-37.wav	11	2.2525	2.3725
sub-01	4	37	fee	behav_sub-01_run-04_trial-37.wav	12	2.4525	2.5925
sub-01	4	37	fee	behav_sub-01_run-04_trial-37.wav	13	2.6525	2.7725
sub-01	4	37	fee	behav_sub-01_run-04_trial-37.wav	14	2.8525	2.9725
sub-01	4	37	fee	behav_sub-01_run-04_trial-37.wav	15	3.0325	3.1525
sub-01	4	37	fee	behav_sub-01_run-04_trial-37.wav	16	3.2325	3.3725
sub-01	4	37	fee	behav_sub-01_run-04_trial-37.wav	17	3.4325	3.5525
sub-01	4	37	fee	behav_sub-01_run-04_trial-37.wav	18	3.6125	3.7325
sub-01	4	37	fee	behav_sub-01_run-04_trial-37.wav	19	3.8125	3.9125
sub-01	4	37	fee	behav_sub-01_run-04_trial-37.wav	20	3.9925	4.1125
sub-01	4	37	fee	behav_sub-01_run-04_trial-37.wav	21	4.1725	4.3125
sub-01	4	37	fee	behav_sub-01_run-04_trial-37.wav	22	4.3725	4.4725
sub-01	4	38	ser	behav_sub-01_run-04_trial-38.wav	1	0.4925	0.6125
sub-01	4	38	ser	behav_sub-01_run-04_trial-38.wav	2	0.6125	0.7925
sub-01	4	38	ser	behav_sub-01_run-04_trial-38.wav	3	0.7925	0.9725
sub-01	4	38	ser	behav_sub-01_run-04_trial-38.wav	4	0.9725	1.0525
sub-01	4	38	ser	behav_sub-01_run-04_trial-38.wav	5	1.0525	1.1525
sub-01	4	38	ser	behav_sub-01_run-04_trial-38.wav	6	1.1525	1.4325
sub-01	4	38	ser	behav_sub-01_run-04_trial-38.wav	7	1.4325	1.5925
sub-01	4	38	ser	behav_sub-01_run-04_trial-38.wav	8	1.5925	1.7925
sub-01	4	38	ser	behav_sub-01_run-04_trial-38.wav	9	1.7925	1.9925
sub-01	4	38	ser	behav_sub-01_run-04_trial-38.wav	10	1.9925	2.2125
sub-01	4	38	ser	behav_sub-01_run-04_trial-38.wav	11	2.2125	2.3125
sub-01	4	38	ser	behav_sub-01_run-04_trial-38.wav	12	2.3125	2.4525
sub-01	4	38	ser	behav_sub-01_run-04_trial-38.wav	13	2.4525	2.5525
sub-01	4	38	ser	behav_sub-01_run-04_trial-38.wav	14	2.5525	2.6925
sub-01	4	38	ser	behav_sub-01_run-04_trial-38.wav	15	2.6925	2.8125
sub-01	4	38	ser	behav_sub-01_run-04_trial-38.wav	16	2.8125	2.9125
sub-01	4	38	ser	behav_sub-01_run-04_trial-38.wav	17	2.9125	3.1325
sub-01	4	38	ser	behav_sub-01_run-04_trial-38.wav	18	3.1325	3.2325
sub-01	4	38	ser	behav_sub-01_run-04_trial-38.wav	19	3.2325	3.3125
sub-01	4	38	ser	behav_sub-01_run-04_trial-38.wav	20	3.3125	3.5325
sub-01	4	38	ser	behav_sub-01_run-04_trial-38.wav	21	3.5325	3.7125
sub-01	4	38	ser	behav_sub-01_run-04_trial-38.wav	22	3.7125	3.9125
sub-01	4	38	ser	behav_sub-01_run-04_trial-38.wav	23	3.9125	4.1525
sub-01	4	38	ser	behav_sub-01_run-04_trial-38.wav	24	4.1525	4.3725
sub-01	4	38	ser	behav_sub-01_run-04_trial-38.wav	25	4.3725	4.5000
sub-01	4	39	day	behav_sub-01_run-04_trial-39.wav	1	0.2125	0.2725
sub-01	4	39	day	behav_sub-01_run-04_trial-39.wav	2	0.3325	0.4525
sub-01	4	39	day	behav_sub-01_run-04_trial-39.wav	3	0.4525	0.6525
sub-01	4	39	day	behav_sub-01_run-04_trial-39.wav	4	0.6525	0.8125
sub-01	4	39	day	behav_sub-01_run-04_trial-39.wav	5	0.8125	0.9925
sub-01	4	39	day	behav_sub-01_run-04_trial-39.wav	6	1.0525	1.2125
sub-01	4	39	day	behav_sub-01_run-04_trial-39.wav	7	1.2125	1.3725
sub-01	4	39	day	behav_sub-01_run-04_trial-39.wav	8	1.3725	1.5725
sub-01	4	39	day	behav_sub-01_run-04_trial-39.wav	9	1.5725	1.7325
sub-01	4	39	day	behav_sub-01_run-04_trial-39.wav	10	1.7325	1.9325
sub-01	4	39	day	behav_sub-01_run-04_trial-39.wav	11	1.9325	2.0925
sub-01	4	39	day	behav_sub-01_run-04_trial-39.wav	12	2.0925	2.2925
sub-01	4	39	day	behav_sub-01_run-04_trial-39.wav	13	2.2925	2.4925
sub-01	4	39	day	behav_sub-01_run-04_trial-39.wav	14	2.4925	2.6525
sub-01	4	39	day	behav_sub-01_run-04_trial-39.wav	15	2.6525	2.8525
sub-01	4	39	day	behav_sub-01_run-04_trial-39.wav	16	2.8525	3.0125
sub-01	4	39	day	behav_sub-01_run-04_trial-39.wav	17	3.0725	3.2525
sub-01	4	39	day	behav_sub-01_run-04_trial-39.wav	18	3.2525	3.4525
sub-01	4	39	day	behav_sub-01_run-04_trial-39.wav	19	3.4525	3.6125
sub-01	4	39	day	behav_sub-01_run-04_trial-39.wav	20	3.6125	3.8125
sub-01	4	39	day	behav_sub-01_run-04_trial-39.wav	21	3.8125	3.9525
sub-01	4	39	day	behav_sub-01_run-04_trial-39.wav	22	4.0325	4.1925
sub-01	4	40	pie	behav_sub-01_run-04_trial-40.wav	1	0.6525	0.7525
sub-01	4	40	pie	behav_sub-01_run-04_trial-40.wav	2	0.7925	0.9325
sub-01	4	40	pie	behav_sub-01_run-04_trial-40.wav	3	0.9725	1.1325
sub-01	4	40	pie	behav_sub-01_run-04_trial-40.wav	4	1.1725	1.3325
sub-01	4	40	pie	behav_sub-01_run-04_trial-40.wav	5	1.3325	1.4925
sub-01	4	40	pie	behav_sub-01_run-04_trial-40.wav	6	1.5525	1.6725
sub-01	4	40	pie	behav_sub-01_run-04_trial-40.wav	7	1.7325	1.8725
sub-01	4	40	pie	behav_sub-01_run-04_trial-40.wav	8	1.9325	2.0725
sub-01	4	40	pie	behav_sub-01_run-04_trial-40.wav	9	2.1325	2.2725
sub-01	4	40	pie	behav_sub-01_run-04_trial-40.wav	10	2.3325	2.4325
sub-01	4	40	pie	behav_sub-01_run-04_trial-40.wav	11	2.4925	2.6125
sub-01	4	40	pie	behav_sub-01_run-04_trial-40.wav	12	2.6725	2.7925
sub-01	4	40	pie	behav_sub-01_run-04_trial-40.wav	13	2.8525	2.9725
sub-01	4	40	pie	behav_sub-01_run-04_trial-40.wav	14	3.0325	3.1525
sub-01	4	40	pie	behav_sub-01_run-04_trial-40.wav	15	3.2325	3.3525
sub-01	4	40	pie	behav_sub-01_run-04_trial-40.wav	16	3.4125	3.5525
sub-01	4	40	pie	behav_sub-01_run-04_trial-40.wav	17	3.6125	3.7325
sub-01	4	40	pie	behav_sub-01_run-04_trial-40.wav	18	3.7925	3.9725
sub-01	4	41	ser	behav_sub-01_run-04_trial-41.wav	1	0.8125	0.9725
sub-01	4	41	ser	behav_sub-01_run-04_trial-41.wav	2	0.9725	1.1525
sub-01	4	41	ser	behav_sub-01_run-04_trial-41.wav	3	1.1525	1.3325
sub-01	4	41	ser	behav_sub-01_run-04_trial-41.wav	4	1.3325	1.5125
sub-01	4	41	ser	behav_sub-01_run-04_trial-41.wav	5	1.5125	1.6525
sub-01	4	41	ser	behav_sub-01_run-04_trial-41.wav	6	1.6525	1.7325
sub-01	4	41	ser	behav_sub-01_run-04_trial-41.wav	7	1.7325	1.8525
sub-01	4	41	ser	behav_sub-01_run-04_trial-41.wav	8	1.8525	2.0125
sub-01	4	41	ser	behav_sub-01_run-04_trial-41.wav	9	2.0525	2.2125
sub-01	4	41	ser	behav_sub-01_run-04_trial-41.wav	10	2.2125	2.2925
sub-01	4	41	ser	behav_sub-01_run-04_trial-41.wav	11	2.2925	2.4125
sub-01	4	41	ser	behav_sub-01_run-04_trial-41.wav	12	2.4125	2.5925
sub-01	4	41	ser	behav_sub-01_run-04_trial-41.wav	13	2.5925	2.8125
sub-01	4	41	ser	behav_sub-01_run-04_trial-41.wav	14	2.8125	3.0525
sub-01	4	41	ser	behav_sub-01_run-04_trial-41.wav	15	3.0525	3.1725
sub-01	4	41	ser	behav_sub-01_run-04_trial-41.wav	16	3.1725	3.3525
sub-01	4	41	ser	behav_sub-01_run-04_trial-41.wav	17	3.3525	3.6725
sub-01	4	41	ser	behav_sub-01_run-04_trial-41.wav	18	3.6725	3.7725
sub-01	4	41	ser	behav_sub-01_run-04_trial-41.wav	19	3.7725	3.9925
sub-01	4	41	ser	behav_sub-01_run-04_trial-41.wav	20	3.9925	4.2125
sub-01	4	41	ser	behav_sub-01_run-04_trial-41.wav	21	4.2125	4.4525
sub-01	4	42	pie	behav_sub-01_run-04_trial-42.wav	1	0.2325	0.2925
sub-01	4	42	pie	behav_sub-01_run-04_trial-42.wav	2	0.3725	0.4725
sub-01	4	42	pie	behav_sub-01_run-04_trial-42.wav	3	0.5325	0.6725
sub-01	4	42	pie	behav_sub-01_run-04_trial-42.wav	4	0.7325	0.8525
sub-01	4	42	pie	behav_sub-01_run-04_trial-42.wav	5	0.9125	1.0525
sub-01	4	42	pie	behav_sub-01_run-04_trial-42.wav	6	1.1125	1.2325
sub-01	4	42	pie	behav_sub-01_run-04_trial-42.wav	7	1.2925	1.4325
sub-01	4	42	pie	behav_sub-01_run-04_trial-42.wav	8	1.4925	1.6325
sub-01	4	42	pie	behav_sub-01_run-04_trial-42.wav	9	1.6925	1.8125
sub-01	4	42	pie	behav_sub-01_run-04_trial-42.wav	10	1.8525	1.9725
sub-01	4	42	pie	behav_sub-01_run-04_trial-42.wav	11	2.0325	2.1525
sub-01	4	42	pie	behav_sub-01_run-04_trial-42.wav	12	2.2125	2.3325
sub-01	4	42	pie	behav_sub-01_run-04_trial-42.wav	13	2.3925	2.5525
sub-01	4	42	pie	behav_sub-01_run-04_trial-42.wav	14	2.5925	2.7325
sub-01	4	42	pie	behav_sub-01_run-04_trial-42.wav	15	2.8125	2.8925
sub-01	4	42	pie	behav_sub-01_run-04_trial-42.wav	16	2.9725	3.1125
sub-01	4	42	pie	behav_sub-01_run-04_trial-42.wav	17	3.1725	3.3125
sub-01	4	42	pie	behav_sub-01_run-04_trial-42.wav	18	3.3725	3.4925
sub-01	4	42	pie	behav_sub-01_run-04_trial-42.wav	19	3.5725	3.7125
sub-01	4	43	day	behav_sub-01_run-04_trial-43.wav	1	0.3325	0.4525
sub-01	4	43	day	behav_sub-01_run-04_trial-43.wav	2	0.4925	0.6525
sub-01	4	43	day	behav_sub-01_run-04_trial-43.wav	3	0.6525	0.8125
sub-01	4	43	day	behav_sub-01_run-04_trial-43.wav	4	0.8525	1.0125
sub-01	4	43	day	behav_sub-01_run-04_trial-43.wav	5	1.0125	1.2125
sub-01	4	43	day	behav_sub-01_run-04_trial-43.wav	6	1.2125	1.3725
sub-01	4	43	day	behav_sub-01_run-04_trial-43.wav	7	1.3725	1.5725
sub-01	4	43	day	behav_sub-01_run-04_trial-43.wav	8	1.5725	1.7325
sub-01	4	43	day	behav_sub-01_run-04_trial-43.wav	9	1.7925	1.9525
sub-01	4	43	day	behav_sub-01_run-04_trial-43.wav	10	1.9925	2.1125
sub-01	4	43	day	behav_sub-01_run-04_trial-43.wav	11	2.1725	2.3125
sub-01	4	43	day	behav_sub-01_run-04_trial-43.wav	12	2.3725	2.5325
sub-01	4	43	day	behav_sub-01_run-04_trial-43.wav	13	2.5325	2.6925
sub-01	4	43	day	behav_sub-01_run-04_trial-43.wav	14	2.7525	2.8725
sub-01	4	43	day	behav_sub-01_run-04_trial-43.wav	15	2.9325	3.0525
sub-01	4	43	day	behav_sub-01_run-04_trial-43.wav	16	3.0925	3.4325
sub-01	4	43	day	behav_sub-01_run-04_trial-43.wav	17	3.4925	3.6125
sub-01	4	43	day	behav_sub-01_run-04_trial-43.wav	18	3.6925	3.8125
sub-01	4	43	day	behav_sub-01_run-04_trial-43.wav	19	3.8525	3.9925
sub-01	4	43	day	behav_sub-01_run-04_trial-43.wav	20	4.0525	4.1925
sub-01	4	43	day	behav_sub-01_run-04_trial-43.wav	21	4.2325	4.3725
sub-01	4	44	mih	behav_sub-01_run-04_trial-44.wav	1	0.8725	1.0325
sub-01	4	44	mih	behav_sub-01_run-04_trial-44.wav	2	1.0325	1.2125
sub-01	4	44	mih	behav_sub-01_run-04_trial-44.wav	3	1.2125	1.3725
sub-01	4	44	mih	behav_sub-01_run-04_trial-44.wav	4	1.3725	1.5325
sub-01	4	44	mih	behav_sub-01_run-04_trial-44.wav	5	1.5325	1.6925
sub-01	4	44	mih	behav_sub-01_run-04_trial-44.wav	6	1.6925	1.8525
sub-01	4	44	mih	behav_sub-01_run-04_trial-44.wav	7	1.8525	1.9925
sub-01	4	44	mih	behav_sub-01_run-04_trial-44.wav	8	1.9925	2.1525
sub-01	4	44	mih	behav_sub-01_run-04_trial-44.wav	9	2.1525	2.3125
sub-01	4	44	mih	behav_sub-01_run-04_trial-44.wav	10	2.3125	2.4725
sub-01	4	44	mih	behav_sub-01_run-04_trial-44.wav	11	2.4725	2.6325
sub-01	4	44	mih	behav_sub-01_run-04_trial-44.wav	12	2.6325	2.8125
sub-01	4	44	mih	behav_sub-01_run-04_trial-44.wav	13	2.8125	2.9725
sub-01	4	44	mih	behav_sub-01_run-04_trial-44.wav	14	2.9725	3.1525
sub-01	4	44	mih	behav_sub-01_run-04_trial-44.wav	15	3.1525	3.2925
sub-01	4	44	mih	behav_sub-01_run-04_trial-44.wav	16	3.2925	3.4525
sub-01	4	44	mih	behav_sub-01_run-04_trial-44.wav	17	3.4525	3.6325
sub-01	4	44	mih	behav_sub-01_run-04_trial-44.wav	18	3.6325	3.7925
sub-01	4	44	mih	behav_sub-01_run-04_trial-44.wav	19	3.7925	3.9525
sub-01	4	44	mih	behav_sub-01_run-04_trial-44.wav	20	3.9525	4.0925
sub-01	4	44	mih	behav_sub-01_run-04_trial-44.wav	21	4.0925	4.2525
sub-01	4	44	mih	behav_sub-01_run-04_trial-44.wav	22	4.2525	4.3725
sub-01	4	45	ter	behav_sub-01_run-04_trial-45.wav	1	0.7325	0.8525
sub-01	4	45	ter	behav_sub-01_run-04_trial-45.wav	2	0.8525	0.9925
sub-01	4	45	ter	behav_sub-01_run-04_trial-45.wav	3	0.9925	1.1325
sub-01	4	45	ter	behav_sub-01_run-04_trial-45.wav	4	1.1325	1.2925
sub-01	4	45	ter	behav_sub-01_run-04_trial-45.wav	5	1.2925	1.4525
sub-01	4	45	ter	behav_sub-01_run-04_trial-45.wav	6	1.4525	1.6125
sub-01	4	45	ter	behav_sub-01_run-04_trial-45.wav	7	1.6125	1.7725
sub-01	4	45	ter	behav_sub-01_run-04_trial-45.wav	8	1.7725	1.9125
sub-01	4	45	ter	behav_sub-01_run-04_trial-45.wav	9	1.9525	2.0525
sub-01	4	45	ter	behav_sub-01_run-04_trial-45.wav	10	2.1125	2.2125
sub-01	4	45	ter	behav_sub-01_run-04_trial-45.wav	11	2.2725	2.4125
sub-01	4	45	ter	behav_sub-01_run-04_trial-45.wav	12	2.4125	2.5325
sub-01	4	45	ter	behav_sub-01_run-04_trial-45.wav	13	2.5925	2.7725
sub-01	4	45	ter	behav_sub-01_run-04_trial-45.wav	14	2.7725	2.9125
sub-01	4	45	ter	behav_sub-01_run-04_trial-45.wav	15	2.9725	3.0925
sub-01	4	45	ter	behav_sub-01_run-04_trial-45.wav	16	3.0925	3.2525
sub-01	4	45	ter	behav_sub-01_run-04_trial-45.wav	17	3.2525	3.4125
sub-01	4	45	ter	behav_sub-01_run-04_trial-45.wav	18	3.4125	3.5725
sub-01	4	45	ter	behav_sub-01_run-04_trial-45.wav	19	3.6325	3.7525
sub-01	4	45	ter	behav_sub-01_run-04_trial-45.wav	20	3.7925	3.9325
sub-01	4	45	ter	behav_sub-01_run-04_trial-45.wav	21	3.9325	4.0925
sub-01	4	45	ter	behav_sub-01_run-04_trial-45.wav	22	4.0925	4.2325
sub-01	4	45	ter	behav_sub-01_run-04_trial-45.wav	23	4.2725	4.3725
sub-01	4	46	naw	behav_sub-01_run-04_trial-46.wav	1	0.4925	0.6325
sub-01	4	46	naw	behav_sub-01_run-04_trial-46.wav	2	0.6325	0.7925
sub-01	4	46	naw	behav_sub-01_run-04_trial-46.wav	3	0.7925	0.9725
sub-01	4	46	naw	behav_sub-01_run-04_trial-46.wav	4	0.9725	1.1325
sub-01	4	46	naw	behav_sub-01_run-04_trial-46.wav	5	1.1325	1.3125
sub-01	4	46	naw	behav_sub-01_run-04_trial-46.wav	6	1.3125	1.4725
sub-01	4	46	naw	behav_sub-01_run-04_trial-46.wav	7	1.4725	1.6525
sub-01	4	46	naw	behav_sub-01_run-04_trial-46.wav	8	1.6525	1.8125
sub-01	4	46	naw	behav_sub-01_run-04_trial-46.wav	9	1.8125	1.9725
sub-01	4	46	naw	behav_sub-01_run-04_trial-46.wav	10	1.9725	2.1325
sub-01	4	46	naw	behav_sub-01_run-04_trial-46.wav	11	2.1325	2.3125
sub-01	4	46	naw	behav_sub-01_run-04_trial-46.wav	12	2.3125	2.4925
sub-01	4	46	naw	behav_sub-01_run-04_trial-46.wav	13	2.4925	2.6525
sub-01	4	46	naw	behav_sub-01_run-04_trial-46.wav	14	2.6525	2.8525
sub-01	4	46	naw	behav_sub-01_run-04_trial-46.wav	15	2.8525	3.0125
sub-01	4	46	naw	behav_sub-01_run-04_trial-46.wav	16	3.0125	3.1725
sub-01	4	46	naw	behav_sub-01_run-04_trial-46.wav	17	3.1725	3.3525
sub-01	4	46	naw	behav_sub-01_run-04_trial-46.wav	18	3.3525	3.5325
sub-01	4	46	naw	behav_sub-01_run-04_trial-46.wav	19	3.5325	3.6925
sub-01	4	46	naw	behav_sub-01_run-04_trial-46.wav	20	3.6925	3.8325
sub-01	4	46	naw	behav_sub-01_run-04_trial-46.wav	21	3.8325	4.0125
sub-01	4	46	naw	behav_sub-01_run-04_trial-46.wav	22	4.0125	4.1725
sub-01	4	46	naw	behav_sub-01_run-04_trial-46.wav	23	4.1725	4.3125
sub-01	4	47	per	behav_sub-01_run-04_trial-47.wav	1	0.4125	0.5325
sub-01	4	47	per	behav_sub-01_run-04_trial-47.wav	2	0.5325	0.6925
sub-01	4	47	per	behav_sub-01_run-04_trial-47.wav	3	0.7325	0.8525
sub-01	4	47	per	behav_sub-01_run-04_trial-47.wav	4	0.8925	0.9925
sub-01	4	47	per	behav_sub-01_run-04_trial-47.wav	5	1.0525	1.1925
sub-01	4	47	per	behav_sub-01_run-04_trial-47.wav	6	1.2525	1.3525
sub-01	4	47	per	behav_sub-01_run-04_trial-47.wav	7	1.4125	1.5125
sub-01	4	47	per	behav_sub-01_run-04_trial-47.wav	8	1.5725	1.6725
sub-01	4	47	per	behav_sub-01_run-04_trial-47.wav	9	1.7325	1.8325
sub-01	4	47	per	behav_sub-01_run-04_trial-47.wav	10	1.9125	2.0125
sub-01	4	47	per	behav_sub-01_run-04_trial-47.wav	11	2.0725	2.1725
sub-01	4	47	per	behav_sub-01_run-04_trial-47.wav	12	2.2325	2.3325
sub-01	4	47	per	behav_sub-01_run-04_trial-47.wav	13	2.3925	2.4925
sub-01	4	47	per	behav_sub-01_run-04_trial-47.wav	14	2.5525	2.6525
sub-01	4	47	per	behav_sub-01_run-04_trial-47.wav	15	2.7125	2.8125
sub-01	4	47	per	behav_sub-01_run-04_trial-47.wav	16	2.8925	2.9925
sub-01	4	47	per	behav_sub-01_run-04_trial-47.wav	17	3.0525	3.1525
sub-01	4	47	per	behav_sub-01_run-04_trial-47.wav	18	3.2325	3.3125
sub-01	4	47	per	behav_sub-01_run-04_trial-47.wav	19	3.3925	3.4925
sub-01	4	47	per	behav_sub-01_run-04_trial-47.wav	20	3.5525	3.6525
sub-01	4	47	per	behav_sub-01_run-04_trial-47.wav	21	3.7525	3.8325
sub-01	4	47	per	behav_sub-01_run-04_trial-47.wav	22	3.8925	3.9925
sub-01	4	47	per	behav_sub-01_run-04_trial-47.wav	23	4.0925	4.2325
sub-01	4	48	pot	behav_sub-01_run-04_trial-48.wav	1	0.5325	0.6325
sub-01	4	48	pot	behav_sub-01_run-04_trial-48.wav	2	0.6925	0.8125
sub-01	4	48	pot	behav_sub-01_run-04_trial-48.wav	3	0.8925	1.0125
sub-01	4	48	pot	behav_sub-01_run-04_trial-48.wav	4	1.0925	1.2125
sub-01	4	48	pot	behav_sub-01_run-04_trial-48.wav	5	1.2725	1.4125
sub-01	4	48	pot	behav_sub-01_run-04_trial-48.wav	6	1.4725	1.6125
sub-01	4	48	pot	behav_sub-01_run-04_trial-48.wav	7	1.6525	1.7925
sub-01	4	48	pot	behav_sub-01_run-04_trial-48.wav	8	1.8725	1.9725
sub-01	4	48	pot	behav_sub-01_run-04_trial-48.wav	9	2.0525	2.1725
sub-01	4	48	pot	behav_sub-01_run-04_trial-48.wav	10	2.2525	2.3725
sub-01	4	48	pot	behav_sub-01_run-04_trial-48.wav	11	2.4325	2.5725
sub-01	4	48	pot	behav_sub-01_run-04_trial-48.wav	12	2.6325	2.7525
sub-01	4	48	pot	behav_sub-01_run-04_trial-48.wav	13	2.8325	2.9725
sub-01	4	48	pot	behav_sub-01_run-04_trial-48.wav	14	3.0325	3.1725
sub-01	4	48	pot	behav_sub-01_run-04_trial-48.wav	15	3.2725	3.3725
sub-01	4	48	pot	behav_sub-01_run-04_trial-48.wav	16	3.4525	3.5725
sub-01	4	48	pot	behav_sub-01_run-04_trial-48.wav	17	3.6525	3.7725
sub-01	4	48	pot	behav_sub-01_run-04_trial-48.wav	18	3.8525	3.9725
sub-01	4	48	pot	behav_sub-01_run-04_trial-48.wav	19	4.0525	4.1925
sub-01	4	48	pot	behav_sub-01_run-04_trial-48.wav	20	4.2925	4.4325
sub-01	4	49	thurs	behav_sub-01_run-04_trial-49.wav	1	0.2525	0.3525
sub-01	4	49	thurs	behav_sub-01_run-04_trial-49.wav	2	0.3525	0.4525
sub-01	4	49	thurs	behav_sub-01_run-04_trial-49.wav	3	0.4525	0.5925
sub-01	4	49	thurs	behav_sub-01_run-04_trial-49.wav	4	0.5925	0.7925
sub-01	4	49	thurs	behav_sub-01_run-04_trial-49.wav	5	0.7925	1.0125
sub-01	4	49	thurs	behav_sub-01_run-04_trial-49.wav	6	1.0125	1.2125
sub-01	4	49	thurs	behav_sub-01_run-04_trial-49.wav	7	1.2125	1.4325
sub-01	4	49	thurs	behav_sub-01_run-04_trial-49.wav	8	1.4325	1.6525
sub-01	4	49	thurs	behav_sub-01_run-04_trial-49.wav	9	1.6525	1.8725
sub-01	4	49	thurs	behav_sub-01_run-04_trial-49.wav	10	1.8725	2.0925
sub-01	4	49	thurs	behav_sub-01_run-04_trial-49.wav	11	2.0925	2.3125
sub-01	4	49	thurs	behav_sub-01_run-04_trial-49.wav	12	2.3125	2.5325
sub-01	4	49	thurs	behav_sub-01_run-04_trial-49.wav	13	2.5325	2.7725
sub-01	4	49	thurs	behav_sub-01_run-04_trial-49.wav	14	2.7725	2.9725
sub-01	4	49	thurs	behav_sub-01_run-04_trial-49.wav	15	2.9725	3.1925
sub-01	4	49	thurs	behav_sub-01_run-04_trial-49.wav	16	3.1925	3.4125
sub-01	4	49	thurs	behav_sub-01_run-04_trial-49.wav	17	3.4125	3.6725
sub-01	4	49	thurs	behav_sub-01_run-04_trial-49.wav	18	3.6725	3.8925
sub-01	4	49	thurs	behav_sub-01_run-04_trial-49.wav	19	3.8925	4.3325
sub-01	4	50	pie	behav_sub-01_run-04_trial-50.wav	1	0.5525	0.6925
sub-01	4	50	pie	behav_sub-01_run-04_trial-50.wav	2	0.6925	0.8525
sub-01	4	50	pie	behav_sub-01_run-04_trial-50.wav	3	0.8525	1.0325
sub-01	4	50	pie	behav_sub-01_run-04_trial-50.wav	4	1.0925	1.2325
sub-01	4	50	pie	behav_sub-01_run-04_trial-50.wav	5	1.2725	1.4125
sub-01	4	50	pie	behav_sub-01_run-04_trial-50.wav	6	1.4525	1.6125
sub-01	4	50	pie	behav_sub-01_run-04_trial-50.wav	7	1.6525	1.8125
sub-01	4	50	pie	behav_sub-01_run-04_trial-50.wav	8	1.8125	1.9725
sub-01	4	50	pie	behav_sub-01_run-04_trial-50.wav	9	2.0325	2.1725
sub-01	4	50	pie	behav_sub-01_run-04_trial-50.wav	10	2.2325	2.3925
sub-01	4	50	pie	behav_sub-01_run-04_trial-50.wav	11	2.4325	2.5725
sub-01	4	50	pie	behav_sub-01_run-04_trial-50.wav	12	2.6325	2.7725
sub-01	4	50	pie	behav_sub-01_run-04_trial-50.wav	13	2.8525	2.9925
sub-01	4	50	pie	behav_sub-01_run-04_trial-50.wav	14	3.0525	3.1725
sub-01	4	50	pie	behav_sub-01_run-04_trial-50.wav	15	3.2325	3.3725
sub-01	4	50	pie	behav_sub-01_run-04_trial-50.wav	16	3.4325	3.5725
sub-01	4	50	pie	behav_sub-01_run-04_trial-50.wav	17	3.6125	3.7725
sub-01	4	50	pie	behav_sub-01_run-04_trial-50.wav	18	3.8325	3.9725
sub-01	4	50	pie	behav_sub-01_run-04_trial-50.wav	19	4.0325	4.1725
sub-01	4	50	pie	behav_sub-01_run-04_trial-50.wav	20	4.2525	4.4325
sub-01	4	51	ter	behav_sub-01_run-04_trial-51.wav	1	0.6525	0.7725
sub-01	4	51	ter	behav_sub-01_run-04_trial-51.wav	2	0.7725	0.9325
sub-01	4	51	ter	behav_sub-01_run-04_trial-51.wav	3	0.9325	1.0925
sub-01	4	51	ter	behav_sub-01_run-04_trial-51.wav	4	1.1525	1.2725
sub-01	4	51	ter	behav_sub-01_run-04_trial-51.wav	5	1.3325	1.4725
sub-01	4	51	ter	behav_sub-01_run-04_trial-51.wav	6	1.5325	1.6325
sub-01	4	51	ter	behav_sub-01_run-04_trial-51.wav	7	1.6925	1.8125
sub-01	4	51	ter	behav_sub-01_run-04_trial-51.wav	8	1.8725	1.9925
sub-01	4	51	ter	behav_sub-01_run-04_trial-51.wav	9	2.0525	2.2125
sub-01	4	51	ter	behav_sub-01_run-04_trial-51.wav	10	2.2525	2.3725
sub-01	4	51	ter	behav_sub-01_run-04_trial-51.wav	11	2.4325	2.5525
sub-01	4	51	ter	behav_sub-01_run-04_trial-51.wav	12	2.6125	2.7725
sub-01	4	51	ter	behav_sub-01_run-04_trial-51.wav	13	2.7725	2.9325
sub-01	4	51	ter	behav_sub-01_run-04_trial-51.wav	14	2.9925	3.1325
sub-01	4	51	ter	behav_sub-01_run-04_trial-51.wav	15	3.1325	3.3125
sub-01	4	51	ter	behav_sub-01_run-04_trial-51.wav	16	3.3125	3.4325
sub-01	4	51	ter	behav_sub-01_run-04_trial-51.wav	17	3.5125	3.6525
sub-01	4	51	ter	behav_sub-01_run-04_trial-51.wav	18	3.6525	3.7925
sub-01	4	51	ter	behav_sub-01_run-04_trial-51.wav	19	3.8525	3.9725
sub-01	4	51	ter	behav_sub-01_run-04_trial-51.wav	20	4.0325	4.1525
sub-01	4	51	ter	behav_sub-01_run-04_trial-51.wav	21	4.2125	4.3725
sub-01	4	52	fee	behav_sub-01_run-04_trial-52.wav	1	0.6725	0.7925
sub-01	4	52	fee	behav_sub-01_run-04_trial-52.wav	2	0.7925	0.9525
sub-01	4	52	fee	behav_sub-01_run-04_trial-52.wav	3	0.9525	1.1125
sub-01	4	52	fee	behav_sub-01_run-04_trial-52.wav	4	1.1725	1.2725
sub-01	4	52	fee	behav_sub-01_run-04_trial-52.wav	5	1.3525	1.4725
sub-01	4	52	fee	behav_sub-01_run-04_trial-52.wav	6	1.5325	1.6325
sub-01	4	52	fee	behav_sub-01_run-04_trial-52.wav	7	1.6925	1.7925
sub-01	4	52	fee	behav_sub-01_run-04_trial-52.wav	8	1.8725	1.9725
sub-01	4	52	fee	behav_sub-01_run-04_trial-52.wav	9	2.0525	2.1525
sub-01	4	52	fee	behav_sub-01_run-04_trial-52.wav	10	2.2325	2.3325
sub-01	4	52	fee	behav_sub-01_run-04_trial-52.wav	11	2.3925	2.4925
sub-01	4	52	fee	behav_sub-01_run-04_trial-52.wav	12	2.5725	2.6525
sub-01	4	52	fee	behav_sub-01_run-04_trial-52.wav	13	2.7125	2.8325
sub-01	4	52	fee	behav_sub-01_run-04_trial-52.wav	14	2.8925	2.9925
sub-01	4	52	fee	behav_sub-01_run-04_trial-52.wav	15	2.9925	3.1725
sub-01	4	52	fee	behav_sub-01_run-04_trial-52.wav	16	3.2325	3.3525
sub-01	4	52	fee	behav_sub-01_run-04_trial-52.wav	17	3.3525	3.5325
sub-01	4	52	fee	behav_sub-01_run-04_trial-52.wav	18	3.5325	3.6925
sub-01	4	52	fee	behav_sub-01_run-04_trial-52.wav	19	3.6925	3.8925
sub-01	4	52	fee	behav_sub-01_run-04_trial-52.wav	20	3.9525	4.0725
sub-01	4	52	fee	behav_sub-01_run-04_trial-52.wav	21	4.1525	4.2525
sub-01	4	52	fee	behav_sub-01_run-04_trial-52.wav	22	4.3125	4.4325
sub-01	4	53	thought	behav_sub-01_run-04_trial-53.wav	1	0.5525	0.6325
sub-01	4	53	thought	behav_sub-01_run-04_trial-53.wav	2	0.6925	0.8125
sub-01	4	53	thought	behav_sub-01_run-04_trial-53.wav	3	0.8725	0.9725
sub-01	4	53	thought	behav_sub-01_run-04_trial-53.wav	4	1.0325	1.1525
sub-01	4	53	thought	behav_sub-01_run-04_trial-53.wav	5	1.2125	1.3125
sub-01	4	53	thought	behav_sub-01_run-04_trial-53.wav	6	1.3925	1.4925
sub-01	4	53	thought	behav_sub-01_run-04_trial-53.wav	7	1.5525	1.6525
sub-01	4	53	thought	behav_sub-01_run-04_trial-53.wav	8	1.7325	1.8325
sub-01	4	53	thought	behav_sub-01_run-04_trial-53.wav	9	1.8925	2.0125
sub-01	4	53	thought	behav_sub-01_run-04_trial-53.wav	10	2.0725	2.1925
sub-01	4	53	thought	behav_sub-01_run-04_trial-53.wav	11	2.2525	2.3725
sub-01	4	53	thought	behav_sub-01_run-04_trial-53.wav	12	2.4325	2.5125
sub-01	4	53	thought	behav_sub-01_run-04_trial-53.wav	13	2.5725	2.6925
sub-01	4	53	thought	behav_sub-01_run-04_trial-53.wav	14	2.7525	2.8725
sub-01	4	53	thought	behav_sub-01_run-04_trial-53.wav	15	2.9525	3.0525
sub-01	4	53	thought	behav_sub-01_run-04_trial-53.wav	16	3.1325	3.2325
sub-01	4	53	thought	behav_sub-01_run-04_trial-53.wav	17	3.2925	3.4125
sub-01	4	53	thought	behav_sub-01_run-04_trial-53.wav	18	3.4725	3.6125
sub-01	4	53	thought	behav_sub-01_run-04_trial-53.wav	19	3.6925	3.7725
sub-01	4	53	thought	behav_sub-01_run-04_trial-53.wav	20	3.8725	3.9725
sub-01	4	53	thought	behav_sub-01_run-04_trial-53.wav	21	4.0525	4.1325
sub-01	4	53	thought	behav_sub-01_run-04_trial-53.wav	22	4.2125	4.3325
sub-01	4	54	naw	behav_sub-01_run-04_trial-54.wav	1	0.7725	0.9725
sub-01	4	54	naw	behav_sub-01_run-04_trial-54.wav	2	0.9725	1.1325
sub-01	4	54	naw	behav_sub-01_run-04_trial-54.wav	3	1.1325	1.3125
sub-01	4	54	naw	behav_sub-01_run-04_trial-54.wav	4	1.3125	1.4925
sub-01	4	54	naw	behav_sub-01_run-04_trial-54.wav	5	1.4925	1.6525
sub-01	4	54	naw	behav_sub-01_run-04_trial-54.wav	6	1.6525	1.8325
sub-01	4	54	naw	behav_sub-01_run-04_trial-54.wav	7	1.8325	2.0125
sub-01	4	54	naw	behav_sub-01_run-04_trial-54.wav	8	2.0125	2.1725
sub-01	4	54	naw	behav_sub-01_run-04_trial-54.wav	9	2.1725	2.3325
sub-01	4	54	naw	behav_sub-01_run-04_trial-54.wav	10	2.3325	2.4925
sub-01	4	54	naw	behav_sub-01_run-04_trial-54.wav	11	2.4925	2.7125
sub-01	4	54	naw	behav_sub-01_run-04_trial-54.wav	12	2.7125	2.8725
sub-01	4	54	naw	behav_sub-01_run-04_trial-54.wav	13	2.8725	3.0525
sub-01	4	54	naw	behav_sub-01_run-04_trial-54.wav	14	3.0525	3.2125
sub-01	4	54	naw	behav_sub-01_run-04_trial-54.wav	15	3.2125	3.3925
sub-01	4	54	naw	behav_sub-01_run-04_trial-54.wav	16	3.3925	3.5525
sub-01	4	54	naw	behav_sub-01_run-04_trial-54.wav	17	3.5525	3.6925
sub-01	4	54	naw	behav_sub-01_run-04_trial-54.wav	18	3.6925	3.8725
sub-01	4	54	naw	behav_sub-01_run-04_trial-54.wav	19	3.8725	4.0525
sub-01	4	54	naw	behav_sub-01_run-04_trial-54.wav	20	4.0525	4.2325
sub-01	4	54	naw	behav_sub-01_run-04_trial-54.wav	21	4.2325	4.3725
sub-01	4	54	naw	behav_sub-01_run-04_trial-54.wav	22	4.3725	4.5000
sub-01	4	55	per	behav_sub-01_run-04_trial-55.wav	1	0.9125	1.0125
sub-01	4	55	per	behav_sub-01_run-04_trial-55.wav	2	1.0125	1.1525
sub-01	4	55	per	behav_sub-01_run-04_trial-55.wav	3	1.2325	1.3325
sub-01	4	55	per	behav_sub-01_run-04_trial-55.wav	4	1.3725	1.4925
sub-01	4	55	per	behav_sub-01_run-04_trial-55.wav	5	1.4925	1.6325
sub-01	4	55	per	behav_sub-01_run-04_trial-55.wav	6	1.6925	1.7925
sub-01	4	55	per	behav_sub-01_run-04_trial-55.wav	7	1.8725	1.9725
sub-01	4	55	per	behav_sub-01_run-04_trial-55.wav	8	2.0325	2.1125
sub-01	4	55	per	behav_sub-01_run-04_trial-55.wav	9	2.1725	2.2725
sub-01	4	55	per	behav_sub-01_run-04_trial-55.wav	10	2.3525	2.4325
sub-01	4	55	per	behav_sub-01_run-04_trial-55.wav	11	2.4925	2.5925
sub-01	4	55	per	behav_sub-01_run-04_trial-55.wav	12	2.6525	2.7325
sub-01	4	55	per	behav_sub-01_run-04_trial-55.wav	13	2.8125	2.8925
sub-01	4	55	per	behav_sub-01_run-04_trial-55.wav	14	2.9725	3.1925
sub-01	4	55	per	behav_sub-01_run-04_trial-55.wav	15	3.2925	3.3725
sub-01	4	55	per	behav_sub-01_run-04_trial-55.wav	16	3.4325	3.5125
sub-01	4	55	per	behav_sub-01_run-04_trial-55.wav	17	3.5925	3.6525
sub-01	4	55	per	behav_sub-01_run-04_trial-55.wav	18	3.7325	3.8325
sub-01	4	55	per	behav_sub-01_run-04_trial-55.wav	19	3.9125	3.9925
sub-01	4	55	per	behav_sub-01_run-04_trial-55.wav	20	4.0925	4.1725
sub-01	4	55	per	behav_sub-01_run-04_trial-55.wav	21	4.2525	4.3525
sub-01	4	56	pot	behav_sub-01_run-04_trial-56.wav	1	0.7525	0.8325
sub-01	4	56	pot	behav_sub-01_run-04_trial-56.wav	2	0.8925	1.0125
sub-01	4	56	pot	behav_sub-01_run-04_trial-56.wav	3	1.0725	1.1925
sub-01	4	56	pot	behav_sub-01_run-04_trial-56.wav	4	1.2525	1.3725
sub-01	4	56	pot	behav_sub-01_run-04_trial-56.wav	5	1.4325	1.5725
sub-01	4	56	pot	behav_sub-01_run-04_trial-56.wav	6	1.6325	1.7325
sub-01	4	56	pot	behav_sub-01_run-04_trial-56.wav	7	1.7925	1.8925
sub-01	4	56	pot	behav_sub-01_run-04_trial-56.wav	8	1.9725	2.0925
sub-01	4	56	pot	behav_sub-01_run-04_trial-56.wav	9	2.1525	2.2725
sub-01	4	56	pot	behav_sub-01_run-04_trial-56.wav	10	2.3525	2.4525
sub-01	4	56	pot	behav_sub-01_run-04_trial-56.wav	11	2.5325	2.6325
sub-01	4	56	pot	behav_sub-01_run-04_trial-56.wav	12	2.6925	2.8325
sub-01	4	56	pot	behav_sub-01_run-04_trial-56.wav	13	2.8925	2.9925
sub-01	4	56	pot	behav_sub-01_run-04_trial-56.wav	14	3.0725	3.1725
sub-01	4	56	pot	behav_sub-01_run-04_trial-56.wav	15	3.2525	3.3525
sub-01	4	56	pot	behav_sub-01_run-04_trial-56.wav	16	3.4525	3.5525
sub-01	4	56	pot	behav_sub-01_run-04_trial-56.wav	17	3.6325	3.7525
sub-01	4	56	pot	behav_sub-01_run-04_trial-56.wav	18	3.8325	3.9325
sub-01	4	56	pot	behav_sub-01_run-04_trial-56.wav	19	4.0325	4.1325
sub-01	4	56	pot	behav_sub-01_run-04_trial-56.wav	20	4.2325	4.3125
sub-01	4	56	pot	behav_sub-01_run-04_trial-56.wav	21	4.4125	4.5000
sub-01	4	57	thurs	behav_sub-01_run-04_trial-57.wav	1	0.5525	0.6925
sub-01	4	57	thurs	behav_sub-01_run-04_trial-57.wav	2	0.6925	0.8925
sub-01	4	57	thurs	behav_sub-01_run-04_trial-57.wav	3	0.8925	1.0725
sub-01	4	57	thurs	behav_sub-01_run-04_trial-57.wav	4	1.0725	1.2725
sub-01	4	57	thurs	behav_sub-01_run-04_trial-57.wav	5	1.2725	1.4525
sub-01	4	57	thurs	behav_sub-01_run-04_trial-57.wav	6	1.4525	1.6325
sub-01	4	57	thurs	behav_sub-01_run-04_trial-57.wav	7	1.7125	1.8325
sub-01	4	57	thurs	behav_sub-01_run-04_trial-57.wav	8	1.8325	2.0125
sub-01	4	57	thurs	behav_sub-01_run-04_trial-57.wav	9	2.0125	2.2325
sub-01	4	57	thurs	behav_sub-01_run-04_trial-57.wav	10	2.2325	2.4525
sub-01	4	57	thurs	behav_sub-01_run-04_trial-57.wav	11	2.4525	2.6525
sub-01	4	57	thurs	behav_sub-01_run-04_trial-57.wav	12	2.6525	2.8525
sub-01	4	57	thurs	behav_sub-01_run-04_trial-57.wav	13	2.8525	3.2525
sub-01	4	57	thurs	behav_sub-01_run-04_trial-57.wav	14	3.2525	3.4925
sub-01	4	57	thurs	behav_sub-01_run-04_trial-57.wav	15	3.4925	3.9925
sub-01	4	58	per	behav_sub-01_run-04_trial-58.wav	1	0.8325	0.9325
sub-01	4	58	per	behav_sub-01_run-04_trial-58.wav	2	0.9725	1.0925
sub-01	4	58	per	behav_sub-01_run-04_trial-58.wav	3	1.1525	1.2725
sub-01	4	58	per	behav_sub-01_run-04_trial-58.wav	4	1.3325	1.4325
sub-01	4	58	per	behav_sub-01_run-04_trial-58.wav	5	1.4725	1.5925
sub-01	4	58	per	behav_sub-01_run-04_trial-58.wav	6	1.6725	1.7525
sub-01	4	58	per	behav_sub-01_run-04_trial-58.wav	7	1.8125	1.9125
sub-01	4	58	per	behav_sub-01_run-04_trial-58.wav	8	1.9725	2.0725
sub-01	4	58	per	behav_sub-01_run-04_trial-58.wav	9	2.1525	2.2325
sub-01	4	58	per	behav_sub-01_run-04_trial-58.wav	10	2.2925	2.3925
sub-01	4	58	per	behav_sub-01_run-04_trial-58.wav	11	2.4725	2.5725
sub-01	4	58	per	behav_sub-01_run-04_trial-58.wav	12	2.6525	2.7525
sub-01	4	58	per	behav_sub-01_run-04_trial-58.wav	13	2.8325	2.9125
sub-01	4	58	per	behav_sub-01_run-04_trial-58.wav	14	2.9925	3.0925
sub-01	4	58	per	behav_sub-01_run-04_trial-58.wav	15	3.1525	3.2325
sub-01	4	58	per	behav_sub-01_run-04_trial-58.wav	16	3.3325	3.4125
sub-01	4	58	per	behav_sub-01_run-04_trial-58.wav	17	3.4925	3.5925
sub-01	4	58	per	behav_sub-01_run-04_trial-58.wav	18	3.6525	3.7725
sub-01	4	58	per	behav_sub-01_run-04_trial-58.wav	19	3.8325	3.9325
sub-01	4	58	per	behav_sub-01_run-04_trial-58.wav	20	3.9925	4.0925
sub-01	4	58	per	behav_sub-01_run-04_trial-58.wav	21	4.1725	4.2525
sub-01	4	58	per	behav_sub-01_run-04_trial-58.wav	22	4.3325	4.4525
sub-01	4	59	day	behav_sub-01_run-04_trial-59.wav	1	0.5725	0.7325
sub-01	4	59	day	behav_sub-01_run-04_trial-59.wav	2	0.7325	0.8725
sub-01	4	59	day	behav_sub-01_run-04_trial-59.wav	3	0.9125	1.0525
sub-01	4	59	day	behav_sub-01_run-04_trial-59.wav	4	1.0525	1.2125
sub-01	4	59	day	behav_sub-01_run-04_trial-59.wav	5	1.2525	1.4125
sub-01	4	59	day	behav_sub-01_run-04_trial-59.wav	6	1.4125	1.5725
sub-01	4	59	day	behav_sub-01_run-04_trial-59.wav	7	1.5725	1.7525
sub-01	4	59	day	behav_sub-01_run-04_trial-59.wav	8	1.8125	1.9325
sub-01	4	59	day	behav_sub-01_run-04_trial-59.wav	9	1.9325	2.0925
sub-01	4	59	day	behav_sub-01_run-04_trial-59.wav	10	2.0925	2.2525
sub-01	4	59	day	behav_sub-01_run-04_trial-59.wav	11	2.3125	2.4525
sub-01	4	59	day	behav_sub-01_run-04_trial-59.wav	12	2.4525	2.6525
sub-01	4	59	day	behav_sub-01_run-04_trial-59.wav	13	2.6525	2.8125
sub-01	4	59	day	behav_sub-01_run-04_trial-59.wav	14	2.8125	2.9725
sub-01	4	59	day	behav_sub-01_run-04_trial-59.wav	15	3.0125	3.1525
sub-01	4	59	day	behav_sub-01_run-04_trial-59.wav	16	3.1925	3.3325
sub-01	4	59	day	behav_sub-01_run-04_trial-59.wav	17	3.3325	3.5325
sub-01	4	59	day	behav_sub-01_run-04_trial-59.wav	18	3.5325	3.6925
sub-01	4	59	day	behav_sub-01_run-04_trial-59.wav	19	3.6925	3.8925
sub-01	4	59	day	behav_sub-01_run-04_trial-59.wav	20	3.8925	4.1325
sub-01	4	60	naw	behav_sub-01_run-04_trial-60.wav	1	0.2125	0.2925
sub-01	4	60	naw	behav_sub-01_run-04_trial-60.wav	2	0.2925	0.4525
sub-01	4	60	naw	behav_sub-01_run-04_trial-60.wav	3	0.4525	0.6325
sub-01	4	60	naw	behav_sub-01_run-04_trial-60.wav	4	0.6325	0.8125
sub-01	4	60	naw	behav_sub-01_run-04_trial-60.wav	5	0.8125	0.9725
sub-01	4	60	naw	behav_sub-01_run-04_trial-60.wav	6	0.9725	1.1325
sub-01	4	60	naw	behav_sub-01_run-04_trial-60.wav	7	1.1325	1.3125
sub-01	4	60	naw	behav_sub-01_run-04_trial-60.wav	8	1.3125	1.5125
sub-01	4	60	naw	behav_sub-01_run-04_trial-60.wav	9	1.5125	1.6925
sub-01	4	60	naw	behav_sub-01_run-04_trial-60.wav	10	1.6925	1.8525
sub-01	4	60	naw	behav_sub-01_run-04_trial-60.wav	11	1.8525	2.0325
sub-01	4	60	naw	behav_sub-01_run-04_trial-60.wav	12	2.0325	2.1725
sub-01	4	60	naw	behav_sub-01_run-04_trial-60.wav	13	2.1725	2.3725
sub-01	4	60	naw	behav_sub-01_run-04_trial-60.wav	14	2.3725	2.5325
sub-01	4	60	naw	behav_sub-01_run-04_trial-60.wav	15	2.5325	2.6725
sub-01	4	60	naw	behav_sub-01_run-04_trial-60.wav	16	2.6725	2.8325
sub-01	4	60	naw	behav_sub-01_run-04_trial-60.wav	17	2.8325	3.0125
sub-01	4	60	naw	behav_sub-01_run-04_trial-60.wav	18	3.0125	3.1725
sub-01	4	60	naw	behav_sub-01_run-04_trial-60.wav	19	3.2525	3.4725
sub-01	4	60	naw	behav_sub-01_run-04_trial-60.wav	20	3.5325	3.6525
sub-01	4	60	naw	behav_sub-01_run-04_trial-60.wav	21	3.7125	3.8125
sub-01	4	60	naw	behav_sub-01_run-04_trial-60.wav	22	3.8725	4.0525
sub-01	4	60	naw	behav_sub-01_run-04_trial-60.wav	23	4.0525	4.2925
sub-01	4	61	thought	behav_sub-01_run-04_trial-61.wav	1	0.5125	0.6525
sub-01	4	61	thought	behav_sub-01_run-04_trial-61.wav	2	0.6525	0.7925
sub-01	4	61	thought	behav_sub-01_run-04_trial-61.wav	3	0.8525	0.9725
sub-01	4	61	thought	behav_sub-01_run-04_trial-61.wav	4	1.0125	1.1725
sub-01	4	61	thought	behav_sub-01_run-04_trial-61.wav	5	1.1725	1.3325
sub-01	4	61	thought	behav_sub-01_run-04_trial-61.wav	6	1.3725	1.4925
sub-01	4	61	thought	behav_sub-01_run-04_trial-61.wav	7	1.5725	1.6925
sub-01	4	61	thought	behav_sub-01_run-04_trial-61.wav	8	1.7325	1.8725
sub-01	4	61	thought	behav_sub-01_run-04_trial-61.wav	9	1.9125	2.0325
sub-01	4	61	thought	behav_sub-01_run-04_trial-61.wav	10	2.0925	2.2125
sub-01	4	61	thought	behav_sub-01_run-04_trial-61.wav	11	2.2925	2.3925
sub-01	4	61	thought	behav_sub-01_run-04_trial-61.wav	12	2.4525	2.5525
sub-01	4	61	thought	behav_sub-01_run-04_trial-61.wav	13	2.6325	2.7525
sub-01	4	61	thought	behav_sub-01_run-04_trial-61.wav	14	2.8325	2.9125
sub-01	4	61	thought	behav_sub-01_run-04_trial-61.wav	15	2.9925	3.0925
sub-01	4	61	thought	behav_sub-01_run-04_trial-61.wav	16	3.1725	3.2925
sub-01	4	61	thought	behav_sub-01_run-04_trial-61.wav	17	3.3725	3.4725
sub-01	4	61	thought	behav_sub-01_run-04_trial-61.wav	18	3.5525	3.6525
sub-01	4	61	thought	behav_sub-01_run-04_trial-61.wav	19	3.7525	3.8525
sub-01	4	61	thought	behav_sub-01_run-04_trial-61.wav	20	3.9325	4.1125
sub-01	4	62	pot	behav_sub-01_run-04_trial-62.wav	1	0.4925	0.5925
sub-01	4	62	pot	behav_sub-01_run-04_trial-62.wav	2	0.6525	0.7725
sub-01	4	62	pot	behav_sub-01_run-04_trial-62.wav	3	0.8325	0.9525
sub-01	4	62	pot	behav_sub-01_run-04_trial-62.wav	4	1.0125	1.1325
sub-01	4	62	pot	behav_sub-01_run-04_trial-62.wav	5	1.2125	1.3125
sub-01	4	62	pot	behav_sub-01_run-04_trial-62.wav	6	1.3925	1.4925
sub-01	4	62	pot	behav_sub-01_run-04_trial-62.wav	7	1.5725	1.6925
sub-01	4	62	pot	behav_sub-01_run-04_trial-62.wav	8	1.7525	1.8525
sub-01	4	62	pot	behav_sub-01_run-04_trial-62.wav	9	1.9125	2.0325
sub-01	4	62	pot	behav_sub-01_run-04_trial-62.wav	10	2.1125	2.2325
sub-01	4	62	pot	behav_sub-01_run-04_trial-62.wav	11	2.3125	2.4325
sub-01	4	62	pot	behav_sub-01_run-04_trial-62.wav	12	2.5125	2.6125
sub-01	4	62	pot	behav_sub-01_run-04_trial-62.wav	13	2.6925	2.7925
sub-01	4	62	pot	behav_sub-01_run-04_trial-62.wav	14	2.8725	2.9725
sub-01	4	62	pot	behav_sub-01_run-04_trial-62.wav	15	3.0525	3.1525
sub-01	4	62	pot	behav_sub-01_run-04_trial-62.wav	16	3.2325	3.3325
sub-01	4	62	pot	behav_sub-01_run-04_trial-62.wav	17	3.4125	3.5125
sub-01	4	62	pot	behav_sub-01_run-04_trial-62.wav	18	3.5925	3.7125
sub-01	4	62	pot	behav_sub-01_run-04_trial-62.wav	19	3.7925	3.9125
sub-01	4	62	pot	behav_sub-01_run-04_trial-62.wav	20	3.9925	4.1325
sub-01	4	62	pot	behav_sub-01_run-04_trial-62.wav	21	4.2525	4.3525
sub-01	4	63	fee	behav_sub-01_run-04_trial-63.wav	1	0.4925	0.6925
sub-01	4	63	fee	behav_sub-01_run-04_trial-63.wav	2	0.6925	0.8725
sub-01	4	63	fee	behav_sub-01_run-04_trial-63.wav	3	0.8725	1.0525
sub-01	4	63	fee	behav_sub-01_run-04_trial-63.wav	4	1.0525	1.2125
sub-01	4	63	fee	behav_sub-01_run-04_trial-63.wav	5	1.2125	1.3925
sub-01	4	63	fee	behav_sub-01_run-04_trial-63.wav	6	1.4525	1.5725
sub-01	4	63	fee	behav_sub-01_run-04_trial-63.wav	7	1.6325	1.7325
sub-01	4	63	fee	behav_sub-01_run-04_trial-63.wav	8	1.8125	1.9325
sub-01	4	63	fee	behav_sub-01_run-04_trial-63.wav	9	1.9925	2.1125
sub-01	4	63	fee	behav_sub-01_run-04_trial-63.wav	10	2.1125	2.2925
sub-01	4	63	fee	behav_sub-01_run-04_trial-63.wav	11	2.2925	2.4525
sub-01	4	63	fee	behav_sub-01_run-04_trial-63.wav	12	2.4525	2.6325
sub-01	4	63	fee	behav_sub-01_run-04_trial-63.wav	13	2.6925	2.8125
sub-01	4	63	fee	behav_sub-01_run-04_trial-63.wav	14	2.8525	2.9925
sub-01	4	63	fee	behav_sub-01_run-04_trial-63.wav	15	2.9925	3.1525
sub-01	4	63	fee	behav_sub-01_run-04_trial-63.wav	16	3.2125	3.3325
sub-01	4	63	fee	behav_sub-01_run-04_trial-63.wav	17	3.3325	3.5125
sub-01	4	63	fee	behav_sub-01_run-04_trial-63.wav	18	3.5725	3.6925
sub-01	4	63	fee	behav_sub-01_run-04_trial-63.wav	19	3.7525	3.8925
sub-01	4	63	fee	behav_sub-01_run-04_trial-63.wav	20	3.8925	4.0525
sub-01	4	63	fee	behav_sub-01_run-04_trial-63.wav	21	4.0525	4.2325
sub-01	4	63	fee	behav_sub-01_run-04_trial-63.wav	22	4.2325	4.4125
sub-01	4	63	fee	behav_sub-01_run-04_trial-63.wav	23	4.4725	4.5000
sub-01	4	64	pie	behav_sub-01_run-04_trial-64.wav	1	0.5325	0.6525
sub-01	4	64	pie	behav_sub-01_run-04_trial-64.wav	2	0.6525	0.8525
sub-01	4	64	pie	behav_sub-01_run-04_trial-64.wav	3	0.8525	1.0125
sub-01	4	64	pie	behav_sub-01_run-04_trial-64.wav	4	1.0125	1.2125
sub-01	4	64	pie	behav_sub-01_run-04_trial-64.wav	5	1.2125	1.3725
sub-01	4	64	pie	behav_sub-01_run-04_trial-64.wav	6	1.4325	1.5725
sub-01	4	64	pie	behav_sub-01_run-04_trial-64.wav	7	1.6125	1.7525
sub-01	4	64	pie	behav_sub-01_run-04_trial-64.wav	8	1.8125	1.9325
sub-01	4	64	pie	behav_sub-01_run-04_trial-64.wav	9	1.9925	2.1125
sub-01	4	64	pie	behav_sub-01_run-04_trial-64.wav	10	2.1725	2.2925
sub-01	4	64	pie	behav_sub-01_run-04_trial-64.wav	11	2.3525	2.4725
sub-01	4	64	pie	behav_sub-01_run-04_trial-64.wav	12	2.5525	2.6525
sub-01	4	64	pie	behav_sub-01_run-04_trial-64.wav	13	2.7125	2.8125
sub-01	4	64	pie	behav_sub-01_run-04_trial-64.wav	14	2.9125	2.9925
sub-01	4	64	pie	behav_sub-01_run-04_trial-64.wav	15	3.0525	3.1725
sub-01	4	64	pie	behav_sub-01_run-04_trial-64.wav	16	3.2525	3.3525
sub-01	4	64	pie	behav_sub-01_run-04_trial-64.wav	17	3.4525	3.5525
sub-01	4	64	pie	behav_sub-01_run-04_trial-64.wav	18	3.6125	3.7325
sub-01	4	64	pie	behav_sub-01_run-04_trial-64.wav	19	3.7725	3.9125
sub-01	4	64	pie	behav_sub-01_run-04_trial-64.wav	20	3.9725	4.0925
sub-01	4	64	pie	behav_sub-01_run-04_trial-64.wav	21	4.1925	4.4725
sub-01	5	1	thurs	behav_sub-01_run-05_trial-01.wav	1	0.2125	0.3725
sub-01	5	1	thurs	behav_sub-01_run-05_trial-01.wav	2	0.3725	0.4725
sub-01	5	1	thurs	behav_sub-01_run-05_trial-01.wav	3	0.4725	0.6925
sub-01	5	1	thurs	behav_sub-01_run-05_trial-01.wav	4	0.6925	0.9125
sub-01	5	1	thurs	behav_sub-01_run-05_trial-01.wav	5	0.9125	1.1325
sub-01	5	1	thurs	behav_sub-01_run-05_trial-01.wav	6	1.1325	1.3725
sub-01	5	1	thurs	behav_sub-01_run-05_trial-01.wav	7	1.3725	1.5725
sub-01	5	1	thurs	behav_sub-01_run-05_trial-01.wav	8	1.5725	1.8925
sub-01	5	1	thurs	behav_sub-01_run-05_trial-01.wav	9	1.9725	2.1125
sub-01	5	1	thurs	behav_sub-01_run-05_trial-01.wav	10	2.1125	2.3525
sub-01	5	1	thurs	behav_sub-01_run-05_trial-01.wav	11	2.3525	2.5925
sub-01	5	1	thurs	behav_sub-01_run-05_trial-01.wav	12	2.5925	2.8525
sub-01	5	1	thurs	behav_sub-01_run-05_trial-01.wav	13	2.8525	2.9725
sub-01	5	1	thurs	behav_sub-01_run-05_trial-01.wav	14	2.9725	3.0525
sub-01	5	1	thurs	behav_sub-01_run-05_trial-01.wav	15	3.0525	3.1325
sub-01	5	1	thurs	behav_sub-01_run-05_trial-01.wav	16	3.1325	3.3925
sub-01	5	1	thurs	behav_sub-01_run-05_trial-01.wav	17	3.3925	3.6325
sub-01	5	1	thurs	behav_sub-01_run-05_trial-01.wav	18	3.6325	3.8725
sub-01	5	1	thurs	behav_sub-01_run-05_trial-01.wav	19	3.8725	4.1925
sub-01	5	2	pie	behav_sub-01_run-05_trial-02.wav	1	0.4125	0.5725
sub-01	5	2	pie	behav_sub-01_run-05_trial-02.wav	2	0.5725	0.7325
sub-01	5	2	pie	behav_sub-01_run-05_trial-02.wav	3	0.7325	0.9325
sub-01	5	2	pie	behav_sub-01_run-05_trial-02.wav	4	0.9325	1.1325
sub-01	5	2	pie	behav_sub-01_run-05_trial-02.wav	5	1.1325	1.2725
sub-01	5	2	pie	behav_sub-01_run-05_trial-02.wav	6	1.3325	1.4725
sub-01	5	2	pie	behav_sub-01_run-05_trial-02.wav	7	1.5325	1.6325
sub-01	5	2	pie	behav_sub-01_run-05_trial-02.wav	8	1.6925	1.8525
sub-01	5	2	pie	behav_sub-01_run-05_trial-02.wav	9	1.9125	2.0525
sub-01	5	2	pie	behav_sub-01_run-05_trial-02.wav	10	2.0925	2.2325
sub-01	5	2	pie	behav_sub-01_run-05_trial-02.wav	11	2.2925	2.4325
sub-01	5	2	pie	behav_sub-01_run-05_trial-02.wav	12	2.5125	2.6525
sub-01	5	2	pie	behav_sub-01_run-05_trial-02.wav	13	2.7125	2.8525
sub-01	5	2	pie	behav_sub-01_run-05_trial-02.wav	14	2.9125	3.0925
sub-01	5	2	pie	behav_sub-01_run-05_trial-02.wav	15	3.0925	3.2525
sub-01	5	2	pie	behav_sub-01_run-05_trial-02.wav	16	3.3125	3.4725
sub-01	5	2	pie	behav_sub-01_run-05_trial-02.wav	17	3.5325	3.6725
sub-01	5	2	pie	behav_sub-01_run-05_trial-02.wav	18	3.7325	3.8725
sub-01	5	2	pie	behav_sub-01_run-05_trial-02.wav	19	3.9325	4.0925
sub-01	5	2	pie	behav_sub-01_run-05_trial-02.wav	20	4.1525	4.2925
sub-01	5	2	pie	behav_sub-01_run-05_trial-02.wav	21	4.2925	4.5000
sub-01	5	3	mih	behav_sub-01_run-05_trial-03.wav	1	0.3125	0.4125
sub-01	5	3	mih	behav_sub-01_run-05_trial-03.wav	2	0.4125	0.5725
sub-01	5	3	mih	behav_sub-01_run-05_trial-03.wav	3	0.5725	0.7125
sub-01	5	3	mih	behav_sub-01_run-05_trial-03.wav	4	0.7125	0.8525
sub-01	5	3	mih	behav_sub-01_run-05_trial-03.wav	5	0.8525	1.0125
sub-01	5	3	mih	behav_sub-01_run-05_trial-03.wav	6	1.0125	1.1525
sub-01	5	3	mih	behav_sub-01_run-05_trial-03.wav	7	1.1525	1.2925
sub-01	5	3	mih	behav_sub-01_run-05_trial-03.wav	8	1.2925	1.4525
sub-01	5	3	mih	behav_sub-01_run-05_trial-03.wav	9	1.4525	1.6125
sub-01	5	3	mih	behav_sub-01_run-05_trial-03.wav	10	1.6125	1.7725
sub-01	5	3	mih	behav_sub-01_run-05_trial-03.wav	11	1.7725	1.9325
sub-01	5	3	mih	behav_sub-01_run-05_trial-03.wav	12	1.9325	2.0725
sub-01	5	3	mih	behav_sub-01_run-05_trial-03.wav	13	2.0725	2.2325
sub-01	5	3	mih	behav_sub-01_run-05_trial-03.wav	14	2.2325	2.3925
sub-01	5	3	mih	behav_sub-01_run-05_trial-03.wav	15	2.3925	2.5725
sub-01	5	3	mih	behav_sub-01_run-05_trial-03.wav	16	2.5725	2.7325
sub-01	5	3	mih	behav_sub-01_run-05_trial-03.wav	17	2.7325	2.8725
sub-01	5	3	mih	behav_sub-01_run-05_trial-03.wav	18	2.8725	3.0325
sub-01	5	3	mih	behav_sub-01_run-05_trial-03.wav	19	3.0325	3.2125
sub-01	5	3	mih	behav_sub-01_run-05_trial-03.wav	20	3.2125	3.3725
sub-01	5	3	mih	behav_sub-01_run-05_trial-03.wav	21	3.3725	3.5325
sub-01	5	3	mih	behav_sub-01_run-05_trial-03.wav	22	3.5325	3.6925
sub-01	5	3	mih	behav_sub-01_run-05_trial-03.wav	23	3.6925	3.8525
sub-01	5	3	mih	behav_sub-01_run-05_trial-03.wav	24	3.8525	4.0125
sub-01	5	3	mih	behav_sub-01_run-05_trial-03.wav	25	4.0125	4.1925
sub-01	5	3	mih	behav_sub-01_run-05_trial-03.wav	26	4.1925	4.3925
sub-01	5	4	ter	behav_sub-01_run-05_trial-04.wav	1	0.2325	0.3325
sub-01	5	4	ter	behav_sub-01_run-05_trial-04.wav	2	0.3325	0.5325
sub-01	5	4	ter	behav_sub-01_run-05_trial-04.wav	3	0.5325	0.6725
sub-01	5	4	ter	behav_sub-01_run-05_trial-04.wav	4	0.7125	0.8525
sub-01	5	4	ter	behav_sub-01_run-05_trial-04.wav	5	0.8925	1.0325
sub-01	5	4	ter	behav_sub-01_run-05_trial-04.wav	6	1.0925	1.2125
sub-01	5	4	ter	behav_sub-01_run-05_trial-04.wav	7	1.2125	1.4125
sub-01	5	4	ter	behav_sub-01_run-05_trial-04.wav	8	1.4125	1.5725
sub-01	5	4	ter	behav_sub-01_run-05_trial-04.wav	9	1.5725	1.7525
sub-01	5	4	ter	behav_sub-01_run-05_trial-04.wav	10	1.7925	1.9725
sub-01	5	4	ter	behav_sub-01_run-05_trial-04.wav	11	1.9725	2.1325
sub-01	5	4	ter	behav_sub-01_run-05_trial-04.wav	12	2.1325	2.3125
sub-01	5	4	ter	behav_sub-01_run-05_trial-04.wav	13	2.3525	2.4925
sub-01	5	4	ter	behav_sub-01_run-05_trial-04.wav	14	2.4925	2.6525
sub-01	5	4	ter	behav_sub-01_run-05_trial-04.wav	15	2.6525	2.8525
sub-01	5	4	ter	behav_sub-01_run-05_trial-04.wav	16	2.8525	3.0125
sub-01	5	4	ter	behav_sub-01_run-05_trial-04.wav	17	3.0125	3.1925
sub-01	5	4	ter	behav_sub-01_run-05_trial-04.wav	18	3.2525	3.3725
sub-01	5	4	ter	behav_sub-01_run-05_trial-04.wav	19	3.4325	3.5725
sub-01	5	4	ter	behav_sub-01_run-05_trial-04.wav	20	3.6325	3.7725
sub-01	5	4	ter	behav_sub-01_run-05_trial-04.wav	21	3.8325	3.9925
sub-01	5	5	day	behav_sub-01_run-05_trial-05.wav	1	0.3125	0.4125
sub-01	5	5	day	behav_sub-01_run-05_trial-05.wav	2	0.4125	0.6125
sub-01	5	5	day	behav_sub-01_run-05_trial-05.wav	3	0.6125	0.7725
sub-01	5	5	day	behav_sub-01_run-05_trial-05.wav	4	0.7725	0.9325
sub-01	5	5	day	behav_sub-01_run-05_trial-05.wav	5	0.9325	1.0925
sub-01	5	5	day	behav_sub-01_run-05_trial-05.wav	6	1.0925	1.2525
sub-01	5	5	day	behav_sub-01_run-05_trial-05.wav	7	1.2925	1.4125
sub-01	5	5	day	behav_sub-01_run-05_trial-05.wav	8	1.4125	1.6125
sub-01	5	5	day	behav_sub-01_run-05_trial-05.wav	9	1.6125	1.7325
sub-01	5	5	day	behav_sub-01_run-05_trial-05.wav	10	1.7725	1.9325
sub-01	5	5	day	behav_sub-01_run-05_trial-05.wav	11	1.9325	2.0925
sub-01	5	5	day	behav_sub-01_run-05_trial-05.wav	12	2.0925	2.2525
sub-01	5	5	day	behav_sub-01_run-05_trial-05.wav	13	2.2925	2.4525
sub-01	5	5	day	behav_sub-01_run-05_trial-05.wav	14	2.4525	2.6125
sub-01	5	5	day	behav_sub-01_run-05_trial-05.wav	15	2.6125	2.8125
sub-01	5	5	day	behav_sub-01_run-05_trial-05.wav	16	2.8125	2.9725
sub-01	5	5	day	behav_sub-01_run-05_trial-05.wav	17	2.9725	3.1725
sub-01	5	5	day	behav_sub-01_run-05_trial-05.wav	18	3.1725	3.3325
sub-01	5	5	day	behav_sub-01_run-05_trial-05.wav	19	3.3925	3.5125
sub-01	5	5	day	behav_sub-01_run-05_trial-05.wav	20	3.5525	3.7325
sub-01	5	5	day	behav_sub-01_run-05_trial-05.wav	21	3.7325	3.8925
sub-01	5	5	day	behav_sub-01_run-05_trial-05.wav	22	3.8925	4.0925
sub-01	5	5	day	behav_sub-01_run-05_trial-05.wav	23	4.0925	4.2725
sub-01	5	6	thought	behav_sub-01_run-05_trial-06.wav	1	0.5525	0.6725
sub-01	5	6	thought	behav_sub-01_run-05_trial-06.wav	2	0.7325	0.9125
sub-01	5	6	thought	behav_sub-01_run-05_trial-06.wav	3	0.9125	1.0125
sub-01	5	6	thought	behav_sub-01_run-05_trial-06.wav	4	1.0925	1.1925
sub-01	5	6	thought	behav_sub-01_run-05_trial-06.wav	5	1.2725	1.3725
sub-01	5	6	thought	behav_sub-01_run-05_trial-06.wav	6	1.4325	1.5525
sub-01	5	6	thought	behav_sub-01_run-05_trial-06.wav	7	1.6125	1.7325
sub-01	5	6	thought	behav_sub-01_run-05_trial-06.wav	8	1.8125	1.9125
sub-01	5	6	thought	behav_sub-01_run-05_trial-06.wav	9	1.9925	2.0925
sub-01	5	6	thought	behav_sub-01_run-05_trial-06.wav	10	2.1725	2.2725
sub-01	5	6	thought	behav_sub-01_run-05_trial-06.wav	11	2.3525	2.4525
sub-01	5	6	thought	behav_sub-01_run-05_trial-06.wav	12	2.5325	2.6525
sub-01	5	6	thought	behav_sub-01_run-05_trial-06.wav	13	2.7325	2.8525
sub-01	5	6	thought	behav_sub-01_run-05_trial-06.wav	14	2.9125	3.0125
sub-01	5	6	thought	behav_sub-01_run-05_trial-06.wav	15	3.0925	3.1925
sub-01	5	6	thought	behav_sub-01_run-05_trial-06.wav	16	3.2925	3.3925
sub-01	5	6	thought	behav_sub-01_run-05_trial-06.wav	17	3.4725	3.5725
sub-01	5	6	thought	behav_sub-01_run-05_trial-06.wav	18	3.6725	3.7725
sub-01	5	6	thought	behav_sub-01_run-05_trial-06.wav	19	3.8325	3.9525
sub-01	5	6	thought	behav_sub-01_run-05_trial-06.wav	20	4.0525	4.3325
sub-01	5	7	per	behav_sub-01_run-05_trial-07.wav	1	0.5525	0.6925
sub-01	5	7	per	behav_sub-01_run-05_trial-07.wav	2	0.6925	0.8325
sub-01	5	7	per	behav_sub-01_run-05_trial-07.wav	3	0.8925	0.9925
sub-01	5	7	per	behav_sub-01_run-05_trial-07.wav	4	1.0525	1.1725
sub-01	5	7	per	behav_sub-01_run-05_trial-07.wav	5	1.2125	1.3325
sub-01	5	7	per	behav_sub-01_run-05_trial-07.wav	6	1.3925	1.5125
sub-01	5	7	per	behav_sub-01_run-05_trial-07.wav	7	1.5725	1.6725
sub-01	5	7	per	behav_sub-01_run-05_trial-07.wav	8	1.7325	1.8525
sub-01	5	7	per	behav_sub-01_run-05_trial-07.wav	9	1.8925	1.9925
sub-01	5	7	per	behav_sub-01_run-05_trial-07.wav	10	2.0725	2.1725
sub-01	5	7	per	behav_sub-01_run-05_trial-07.wav	11	2.2525	2.3525
sub-01	5	7	per	behav_sub-01_run-05_trial-07.wav	12	2.4125	2.5125
sub-01	5	7	per	behav_sub-01_run-05_trial-07.wav	13	2.5925	2.7125
sub-01	5	7	per	behav_sub-01_run-05_trial-07.wav	14	2.7525	2.8725
sub-01	5	7	per	behav_sub-01_run-05_trial-07.wav	15	2.9325	3.0325
sub-01	5	7	per	behav_sub-01_run-05_trial-07.wav	16	3.1125	3.1925
sub-01	5	7	per	behav_sub-01_run-05_trial-07.wav	17	3.2525	3.3725
sub-01	5	7	per	behav_sub-01_run-05_trial-07.wav	18	3.4325	3.5325
sub-01	5	7	per	behav_sub-01_run-05_trial-07.wav	19	3.6125	3.7125
sub-01	5	7	per	behav_sub-01_run-05_trial-07.wav	20	3.7925	3.8925
sub-01	5	7	per	behav_sub-01_run-05_trial-07.wav	21	3.9525	4.0325
sub-01	5	7	per	behav_sub-01_run-05_trial-07.wav	22	4.1125	4.2125
sub-01	5	7	per	behav_sub-01_run-05_trial-07.wav	23	4.2925	4.3725
sub-01	5	8	pot	behav_sub-01_run-05_trial-08.wav	1	0.7325	0.8325
sub-01	5	8	pot	behav_sub-01_run-05_trial-08.wav	2	0.8725	1.0125
sub-01	5	8	pot	behav_sub-01_run-05_trial-08.wav	3	1.0125	1.1925
sub-01	5	8	pot	behav_sub-01_run-05_trial-08.wav	4	1.2525	1.3725
sub-01	5	8	pot	behav_sub-01_run-05_trial-08.wav	5	1.4525	1.5725
sub-01	5	8	pot	behav_sub-01_run-05_trial-08.wav	6	1.6525	1.7525
sub-01	5	8	pot	behav_sub-01_run-05_trial-08.wav	7	1.8325	1.9525
sub-01	5	8	pot	behav_sub-01_run-05_trial-08.wav	8	2.0325	2.1725
sub-01	5	8	pot	behav_sub-01_run-05_trial-08.wav	9	2.2525	2.3725
sub-01	5	8	pot	behav_sub-01_run-05_trial-08.wav	10	2.4325	2.5325
sub-01	5	8	pot	behav_sub-01_run-05_trial-08.wav	11	2.6325	2.7325
sub-01	5	8	pot	behav_sub-01_run-05_trial-08.wav	12	2.8125	2.9325
sub-01	5	8	pot	behav_sub-01_run-05_trial-08.wav	13	3.0125	3.1325
sub-01	5	8	pot	behav_sub-01_run-05_trial-08.wav	14	3.1925	3.2925
sub-01	5	8	pot	behav_sub-01_run-05_trial-08.wav	15	3.3725	3.4925
sub-01	5	8	pot	behav_sub-01_run-05_trial-08.wav	16	3.5725	3.6925
sub-01	5	8	pot	behav_sub-01_run-05_trial-08.wav	17	3.7525	3.8925
sub-01	5	8	pot	behav_sub-01_run-05_trial-08.wav	18	3.9725	4.1125
sub-01	5	9	ter	behav_sub-01_run-05_trial-09.wav	1	0.4325	0.5725
sub-01	5	9	ter	behav_sub-01_run-05_trial-09.wav	2	0.5725	0.6925
sub-01	5	9	ter	behav_sub-01_run-05_trial-09.wav	3	0.6925	0.8925
sub-01	5	9	ter	behav_sub-01_run-05_trial-09.wav	4	0.8925	1.0525
sub-01	5	9	ter	behav_sub-01_run-05_trial-09.wav	5	1.0525	1.2125
sub-01	5	9	ter	behav_sub-01_run-05_trial-09.wav	6	1.2125	1.3725
sub-01	5	9	ter	behav_sub-01_run-05_trial-09.wav	7	1.3725	1.5325
sub-01	5	9	ter	behav_sub-01_run-05_trial-09.wav	8	1.5325	1.7325
sub-01	5	9	ter	behav_sub-01_run-05_trial-09.wav	9	1.7325	1.8925
sub-01	5	9	ter	behav_sub-01_run-05_trial-09.wav	10	1.8925	2.0925
sub-01	5	9	ter	behav_sub-01_run-05_trial-09.wav	11	2.0925	2.2525
sub-01	5	9	ter	behav_sub-01_run-05_trial-09.wav	12	2.2525	2.3925
sub-01	5	9	ter	behav_sub-01_run-05_trial-09.wav	13	2.4325	2.5725
sub-01	5	9	ter	behav_sub-01_run-05_trial-09.wav	14	2.5725	2.7325
sub-01	5	9	ter	behav_sub-01_run-05_trial-09.wav	15	2.7325	2.9325
sub-01	5	9	ter	behav_sub-01_run-05_trial-09.wav	16	2.9325	3.0925
sub-01	5	9	ter	behav_sub-01_run-05_trial-09.wav	17	3.0925	3.2525
sub-01	5	9	ter	behav_sub-01_run-05_trial-09.wav	18	3.2525	3.4125
sub-01	5	9	ter	behav_sub-01_run-05_trial-09.wav	19	3.4125	3.6125
sub-01	5	9	ter	behav_sub-01_run-05_trial-09.wav	20	3.6125	3.7525
sub-01	5	9	ter	behav_sub-01_run-05_trial-09.wav	21	3.8125	3.9325
sub-01	5	9	ter	behav_sub-01_run-05_trial-09.wav	22	3.9725	4.0925
sub-01	5	9	ter	behav_sub-01_run-05_trial-09.wav	23	4.1525	4.2925
sub-01	5	9	ter	behav_sub-01_run-05_trial-09.wav	24	4.2925	4.4325
sub-01	5	9	ter	behav_sub-01_run-05_trial-09.wav	25	4.4725	4.5000
sub-01	5	10	per	behav_sub-01_run-05_trial-10.wav	1	0.6325	0.7325
sub-01	5	10	per	behav_sub-01_run-05_trial-10.wav	2	0.7325	0.8725
sub-01	5	10	per	behav_sub-01_run-05_trial-10.wav	3	0.9125	1.0325
sub-01	5	10	per	behav_sub-01_run-05_trial-10.wav	4	1.0925	1.1925
sub-01	5	10	per	behav_sub-01_run-05_trial-10.wav	5	1.2525	1.3525
sub-01	5	10	per	behav_sub-01_run-05_trial-10.wav	6	1.4325	1.5325
sub-01	5	10	per	behav_sub-01_run-05_trial-10.wav	7	1.6125	1.7125
sub-01	5	10	per	behav_sub-01_run-05_trial-10.wav	8	1.7925	1.8725
sub-01	5	10	per	behav_sub-01_run-05_trial-10.wav	9	1.9525	2.0525
sub-01	5	10	per	behav_sub-01_run-05_trial-10.wav	10	2.1325	2.2325
sub-01	5	10	per	behav_sub-01_run-05_trial-10.wav	11	2.2925	2.3925
sub-01	5	10	per	behav_sub-01_run-05_trial-10.wav	12	2.4525	2.5925
sub-01	5	10	per	behav_sub-01_run-05_trial-10.wav	13	2.6325	2.7325
sub-01	5	10	per	behav_sub-01_run-05_trial-10.wav	14	2.7925	2.9125
sub-01	5	10	per	behav_sub-01_run-05_trial-10.wav	15	2.9925	3.0925
sub-01	5	10	per	behav_sub-01_run-05_trial-10.wav	16	3.1525	3.2925
sub-01	5	10	per	behav_sub-01_run-05_trial-10.wav	17	3.3525	3.4325
sub-01	5	10	per	behav_sub-01_run-05_trial-10.wav	18	3.5125	3.6325
sub-01	5	10	per	behav_sub-01_run-05_trial-10.wav	19	3.7125	3.7925
sub-01	5	10	per	behav_sub-01_run-05_trial-10.wav	20	3.8725	3.9725
sub-01	5	10	per	behav_sub-01_run-05_trial-10.wav	21	4.0525	4.1325
sub-01	5	10	per	behav_sub-01_run-05_trial-10.wav	22	4.2125	4.3125
sub-01	5	10	per	behav_sub-01_run-05_trial-10.wav	23	4.3725	4.5000
sub-01	5	11	thurs	behav_sub-01_run-05_trial-11.wav	1	0.5725	0.7125
sub-01	5	11	thurs	behav_sub-01_run-05_trial-11.wav	2	0.7125	0.9125
sub-01	5	11	thurs	behav_sub-01_run-05_trial-11.wav	3	0.9125	1.2125
sub-01	5	11	thurs	behav_sub-01_run-05_trial-11.wav	4	1.2125	1.3125
sub-01	5	11	thurs	behav_sub-01_run-05_trial-11.wav	5	1.3925	1.5525
sub-01	5	11	thurs	behav_sub-01_run-05_trial-11.wav	6	1.5525	1.7925
sub-01	5	11	thurs	behav_sub-01_run-05_trial-11.wav	7	1.7925	2.0525
sub-01	5	11	thurs	behav_sub-01_run-05_trial-11.wav	8	2.0525	2.3125
sub-01	5	11	thurs	behav_sub-01_run-05_trial-11.wav	9	2.3125	2.5125
sub-01	5	11	thurs	behav_sub-01_run-05_trial-11.wav	10	2.5125	2.7725
sub-01	5	11	thurs	behav_sub-01_run-05_trial-11.wav	11	2.7725	2.8925
sub-01	5	11	thurs	behav_sub-01_run-05_trial-11.wav	12	2.8925	2.9725
sub-01	5	11	thurs	behav_sub-01_run-05_trial-11.wav	13	2.9725	3.1925
sub-01	5	11	thurs	behav_sub-01_run-05_trial-11.wav	14	3.1925	3.4325
sub-01	5	11	thurs	behav_sub-01_run-05_trial-11.wav	15	3.4325	3.6725
sub-01	5	11	thurs	behav_sub-01_run-05_trial-11.wav	16	3.6725	3.8725
sub-01	5	11	thurs	behav_sub-01_run-05_trial-11.wav	17	3.8725	4.3125
sub-01	5	11	thurs	behav_sub-01_run-05_trial-11.wav	18	4.3125	4.5000
sub-01	5	12	fee	behav_sub-01_run-05_trial-12.wav	1	0.3925	0.5125
sub-01	5	12	fee	behav_sub-01_run-05_trial-12.wav	2	0.5725	0.6725
sub-01	5	12	fee	behav_sub-01_run-05_trial-12.wav	3	0.7125	0.8525
sub-01	5	12	fee	behav_sub-01_run-05_trial-12.wav	4	0.8525	0.9725
sub-01	5	12	fee	behav_sub-01_run-05_trial-12.wav	5	1.0325	1.1325
sub-01	5	12	fee	behav_sub-01_run-05_trial-12.wav	6	1.1725	1.2925
sub-01	5	12	fee	behav_sub-01_run-05_trial-12.wav	7	1.3525	1.4525
sub-01	5	12	fee	behav_sub-01_run-05_trial-12.wav	8	1.4525	1.5925
sub-01	5	12	fee	behav_sub-01_run-05_trial-12.wav	9	1.6525	1.7525
sub-01	5	12	fee	behav_sub-01_run-05_trial-12.wav	10	1.8125	1.9325
sub-01	5	12	fee	behav_sub-01_run-05_trial-12.wav	11	1.9925	2.0925
sub-01	5	12	fee	behav_sub-01_run-05_trial-12.wav	12	2.1525	2.2525
sub-01	5	12	fee	behav_sub-01_run-05_trial-12.wav	13	2.3125	2.4125
sub-01	5	12	fee	behav_sub-01_run-05_trial-12.wav	14	2.4725	2.6125
sub-01	5	12	fee	behav_sub-01_run-05_trial-12.wav	15	2.6125	2.7525
sub-01	5	12	fee	behav_sub-01_run-05_trial-12.wav	16	2.7525	2.9125
sub-01	5	12	fee	behav_sub-01_run-05_trial-12.wav	17	2.9125	3.0725
sub-01	5	12	fee	behav_sub-01_run-05_trial-12.wav	18	3.0725	3.2125
sub-01	5	12	fee	behav_sub-01_run-05_trial-12.wav	19	3.2125	3.3725
sub-01	5	12	fee	behav_sub-01_run-05_trial-12.wav	20	3.4325	3.5725
sub-01	5	12	fee	behav_sub-01_run-05_trial-12.wav	21	3.5725	3.7125
sub-01	5	12	fee	behav_sub-01_run-05_trial-12.wav	22	3.7725	3.9325
sub-01	5	12	fee	behav_sub-01_run-05_trial-12.wav	23	4.2525	4.3325
sub-01	5	13	day	behav_sub-01_run-05_trial-13.wav	1	0.4725	0.6125
sub-01	5	13	day	behav_sub-01_run-05_trial-13.wav	2	0.6125	0.7725
sub-01	5	13	day	behav_sub-01_run-05_trial-13.wav	3	0.8125	0.9725
sub-01	5	13	day	behav_sub-01_run-05_trial-13.wav	4	0.9725	1.1525
sub-01	5	13	day	behav_sub-01_run-05_trial-13.wav	5	1.1525	1.2925
sub-01	5	13	day	behav_sub-01_run-05_trial-13.wav	6	1.2925	1.5325
sub-01	5	13	day	behav_sub-01_run-05_trial-13.wav	7	1.5325	1.6925
sub-01	5	13	day	behav_sub-01_run-05_trial-13.wav	8	1.6925	1.8925
sub-01	5	13	day	behav_sub-01_run-05_trial-13.wav	9	1.8925	2.0525
sub-01	5	13	day	behav_sub-01_run-05_trial-13.wav	10	2.0525	2.2525
sub-01	5	13	day	behav_sub-01_run-05_trial-13.wav	11	2.2525	2.4125
sub-01	5	13	day	behav_sub-01_run-05_trial-13.wav	12	2.4525	2.5925
sub-01	5	13	day	behav_sub-01_run-05_trial-13.wav	13	2.6325	2.7725
sub-01	5	13	day	behav_sub-01_run-05_trial-13.wav	14	2.8125	2.9725
sub-01	5	13	day	behav_sub-01_run-05_trial-13.wav	15	2.9725	3.1725
sub-01	5	13	day	behav_sub-01_run-05_trial-13.wav	16	3.1725	3.3325
sub-01	5	13	day	behav_sub-01_run-05_trial-13.wav	17	3.3325	3.5325
sub-01	5	13	day	behav_sub-01_run-05_trial-13.wav	18	3.5325	3.7325
sub-01	5	13	day	behav_sub-01_run-05_trial-13.wav	19	3.7325	3.9325
sub-01	5	13	day	behav_sub-01_run-05_trial-13.wav	20	3.9325	4.0925
sub-01	5	13	day	behav_sub-01_run-05_trial-13.wav	21	4.0925	4.2925
sub-01	5	13	day	behav_sub-01_run-05_trial-13.wav	22	4.2925	4.4325
sub-01	5	14	pie	behav_sub-01_run-05_trial-14.wav	1	0.4325	0.5325
sub-01	5	14	pie	behav_sub-01_run-05_trial-14.wav	2	0.5725	0.7325
sub-01	5	14	pie	behav_sub-01_run-05_trial-14.wav	3	0.7325	0.8925
sub-01	5	14	pie	behav_sub-01_run-05_trial-14.wav	4	0.9325	1.0725
sub-01	5	14	pie	behav_sub-01_run-05_trial-14.wav	5	1.1125	1.2525
sub-01	5	14	pie	behav_sub-01_run-05_trial-14.wav	6	1.3125	1.4525
sub-01	5	14	pie	behav_sub-01_run-05_trial-14.wav	7	1.4525	1.6525
sub-01	5	14	pie	behav_sub-01_run-05_trial-14.wav	8	1.6525	1.8125
sub-01	5	14	pie	behav_sub-01_run-05_trial-14.wav	9	1.8125	1.9725
sub-01	5	14	pie	behav_sub-01_run-05_trial-14.wav	10	2.0325	2.1725
sub-01	5	14	pie	behav_sub-01_run-05_trial-14.wav	11	2.1725	2.2925
sub-01	5	14	pie	behav_sub-01_run-05_trial-14.wav	12	2.2925	2.4725
sub-01	5	14	pie	behav_sub-01_run-05_trial-14.wav	13	2.5725	2.7125
sub-01	5	14	pie	behav_sub-01_run-05_trial-14.wav	14	2.7525	2.9125
sub-01	5	14	pie	behav_sub-01_run-05_trial-14.wav	15	2.9525	3.0925
sub-01	5	14	pie	behav_sub-01_run-05_trial-14.wav	16	3.1725	3.2925
sub-01	5	14	pie	behav_sub-01_run-05_trial-14.wav	17	3.3725	3.5125
sub-01	5	14	pie	behav_sub-01_run-05_trial-14.wav	18	3.5725	3.7325
sub-01	5	14	pie	behav_sub-01_run-05_trial-14.wav	19	3.7925	3.9325
sub-01	5	14	pie	behav_sub-01_run-05_trial-14.wav	20	3.9925	4.1725
sub-01	5	14	pie	behav_sub-01_run-05_trial-14.wav	21	4.1725	4.3925
sub-01	5	15	ser	behav_sub-01_run-05_trial-15.wav	1	0.3525	0.5725
sub-01	5	15	ser	behav_sub-01_run-05_trial-15.wav	2	0.5725	0.7525
sub-01	5	15	ser	behav_sub-01_run-05_trial-15.wav	3	0.7525	0.9525
sub-01	5	15	ser	behav_sub-01_run-05_trial-15.wav	4	0.9525	1.1725
sub-01	5	15	ser	behav_sub-01_run-05_trial-15.wav	5	1.1725	1.3725
sub-01	5	15	ser	behav_sub-01_run-05_trial-15.wav	6	1.3725	1.5725
sub-01	5	15	ser	behav_sub-01_run-05_trial-15.wav	7	1.5725	1.7725
sub-01	5	15	ser	behav_sub-01_run-05_trial-15.wav	8	1.7725	1.9525
sub-01	5	15	ser	behav_sub-01_run-05_trial-15.wav	9	1.9525	2.1525
sub-01	5	15	ser	behav_sub-01_run-05_trial-15.wav	10	2.1525	2.3525
sub-01	5	15	ser	behav_sub-01_run-05_trial-15.wav	11	2.3525	2.5725
sub-01	5	15	ser	behav_sub-01_run-05_trial-15.wav	12	2.5725	2.7725
sub-01	5	15	ser	behav_sub-01_run-05_trial-15.wav	13	2.7725	2.9925
sub-01	5	15	ser	behav_sub-01_run-05_trial-15.wav	14	2.9925	3.1925
sub-01	5	15	ser	behav_sub-01_run-05_trial-15.wav	15	3.1925	3.4125
sub-01	5	15	ser	behav_sub-01_run-05_trial-15.wav	16	3.4125	3.6125
sub-01	5	15	ser	behav_sub-01_run-05_trial-15.wav	17	3.6125	3.8125
sub-01	5	15	ser	behav_sub-01_run-05_trial-15.wav	18	3.8125	3.8925
sub-01	5	15	ser	behav_sub-01_run-05_trial-15.wav	19	3.9725	4.1925
sub-01	5	15	ser	behav_sub-01_run-05_trial-15.wav	20	4.1925	4.4325
sub-01	5	16	mih	behav_sub-01_run-05_trial-16.wav	1	0.4925	0.6325
sub-01	5	16	mih	behav_sub-01_run-05_trial-16.wav	2	0.6325	0.7725
sub-01	5	16	mih	behav_sub-01_run-05_trial-16.wav	3	0.7725	0.9125
sub-01	5	16	mih	behav_sub-01_run-05_trial-16.wav	4	0.9125	1.0725
sub-01	5	16	mih	behav_sub-01_run-05_trial-16.wav	5	1.0725	1.2325
sub-01	5	16	mih	behav_sub-01_run-05_trial-16.wav	6	1.2325	1.3925
sub-01	5	16	mih	behav_sub-01_run-05_trial-16.wav	7	1.3925	1.5325
sub-01	5	16	mih	behav_sub-01_run-05_trial-16.wav	8	1.5325	1.6925
sub-01	5	16	mih	behav_sub-01_run-05_trial-16.wav	9	1.6925	1.8325
sub-01	5	16	mih	behav_sub-01_run-05_trial-16.wav	10	1.8325	1.9925
sub-01	5	16	mih	behav_sub-01_run-05_trial-16.wav	11	1.9925	2.1525
sub-01	5	16	mih	behav_sub-01_run-05_trial-16.wav	12	2.1525	2.3125
sub-01	5	16	mih	behav_sub-01_run-05_trial-16.wav	13	2.3125	2.4525
sub-01	5	16	mih	behav_sub-01_run-05_trial-16.wav	14	2.4525	2.6125
sub-01	5	16	mih	behav_sub-01_run-05_trial-16.wav	15	2.6125	2.7725
sub-01	5	16	mih	behav_sub-01_run-05_trial-16.wav	16	2.7725	2.9325
sub-01	5	16	mih	behav_sub-01_run-05_trial-16.wav	17	2.9325	3.0725
sub-01	5	16	mih	behav_sub-01_run-05_trial-16.wav	18	3.0725	3.2325
sub-01	5	16	mih	behav_sub-01_run-05_trial-16.wav	19	3.2325	3.3925
sub-01	5	16	mih	behav_sub-01_run-05_trial-16.wav	20	3.3925	3.5525
sub-01	5	16	mih	behav_sub-01_run-05_trial-16.wav	21	3.5525	3.7125
sub-01	5	16	mih	behav_sub-01_run-05_trial-16.wav	22	3.7125	3.8725
sub-01	5	16	mih	behav_sub-01_run-05_trial-16.wav	23	3.8725	4.0325
sub-01	5	16	mih	behav_sub-01_run-05_trial-16.wav	24	4.0325	4.1925
sub-01	5	16	mih	behav_sub-01_run-05_trial-16.wav	25	4.1925	4.3525
sub-01	5	16	mih	behav_sub-01_run-05_trial-16.wav	26	4.3525	4.5000
sub-01	5	17	thurs	behav_sub-01_run-05_trial-17.wav	1	0.3125	0.4125
sub-01	5	17	thurs	behav_sub-01_run-05_trial-17.wav	2	0.4125	0.6525
sub-01	5	17	thurs	behav_sub-01_run-05_trial-17.wav	3	0.6525	0.8725
sub-01	5	17	thurs	behav_sub-01_run-05_trial-17.wav	4	0.8725	1.0925
sub-01	5	17	thurs	behav_sub-01_run-05_trial-17.wav	5	1.0925	1.3125
sub-01	5	17	thurs	behav_sub-01_run-05_trial-17.wav	6	1.3125	1.5725
sub-01	5	17	thurs	behav_sub-01_run-05_trial-17.wav	7	1.5725	1.8125
sub-01	5	17	thurs	behav_sub-01_run-05_trial-17.wav	8	1.8125	2.0525
sub-01	5	17	thurs	behav_sub-01_run-05_trial-17.wav	9	2.0525	2.2925
sub-01	5	17	thurs	behav_sub-01_run-05_trial-17.wav	10	2.2925	2.5125
sub-01	5	17	thurs	behav_sub-01_run-05_trial-17.wav	11	2.5125	2.7325
sub-01	5	17	thurs	behav_sub-01_run-05_trial-17.wav	12	2.7325	2.9525
sub-01	5	17	thurs	behav_sub-01_run-05_trial-17.wav	13	2.9525	3.1725
sub-01	5	17	thurs	behav_sub-01_run-05_trial-17.wav	14	3.1725	3.3925
sub-01	5	17	thurs	behav_sub-01_run-05_trial-17.wav	15	3.3925	3.6325
sub-01	5	17	thurs	behav_sub-01_run-05_trial-17.wav	16	3.6325	3.8325
sub-01	5	17	thurs	behav_sub-01_run-05_trial-17.wav	17	3.8325	4.0925
sub-01	5	17	thurs	behav_sub-01_run-05_trial-17.wav	18	4.0925	4.2925
sub-01	5	17	thurs	behav_sub-01_run-05_trial-17.wav	19	4.2925	4.5000
sub-01	5	18	thought	behav_sub-01_run-05_trial-18.wav	1	0.5325	0.6125
sub-01	5	18	thought	behav_sub-01_run-05_trial-18.wav	2	0.6725	0.7725
sub-01	5	18	thought	behav_sub-01_run-05_trial-18.wav	3	0.8525	0.9525
sub-01	5	18	thought	behav_sub-01_run-05_trial-18.wav	4	1.0125	1.1325
sub-01	5	18	thought	behav_sub-01_run-05_trial-18.wav	5	1.1925	1.3125
sub-01	5	18	thought	behav_sub-01_run-05_trial-18.wav	6	1.3725	1.4725
sub-01	5	18	thought	behav_sub-01_run-05_trial-18.wav	7	1.5325	1.6525
sub-01	5	18	thought	behav_sub-01_run-05_trial-18.wav	8	1.6925	1.8325
sub-01	5	18	thought	behav_sub-01_run-05_trial-18.wav	9	1.8725	1.9925
sub-01	5	18	thought	behav_sub-01_run-05_trial-18.wav	10	2.0525	2.1325
sub-01	5	18	thought	behav_sub-01_run-05_trial-18.wav	11	2.2125	2.3125
sub-01	5	18	thought	behav_sub-01_run-05_trial-18.wav	12	2.3925	2.4925
sub-01	5	18	thought	behav_sub-01_run-05_trial-18.wav	13	2.5525	2.6725
sub-01	5	18	thought	behav_sub-01_run-05_trial-18.wav	14	2.7325	2.8325
sub-01	5	18	thought	behav_sub-01_run-05_trial-18.wav	15	2.8925	2.9925
sub-01	5	18	thought	behav_sub-01_run-05_trial-18.wav	16	3.0725	3.1925
sub-01	5	18	thought	behav_sub-01_run-05_trial-18.wav	17	3.2725	3.3925
sub-01	5	18	thought	behav_sub-01_run-05_trial-18.wav	18	3.4525	3.5725
sub-01	5	18	thought	behav_sub-01_run-05_trial-18.wav	19	3.6125	3.7325
sub-01	5	18	thought	behav_sub-01_run-05_trial-18.wav	20	3.8125	3.9325
sub-01	5	18	thought	behav_sub-01_run-05_trial-18.wav	21	4.0125	4.1125
sub-01	5	18	thought	behav_sub-01_run-05_trial-18.wav	22	4.1725	4.3125
sub-01	5	18	thought	behav_sub-01_run-05_trial-18.wav	23	4.3725	4.5000
sub-01	5	19	ter	behav_sub-01_run-05_trial-19.wav	1	0.3125	0.4125
sub-01	5	19	ter	behav_sub-01_run-05_trial-19.wav	2	0.4125	0.5325
sub-01	5	19	ter	behav_sub-01_run-05_trial-19.wav	3	0.5725	0.7325
sub-01	5	19	ter	behav_sub-01_run-05_trial-19.wav	4	0.7325	0.8925
sub-01	5	19	ter	behav_sub-01_run-05_trial-19.wav	5	0.8925	1.0325
sub-01	5	19	ter	behav_sub-01_run-05_trial-19.wav	6	1.0725	1.2125
sub-01	5	19	ter	behav_sub-01_run-05_trial-19.wav	7	1.2125	1.4125
sub-01	5	19	ter	behav_sub-01_run-05_trial-19.wav	8	1.4125	1.5725
sub-01	5	19	ter	behav_sub-01_run-05_trial-19.wav	9	1.5725	1.7325
sub-01	5	19	ter	behav_sub-01_run-05_trial-19.wav	10	1.7325	1.8925
sub-01	5	19	ter	behav_sub-01_run-05_trial-19.wav	11	1.8925	2.0525
sub-01	5	19	ter	behav_sub-01_run-05_trial-19.wav	12	2.0525	2.2525
sub-01	5	19	ter	behav_sub-01_run-05_trial-19.wav	13	2.2525	2.4125
sub-01	5	19	ter	behav_sub-01_run-05_trial-19.wav	14	2.4125	2.5725
sub-01	5	19	ter	behav_sub-01_run-05_trial-19.wav	15	2.5725	2.7325
sub-01	5	19	ter	behav_sub-01_run-05_trial-19.wav	16	2.7725	2.8925
sub-01	5	19	ter	behav_sub-01_run-05_trial-19.wav	17	2.8925	3.0525
sub-01	5	19	ter	behav_sub-01_run-05_trial-19.wav	18	3.1125	3.2525
sub-01	5	19	ter	behav_sub-01_run-05_trial-19.wav	19	3.2525	3.4125
sub-01	5	19	ter	behav_sub-01_run-05_trial-19.wav	20	3.4725	3.6125
sub-01	5	19	ter	behav_sub-01_run-05_trial-19.wav	21	3.6125	3.7725
sub-01	5	19	ter	behav_sub-01_run-05_trial-19.wav	22	3.7725	3.9525
sub-01	5	19	ter	behav_sub-01_run-05_trial-19.wav	23	4.0125	4.1525
sub-01	5	20	day	behav_sub-01_run-05_trial-20.wav	1	0.2925	0.4125
sub-01	5	20	day	behav_sub-01_run-05_trial-20.wav	2	0.4125	0.6125
sub-01	5	20	day	behav_sub-01_run-05_trial-20.wav	3	0.6125	0.7525
sub-01	5	20	day	behav_sub-01_run-05_trial-20.wav	4	0.7925	0.9325
sub-01	5	20	day	behav_sub-01_run-05_trial-20.wav	5	0.9325	1.0925
sub-01	5	20	day	behav_sub-01_run-05_trial-20.wav	6	1.1325	1.2725
sub-01	5	20	day	behav_sub-01_run-05_trial-20.wav	7	1.3125	1.4525
sub-01	5	20	day	behav_sub-01_run-05_trial-20.wav	8	1.4925	1.6525
sub-01	5	20	day	behav_sub-01_run-05_trial-20.wav	9	1.6925	1.8125
sub-01	5	20	day	behav_sub-01_run-05_trial-20.wav	10	1.8525	1.9925
sub-01	5	20	day	behav_sub-01_run-05_trial-20.wav	11	2.0525	2.2125
sub-01	5	20	day	behav_sub-01_run-05_trial-20.wav	12	2.2125	2.3725
sub-01	5	20	day	behav_sub-01_run-05_trial-20.wav	13	2.3725	2.5525
sub-01	5	20	day	behav_sub-01_run-05_trial-20.wav	14	2.6125	2.7325
sub-01	5	20	day	behav_sub-01_run-05_trial-20.wav	15	2.7925	2.9325
sub-01	5	20	day	behav_sub-01_run-05_trial-20.wav	16	2.9925	3.1325
sub-01	5	20	day	behav_sub-01_run-05_trial-20.wav	17	3.1325	3.2925
sub-01	5	20	day	behav_sub-01_run-05_trial-20.wav	18	3.3325	3.4925
sub-01	5	20	day	behav_sub-01_run-05_trial-20.wav	19	3.4925	3.6925
sub-01	5	20	day	behav_sub-01_run-05_trial-20.wav	20	3.6925	3.8525
sub-01	5	20	day	behav_sub-01_run-05_trial-20.wav	21	3.9125	4.0525
sub-01	5	20	day	behav_sub-01_run-05_trial-20.wav	22	4.0925	4.2325
sub-01	5	20	day	behav_sub-01_run-05_trial-20.wav	23	4.3125	4.4325
sub-01	5	21	fee	behav_sub-01_run-05_trial-21.wav	1	0.2525	0.3525
sub-01	5	21	fee	behav_sub-01_run-05_trial-21.wav	2	0.4125	0.5125
sub-01	5	21	fee	behav_sub-01_run-05_trial-21.wav	3	0.5725	0.6725
sub-01	5	21	fee	behav_sub-01_run-05_trial-21.wav	4	0.7525	0.8525
sub-01	5	21	fee	behav_sub-01_run-05_trial-21.wav	5	0.9325	1.0125
sub-01	5	21	fee	behav_sub-01_run-05_trial-21.wav	6	1.0725	1.1725
sub-01	5	21	fee	behav_sub-01_run-05_trial-21.wav	7	1.2325	1.3525
sub-01	5	21	fee	behav_sub-01_run-05_trial-21.wav	8	1.4125	1.5125
sub-01	5	21	fee	behav_sub-01_run-05_trial-21.wav	9	1.5725	1.6925
sub-01	5	21	fee	behav_sub-01_run-05_trial-21.wav	10	1.7525	1.8725
sub-01	5	21	fee	behav_sub-01_run-05_trial-21.wav	11	1.9125	2.0325
sub-01	5	21	fee	behav_sub-01_run-05_trial-21.wav	12	2.0325	2.1925
sub-01	5	21	fee	behav_sub-01_run-05_trial-21.wav	13	2.1925	2.3525
sub-01	5	21	fee	behav_sub-01_run-05_trial-21.wav	14	2.3525	2.5525
sub-01	5	21	fee	behav_sub-01_run-05_trial-21.wav	15	2.6125	2.7125
sub-01	5	21	fee	behav_sub-01_run-05_trial-21.wav	16	2.7125	2.8925
sub-01	5	21	fee	behav_sub-01_run-05_trial-21.wav	17	2.8925	3.0925
sub-01	5	21	fee	behav_sub-01_run-05_trial-21.wav	18	3.0925	3.2725
sub-01	5	21	fee	behav_sub-01_run-05_trial-21.wav	19	3.2725	3.4725
sub-01	5	21	fee	behav_sub-01_run-05_trial-21.wav	20	3.4725	3.6325
sub-01	5	21	fee	behav_sub-01_run-05_trial-21.wav	21	3.6325	3.8125
sub-01	5	21	fee	behav_sub-01_run-05_trial-21.wav	22	3.8125	3.9725
sub-01	5	21	fee	behav_sub-01_run-05_trial-21.wav	23	3.9725	4.1725
sub-01	5	21	fee	behav_sub-01_run-05_trial-21.wav	24	4.1725	4.3725
sub-01	5	22	pie	behav_sub-01_run-05_trial-22.wav	1	0.3725	0.4725
sub-01	5	22	pie	behav_sub-01_run-05_trial-22.wav	2	0.5325	0.6925
sub-01	5	22	pie	behav_sub-01_run-05_trial-22.wav	3	0.6925	0.8325
sub-01	5	22	pie	behav_sub-01_run-05_trial-22.wav	4	0.8725	1.0125
sub-01	5	22	pie	behav_sub-01_run-05_trial-22.wav	5	1.0125	1.2125
sub-01	5	22	pie	behav_sub-01_run-05_trial-22.wav	6	1.2125	1.3725
sub-01	5	22	pie	behav_sub-01_run-05_trial-22.wav	7	1.4325	1.5525
sub-01	5	22	pie	behav_sub-01_run-05_trial-22.wav	8	1.6125	1.7525
sub-01	5	22	pie	behav_sub-01_run-05_trial-22.wav	9	1.8125	1.9725
sub-01	5	22	pie	behav_sub-01_run-05_trial-22.wav	10	1.9725	2.1325
sub-01	5	22	pie	behav_sub-01_run-05_trial-22.wav	11	2.1325	2.3125
sub-01	5	22	pie	behav_sub-01_run-05_trial-22.wav	12	2.3725	2.5125
sub-01	5	22	pie	behav_sub-01_run-05_trial-22.wav	13	2.5525	2.6925
sub-01	5	22	pie	behav_sub-01_run-05_trial-22.wav	14	2.7725	2.9325
sub-01	5	22	pie	behav_sub-01_run-05_trial-22.wav	15	2.9725	3.1325
sub-01	5	22	pie	behav_sub-01_run-05_trial-22.wav	16	3.1325	3.3125
sub-01	5	22	pie	behav_sub-01_run-05_trial-22.wav	17	3.3725	3.5125
sub-01	5	22	pie	behav_sub-01_run-05_trial-22.wav	18	3.5725	3.6925
sub-01	5	22	pie	behav_sub-01_run-05_trial-22.wav	19	3.7725	3.9125
sub-01	5	22	pie	behav_sub-01_run-05_trial-22.wav	20	3.9925	4.1725
sub-01	5	23	ser	behav_sub-01_run-05_trial-23.wav	1	0.3925	0.5725
sub-01	5	23	ser	behav_sub-01_run-05_trial-23.wav	2	0.5725	0.7525
sub-01	5	23	ser	behav_sub-01_run-05_trial-23.wav	3	0.7525	0.9525
sub-01	5	23	ser	behav_sub-01_run-05_trial-23.wav	4	0.9525	1.1325
sub-01	5	23	ser	behav_sub-01_run-05_trial-23.wav	5	1.1325	1.3325
sub-01	5	23	ser	behav_sub-01_run-05_trial-23.wav	6	1.3325	1.5125
sub-01	5	23	ser	behav_sub-01_run-05_trial-23.wav	7	1.5125	1.7125
sub-01	5	23	ser	behav_sub-01_run-05_trial-23.wav	8	1.7125	1.8925
sub-01	5	23	ser	behav_sub-01_run-05_trial-23.wav	9	1.8925	2.0925
sub-01	5	23	ser	behav_sub-01_run-05_trial-23.wav	10	2.0925	2.2525
sub-01	5	23	ser	behav_sub-01_run-05_trial-23.wav	11	2.3125	2.4525
sub-01	5	23	ser	behav_sub-01_run-05_trial-23.wav	12	2.4525	2.6325
sub-01	5	23	ser	behav_sub-01_run-05_trial-23.wav	13	2.6325	2.7325
sub-01	5	23	ser	behav_sub-01_run-05_trial-23.wav	14	2.7325	2.8125
sub-01	5	23	ser	behav_sub-01_run-05_trial-23.wav	15	2.8925	3.0125
sub-01	5	23	ser	behav_sub-01_run-05_trial-23.wav	16	3.0725	3.1925
sub-01	5	23	ser	behav_sub-01_run-05_trial-23.wav	17	3.2325	3.3925
sub-01	5	23	ser	behav_sub-01_run-05_trial-23.wav	18	3.4525	3.5725
sub-01	5	23	ser	behav_sub-01_run-05_trial-23.wav	19	3.5725	3.7725
sub-01	5	23	ser	behav_sub-01_run-05_trial-23.wav	20	3.7725	3.9725
sub-01	5	23	ser	behav_sub-01_run-05_trial-23.wav	21	3.9725	4.1725
sub-01	5	23	ser	behav_sub-01_run-05_trial-23.wav	22	4.1725	4.3525
sub-01	5	23	ser	behav_sub-01_run-05_trial-23.wav	23	4.4125	4.5000
sub-01	5	24	per	behav_sub-01_run-05_trial-24.wav	1	0.3525	0.4525
sub-01	5	24	per	behav_sub-01_run-05_trial-24.wav	2	0.5125	0.6525
sub-01	5	24	per	behav_sub-01_run-05_trial-24.wav	3	0.6525	0.8125
sub-01	5	24	per	behav_sub-01_run-05_trial-24.wav	4	0.8725	0.9925
sub-01	5	24	per	behav_sub-01_run-05_trial-24.wav	5	1.0525	1.1725
sub-01	5	24	per	behav_sub-01_run-05_trial-24.wav	6	1.2325	1.3525
sub-01	5	24	per	behav_sub-01_run-05_trial-24.wav	7	1.4125	1.5325
sub-01	5	24	per	behav_sub-01_run-05_trial-24.wav	8	1.5925	1.7125
sub-01	5	24	per	behav_sub-01_run-05_trial-24.wav	9	1.7725	1.8925
sub-01	5	24	per	behav_sub-01_run-05_trial-24.wav	10	1.9725	2.0925
sub-01	5	24	per	behav_sub-01_run-05_trial-24.wav	11	2.1525	2.2725
sub-01	5	24	per	behav_sub-01_run-05_trial-24.wav	12	2.3325	2.4325
sub-01	5	24	per	behav_sub-01_run-05_trial-24.wav	13	2.5125	2.6125
sub-01	5	24	per	behav_sub-01_run-05_trial-24.wav	14	2.6925	2.7925
sub-01	5	24	per	behav_sub-01_run-05_trial-24.wav	15	2.8725	2.9725
sub-01	5	24	per	behav_sub-01_run-05_trial-24.wav	16	3.0525	3.1525
sub-01	5	24	per	behav_sub-01_run-05_trial-24.wav	17	3.2125	3.3325
sub-01	5	24	per	behav_sub-01_run-05_trial-24.wav	18	3.3925	3.5125
sub-01	5	24	per	behav_sub-01_run-05_trial-24.wav	19	3.5725	3.6725
sub-01	5	24	per	behav_sub-01_run-05_trial-24.wav	20	3.7525	3.8525
sub-01	5	24	per	behav_sub-01_run-05_trial-24.wav	21	3.9125	4.0325
sub-01	5	24	per	behav_sub-01_run-05_trial-24.wav	22	4.1125	4.1925
sub-01	5	24	per	behav_sub-01_run-05_trial-24.wav	23	4.2725	4.3925
sub-01	5	24	per	behav_sub-01_run-05_trial-24.wav	24	4.4725	4.5000
sub-01	5	25	thurs	behav_sub-01_run-05_trial-25.wav	1	0.2125	0.4525
sub-01	5	25	thurs	behav_sub-01_run-05_trial-25.wav	2	0.4525	0.6525
sub-01	5	25	thurs	behav_sub-01_run-05_trial-25.wav	3	0.6525	0.8925
sub-01	5	25	thurs	behav_sub-01_run-05_trial-25.wav	4	0.8925	1.0925
sub-01	5	25	thurs	behav_sub-01_run-05_trial-25.wav	5	1.0925	1.3125
sub-01	5	25	thurs	behav_sub-01_run-05_trial-25.wav	6	1.3125	1.5325
sub-01	5	25	thurs	behav_sub-01_run-05_trial-25.wav	7	1.5325	1.7325
sub-01	5	25	thurs	behav_sub-01_run-05_trial-25.wav	8	1.7325	1.8925
sub-01	5	25	thurs	behav_sub-01_run-05_trial-25.wav	9	1.9525	2.2125
sub-01	5	25	thurs	behav_sub-01_run-05_trial-25.wav	10	2.2125	2.3325
sub-01	5	25	thurs	behav_sub-01_run-05_trial-25.wav	11	2.3325	2.5725
sub-01	5	25	thurs	behav_sub-01_run-05_trial-25.wav	12	2.5725	2.8125
sub-01	5	25	thurs	behav_sub-01_run-05_trial-25.wav	13	2.8125	3.0525
sub-01	5	25	thurs	behav_sub-01_run-05_trial-25.wav	14	3.0525	3.2525
sub-01	5	25	thurs	behav_sub-01_run-05_trial-25.wav	15	3.2525	3.4725
sub-01	5	25	thurs	behav_sub-01_run-05_trial-25.wav	16	3.4725	3.7125
sub-01	5	25	thurs	behav_sub-01_run-05_trial-25.wav	17	3.7125	4.0725
sub-01	5	26	fee	behav_sub-01_run-05_trial-26.wav	1	0.4725	0.5725
sub-01	5	26	fee	behav_sub-01_run-05_trial-26.wav	2	0.5725	0.7325
sub-01	5	26	fee	behav_sub-01_run-05_trial-26.wav	3	0.7325	0.8725
sub-01	5	26	fee	behav_sub-01_run-05_trial-26.wav	4	0.8725	1.0325
sub-01	5	26	fee	behav_sub-01_run-05_trial-26.wav	5	1.0325	1.1725
sub-01	5	26	fee	behav_sub-01_run-05_trial-26.wav	6	1.2325	1.3325
sub-01	5	26	fee	behav_sub-01_run-05_trial-26.wav	7	1.3925	1.4925
sub-01	5	26	fee	behav_sub-01_run-05_trial-26.wav	8	1.5525	1.6525
sub-01	5	26	fee	behav_sub-01_run-05_trial-26.wav	9	1.7125	1.8325
sub-01	5	26	fee	behav_sub-01_run-05_trial-26.wav	10	1.8325	2.0125
sub-01	5	26	fee	behav_sub-01_run-05_trial-26.wav	11	2.0125	2.1725
sub-01	5	26	fee	behav_sub-01_run-05_trial-26.wav	12	2.2325	2.3525
sub-01	5	26	fee	behav_sub-01_run-05_trial-26.wav	13	2.4125	2.5125
sub-01	5	26	fee	behav_sub-01_run-05_trial-26.wav	14	2.5725	2.6925
sub-01	5	26	fee	behav_sub-01_run-05_trial-26.wav	15	2.6925	2.8525
sub-01	5	26	fee	behav_sub-01_run-05_trial-26.wav	16	2.8525	3.0325
sub-01	5	26	fee	behav_sub-01_run-05_trial-26.wav	17	3.0925	3.1925
sub-01	5	26	fee	behav_sub-01_run-05_trial-26.wav	18	3.2725	3.3725
sub-01	5	26	fee	behav_sub-01_run-05_trial-26.wav	19	3.4525	3.5725
sub-01	5	26	fee	behav_sub-01_run-05_trial-26.wav	20	3.6525	3.7925
sub-01	5	26	fee	behav_sub-01_run-05_trial-26.wav	21	3.8525	4.0125
sub-01	5	27	mih	behav_sub-01_run-05_trial-27.wav	1	0.5325	0.6725
sub-01	5	27	mih	behav_sub-01_run-05_trial-27.wav	2	0.6725	0.8325
sub-01	5	27	mih	behav_sub-01_run-05_trial-27.wav	3	0.8325	0.9725
sub-01	5	27	mih	behav_sub-01_run-05_trial-27.wav	4	0.9725	1.1325
sub-01	5	27	mih	behav_sub-01_run-05_trial-27.wav	5	1.1325	1.2725
sub-01	5	27	mih	behav_sub-01_run-05_trial-27.wav	6	1.2725	1.4125
sub-01	5	27	mih	behav_sub-01_run-05_trial-27.wav	7	1.4125	1.5725
sub-01	5	27	mih	behav_sub-01_run-05_trial-27.wav	8	1.5725	1.7325
sub-01	5	27	mih	behav_sub-01_run-05_trial-27.wav	9	1.7325	1.8925
sub-01	5	27	mih	behav_sub-01_run-05_trial-27.wav	10	1.8925	2.0525
sub-01	5	27	mih	behav_sub-01_run-05_trial-27.wav	11	2.0525	2.1925
sub-01	5	27	mih	behav_sub-01_run-05_trial-27.wav	12	2.1925	2.3525
sub-01	5	27	mih	behav_sub-01_run-05_trial-27.wav	13	2.3525	2.5125
sub-01	5	27	mih	behav_sub-01_run-05_trial-27.wav	14	2.5125	2.6725
sub-01	5	27	mih	behav_sub-01_run-05_trial-27.wav	15	2.6725	2.8325
sub-01	5	27	mih	behav_sub-01_run-05_trial-27.wav	16	2.8325	3.0125
sub-01	5	27	mih	behav_sub-01_run-05_trial-27.wav	17	3.0125	3.1725
sub-01	5	27	mih	behav_sub-01_run-05_trial-27.wav	18	3.1725	3.3325
sub-01	5	27	mih	behav_sub-01_run-05_trial-27.wav	19	3.3325	3.4925
sub-01	5	27	mih	behav_sub-01_run-05_trial-27.wav	20	3.4925	3.6525
sub-01	5	27	mih	behav_sub-01_run-05_trial-27.wav	21	3.6525	3.8125
sub-01	5	27	mih	behav_sub-01_run-05_trial-27.wav	22	3.8125	3.9725
sub-01	5	27	mih	behav_sub-01_run-05_trial-27.wav	23	3.9725	4.1325
sub-01	5	27	mih	behav_sub-01_run-05_trial-27.wav	24	4.1325	4.3325
sub-01	5	28	pie	behav_sub-01_run-05_trial-28.wav	1	0.5125	0.6125
sub-01	5	28	pie	behav_sub-01_run-05_trial-28.wav	2	0.6125	0.8125
sub-01	5	28	pie	behav_sub-01_run-05_trial-28.wav	3	0.8125	0.9725
sub-01	5	28	pie	behav_sub-01_run-05_trial-28.wav	4	0.9725	1.1525
sub-01	5	28	pie	behav_sub-01_run-05_trial-28.wav	5	1.1925	1.3325
sub-01	5	28	pie	behav_sub-01_run-05_trial-28.wav	6	1.3925	1.5325
sub-01	5	28	pie	behav_sub-01_run-05_trial-28.wav	7	1.5725	1.7325
sub-01	5	28	pie	behav_sub-01_run-05_trial-28.wav	8	1.7325	1.9325
sub-01	5	28	pie	behav_sub-01_run-05_trial-28.wav	9	1.9325	2.1325
sub-01	5	28	pie	behav_sub-01_run-05_trial-28.wav	10	2.1325	2.3125
sub-01	5	28	pie	behav_sub-01_run-05_trial-28.wav	11	2.3125	2.5125
sub-01	5	28	pie	behav_sub-01_run-05_trial-28.wav	12	2.5525	2.7325
sub-01	5	28	pie	behav_sub-01_run-05_trial-28.wav	13	2.7325	2.9125
sub-01	5	28	pie	behav_sub-01_run-05_trial-28.wav	14	2.9725	3.1325
sub-01	5	28	pie	behav_sub-01_run-05_trial-28.wav	15	3.1325	3.2925
sub-01	5	28	pie	behav_sub-01_run-05_trial-28.wav	16	3.3725	3.5125
sub-01	5	28	pie	behav_sub-01_run-05_trial-28.wav	17	3.5925	3.7125
sub-01	5	28	pie	behav_sub-01_run-05_trial-28.wav	18	3.7725	3.9125
sub-01	5	28	pie	behav_sub-01_run-05_trial-28.wav	19	3.9725	4.1325
sub-01	5	28	pie	behav_sub-01_run-05_trial-28.wav	20	4.1925	4.3525
sub-01	5	29	thought	behav_sub-01_run-05_trial-29.wav	1	0.3325	0.4525
sub-01	5	29	thought	behav_sub-01_run-05_trial-29.wav	2	0.4925	0.6125
sub-01	5	29	thought	behav_sub-01_run-05_trial-29.wav	3	0.6725	0.8325
sub-01	5	29	thought	behav_sub-01_run-05_trial-29.wav	4	0.8725	0.9925
sub-01	5	29	thought	behav_sub-01_run-05_trial-29.wav	5	1.0525	1.1725
sub-01	5	29	thought	behav_sub-01_run-05_trial-29.wav	6	1.2325	1.3525
sub-01	5	29	thought	behav_sub-01_run-05_trial-29.wav	7	1.4125	1.5325
sub-01	5	29	thought	behav_sub-01_run-05_trial-29.wav	8	1.5925	1.7125
sub-01	5	29	thought	behav_sub-01_run-05_trial-29.wav	9	1.7725	1.9125
sub-01	5	29	thought	behav_sub-01_run-05_trial-29.wav	10	1.9725	2.0725
sub-01	5	29	thought	behav_sub-01_run-05_trial-29.wav	11	2.1325	2.2725
sub-01	5	29	thought	behav_sub-01_run-05_trial-29.wav	12	2.3325	2.5725
sub-01	5	29	thought	behav_sub-01_run-05_trial-29.wav	13	2.5725	2.6725
sub-01	5	29	thought	behav_sub-01_run-05_trial-29.wav	14	2.7325	2.8525
sub-01	5	29	thought	behav_sub-01_run-05_trial-29.wav	15	2.9125	3.0525
sub-01	5	29	thought	behav_sub-01_run-05_trial-29.wav	16	3.1325	3.2725
sub-01	5	29	thought	behav_sub-01_run-05_trial-29.wav	17	3.3325	3.5725
sub-01	5	29	thought	behav_sub-01_run-05_trial-29.wav	18	3.5725	3.6925
sub-01	5	29	thought	behav_sub-01_run-05_trial-29.wav	19	3.7525	3.8725
sub-01	5	29	thought	behav_sub-01_run-05_trial-29.wav	20	3.9325	4.0725
sub-01	5	29	thought	behav_sub-01_run-05_trial-29.wav	21	4.1325	4.1925
sub-01	5	29	thought	behav_sub-01_run-05_trial-29.wav	22	4.2725	4.3725
sub-01	5	30	day	behav_sub-01_run-05_trial-30.wav	1	0.5325	0.6925
sub-01	5	30	day	behav_sub-01_run-05_trial-30.wav	2	0.6925	0.8525
sub-01	5	30	day	behav_sub-01_run-05_trial-30.wav	3	0.8925	1.0525
sub-01	5	30	day	behav_sub-01_run-05_trial-30.wav	4	1.0525	1.2325
sub-01	5	30	day	behav_sub-01_run-05_trial-30.wav	5	1.2725	1.4525
sub-01	5	30	day	behav_sub-01_run-05_trial-30.wav	6	1.4525	1.6125
sub-01	5	30	day	behav_sub-01_run-05_trial-30.wav	7	1.6525	1.8125
sub-01	5	30	day	behav_sub-01_run-05_trial-30.wav	8	1.8125	2.0125
sub-01	5	30	day	behav_sub-01_run-05_trial-30.wav	9	2.0125	2.2125
sub-01	5	30	day	behav_sub-01_run-05_trial-30.wav	10	2.2125	2.3925
sub-01	5	30	day	behav_sub-01_run-05_trial-30.wav	11	2.4325	2.6125
sub-01	5	30	day	behav_sub-01_run-05_trial-30.wav	12	2.6125	2.8325
sub-01	5	30	day	behav_sub-01_run-05_trial-30.wav	13	2.8725	3.0525
sub-01	5	30	day	behav_sub-01_run-05_trial-30.wav	14	3.0525	3.2125
sub-01	5	30	day	behav_sub-01_run-05_trial-30.wav	15	3.2525	3.4325
sub-01	5	30	day	behav_sub-01_run-05_trial-30.wav	16	3.4925	3.6325
sub-01	5	30	day	behav_sub-01_run-05_trial-30.wav	17	3.6925	3.8525
sub-01	5	30	day	behav_sub-01_run-05_trial-30.wav	18	3.9125	4.0925
sub-01	5	30	day	behav_sub-01_run-05_trial-30.wav	19	4.0925	4.2725
sub-01	5	30	day	behav_sub-01_run-05_trial-30.wav	20	4.3325	4.5000
sub-01	5	31	pot	behav_sub-01_run-05_trial-31.wav	1	0.3325	0.4525
sub-01	5	31	pot	behav_sub-01_run-05_trial-31.wav	2	0.5125	0.6525
sub-01	5	31	pot	behav_sub-01_run-05_trial-31.wav	3	0.7125	0.8325
sub-01	5	31	pot	behav_sub-01_run-05_trial-31.wav	4	0.8925	1.0325
sub-01	5	31	pot	behav_sub-01_run-05_trial-31.wav	5	1.0925	1.2325
sub-01	5	31	pot	behav_sub-01_run-05_trial-31.wav	6	1.2925	1.4125
sub-01	5	31	pot	behav_sub-01_run-05_trial-31.wav	7	1.4925	1.6125
sub-01	5	31	pot	behav_sub-01_run-05_trial-31.wav	8	1.6725	1.7925
sub-01	5	31	pot	behav_sub-01_run-05_trial-31.wav	9	1.8725	1.9925
sub-01	5	31	pot	behav_sub-01_run-05_trial-31.wav	10	2.0725	2.1925
sub-01	5	31	pot	behav_sub-01_run-05_trial-31.wav	11	2.2725	2.4125
sub-01	5	31	pot	behav_sub-01_run-05_trial-31.wav	12	2.4925	2.6125
sub-01	5	31	pot	behav_sub-01_run-05_trial-31.wav	13	2.6925	2.7925
sub-01	5	31	pot	behav_sub-01_run-05_trial-31.wav	14	2.8725	2.9925
sub-01	5	31	pot	behav_sub-01_run-05_trial-31.wav	15	3.0525	3.1725
sub-01	5	31	pot	behav_sub-01_run-05_trial-31.wav	16	3.2525	3.3725
sub-01	5	31	pot	behav_sub-01_run-05_trial-31.wav	17	3.4525	3.5925
sub-01	5	31	pot	behav_sub-01_run-05_trial-31.wav	18	3.6725	3.7925
sub-01	5	31	pot	behav_sub-01_run-05_trial-31.wav	19	3.8725	4.0125
sub-01	5	31	pot	behav_sub-01_run-05_trial-31.wav	20	4.0925	4.2325
sub-01	5	31	pot	behav_sub-01_run-05_trial-31.wav	21	4.3125	4.5000
sub-01	5	32	naw	behav_sub-01_run-05_trial-32.wav	1	0.3525	0.5325
sub-01	5	32	naw	behav_sub-01_run-05_trial-32.wav	2	0.5325	0.7325
sub-01	5	32	naw	behav_sub-01_run-05_trial-32.wav	3	0.7325	0.9125
sub-01	5	32	naw	behav_sub-01_run-05_trial-32.wav	4	0.9125	1.1325
sub-01	5	32	naw	behav_sub-01_run-05_trial-32.wav	5	1.1325	1.3125
sub-01	5	32	naw	behav_sub-01_run-05_trial-32.wav	6	1.3125	1.4925
sub-01	5	32	naw	behav_sub-01_run-05_trial-32.wav	7	1.4925	1.6925
sub-01	5	32	naw	behav_sub-01_run-05_trial-32.wav	8	1.6925	1.9125
sub-01	5	32	naw	behav_sub-01_run-05_trial-32.wav	9	1.9125	2.0925
sub-01	5	32	naw	behav_sub-01_run-05_trial-32.wav	10	2.0925	2.3125
sub-01	5	32	naw	behav_sub-01_run-05_trial-32.wav	11	2.3125	2.5325
sub-01	5	32	naw	behav_sub-01_run-05_trial-32.wav	12	2.5325	2.7725
sub-01	5	32	naw	behav_sub-01_run-05_trial-32.wav	13	2.7725	2.9925
sub-01	5	32	naw	behav_sub-01_run-05_trial-32.wav	14	2.9925	3.2125
sub-01	5	32	naw	behav_sub-01_run-05_trial-32.wav	15	3.2125	3.4525
sub-01	5	32	naw	behav_sub-01_run-05_trial-32.wav	16	3.4525	3.6525
sub-01	5	32	naw	behav_sub-01_run-05_trial-32.wav	17	3.6525	3.8925
sub-01	5	32	naw	behav_sub-01_run-05_trial-32.wav	18	3.8925	4.0925
sub-01	5	32	naw	behav_sub-01_run-05_trial-32.wav	19	4.0925	4.3125
sub-01	5	32	naw	behav_sub-01_run-05_trial-32.wav	20	4.3125	4.5000
sub-01	5	33	day	behav_sub-01_run-05_trial-33.wav	1	0.3125	0.4525
sub-01	5	33	day	behav_sub-01_run-05_trial-33.wav	2	0.4525	0.6325
sub-01	5	33	day	behav_sub-01_run-05_trial-33.wav	3	0.6725	0.8325
sub-01	5	33	day	behav_sub-01_run-05_trial-33.wav	4	0.8725	1.0325
sub-01	5	33	day	behav_sub-01_run-05_trial-33.wav	5	1.0925	1.2525
sub-01	5	33	day	behav_sub-01_run-05_trial-33.wav	6	1.2525	1.4525
sub-01	5	33	day	behav_sub-01_run-05_trial-33.wav	7	1.4525	1.6525
sub-01	5	33	day	behav_sub-01_run-05_trial-33.wav	8	1.7125	1.8725
sub-01	5	33	day	behav_sub-01_run-05_trial-33.wav	9	1.9325	2.1125
sub-01	5	33	day	behav_sub-01_run-05_trial-33.wav	10	2.1525	2.2925
sub-01	5	33	day	behav_sub-01_run-05_trial-33.wav	11	2.3525	2.5725
sub-01	5	33	day	behav_sub-01_run-05_trial-33.wav	12	2.6325	2.8125
sub-01	5	33	day	behav_sub-01_run-05_trial-33.wav	13	2.8525	3.0325
sub-01	5	33	day	behav_sub-01_run-05_trial-33.wav	14	3.0925	3.2925
sub-01	5	33	day	behav_sub-01_run-05_trial-33.wav	15	3.3525	3.5525
sub-01	5	33	day	behav_sub-01_run-05_trial-33.wav	16	3.5925	3.7525
sub-01	5	33	day	behav_sub-01_run-05_trial-33.wav	17	3.8125	4.0325
sub-01	5	33	day	behav_sub-01_run-05_trial-33.wav	18	4.0925	4.3125
sub-01	5	34	thought	behav_sub-01_run-05_trial-34.wav	1	0.2125	0.3325
sub-01	5	34	thought	behav_sub-01_run-05_trial-34.wav	2	0.3925	0.5125
sub-01	5	34	thought	behav_sub-01_run-05_trial-34.wav	3	0.5725	0.7125
sub-01	5	34	thought	behav_sub-01_run-05_trial-34.wav	4	0.7525	0.9125
sub-01	5	34	thought	behav_sub-01_run-05_trial-34.wav	5	0.9925	1.1125
sub-01	5	34	thought	behav_sub-01_run-05_trial-34.wav	6	1.1725	1.3325
sub-01	5	34	thought	behav_sub-01_run-05_trial-34.wav	7	1.3725	1.5325
sub-01	5	34	thought	behav_sub-01_run-05_trial-34.wav	8	1.5325	1.7125
sub-01	5	34	thought	behav_sub-01_run-05_trial-34.wav	9	1.7925	1.9725
sub-01	5	34	thought	behav_sub-01_run-05_trial-34.wav	10	2.0325	2.1725
sub-01	5	34	thought	behav_sub-01_run-05_trial-34.wav	11	2.2325	2.3725
sub-01	5	34	thought	behav_sub-01_run-05_trial-34.wav	12	2.4325	2.5725
sub-01	5	34	thought	behav_sub-01_run-05_trial-34.wav	13	2.6525	2.8125
sub-01	5	34	thought	behav_sub-01_run-05_trial-34.wav	14	2.8125	2.9925
sub-01	5	34	thought	behav_sub-01_run-05_trial-34.wav	15	3.0725	3.2725
sub-01	5	34	thought	behav_sub-01_run-05_trial-34.wav	16	3.3325	3.4725
sub-01	5	34	thought	behav_sub-01_run-05_trial-34.wav	17	3.5325	3.6725
sub-01	5	34	thought	behav_sub-01_run-05_trial-34.wav	18	3.7525	3.8725
sub-01	5	34	thought	behav_sub-01_run-05_trial-34.wav	19	3.9525	4.1325
sub-01	5	34	thought	behav_sub-01_run-05_trial-34.wav	20	4.2125	4.3925
sub-01	5	35	fee	behav_sub-01_run-05_trial-35.wav	1	0.2325	0.3325
sub-01	5	35	fee	behav_sub-01_run-05_trial-35.wav	2	0.3325	0.4725
sub-01	5	35	fee	behav_sub-01_run-05_trial-35.wav	3	0.5325	0.6525
sub-01	5	35	fee	behav_sub-01_run-05_trial-35.wav	4	0.6525	0.8125
sub-01	5	35	fee	behav_sub-01_run-05_trial-35.wav	5	0.8125	0.9725
sub-01	5	35	fee	behav_sub-01_run-05_trial-35.wav	6	0.9725	1.1125
sub-01	5	35	fee	behav_sub-01_run-05_trial-35.wav	7	1.1725	1.2925
sub-01	5	35	fee	behav_sub-01_run-05_trial-35.wav	8	1.2925	1.4125
sub-01	5	35	fee	behav_sub-01_run-05_trial-35.wav	9	1.4725	1.6125
sub-01	5	35	fee	behav_sub-01_run-05_trial-35.wav	10	1.6125	1.7525
sub-01	5	35	fee	behav_sub-01_run-05_trial-35.wav	11	1.8125	1.9525
sub-01	5	35	fee	behav_sub-01_run-05_trial-35.wav	12	1.9525	2.1125
sub-01	5	35	fee	behav_sub-01_run-05_trial-35.wav	13	2.1725	2.3125
sub-01	5	35	fee	behav_sub-01_run-05_trial-35.wav	14	2.3525	2.4925
sub-01	5	35	fee	behav_sub-01_run-05_trial-35.wav	15	2.4925	2.6525
sub-01	5	35	fee	behav_sub-01_run-05_trial-35.wav	16	2.6525	2.8525
sub-01	5	35	fee	behav_sub-01_run-05_trial-35.wav	17	2.8925	3.0525
sub-01	5	35	fee	behav_sub-01_run-05_trial-35.wav	18	3.0525	3.2125
sub-01	5	35	fee	behav_sub-01_run-05_trial-35.wav	19	3.2125	3.3725
sub-01	5	35	fee	behav_sub-01_run-05_trial-35.wav	20	3.3725	3.5525
sub-01	5	35	fee	behav_sub-01_run-05_trial-35.wav	21	3.5525	3.7525
sub-01	5	35	fee	behav_sub-01_run-05_trial-35.wav	22	3.7525	3.9525
sub-01	5	35	fee	behav_sub-01_run-05_trial-35.wav	23	3.9525	4.1325
sub-01	5	36	pie	behav_sub-01_run-05_trial-36.wav	1	0.4925	0.6125
sub-01	5	36	pie	behav_sub-01_run-05_trial-36.wav	2	0.6125	0.7725
sub-01	5	36	pie	behav_sub-01_run-05_trial-36.wav	3	0.7725	0.9325
sub-01	5	36	pie	behav_sub-01_run-05_trial-36.wav	4	0.9725	1.1125
sub-01	5	36	pie	behav_sub-01_run-05_trial-36.wav	5	1.1725	1.2925
sub-01	5	36	pie	behav_sub-01_run-05_trial-36.wav	6	1.3525	1.4925
sub-01	5	36	pie	behav_sub-01_run-05_trial-36.wav	7	1.4925	1.6725
sub-01	5	36	pie	behav_sub-01_run-05_trial-36.wav	8	1.7325	1.8525
sub-01	5	36	pie	behav_sub-01_run-05_trial-36.wav	9	1.9125	2.0725
sub-01	5	36	pie	behav_sub-01_run-05_trial-36.wav	10	2.1125	2.2325
sub-01	5	36	pie	behav_sub-01_run-05_trial-36.wav	11	2.2925	2.4325
sub-01	5	36	pie	behav_sub-01_run-05_trial-36.wav	12	2.5125	2.6325
sub-01	5	36	pie	behav_sub-01_run-05_trial-36.wav	13	2.7125	2.8525
sub-01	5	36	pie	behav_sub-01_run-05_trial-36.wav	14	2.9125	3.0325
sub-01	5	36	pie	behav_sub-01_run-05_trial-36.wav	15	3.0925	3.2525
sub-01	5	36	pie	behav_sub-01_run-05_trial-36.wav	16	3.3125	3.4525
sub-01	5	36	pie	behav_sub-01_run-05_trial-36.wav	17	3.5325	3.6925
sub-01	5	36	pie	behav_sub-01_run-05_trial-36.wav	18	3.6925	3.9325
sub-01	5	36	pie	behav_sub-01_run-05_trial-36.wav	19	3.9325	4.1125
sub-01	5	36	pie	behav_sub-01_run-05_trial-36.wav	20	4.1725	4.3125
sub-01	5	36	pie	behav_sub-01_run-05_trial-36.wav	21	4.3725	4.4725
sub-01	5	37	pot	behav_sub-01_run-05_trial-37.wav	1	0.2525	0.3525
sub-01	5	37	pot	behav_sub-01_run-05_trial-37.wav	2	0.4325	0.5325
sub-01	5	37	pot	behav_sub-01_run-05_trial-37.wav	3	0.6325	0.7325
sub-01	5	37	pot	behav_sub-01_run-05_trial-37.wav	4	0.7925	0.9325
sub-01	5	37	pot	behav_sub-01_run-05_trial-37.wav	5	0.9925	1.1325
sub-01	5	37	pot	behav_sub-01_run-05_trial-37.wav	6	1.2125	1.3125
sub-01	5	37	pot	behav_sub-01_run-05_trial-37.wav	7	1.4125	1.5325
sub-01	5	37	pot	behav_sub-01_run-05_trial-37.wav	8	1.5925	1.7325
sub-01	5	37	pot	behav_sub-01_run-05_trial-37.wav	9	1.7925	1.9125
sub-01	5	37	pot	behav_sub-01_run-05_trial-37.wav	10	1.9725	2.1325
sub-01	5	37	pot	behav_sub-01_run-05_trial-37.wav	11	2.1925	2.3525
sub-01	5	37	pot	behav_sub-01_run-05_trial-37.wav	12	2.3525	2.5325
sub-01	5	37	pot	behav_sub-01_run-05_trial-37.wav	13	2.6125	2.7725
sub-01	5	37	pot	behav_sub-01_run-05_trial-37.wav	14	2.8125	2.9525
sub-01	5	37	pot	behav_sub-01_run-05_trial-37.wav	15	3.0325	3.1525
sub-01	5	37	pot	behav_sub-01_run-05_trial-37.wav	16	3.2125	3.3725
sub-01	5	37	pot	behav_sub-01_run-05_trial-37.wav	17	3.3725	3.5325
sub-01	5	37	pot	behav_sub-01_run-05_trial-37.wav	18	3.6325	3.7725
sub-01	5	37	pot	behav_sub-01_run-05_trial-37.wav	19	3.8325	3.9925
sub-01	5	37	pot	behav_sub-01_run-05_trial-37.wav	20	4.0525	4.2525
sub-01	5	38	ter	behav_sub-01_run-05_trial-38.wav	1	0.3325	0.4525
sub-01	5	38	ter	behav_sub-01_run-05_trial-38.wav	2	0.4525	0.6325
sub-01	5	38	ter	behav_sub-01_run-05_trial-38.wav	3	0.6725	0.8525
sub-01	5	38	ter	behav_sub-01_run-05_trial-38.wav	4	0.8525	1.0325
sub-01	5	38	ter	behav_sub-01_run-05_trial-38.wav	5	1.0725	1.2525
sub-01	5	38	ter	behav_sub-01_run-05_trial-38.wav	6	1.2525	1.4525
sub-01	5	38	ter	behav_sub-01_run-05_trial-38.wav	7	1.4525	1.6525
sub-01	5	38	ter	behav_sub-01_run-05_trial-38.wav	8	1.6525	1.7925
sub-01	5	38	ter	behav_sub-01_run-05_trial-38.wav	9	1.8525	1.9925
sub-01	5	38	ter	behav_sub-01_run-05_trial-38.wav	10	2.0525	2.2125
sub-01	5	38	ter	behav_sub-01_run-05_trial-38.wav	11	2.2125	2.4125
sub-01	5	38	ter	behav_sub-01_run-05_trial-38.wav	12	2.4125	2.5725
sub-01	5	38	ter	behav_sub-01_run-05_trial-38.wav	13	2.6125	2.7725
sub-01	5	38	ter	behav_sub-01_run-05_trial-38.wav	14	2.7725	2.9725
sub-01	5	38	ter	behav_sub-01_run-05_trial-38.wav	15	2.9725	3.1725
sub-01	5	38	ter	behav_sub-01_run-05_trial-38.wav	16	3.1725	3.3725
sub-01	5	38	ter	behav_sub-01_run-05_trial-38.wav	17	3.3725	3.5325
sub-01	5	38	ter	behav_sub-01_run-05_trial-38.wav	18	3.5925	3.7325
sub-01	5	38	ter	behav_sub-01_run-05_trial-38.wav	19	3.7325	3.9325
sub-01	5	38	ter	behav_sub-01_run-05_trial-38.wav	20	3.9325	4.1125
sub-01	5	38	ter	behav_sub-01_run-05_trial-38.wav	21	4.1525	4.2725
sub-01	5	38	ter	behav_sub-01_run-05_trial-38.wav	22	4.3525	4.4725
sub-01	5	39	ser	behav_sub-01_run-05_trial-39.wav	1	0.5925	0.8125
sub-01	5	39	ser	behav_sub-01_run-05_trial-39.wav	2	0.8125	1.0125
sub-01	5	39	ser	behav_sub-01_run-05_trial-39.wav	3	1.0125	1.2325
sub-01	5	39	ser	behav_sub-01_run-05_trial-39.wav	4	1.2325	1.4525
sub-01	5	39	ser	behav_sub-01_run-05_trial-39.wav	5	1.4525	1.6525
sub-01	5	39	ser	behav_sub-01_run-05_trial-39.wav	6	1.6525	1.8525
sub-01	5	39	ser	behav_sub-01_run-05_trial-39.wav	7	1.8525	2.0325
sub-01	5	39	ser	behav_sub-01_run-05_trial-39.wav	8	2.0325	2.2525
sub-01	5	39	ser	behav_sub-01_run-05_trial-39.wav	9	2.2525	2.4525
sub-01	5	39	ser	behav_sub-01_run-05_trial-39.wav	10	2.4525	2.6525
sub-01	5	39	ser	behav_sub-01_run-05_trial-39.wav	11	2.6525	2.8925
sub-01	5	39	ser	behav_sub-01_run-05_trial-39.wav	12	2.8925	3.0325
sub-01	5	39	ser	behav_sub-01_run-05_trial-39.wav	13	3.0325	3.1125
sub-01	5	39	ser	behav_sub-01_run-05_trial-39.wav	14	3.1125	3.2325
sub-01	5	39	ser	behav_sub-01_run-05_trial-39.wav	15	3.2325	3.3325
sub-01	5	39	ser	behav_sub-01_run-05_trial-39.wav	16	3.3925	3.5325
sub-01	5	39	ser	behav_sub-01_run-05_trial-39.wav	17	3.5325	3.7725
sub-01	5	39	ser	behav_sub-01_run-05_trial-39.wav	18	3.7725	4.0125
sub-01	5	39	ser	behav_sub-01_run-05_trial-39.wav	19	4.0125	4.2525
sub-01	5	40	mih	behav_sub-01_run-05_trial-40.wav	1	0.5325	0.7125
sub-01	5	40	mih	behav_sub-01_run-05_trial-40.wav	2	0.7125	0.8525
sub-01	5	40	mih	behav_sub-01_run-05_trial-40.wav	3	0.8525	1.0125
sub-01	5	40	mih	behav_sub-01_run-05_trial-40.wav	4	1.0125	1.1725
sub-01	5	40	mih	behav_sub-01_run-05_trial-40.wav	5	1.1725	1.3325
sub-01	5	40	mih	behav_sub-01_run-05_trial-40.wav	6	1.3325	1.4925
sub-01	5	40	mih	behav_sub-01_run-05_trial-40.wav	7	1.4925	1.6325
sub-01	5	40	mih	behav_sub-01_run-05_trial-40.wav	8	1.6325	1.8125
sub-01	5	40	mih	behav_sub-01_run-05_trial-40.wav	9	1.8125	1.9725
sub-01	5	40	mih	behav_sub-01_run-05_trial-40.wav	10	1.9725	2.1325
sub-01	5	40	mih	behav_sub-01_run-05_trial-40.wav	11	2.1325	2.2925
sub-01	5	40	mih	behav_sub-01_run-05_trial-40.wav	12	2.2925	2.4325
sub-01	5	40	mih	behav_sub-01_run-05_trial-40.wav	13	2.4325	2.5925
sub-01	5	40	mih	behav_sub-01_run-05_trial-40.wav	14	2.5925	2.7525
sub-01	5	40	mih	behav_sub-01_run-05_trial-40.wav	15	2.7525	2.9125
sub-01	5	40	mih	behav_sub-01_run-05_trial-40.wav	16	2.9125	3.0725
sub-01	5	40	mih	behav_sub-01_run-05_trial-40.wav	17	3.0725	3.2325
sub-01	5	40	mih	behav_sub-01_run-05_trial-40.wav	18	3.2325	3.4125
sub-01	5	40	mih	behav_sub-01_run-05_trial-40.wav	19	3.4125	3.5525
sub-01	5	40	mih	behav_sub-01_run-05_trial-40.wav	20	3.5525	3.6925
sub-01	5	40	mih	behav_sub-01_run-05_trial-40.wav	21	3.6925	3.8725
sub-01	5	40	mih	behav_sub-01_run-05_trial-40.wav	22	3.8725	4.0325
sub-01	5	40	mih	behav_sub-01_run-05_trial-40.wav	23	4.0325	4.1925
sub-01	5	40	mih	behav_sub-01_run-05_trial-40.wav	24	4.1925	4.3525
sub-01	5	40	mih	behav_sub-01_run-05_trial-40.wav	25	4.3525	4.5000
sub-01	5	41	mih	behav_sub-01_run-05_trial-41.wav	1	0.5525	0.7125
sub-01	5	41	mih	behav_sub-01_run-05_trial-41.wav	2	0.7125	0.8725
sub-01	5	41	mih	behav_sub-01_run-05_trial-41.wav	3	0.8725	1.0325
sub-01	5	41	mih	behav_sub-01_run-05_trial-41.wav	4	1.0325	1.1925
sub-01	5	41	mih	behav_sub-01_run-05_trial-41.wav	5	1.1925	1.3725
sub-01	5	41	mih	behav_sub-01_run-05_trial-41.wav	6	1.3725	1.5125
sub-01	5	41	mih	behav_sub-01_run-05_trial-41.wav	7	1.5125	1.6725
sub-01	5	41	mih	behav_sub-01_run-05_trial-41.wav	8	1.6725	1.8325
sub-01	5	41	mih	behav_sub-01_run-05_trial-41.wav	9	1.8325	1.9925
sub-01	5	41	mih	behav_sub-01_run-05_trial-41.wav	10	1.9925	2.1725
sub-01	5	41	mih	behav_sub-01_run-05_trial-41.wav	11	2.1725	2.3525
sub-01	5	41	mih	behav_sub-01_run-05_trial-41.wav	12	2.3525	2.5125
sub-01	5	41	mih	behav_sub-01_run-05_trial-41.wav	13	2.5125	2.6725
sub-01	5	41	mih	behav_sub-01_run-05_trial-41.wav	14	2.6725	2.8525
sub-01	5	41	mih	behav_sub-01_run-05_trial-41.wav	15	2.8525	3.0125
sub-01	5	41	mih	behav_sub-01_run-05_trial-41.wav	16	3.0125	3.1525
sub-01	5	41	mih	behav_sub-01_run-05_trial-41.wav	17	3.1525	3.3125
sub-01	5	41	mih	behav_sub-01_run-05_trial-41.wav	18	3.3125	3.4925
sub-01	5	41	mih	behav_sub-01_run-05_trial-41.wav	19	3.4925	3.6725
sub-01	5	41	mih	behav_sub-01_run-05_trial-41.wav	20	3.6725	3.8325
sub-01	5	41	mih	behav_sub-01_run-05_trial-41.wav	21	3.8325	3.9925
sub-01	5	41	mih	behav_sub-01_run-05_trial-41.wav	22	3.9925	4.1525
sub-01	5	41	mih	behav_sub-01_run-05_trial-41.wav	23	4.1525	4.3125
sub-01	5	41	mih	behav_sub-01_run-05_trial-41.wav	24	4.3125	4.5000
sub-01	5	42	ser	behav_sub-01_run-05_trial-42.wav	1	0.3725	0.5725
sub-01	5	42	ser	behav_sub-01_run-05_trial-42.wav	2	0.5725	0.7325
sub-01	5	42	ser	behav_sub-01_run-05_trial-42.wav	3	0.7325	0.9525
sub-01	5	42	ser	behav_sub-01_run-05_trial-42.wav	4	0.9525	1.1725
sub-01	5	42	ser	behav_sub-01_run-05_trial-42.wav	5	1.1725	1.4125
sub-01	5	42	ser	behav_sub-01_run-05_trial-42.wav	6	1.4125	1.6925
sub-01	5	42	ser	behav_sub-01_run-05_trial-42.wav	7	1.6925	1.7725
sub-01	5	42	ser	behav_sub-01_run-05_trial-42.wav	8	1.7725	1.9325
sub-01	5	42	ser	behav_sub-01_run-05_trial-42.wav	9	1.9325	2.1725
sub-01	5	42	ser	behav_sub-01_run-05_trial-42.wav	10	2.1725	2.4525
sub-01	5	42	ser	behav_sub-01_run-05_trial-42.wav	11	2.4525	2.7125
sub-01	5	42	ser	behav_sub-01_run-05_trial-42.wav	12	2.7125	2.9325
sub-01	5	42	ser	behav_sub-01_run-05_trial-42.wav	13	2.9325	3.1325
sub-01	5	42	ser	behav_sub-01_run-05_trial-42.wav	14	3.1325	3.3525
sub-01	5	42	ser	behav_sub-01_run-05_trial-42.wav	15	3.3525	3.5725
sub-01	5	42	ser	behav_sub-01_run-05_trial-42.wav	16	3.5725	3.8125
sub-01	5	42	ser	behav_sub-01_run-05_trial-42.wav	17	3.8125	4.0525
sub-01	5	42	ser	behav_sub-01_run-05_trial-42.wav	18	4.0525	4.3325
sub-01	5	43	thurs	behav_sub-01_run-05_trial-43.wav	1	0.4525	0.5725
sub-01	5	43	thurs	behav_sub-01_run-05_trial-43.wav	2	0.5725	0.7925
sub-01	5	43	thurs	behav_sub-01_run-05_trial-43.wav	3	0.7925	1.0125
sub-01	5	43	thurs	behav_sub-01_run-05_trial-43.wav	4	1.0125	1.2525
sub-01	5	43	thurs	behav_sub-01_run-05_trial-43.wav	5	1.2525	1.4725
sub-01	5	43	thurs	behav_sub-01_run-05_trial-43.wav	6	1.4725	1.7125
sub-01	5	43	thurs	behav_sub-01_run-05_trial-43.wav	7	1.7125	1.9525
sub-01	5	43	thurs	behav_sub-01_run-05_trial-43.wav	8	1.9525	2.2125
sub-01	5	43	thurs	behav_sub-01_run-05_trial-43.wav	9	2.2125	2.4725
sub-01	5	43	thurs	behav_sub-01_run-05_trial-43.wav	10	2.4725	2.7125
sub-01	5	43	thurs	behav_sub-01_run-05_trial-43.wav	11	2.7125	2.9325
sub-01	5	43	thurs	behav_sub-01_run-05_trial-43.wav	12	2.9325	3.1525
sub-01	5	43	thurs	behav_sub-01_run-05_trial-43.wav	13	3.1525	3.3925
sub-01	5	43	thurs	behav_sub-01_run-05_trial-43.wav	14	3.3925	3.6325
sub-01	5	43	thurs	behav_sub-01_run-05_trial-43.wav	15	3.6325	3.8925
sub-01	5	43	thurs	behav_sub-01_run-05_trial-43.wav	16	3.8925	4.1525
sub-01	5	43	thurs	behav_sub-01_run-05_trial-43.wav	17	4.1525	4.4725
sub-01	5	44	ter	behav_sub-01_run-05_trial-44.wav	1	0.4725	0.6125
sub-01	5	44	ter	behav_sub-01_run-05_trial-44.wav	2	0.6125	0.8125
sub-01	5	44	ter	behav_sub-01_run-05_trial-44.wav	3	0.8125	0.9725
sub-01	5	44	ter	behav_sub-01_run-05_trial-44.wav	4	0.9725	1.1525
sub-01	5	44	ter	behav_sub-01_run-05_trial-44.wav	5	1.1525	1.3325
sub-01	5	44	ter	behav_sub-01_run-05_trial-44.wav	6	1.3725	1.5325
sub-01	5	44	ter	behav_sub-01_run-05_trial-44.wav	7	1.5325	1.6925
sub-01	5	44	ter	behav_sub-01_run-05_trial-44.wav	8	1.6925	1.8925
sub-01	5	44	ter	behav_sub-01_run-05_trial-44.wav	9	1.8925	2.0725
sub-01	5	44	ter	behav_sub-01_run-05_trial-44.wav	10	2.0725	2.2525
sub-01	5	44	ter	behav_sub-01_run-05_trial-44.wav	11	2.2525	2.4525
sub-01	5	44	ter	behav_sub-01_run-05_trial-44.wav	12	2.4525	2.6525
sub-01	5	44	ter	behav_sub-01_run-05_trial-44.wav	13	2.6525	2.8525
sub-01	5	44	ter	behav_sub-01_run-05_trial-44.wav	14	2.8525	3.0125
sub-01	5	44	ter	behav_sub-01_run-05_trial-44.wav	15	3.0525	3.2525
sub-01	5	44	ter	behav_sub-01_run-05_trial-44.wav	16	3.2525	3.4325
sub-01	5	44	ter	behav_sub-01_run-05_trial-44.wav	17	3.4725	3.6125
sub-01	5	44	ter	behav_sub-01_run-05_trial-44.wav	18	3.6125	3.8125
sub-01	5	44	ter	behav_sub-01_run-05_trial-44.wav	19	3.8125	4.0125
sub-01	5	44	ter	behav_sub-01_run-05_trial-44.wav	20	4.0125	4.1725
sub-01	5	44	ter	behav_sub-01_run-05_trial-44.wav	21	4.1725	4.3525
sub-01	5	44	ter	behav_sub-01_run-05_trial-44.wav	22	4.4125	4.5000
sub-01	5	45	fee	behav_sub-01_run-05_trial-45.wav	1	0.2325	0.3325
sub-01	5	45	fee	behav_sub-01_run-05_trial-45.wav	2	0.3325	0.5325
sub-01	5	45	fee	behav_sub-01_run-05_trial-45.wav	3	0.5325	0.6725
sub-01	5	45	fee	behav_sub-01_run-05_trial-45.wav	4	0.7325	0.8725
sub-01	5	45	fee	behav_sub-01_run-05_trial-45.wav	5	0.9125	1.0325
sub-01	5	45	fee	behav_sub-01_run-05_trial-45.wav	6	1.1125	1.2125
sub-01	5	45	fee	behav_sub-01_run-05_trial-45.wav	7	1.2125	1.3725
sub-01	5	45	fee	behav_sub-01_run-05_trial-45.wav	8	1.4325	1.5325
sub-01	5	45	fee	behav_sub-01_run-05_trial-45.wav	9	1.5925	1.7125
sub-01	5	45	fee	behav_sub-01_run-05_trial-45.wav	10	1.7725	1.8925
sub-01	5	45	fee	behav_sub-01_run-05_trial-45.wav	11	1.8925	2.0725
sub-01	5	45	fee	behav_sub-01_run-05_trial-45.wav	12	2.0725	2.2525
sub-01	5	45	fee	behav_sub-01_run-05_trial-45.wav	13	2.2525	2.4125
sub-01	5	45	fee	behav_sub-01_run-05_trial-45.wav	14	2.4125	2.6125
sub-01	5	45	fee	behav_sub-01_run-05_trial-45.wav	15	2.6125	2.7725
sub-01	5	45	fee	behav_sub-01_run-05_trial-45.wav	16	2.8325	2.9725
sub-01	5	45	fee	behav_sub-01_run-05_trial-45.wav	17	2.9725	3.1325
sub-01	5	45	fee	behav_sub-01_run-05_trial-45.wav	18	3.1725	3.3125
sub-01	5	45	fee	behav_sub-01_run-05_trial-45.wav	19	3.3725	3.4725
sub-01	5	45	fee	behav_sub-01_run-05_trial-45.wav	20	3.5525	3.6525
sub-01	5	45	fee	behav_sub-01_run-05_trial-45.wav	21	3.7325	3.8525
sub-01	5	45	fee	behav_sub-01_run-05_trial-45.wav	22	3.9325	4.0725
sub-01	5	45	fee	behav_sub-01_run-05_trial-45.wav	23	4.1325	4.3125
sub-01	5	46	thought	behav_sub-01_run-05_trial-46.wav	1	0.5325	0.6125
sub-01	5	46	thought	behav_sub-01_run-05_trial-46.wav	2	0.6725	0.7725
sub-01	5	46	thought	behav_sub-01_run-05_trial-46.wav	3	0.8525	0.9525
sub-01	5	46	thought	behav_sub-01_run-05_trial-46.wav	4	1.0125	1.1325
sub-01	5	46	thought	behav_sub-01_run-05_trial-46.wav	5	1.1925	1.3125
sub-01	5	46	thought	behav_sub-01_run-05_trial-46.wav	6	1.3725	1.4925
sub-01	5	46	thought	behav_sub-01_run-05_trial-46.wav	7	1.5525	1.6725
sub-01	5	46	thought	behav_sub-01_run-05_trial-46.wav	8	1.7325	1.8525
sub-01	5	46	thought	behav_sub-01_run-05_trial-46.wav	9	1.9125	2.0125
sub-01	5	46	thought	behav_sub-01_run-05_trial-46.wav	10	2.0925	2.1925
sub-01	5	46	thought	behav_sub-01_run-05_trial-46.wav	11	2.2525	2.3525
sub-01	5	46	thought	behav_sub-01_run-05_trial-46.wav	12	2.4525	2.5725
sub-01	5	46	thought	behav_sub-01_run-05_trial-46.wav	13	2.6125	2.7325
sub-01	5	46	thought	behav_sub-01_run-05_trial-46.wav	14	2.7925	2.9125
sub-01	5	46	thought	behav_sub-01_run-05_trial-46.wav	15	2.9725	3.0925
sub-01	5	46	thought	behav_sub-01_run-05_trial-46.wav	16	3.1525	3.2525
sub-01	5	46	thought	behav_sub-01_run-05_trial-46.wav	17	3.3325	3.4525
sub-01	5	46	thought	behav_sub-01_run-05_trial-46.wav	18	3.5125	3.6325
sub-01	5	46	thought	behav_sub-01_run-05_trial-46.wav	19	3.6925	3.8125
sub-01	5	46	thought	behav_sub-01_run-05_trial-46.wav	20	3.8725	3.9725
sub-01	5	46	thought	behav_sub-01_run-05_trial-46.wav	21	4.0525	4.1525
sub-01	5	46	thought	behav_sub-01_run-05_trial-46.wav	22	4.2125	4.3325
sub-01	5	46	thought	behav_sub-01_run-05_trial-46.wav	23	4.4125	4.5000
sub-01	5	47	per	behav_sub-01_run-05_trial-47.wav	1	0.2325	0.3325
sub-01	5	47	per	behav_sub-01_run-05_trial-47.wav	2	0.3325	0.5125
sub-01	5	47	per	behav_sub-01_run-05_trial-47.wav	3	0.5725	0.6725
sub-01	5	47	per	behav_sub-01_run-05_trial-47.wav	4	0.7125	0.8325
sub-01	5	47	per	behav_sub-01_run-05_trial-47.wav	5	0.8725	0.9925
sub-01	5	47	per	behav_sub-01_run-05_trial-47.wav	6	1.0525	1.1525
sub-01	5	47	per	behav_sub-01_run-05_trial-47.wav	7	1.2125	1.3125
sub-01	5	47	per	behav_sub-01_run-05_trial-47.wav	8	1.3925	1.4725
sub-01	5	47	per	behav_sub-01_run-05_trial-47.wav	9	1.5525	1.6525
sub-01	5	47	per	behav_sub-01_run-05_trial-47.wav	10	1.7125	1.8125
sub-01	5	47	per	behav_sub-01_run-05_trial-47.wav	11	1.8525	1.9725
sub-01	5	47	per	behav_sub-01_run-05_trial-47.wav	12	2.0725	2.1525
sub-01	5	47	per	behav_sub-01_run-05_trial-47.wav	13	2.2125	2.3325
sub-01	5	47	per	behav_sub-01_run-05_trial-47.wav	14	2.3925	2.4925
sub-01	5	47	per	behav_sub-01_run-05_trial-47.wav	15	2.5525	2.6525
sub-01	5	47	per	behav_sub-01_run-05_trial-47.wav	16	2.7125	2.8325
sub-01	5	47	per	behav_sub-01_run-05_trial-47.wav	17	2.8925	2.9925
sub-01	5	47	per	behav_sub-01_run-05_trial-47.wav	18	3.0725	3.1725
sub-01	5	47	per	behav_sub-01_run-05_trial-47.wav	19	3.2525	3.3525
sub-01	5	47	per	behav_sub-01_run-05_trial-47.wav	20	3.4125	3.5325
sub-01	5	47	per	behav_sub-01_run-05_trial-47.wav	21	3.5925	3.7325
sub-01	5	47	per	behav_sub-01_run-05_trial-47.wav	22	3.7925	3.9125
sub-01	5	47	per	behav_sub-01_run-05_trial-47.wav	23	3.9725	4.0925
sub-01	5	47	per	behav_sub-01_run-05_trial-47.wav	24	4.1725	4.3125
sub-01	5	48	pot	behav_sub-01_run-05_trial-48.wav	1	0.3325	0.4525
sub-01	5	48	pot	behav_sub-01_run-05_trial-48.wav	2	0.4525	0.6325
sub-01	5	48	pot	behav_sub-01_run-05_trial-48.wav	3	0.6925	0.8125
sub-01	5	48	pot	behav_sub-01_run-05_trial-48.wav	4	0.8725	0.9925
sub-01	5	48	pot	behav_sub-01_run-05_trial-48.wav	5	1.0525	1.1925
sub-01	5	48	pot	behav_sub-01_run-05_trial-48.wav	6	1.2525	1.3925
sub-01	5	48	pot	behav_sub-01_run-05_trial-48.wav	7	1.4525	1.5925
sub-01	5	48	pot	behav_sub-01_run-05_trial-48.wav	8	1.6725	1.7725
sub-01	5	48	pot	behav_sub-01_run-05_trial-48.wav	9	1.8525	1.9725
sub-01	5	48	pot	behav_sub-01_run-05_trial-48.wav	10	2.0325	2.1525
sub-01	5	48	pot	behav_sub-01_run-05_trial-48.wav	11	2.2325	2.3525
sub-01	5	48	pot	behav_sub-01_run-05_trial-48.wav	12	2.4325	2.5525
sub-01	5	48	pot	behav_sub-01_run-05_trial-48.wav	13	2.6325	2.7525
sub-01	5	48	pot	behav_sub-01_run-05_trial-48.wav	14	2.8325	2.9325
sub-01	5	48	pot	behav_sub-01_run-05_trial-48.wav	15	3.0125	3.1525
sub-01	5	48	pot	behav_sub-01_run-05_trial-48.wav	16	3.2325	3.3525
sub-01	5	48	pot	behav_sub-01_run-05_trial-48.wav	17	3.4725	3.5525
sub-01	5	48	pot	behav_sub-01_run-05_trial-48.wav	18	3.6325	3.7525
sub-01	5	48	pot	behav_sub-01_run-05_trial-48.wav	19	3.8525	3.9725
sub-01	5	48	pot	behav_sub-01_run-05_trial-48.wav	20	4.0525	4.1925
sub-01	5	48	pot	behav_sub-01_run-05_trial-48.wav	21	4.2725	4.4525
sub-01	5	49	fee	behav_sub-01_run-05_trial-49.wav	1	0.2925	0.3725
sub-01	5	49	fee	behav_sub-01_run-05_trial-49.wav	2	0.3725	0.5325
sub-01	5	49	fee	behav_sub-01_run-05_trial-49.wav	3	0.6125	0.7325
sub-01	5	49	fee	behav_sub-01_run-05_trial-49.wav	4	0.7925	0.8925
sub-01	5	49	fee	behav_sub-01_run-05_trial-49.wav	5	0.9725	1.0725
sub-01	5	49	fee	behav_sub-01_run-05_trial-49.wav	6	1.1325	1.2725
sub-01	5	49	fee	behav_sub-01_run-05_trial-49.wav	7	1.3325	1.4725
sub-01	5	49	fee	behav_sub-01_run-05_trial-49.wav	8	1.4725	1.6325
sub-01	5	49	fee	behav_sub-01_run-05_trial-49.wav	9	1.6325	1.8125
sub-01	5	49	fee	behav_sub-01_run-05_trial-49.wav	10	1.8925	2.0125
sub-01	5	49	fee	behav_sub-01_run-05_trial-49.wav	11	2.0125	2.2125
sub-01	5	49	fee	behav_sub-01_run-05_trial-49.wav	12	2.2125	2.4125
sub-01	5	49	fee	behav_sub-01_run-05_trial-49.wav	13	2.4125	2.6125
sub-01	5	49	fee	behav_sub-01_run-05_trial-49.wav	14	2.6125	2.7925
sub-01	5	49	fee	behav_sub-01_run-05_trial-49.wav	15	2.7925	2.9925
sub-01	5	49	fee	behav_sub-01_run-05_trial-49.wav	16	2.9925	3.2125
sub-01	5	49	fee	behav_sub-01_run-05_trial-49.wav	17	3.2125	3.4125
sub-01	5	49	fee	behav_sub-01_run-05_trial-49.wav	18	3.4125	3.6125
sub-01	5	49	fee	behav_sub-01_run-05_trial-49.wav	19	3.6125	3.8125
sub-01	5	49	fee	behav_sub-01_run-05_trial-49.wav	20	3.8125	4.0125
sub-01	5	49	fee	behav_sub-01_run-05_trial-49.wav	21	4.0125	4.2325
sub-01	5	49	fee	behav_sub-01_run-05_trial-49.wav	22	4.2325	4.4725
sub-01	5	50	naw	behav_sub-01_run-05_trial-50.wav	1	0.3125	0.4725
sub-01	5	50	naw	behav_sub-01_run-05_trial-50.wav	2	0.4725	0.6525
sub-01	5	50	naw	behav_sub-01_run-05_trial-50.wav	3	0.6525	0.8325
sub-01	5	50	naw	behav_sub-01_run-05_trial-50.wav	4	0.8325	1.0525
sub-01	5	50	naw	behav_sub-01_run-05_trial-50.wav	5	1.0525	1.2325
sub-01	5	50	naw	behav_sub-01_run-05_trial-50.wav	6	1.2325	1.4125
sub-01	5	50	naw	behav_sub-01_run-05_trial-50.wav	7	1.4125	1.5925
sub-01	5	50	naw	behav_sub-01_run-05_trial-50.wav	8	1.5925	1.7925
sub-01	5	50	naw	behav_sub-01_run-05_trial-50.wav	9	1.7925	2.0125
sub-01	5	50	naw	behav_sub-01_run-05_trial-50.wav	10	2.0125	2.1725
sub-01	5	50	naw	behav_sub-01_run-05_trial-50.wav	11	2.1725	2.3725
sub-01	5	50	naw	behav_sub-01_run-05_trial-50.wav	12	2.3725	2.5525
sub-01	5	50	naw	behav_sub-01_run-05_trial-50.wav	13	2.5525	2.7325
sub-01	5	50	naw	behav_sub-01_run-05_trial-50.wav	14	2.7325	2.9125
sub-01	5	50	naw	behav_sub-01_run-05_trial-50.wav	15	2.9125	3.0925
sub-01	5	50	naw	behav_sub-01_run-05_trial-50.wav	16	3.0925	3.2925
sub-01	5	50	naw	behav_sub-01_run-05_trial-50.wav	17	3.2925	3.4725
sub-01	5	50	naw	behav_sub-01_run-05_trial-50.wav	18	3.4725	3.6725
sub-01	5	50	naw	behav_sub-01_run-05_trial-50.wav	19	3.6725	3.8325
sub-01	5	50	naw	behav_sub-01_run-05_trial-50.wav	20	3.8325	4.0125
sub-01	5	50	naw	behav_sub-01_run-05_trial-50.wav	21	4.0125	4.2125
sub-01	5	50	naw	behav_sub-01_run-05_trial-50.wav	22	4.2125	4.3925
sub-01	5	51	pot	behav_sub-01_run-05_trial-51.wav	1	0.3325	0.4525
sub-01	5	51	pot	behav_sub-01_run-05_trial-51.wav	2	0.5125	0.6525
sub-01	5	51	pot	behav_sub-01_run-05_trial-51.wav	3	0.7325	0.8325
sub-01	5	51	pot	behav_sub-01_run-05_trial-51.wav	4	0.9125	1.0525
sub-01	5	51	pot	behav_sub-01_run-05_trial-51.wav	5	1.1125	1.2725
sub-01	5	51	pot	behav_sub-01_run-05_trial-51.wav	6	1.3325	1.4725
sub-01	5	51	pot	behav_sub-01_run-05_trial-51.wav	7	1.5325	1.6525
sub-01	5	51	pot	behav_sub-01_run-05_trial-51.wav	8	1.7325	1.8725
sub-01	5	51	pot	behav_sub-01_run-05_trial-51.wav	9	1.9325	2.0525
sub-01	5	51	pot	behav_sub-01_run-05_trial-51.wav	10	2.1125	2.2525
sub-01	5	51	pot	behav_sub-01_run-05_trial-51.wav	11	2.3325	2.4525
sub-01	5	51	pot	behav_sub-01_run-05_trial-51.wav	12	2.5325	2.6725
sub-01	5	51	pot	behav_sub-01_run-05_trial-51.wav	13	2.7325	2.8725
sub-01	5	51	pot	behav_sub-01_run-05_trial-51.wav	14	2.9525	3.0925
sub-01	5	51	pot	behav_sub-01_run-05_trial-51.wav	15	3.1725	3.3125
sub-01	5	51	pot	behav_sub-01_run-05_trial-51.wav	16	3.3925	3.5325
sub-01	5	51	pot	behav_sub-01_run-05_trial-51.wav	17	3.6125	3.7325
sub-01	5	51	pot	behav_sub-01_run-05_trial-51.wav	18	3.8325	3.9725
sub-01	5	51	pot	behav_sub-01_run-05_trial-51.wav	19	4.0725	4.1925
sub-01	5	51	pot	behav_sub-01_run-05_trial-51.wav	20	4.2725	4.4325
sub-01	5	52	thought	behav_sub-01_run-05_trial-52.wav	1	0.2725	0.3925
sub-01	5	52	thought	behav_sub-01_run-05_trial-52.wav	2	0.4525	0.5725
sub-01	5	52	thought	behav_sub-01_run-05_trial-52.wav	3	0.6325	0.7525
sub-01	5	52	thought	behav_sub-01_run-05_trial-52.wav	4	0.8125	0.9525
sub-01	5	52	thought	behav_sub-01_run-05_trial-52.wav	5	1.0125	1.1125
sub-01	5	52	thought	behav_sub-01_run-05_trial-52.wav	6	1.1925	1.3325
sub-01	5	52	thought	behav_sub-01_run-05_trial-52.wav	7	1.3925	1.5325
sub-01	5	52	thought	behav_sub-01_run-05_trial-52.wav	8	1.5925	1.7325
sub-01	5	52	thought	behav_sub-01_run-05_trial-52.wav	9	1.7925	1.9125
sub-01	5	52	thought	behav_sub-01_run-05_trial-52.wav	10	1.9925	2.1125
sub-01	5	52	thought	behav_sub-01_run-05_trial-52.wav	11	2.1725	2.3125
sub-01	5	52	thought	behav_sub-01_run-05_trial-52.wav	12	2.3725	2.5125
sub-01	5	52	thought	behav_sub-01_run-05_trial-52.wav	13	2.5725	2.7125
sub-01	5	52	thought	behav_sub-01_run-05_trial-52.wav	14	2.7725	2.9325
sub-01	5	52	thought	behav_sub-01_run-05_trial-52.wav	15	2.9925	3.1325
sub-01	5	52	thought	behav_sub-01_run-05_trial-52.wav	16	3.1925	3.3325
sub-01	5	52	thought	behav_sub-01_run-05_trial-52.wav	17	3.3925	3.5325
sub-01	5	52	thought	behav_sub-01_run-05_trial-52.wav	18	3.5925	3.7125
sub-01	5	52	thought	behav_sub-01_run-05_trial-52.wav	19	3.7925	3.9125
sub-01	5	52	thought	behav_sub-01_run-05_trial-52.wav	20	3.9925	4.1525
sub-01	5	53	mih	behav_sub-01_run-05_trial-53.wav	1	0.3325	0.4525
sub-01	5	53	mih	behav_sub-01_run-05_trial-53.wav	2	0.4525	0.5925
sub-01	5	53	mih	behav_sub-01_run-05_trial-53.wav	3	0.5925	0.7325
sub-01	5	53	mih	behav_sub-01_run-05_trial-53.wav	4	0.7325	0.8725
sub-01	5	53	mih	behav_sub-01_run-05_trial-53.wav	5	0.8725	1.0325
sub-01	5	53	mih	behav_sub-01_run-05_trial-53.wav	6	1.0325	1.1725
sub-01	5	53	mih	behav_sub-01_run-05_trial-53.wav	7	1.1725	1.3125
sub-01	5	53	mih	behav_sub-01_run-05_trial-53.wav	8	1.3125	1.4725
sub-01	5	53	mih	behav_sub-01_run-05_trial-53.wav	9	1.4725	1.6125
sub-01	5	53	mih	behav_sub-01_run-05_trial-53.wav	10	1.6125	1.7725
sub-01	5	53	mih	behav_sub-01_run-05_trial-53.wav	11	1.7725	1.9125
sub-01	5	53	mih	behav_sub-01_run-05_trial-53.wav	12	1.9125	2.0525
sub-01	5	53	mih	behav_sub-01_run-05_trial-53.wav	13	2.0525	2.2125
sub-01	5	53	mih	behav_sub-01_run-05_trial-53.wav	14	2.2125	2.3725
sub-01	5	53	mih	behav_sub-01_run-05_trial-53.wav	15	2.3725	2.5325
sub-01	5	53	mih	behav_sub-01_run-05_trial-53.wav	16	2.5325	2.6925
sub-01	5	53	mih	behav_sub-01_run-05_trial-53.wav	17	2.6925	2.8525
sub-01	5	53	mih	behav_sub-01_run-05_trial-53.wav	18	2.8525	3.0325
sub-01	5	53	mih	behav_sub-01_run-05_trial-53.wav	19	3.0325	3.2125
sub-01	5	53	mih	behav_sub-01_run-05_trial-53.wav	20	3.2125	3.3725
sub-01	5	53	mih	behav_sub-01_run-05_trial-53.wav	21	3.3725	3.5525
sub-01	5	53	mih	behav_sub-01_run-05_trial-53.wav	22	3.5525	3.7125
sub-01	5	53	mih	behav_sub-01_run-05_trial-53.wav	23	3.7125	3.8725
sub-01	5	53	mih	behav_sub-01_run-05_trial-53.wav	24	3.8725	4.0525
sub-01	5	53	mih	behav_sub-01_run-05_trial-53.wav	25	4.0525	4.2325
sub-01	5	53	mih	behav_sub-01_run-05_trial-53.wav	26	4.2325	4.4525
sub-01	5	54	ser	behav_sub-01_run-05_trial-54.wav	1	0.4525	0.5725
sub-01	5	54	ser	behav_sub-01_run-05_trial-54.wav	2	0.5725	0.8125
sub-01	5	54	ser	behav_sub-01_run-05_trial-54.wav	3	0.8125	1.0125
sub-01	5	54	ser	behav_sub-01_run-05_trial-54.wav	4	1.0125	1.2325
sub-01	5	54	ser	behav_sub-01_run-05_trial-54.wav	5	1.2325	1.4125
sub-01	5	54	ser	behav_sub-01_run-05_trial-54.wav	6	1.4125	1.6525
sub-01	5	54	ser	behav_sub-01_run-05_trial-54.wav	7	1.6525	1.8725
sub-01	5	54	ser	behav_sub-01_run-05_trial-54.wav	8	1.8725	2.0925
sub-01	5	54	ser	behav_sub-01_run-05_trial-54.wav	9	2.0925	2.2125
sub-01	5	54	ser	behav_sub-01_run-05_trial-54.wav	10	2.2125	2.3125
sub-01	5	54	ser	behav_sub-01_run-05_trial-54.wav	11	2.3125	2.4325
sub-01	5	54	ser	behav_sub-01_run-05_trial-54.wav	12	2.4325	2.5125
sub-01	5	54	ser	behav_sub-01_run-05_trial-54.wav	13	2.5125	2.7325
sub-01	5	54	ser	behav_sub-01_run-05_trial-54.wav	14	2.7325	2.8925
sub-01	5	54	ser	behav_sub-01_run-05_trial-54.wav	15	2.8925	2.9725
sub-01	5	54	ser	behav_sub-01_run-05_trial-54.wav	16	2.9725	3.1925
sub-01	5	54	ser	behav_sub-01_run-05_trial-54.wav	17	3.1925	3.3125
sub-01	5	54	ser	behav_sub-01_run-05_trial-54.wav	18	3.3125	3.4925
sub-01	5	54	ser	behav_sub-01_run-05_trial-54.wav	19	3.4925	3.7325
sub-01	5	54	ser	behav_sub-01_run-05_trial-54.wav	20	3.7325	4.2325
sub-01	5	54	ser	behav_sub-01_run-05_trial-54.wav	21	4.2325	4.3525
sub-01	5	54	ser	behav_sub-01_run-05_trial-54.wav	22	4.3525	4.5000
sub-01	5	55	day	behav_sub-01_run-05_trial-55.wav	1	0.4325	0.6125
sub-01	5	55	day	behav_sub-01_run-05_trial-55.wav	2	0.6125	0.8125
sub-01	5	55	day	behav_sub-01_run-05_trial-55.wav	3	0.8125	0.9725
sub-01	5	55	day	behav_sub-01_run-05_trial-55.wav	4	0.9725	1.1725
sub-01	5	55	day	behav_sub-01_run-05_trial-55.wav	5	1.1725	1.3325
sub-01	5	55	day	behav_sub-01_run-05_trial-55.wav	6	1.3325	1.5325
sub-01	5	55	day	behav_sub-01_run-05_trial-55.wav	7	1.5325	1.7325
sub-01	5	55	day	behav_sub-01_run-05_trial-55.wav	8	1.7325	1.8925
sub-01	5	55	day	behav_sub-01_run-05_trial-55.wav	9	1.8925	2.0925
sub-01	5	55	day	behav_sub-01_run-05_trial-55.wav	10	2.0925	2.3125
sub-01	5	55	day	behav_sub-01_run-05_trial-55.wav	11	2.3125	2.4925
sub-01	5	55	day	behav_sub-01_run-05_trial-55.wav	12	2.4925	2.6725
sub-01	5	55	day	behav_sub-01_run-05_trial-55.wav	13	2.7125	2.8925
sub-01	5	55	day	behav_sub-01_run-05_trial-55.wav	14	2.8925	3.0925
sub-01	5	55	day	behav_sub-01_run-05_trial-55.wav	15	3.0925	3.2725
sub-01	5	55	day	behav_sub-01_run-05_trial-55.wav	16	3.3325	3.4925
sub-01	5	55	day	behav_sub-01_run-05_trial-55.wav	17	3.4925	3.6525
sub-01	5	55	day	behav_sub-01_run-05_trial-55.wav	18	3.6925	3.8925
sub-01	5	55	day	behav_sub-01_run-05_trial-55.wav	19	3.8925	4.0525
sub-01	5	55	day	behav_sub-01_run-05_trial-55.wav	20	4.0525	4.2525
sub-01	5	55	day	behav_sub-01_run-05_trial-55.wav	21	4.2525	4.3925
sub-01	5	55	day	behav_sub-01_run-05_trial-55.wav	22	4.4725	4.5000
sub-01	5	56	thurs	behav_sub-01_run-05_trial-56.wav	1	0.4325	0.5725
sub-01	5	56	thurs	behav_sub-01_run-05_trial-56.wav	2	0.5725	0.7725
sub-01	5	56	thurs	behav_sub-01_run-05_trial-56.wav	3	0.7725	0.9725
sub-01	5	56	thurs	behav_sub-01_run-05_trial-56.wav	4	0.9725	1.1925
sub-01	5	56	thurs	behav_sub-01_run-05_trial-56.wav	5	1.1925	1.4125
sub-01	5	56	thurs	behav_sub-01_run-05_trial-56.wav	6	1.4125	1.6325
sub-01	5	56	thurs	behav_sub-01_run-05_trial-56.wav	7	1.6325	1.8525
sub-01	5	56	thurs	behav_sub-01_run-05_trial-56.wav	8	1.8525	2.0925
sub-01	5	56	thurs	behav_sub-01_run-05_trial-56.wav	9	2.0925	2.3325
sub-01	5	56	thurs	behav_sub-01_run-05_trial-56.wav	10	2.3325	2.5525
sub-01	5	56	thurs	behav_sub-01_run-05_trial-56.wav	11	2.5525	2.7725
sub-01	5	56	thurs	behav_sub-01_run-05_trial-56.wav	12	2.7725	3.0325
sub-01	5	56	thurs	behav_sub-01_run-05_trial-56.wav	13	3.0325	3.2525
sub-01	5	56	thurs	behav_sub-01_run-05_trial-56.wav	14	3.2525	3.4525
sub-01	5	56	thurs	behav_sub-01_run-05_trial-56.wav	15	3.4525	3.6925
sub-01	5	56	thurs	behav_sub-01_run-05_trial-56.wav	16	3.6925	3.9325
sub-01	5	56	thurs	behav_sub-01_run-05_trial-56.wav	17	3.9325	4.1525
sub-01	5	56	thurs	behav_sub-01_run-05_trial-56.wav	18	4.1525	4.3725
sub-01	5	56	thurs	behav_sub-01_run-05_trial-56.wav	19	4.3725	4.5000
sub-01	5	57	day	behav_sub-01_run-05_trial-57.wav	1	0.3525	0.5325
sub-01	5	57	day	behav_sub-01_run-05_trial-57.wav	2	0.5325	0.7325
sub-01	5	57	day	behav_sub-01_run-05_trial-57.wav	3	0.7325	0.9125
sub-01	5	57	day	behav_sub-01_run-05_trial-57.wav	4	0.9725	1.1325
sub-01	5	57	day	behav_sub-01_run-05_trial-57.wav	5	1.1325	1.3325
sub-01	5	57	day	behav_sub-01_run-05_trial-57.wav	6	1.3325	1.5325
sub-01	5	57	day	behav_sub-01_run-05_trial-57.wav	7	1.5325	1.7325
sub-01	5	57	day	behav_sub-01_run-05_trial-57.wav	8	1.7325	1.9325
sub-01	5	57	day	behav_sub-01_run-05_trial-57.wav	9	1.9325	2.1325
sub-01	5	57	day	behav_sub-01_run-05_trial-57.wav	10	2.1325	2.3325
sub-01	5	57	day	behav_sub-01_run-05_trial-57.wav	11	2.3325	2.5325
sub-01	5	57	day	behav_sub-01_run-05_trial-57.wav	12	2.5325	2.7325
sub-01	5	57	day	behav_sub-01_run-05_trial-57.wav	13	2.7325	2.9325
sub-01	5	57	day	behav_sub-01_run-05_trial-57.wav	14	2.9325	3.0925
sub-01	5	57	day	behav_sub-01_run-05_trial-57.wav	15	3.0925	3.2925
sub-01	5	57	day	behav_sub-01_run-05_trial-57.wav	16	3.2925	3.5325
sub-01	5	57	day	behav_sub-01_run-05_trial-57.wav	17	3.5325	3.6925
sub-01	5	57	day	behav_sub-01_run-05_trial-57.wav	18	3.7325	3.9125
sub-01	5	57	day	behav_sub-01_run-05_trial-57.wav	19	3.9525	4.1125
sub-01	5	57	day	behav_sub-01_run-05_trial-57.wav	20	4.1925	4.3725
sub-01	5	58	naw	behav_sub-01_run-05_trial-58.wav	1	0.3325	0.5325
sub-01	5	58	naw	behav_sub-01_run-05_trial-58.wav	2	0.5325	0.7125
sub-01	5	58	naw	behav_sub-01_run-05_trial-58.wav	3	0.7125	0.8925
sub-01	5	58	naw	behav_sub-01_run-05_trial-58.wav	4	0.8925	1.0925
sub-01	5	58	naw	behav_sub-01_run-05_trial-58.wav	5	1.0925	1.2725
sub-01	5	58	naw	behav_sub-01_run-05_trial-58.wav	6	1.2725	1.4925
sub-01	5	58	naw	behav_sub-01_run-05_trial-58.wav	7	1.4925	1.6725
sub-01	5	58	naw	behav_sub-01_run-05_trial-58.wav	8	1.6725	1.8725
sub-01	5	58	naw	behav_sub-01_run-05_trial-58.wav	9	1.8725	2.0525
sub-01	5	58	naw	behav_sub-01_run-05_trial-58.wav	10	2.0525	2.2925
sub-01	5	58	naw	behav_sub-01_run-05_trial-58.wav	11	2.2925	2.4525
sub-01	5	58	naw	behav_sub-01_run-05_trial-58.wav	12	2.4525	2.6325
sub-01	5	58	naw	behav_sub-01_run-05_trial-58.wav	13	2.6325	2.8525
sub-01	5	58	naw	behav_sub-01_run-05_trial-58.wav	14	2.8525	3.0325
sub-01	5	58	naw	behav_sub-01_run-05_trial-58.wav	15	3.0325	3.2325
sub-01	5	58	naw	behav_sub-01_run-05_trial-58.wav	16	3.2325	3.4125
sub-01	5	58	naw	behav_sub-01_run-05_trial-58.wav	17	3.4125	3.5725
sub-01	5	58	naw	behav_sub-01_run-05_trial-58.wav	18	3.5725	3.8125
sub-01	5	58	naw	behav_sub-01_run-05_trial-58.wav	19	3.8125	4.0125
sub-01	5	58	naw	behav_sub-01_run-05_trial-58.wav	20	4.0125	4.2525
sub-01	5	59	pie	behav_sub-01_run-05_trial-59.wav	1	0.6325	0.7725
sub-01	5	59	pie	behav_sub-01_run-05_trial-59.wav	2	0.8325	0.9725
sub-01	5	59	pie	behav_sub-01_run-05_trial-59.wav	3	0.9725	1.1525
sub-01	5	59	pie	behav_sub-01_run-05_trial-59.wav	4	1.1925	1.3325
sub-01	5	59	pie	behav_sub-01_run-05_trial-59.wav	5	1.3925	1.5125
sub-01	5	59	pie	behav_sub-01_run-05_trial-59.wav	6	1.5725	1.7325
sub-01	5	59	pie	behav_sub-01_run-05_trial-59.wav	7	1.7325	1.9125
sub-01	5	59	pie	behav_sub-01_run-05_trial-59.wav	8	1.9725	2.1325
sub-01	5	59	pie	behav_sub-01_run-05_trial-59.wav	9	2.1725	2.3325
sub-01	5	59	pie	behav_sub-01_run-05_trial-59.wav	10	2.3725	2.5325
sub-01	5	59	pie	behav_sub-01_run-05_trial-59.wav	11	2.5325	2.7325
sub-01	5	59	pie	behav_sub-01_run-05_trial-59.wav	12	2.7325	2.9325
sub-01	5	59	pie	behav_sub-01_run-05_trial-59.wav	13	2.9925	3.1325
sub-01	5	59	pie	behav_sub-01_run-05_trial-59.wav	14	3.1325	3.3525
sub-01	5	59	pie	behav_sub-01_run-05_trial-59.wav	15	3.4125	3.5525
sub-01	5	59	pie	behav_sub-01_run-05_trial-59.wav	16	3.6325	3.7525
sub-01	5	59	pie	behav_sub-01_run-05_trial-59.wav	17	3.8125	3.9725
sub-01	5	59	pie	behav_sub-01_run-05_trial-59.wav	18	3.9725	4.1725
sub-01	5	59	pie	behav_sub-01_run-05_trial-59.wav	19	4.2325	4.4125
sub-01	5	60	per	behav_sub-01_run-05_trial-60.wav	1	0.4125	0.5725
sub-01	5	60	per	behav_sub-01_run-05_trial-60.wav	2	0.5725	0.7125
sub-01	5	60	per	behav_sub-01_run-05_trial-60.wav	3	0.7725	0.9325
sub-01	5	60	per	behav_sub-01_run-05_trial-60.wav	4	0.9325	1.1125
sub-01	5	60	per	behav_sub-01_run-05_trial-60.wav	5	1.1725	1.3125
sub-01	5	60	per	behav_sub-01_run-05_trial-60.wav	6	1.3725	1.5125
sub-01	5	60	per	behav_sub-01_run-05_trial-60.wav	7	1.5725	1.7325
sub-01	5	60	per	behav_sub-01_run-05_trial-60.wav	8	1.7925	1.9725
sub-01	5	60	per	behav_sub-01_run-05_trial-60.wav	9	2.0325	2.1725
sub-01	5	60	per	behav_sub-01_run-05_trial-60.wav	10	2.2325	2.3925
sub-01	5	60	per	behav_sub-01_run-05_trial-60.wav	11	2.4525	2.5925
sub-01	5	60	per	behav_sub-01_run-05_trial-60.wav	12	2.6725	2.8125
sub-01	5	60	per	behav_sub-01_run-05_trial-60.wav	13	2.8725	3.0125
sub-01	5	60	per	behav_sub-01_run-05_trial-60.wav	14	3.0925	3.2325
sub-01	5	60	per	behav_sub-01_run-05_trial-60.wav	15	3.3125	3.4725
sub-01	5	60	per	behav_sub-01_run-05_trial-60.wav	16	3.5325	3.6725
sub-01	5	60	per	behav_sub-01_run-05_trial-60.wav	17	3.7525	3.8925
sub-01	5	60	per	behav_sub-01_run-05_trial-60.wav	18	3.9525	4.1125
sub-01	5	60	per	behav_sub-01_run-05_trial-60.wav	19	4.2125	4.4125
sub-01	5	61	thought	behav_sub-01_run-05_trial-61.wav	1	0.4725	0.6125
sub-01	5	61	thought	behav_sub-01_run-05_trial-61.wav	2	0.6725	0.8125
sub-01	5	61	thought	behav_sub-01_run-05_trial-61.wav	3	0.8725	1.0125
sub-01	5	61	thought	behav_sub-01_run-05_trial-61.wav	4	1.0725	1.1925
sub-01	5	61	thought	behav_sub-01_run-05_trial-61.wav	5	1.2725	1.4125
sub-01	5	61	thought	behav_sub-01_run-05_trial-61.wav	6	1.4725	1.6125
sub-01	5	61	thought	behav_sub-01_run-05_trial-61.wav	7	1.6725	1.8125
sub-01	5	61	thought	behav_sub-01_run-05_trial-61.wav	8	1.8925	2.0125
sub-01	5	61	thought	behav_sub-01_run-05_trial-61.wav	9	2.0925	2.2325
sub-01	5	61	thought	behav_sub-01_run-05_trial-61.wav	10	2.2925	2.4325
sub-01	5	61	thought	behav_sub-01_run-05_trial-61.wav	11	2.4925	2.6125
sub-01	5	61	thought	behav_sub-01_run-05_trial-61.wav	12	2.6925	2.8325
sub-01	5	61	thought	behav_sub-01_run-05_trial-61.wav	13	2.8925	3.0325
sub-01	5	61	thought	behav_sub-01_run-05_trial-61.wav	14	3.0925	3.2925
sub-01	5	61	thought	behav_sub-01_run-05_trial-61.wav	15	3.2925	3.4325
sub-01	5	61	thought	behav_sub-01_run-05_trial-61.wav	16	3.5125	3.6325
sub-01	5	61	thought	behav_sub-01_run-05_trial-61.wav	17	3.7125	3.8525
sub-01	5	61	thought	behav_sub-01_run-05_trial-61.wav	18	3.9125	4.0525
sub-01	5	61	thought	behav_sub-01_run-05_trial-61.wav	19	4.1325	4.2525
sub-01	5	61	thought	behav_sub-01_run-05_trial-61.wav	20	4.3325	4.5000
sub-01	5	62	thurs	behav_sub-01_run-05_trial-62.wav	1	0.5125	0.6725
sub-01	5	62	thurs	behav_sub-01_run-05_trial-62.wav	2	0.6725	0.9125
sub-01	5	62	thurs	behav_sub-01_run-05_trial-62.wav	3	0.9125	1.1325
sub-01	5	62	thurs	behav_sub-01_run-05_trial-62.wav	4	1.1325	1.3325
sub-01	5	62	thurs	behav_sub-01_run-05_trial-62.wav	5	1.3325	1.7725
sub-01	5	62	thurs	behav_sub-01_run-05_trial-62.wav	6	1.7725	1.9125
sub-01	5	62	thurs	behav_sub-01_run-05_trial-62.wav	7	1.9125	2.0125
sub-01	5	62	thurs	behav_sub-01_run-05_trial-62.wav	8	2.0125	2.2125
sub-01	5	62	thurs	behav_sub-01_run-05_trial-62.wav	9	2.2125	2.4325
sub-01	5	62	thurs	behav_sub-01_run-05_trial-62.wav	10	2.4325	2.5525
sub-01	5	62	thurs	behav_sub-01_run-05_trial-62.wav	11	2.5525	2.6925
sub-01	5	62	thurs	behav_sub-01_run-05_trial-62.wav	12	2.6925	2.8925
sub-01	5	62	thurs	behav_sub-01_run-05_trial-62.wav	13	2.8925	3.1125
sub-01	5	62	thurs	behav_sub-01_run-05_trial-62.wav	14	3.1125	3.3725
sub-01	5	62	thurs	behav_sub-01_run-05_trial-62.wav	15	3.3725	3.5125
sub-01	5	62	thurs	behav_sub-01_run-05_trial-62.wav	16	3.5125	3.6125
sub-01	5	62	thurs	behav_sub-01_run-05_trial-62.wav	17	3.6125	3.8325
sub-01	5	62	thurs	behav_sub-01_run-05_trial-62.wav	18	3.8325	4.0925
sub-01	5	62	thurs	behav_sub-01_run-05_trial-62.wav	19	4.0925	4.3325
sub-01	5	62	thurs	behav_sub-01_run-05_trial-62.wav	20	4.3325	4.5000
sub-01	5	63	fee	behav_sub-01_run-05_trial-63.wav	1	0.4925	0.5925
sub-01	5	63	fee	behav_sub-01_run-05_trial-63.wav	2	0.6325	0.7925
sub-01	5	63	fee	behav_sub-01_run-05_trial-63.wav	3	0.7925	0.9525
sub-01	5	63	fee	behav_sub-01_run-05_trial-63.wav	4	0.9525	1.1525
sub-01	5	63	fee	behav_sub-01_run-05_trial-63.wav	5	1.1525	1.3525
sub-01	5	63	fee	behav_sub-01_run-05_trial-63.wav	6	1.4125	1.5525
sub-01	5	63	fee	behav_sub-01_run-05_trial-63.wav	7	1.6125	1.7525
sub-01	5	63	fee	behav_sub-01_run-05_trial-63.wav	8	1.8325	1.9725
sub-01	5	63	fee	behav_sub-01_run-05_trial-63.wav	9	2.0325	2.1525
sub-01	5	63	fee	behav_sub-01_run-05_trial-63.wav	10	2.2125	2.3525
sub-01	5	63	fee	behav_sub-01_run-05_trial-63.wav	11	2.3525	2.5525
sub-01	5	63	fee	behav_sub-01_run-05_trial-63.wav	12	2.5525	2.7325
sub-01	5	63	fee	behav_sub-01_run-05_trial-63.wav	13	2.7325	2.9325
sub-01	5	63	fee	behav_sub-01_run-05_trial-63.wav	14	2.9325	3.1325
sub-01	5	63	fee	behav_sub-01_run-05_trial-63.wav	15	3.1325	3.3125
sub-01	5	63	fee	behav_sub-01_run-05_trial-63.wav	16	3.3525	3.5125
sub-01	5	63	fee	behav_sub-01_run-05_trial-63.wav	17	3.5125	3.7125
sub-01	5	63	fee	behav_sub-01_run-05_trial-63.wav	18	3.7125	3.9125
sub-01	5	63	fee	behav_sub-01_run-05_trial-63.wav	19	3.9125	4.1325
sub-01	5	63	fee	behav_sub-01_run-05_trial-63.wav	20	4.1325	4.3125
sub-01	5	63	fee	behav_sub-01_run-05_trial-63.wav	21	4.3125	4.5000
sub-01	5	64	ter	behav_sub-01_run-05_trial-64.wav	1	0.3725	0.4925
sub-01	5	64	ter	behav_sub-01_run-05_trial-64.wav	2	0.4925	0.6525
sub-01	5	64	ter	behav_sub-01_run-05_trial-64.wav	3	0.6525	0.8525
sub-01	5	64	ter	behav_sub-01_run-05_trial-64.wav	4	0.8525	1.0525
sub-01	5	64	ter	behav_sub-01_run-05_trial-64.wav	5	1.0525	1.2125
sub-01	5	64	ter	behav_sub-01_run-05_trial-64.wav	6	1.2125	1.4125
sub-01	5	64	ter	behav_sub-01_run-05_trial-64.wav	7	1.4125	1.5725
sub-01	5	64	ter	behav_sub-01_run-05_trial-64.wav	8	1.5725	1.7525
sub-01	5	64	ter	behav_sub-01_run-05_trial-64.wav	9	1.7925	1.9725
sub-01	5	64	ter	behav_sub-01_run-05_trial-64.wav	10	1.9725	2.1725
sub-01	5	64	ter	behav_sub-01_run-05_trial-64.wav	11	2.1725	2.3325
sub-01	5	64	ter	behav_sub-01_run-05_trial-64.wav	12	2.3325	2.5325
sub-01	5	64	ter	behav_sub-01_run-05_trial-64.wav	13	2.5325	2.7325
sub-01	5	64	ter	behav_sub-01_run-05_trial-64.wav	14	2.7325	2.9325
sub-01	5	64	ter	behav_sub-01_run-05_trial-64.wav	15	2.9325	3.1325
sub-01	5	64	ter	behav_sub-01_run-05_trial-64.wav	16	3.1325	3.3125
sub-01	5	64	ter	behav_sub-01_run-05_trial-64.wav	17	3.3725	3.5325
sub-01	5	64	ter	behav_sub-01_run-05_trial-64.wav	18	3.5925	3.7725
sub-01	6	1	ter	behav_sub-01_run-06_trial-01.wav	1	0.2525	0.3725
sub-01	6	1	ter	behav_sub-01_run-06_trial-01.wav	2	0.3725	0.5325
sub-01	6	1	ter	behav_sub-01_run-06_trial-01.wav	3	0.5325	0.7325
sub-01	6	1	ter	behav_sub-01_run-06_trial-01.wav	4	0.7325	0.9325
sub-01	6	1	ter	behav_sub-01_run-06_trial-01.wav	5	0.9325	1.1325
sub-01	6	1	ter	behav_sub-01_run-06_trial-01.wav	6	1.1325	1.2925
sub-01	6	1	ter	behav_sub-01_run-06_trial-01.wav	7	1.2925	1.4525
sub-01	6	1	ter	behav_sub-01_run-06_trial-01.wav	8	1.5125	1.6525
sub-01	6	1	ter	behav_sub-01_run-06_trial-01.wav	9	1.6525	1.8125
sub-01	6	1	ter	behav_sub-01_run-06_trial-01.wav	10	1.8125	1.9925
sub-01	6	1	ter	behav_sub-01_run-06_trial-01.wav	11	2.0325	2.2125
sub-01	6	1	ter	behav_sub-01_run-06_trial-01.wav	12	2.2125	2.3725
sub-01	6	1	ter	behav_sub-01_run-06_trial-01.wav	13	2.3725	2.5725
sub-01	6	1	ter	behav_sub-01_run-06_trial-01.wav	14	2.5725	2.7325
sub-01	6	1	ter	behav_sub-01_run-06_trial-01.wav	15	2.7325	2.9325
sub-01	6	1	ter	behav_sub-01_run-06_trial-01.wav	16	2.9325	3.1325
sub-01	6	1	ter	behav_sub-01_run-06_trial-01.wav	17	3.1325	3.2925
sub-01	6	1	ter	behav_sub-01_run-06_trial-01.wav	18	3.3525	3.4525
sub-01	6	1	ter	behav_sub-01_run-06_trial-01.wav	19	3.5525	3.6725
sub-01	6	1	ter	behav_sub-01_run-06_trial-01.wav	20	3.7325	3.8525
sub-01	6	1	ter	behav_sub-01_run-06_trial-01.wav	21	3.8525	4.0325
sub-01	6	1	ter	behav_sub-01_run-06_trial-01.wav	22	4.0925	4.2325
sub-01	6	2	ser	behav_sub-01_run-06_trial-02.wav	1	0.3925	0.5925
sub-01	6	2	ser	behav_sub-01_run-06_trial-02.wav	2	0.5925	0.8325
sub-01	6	2	ser	behav_sub-01_run-06_trial-02.wav	3	0.8325	1.0525
sub-01	6	2	ser	behav_sub-01_run-06_trial-02.wav	4	1.0525	1.2925
sub-01	6	2	ser	behav_sub-01_run-06_trial-02.wav	5	1.2925	1.5125
sub-01	6	2	ser	behav_sub-01_run-06_trial-02.wav	6	1.5125	1.7725
sub-01	6	2	ser	behav_sub-01_run-06_trial-02.wav	7	1.7725	1.9925
sub-01	6	2	ser	behav_sub-01_run-06_trial-02.wav	8	1.9925	2.2125
sub-01	6	2	ser	behav_sub-01_run-06_trial-02.wav	9	2.2125	2.4925
sub-01	6	2	ser	behav_sub-01_run-06_trial-02.wav	10	2.4925	2.7525
sub-01	6	2	ser	behav_sub-01_run-06_trial-02.wav	11	2.7525	3.0125
sub-01	6	2	ser	behav_sub-01_run-06_trial-02.wav	12	3.0125	3.2725
sub-01	6	2	ser	behav_sub-01_run-06_trial-02.wav	13	3.2725	3.5325
sub-01	6	2	ser	behav_sub-01_run-06_trial-02.wav	14	3.5325	3.7325
sub-01	6	2	ser	behav_sub-01_run-06_trial-02.wav	15	3.7325	3.9725
sub-01	6	2	ser	behav_sub-01_run-06_trial-02.wav	16	3.9725	4.2125
sub-01	6	2	ser	behav_sub-01_run-06_trial-02.wav	17	4.2125	4.4525
sub-01	6	3	day	behav_sub-01_run-06_trial-03.wav	1	0.4725	0.6525
sub-01	6	3	day	behav_sub-01_run-06_trial-03.wav	2	0.6525	0.8125
sub-01	6	3	day	behav_sub-01_run-06_trial-03.wav	3	0.8125	1.0125
sub-01	6	3	day	behav_sub-01_run-06_trial-03.wav	4	1.0125	1.1725
sub-01	6	3	day	behav_sub-01_run-06_trial-03.wav	5	1.1725	1.3325
sub-01	6	3	day	behav_sub-01_run-06_trial-03.wav	6	1.3725	1.4925
sub-01	6	3	day	behav_sub-01_run-06_trial-03.wav	7	1.4925	1.6925
sub-01	6	3	day	behav_sub-01_run-06_trial-03.wav	8	1.6925	1.8925
sub-01	6	3	day	behav_sub-01_run-06_trial-03.wav	9	1.8925	2.0325
sub-01	6	3	day	behav_sub-01_run-06_trial-03.wav	10	2.0725	2.2125
sub-01	6	3	day	behav_sub-01_run-06_trial-03.wav	11	2.2125	2.3725
sub-01	6	3	day	behav_sub-01_run-06_trial-03.wav	12	2.4125	2.5725
sub-01	6	3	day	behav_sub-01_run-06_trial-03.wav	13	2.6325	2.7725
sub-01	6	3	day	behav_sub-01_run-06_trial-03.wav	14	2.7725	2.9325
sub-01	6	3	day	behav_sub-01_run-06_trial-03.wav	15	3.0125	3.1325
sub-01	6	3	day	behav_sub-01_run-06_trial-03.wav	16	3.1725	3.3325
sub-01	6	3	day	behav_sub-01_run-06_trial-03.wav	17	3.3325	3.4925
sub-01	6	3	day	behav_sub-01_run-06_trial-03.wav	18	3.5325	3.6925
sub-01	6	3	day	behav_sub-01_run-06_trial-03.wav	19	3.7525	3.8925
sub-01	6	3	day	behav_sub-01_run-06_trial-03.wav	20	3.9525	4.1325
sub-01	6	3	day	behav_sub-01_run-06_trial-03.wav	21	4.1325	4.2925
sub-01	6	3	day	behav_sub-01_run-06_trial-03.wav	22	4.3325	4.4725
sub-01	6	4	mih	behav_sub-01_run-06_trial-04.wav	1	0.2125	0.3725
sub-01	6	4	mih	behav_sub-01_run-06_trial-04.wav	2	0.3725	0.5325
sub-01	6	4	mih	behav_sub-01_run-06_trial-04.wav	3	0.5325	0.6525
sub-01	6	4	mih	behav_sub-01_run-06_trial-04.wav	4	0.6525	0.8325
sub-01	6	4	mih	behav_sub-01_run-06_trial-04.wav	5	0.8325	0.9525
sub-01	6	4	mih	behav_sub-01_run-06_trial-04.wav	6	0.9525	1.1125
sub-01	6	4	mih	behav_sub-01_run-06_trial-04.wav	7	1.1125	1.2725
sub-01	6	4	mih	behav_sub-01_run-06_trial-04.wav	8	1.2725	1.4325
sub-01	6	4	mih	behav_sub-01_run-06_trial-04.wav	9	1.4325	1.5725
sub-01	6	4	mih	behav_sub-01_run-06_trial-04.wav	10	1.5725	1.7525
sub-01	6	4	mih	behav_sub-01_run-06_trial-04.wav	11	1.7525	1.9125
sub-01	6	4	mih	behav_sub-01_run-06_trial-04.wav	12	1.9125	2.0725
sub-01	6	4	mih	behav_sub-01_run-06_trial-04.wav	13	2.0725	2.2125
sub-01	6	4	mih	behav_sub-01_run-06_trial-04.wav	14	2.2125	2.3925
sub-01	6	4	mih	behav_sub-01_run-06_trial-04.wav	15	2.3925	2.5525
sub-01	6	4	mih	behav_sub-01_run-06_trial-04.wav	16	2.5525	2.7325
sub-01	6	4	mih	behav_sub-01_run-06_trial-04.wav	17	2.7325	2.8925
sub-01	6	4	mih	behav_sub-01_run-06_trial-04.wav	18	2.8925	3.0725
sub-01	6	4	mih	behav_sub-01_run-06_trial-04.wav	19	3.0725	3.2325
sub-01	6	4	mih	behav_sub-01_run-06_trial-04.wav	20	3.2325	3.4125
sub-01	6	4	mih	behav_sub-01_run-06_trial-04.wav	21	3.4125	3.5725
sub-01	6	4	mih	behav_sub-01_run-06_trial-04.wav	22	3.5725	3.7725
sub-01	6	4	mih	behav_sub-01_run-06_trial-04.wav	23	3.7725	3.9725
sub-01	6	4	mih	behav_sub-01_run-06_trial-04.wav	24	3.9725	4.1725
sub-01	6	5	per	behav_sub-01_run-06_trial-05.wav	1	0.3525	0.4925
sub-01	6	5	per	behav_sub-01_run-06_trial-05.wav	2	0.4925	0.6525
sub-01	6	5	per	behav_sub-01_run-06_trial-05.wav	3	0.7125	0.8325
sub-01	6	5	per	behav_sub-01_run-06_trial-05.wav	4	0.8725	0.9725
sub-01	6	5	per	behav_sub-01_run-06_trial-05.wav	5	1.0525	1.1725
sub-01	6	5	per	behav_sub-01_run-06_trial-05.wav	6	1.2325	1.3525
sub-01	6	5	per	behav_sub-01_run-06_trial-05.wav	7	1.4125	1.5125
sub-01	6	5	per	behav_sub-01_run-06_trial-05.wav	8	1.5725	1.6725
sub-01	6	5	per	behav_sub-01_run-06_trial-05.wav	9	1.7325	1.8325
sub-01	6	5	per	behav_sub-01_run-06_trial-05.wav	10	1.9125	2.0125
sub-01	6	5	per	behav_sub-01_run-06_trial-05.wav	11	2.0725	2.2125
sub-01	6	5	per	behav_sub-01_run-06_trial-05.wav	12	2.2125	2.3525
sub-01	6	5	per	behav_sub-01_run-06_trial-05.wav	13	2.4125	2.5325
sub-01	6	5	per	behav_sub-01_run-06_trial-05.wav	14	2.6125	2.6925
sub-01	6	5	per	behav_sub-01_run-06_trial-05.wav	15	2.7525	2.8525
sub-01	6	5	per	behav_sub-01_run-06_trial-05.wav	16	2.9125	3.0525
sub-01	6	5	per	behav_sub-01_run-06_trial-05.wav	17	3.0925	3.2125
sub-01	6	5	per	behav_sub-01_run-06_trial-05.wav	18	3.2925	3.3925
sub-01	6	5	per	behav_sub-01_run-06_trial-05.wav	19	3.4725	3.5925
sub-01	6	5	per	behav_sub-01_run-06_trial-05.wav	20	3.6725	3.8125
sub-01	6	5	per	behav_sub-01_run-06_trial-05.wav	21	3.8925	3.9925
sub-01	6	5	per	behav_sub-01_run-06_trial-05.wav	22	4.0725	4.1925
sub-01	6	5	per	behav_sub-01_run-06_trial-05.wav	23	4.2725	4.3925
sub-01	6	5	per	behav_sub-01_run-06_trial-05.wav	24	4.3925	4.5000
sub-01	6	6	thurs	behav_sub-01_run-06_trial-06.wav	1	0.2525	0.3325
sub-01	6	6	thurs	behav_sub-01_run-06_trial-06.wav	2	0.3325	0.5325
sub-01	6	6	thurs	behav_sub-01_run-06_trial-06.wav	3	0.5325	0.7725
sub-01	6	6	thurs	behav_sub-01_run-06_trial-06.wav	4	0.7725	0.9925
sub-01	6	6	thurs	behav_sub-01_run-06_trial-06.wav	5	0.9925	1.1925
sub-01	6	6	thurs	behav_sub-01_run-06_trial-06.wav	6	1.1925	1.4125
sub-01	6	6	thurs	behav_sub-01_run-06_trial-06.wav	7	1.4125	1.6125
sub-01	6	6	thurs	behav_sub-01_run-06_trial-06.wav	8	1.6925	1.8525
sub-01	6	6	thurs	behav_sub-01_run-06_trial-06.wav	9	1.8525	2.0725
sub-01	6	6	thurs	behav_sub-01_run-06_trial-06.wav	10	2.1325	2.3125
sub-01	6	6	thurs	behav_sub-01_run-06_trial-06.wav	11	2.3125	2.4525
sub-01	6	6	thurs	behav_sub-01_run-06_trial-06.wav	12	2.4525	2.5725
sub-01	6	6	thurs	behav_sub-01_run-06_trial-06.wav	13	2.5725	2.7725
sub-01	6	6	thurs	behav_sub-01_run-06_trial-06.wav	14	2.7725	3.0125
sub-01	6	6	thurs	behav_sub-01_run-06_trial-06.wav	15	3.0125	3.2325
sub-01	6	6	thurs	behav_sub-01_run-06_trial-06.wav	16	3.2325	3.4525
sub-01	6	6	thurs	behav_sub-01_run-06_trial-06.wav	17	3.4525	3.6925
sub-01	6	6	thurs	behav_sub-01_run-06_trial-06.wav	18	3.6925	3.9125
sub-01	6	6	thurs	behav_sub-01_run-06_trial-06.wav	19	3.9125	4.1725
sub-01	6	6	thurs	behav_sub-01_run-06_trial-06.wav	20	4.1725	4.5000
sub-01	6	7	pot	behav_sub-01_run-06_trial-07.wav	1	0.3925	0.4925
sub-01	6	7	pot	behav_sub-01_run-06_trial-07.wav	2	0.5725	0.7125
sub-01	6	7	pot	behav_sub-01_run-06_trial-07.wav	3	0.7725	0.9125
sub-01	6	7	pot	behav_sub-01_run-06_trial-07.wav	4	0.9725	1.1125
sub-01	6	7	pot	behav_sub-01_run-06_trial-07.wav	5	1.1725	1.2925
sub-01	6	7	pot	behav_sub-01_run-06_trial-07.wav	6	1.3725	1.4925
sub-01	6	7	pot	behav_sub-01_run-06_trial-07.wav	7	1.5725	1.6925
sub-01	6	7	pot	behav_sub-01_run-06_trial-07.wav	8	1.7725	1.8925
sub-01	6	7	pot	behav_sub-01_run-06_trial-07.wav	9	1.9725	2.0925
sub-01	6	7	pot	behav_sub-01_run-06_trial-07.wav	10	2.1525	2.2925
sub-01	6	7	pot	behav_sub-01_run-06_trial-07.wav	11	2.3725	2.4925
sub-01	6	7	pot	behav_sub-01_run-06_trial-07.wav	12	2.5525	2.6925
sub-01	6	7	pot	behav_sub-01_run-06_trial-07.wav	13	2.7525	2.8725
sub-01	6	7	pot	behav_sub-01_run-06_trial-07.wav	14	2.9525	3.0925
sub-01	6	7	pot	behav_sub-01_run-06_trial-07.wav	15	3.1525	3.2725
sub-01	6	7	pot	behav_sub-01_run-06_trial-07.wav	16	3.3525	3.4725
sub-01	6	7	pot	behav_sub-01_run-06_trial-07.wav	17	3.5725	3.6725
sub-01	6	7	pot	behav_sub-01_run-06_trial-07.wav	18	3.7725	3.8725
sub-01	6	7	pot	behav_sub-01_run-06_trial-07.wav	19	3.9925	4.1125
sub-01	6	7	pot	behav_sub-01_run-06_trial-07.wav	20	4.1925	4.3325
sub-01	6	7	pot	behav_sub-01_run-06_trial-07.wav	21	4.4125	4.5000
sub-01	6	8	naw	behav_sub-01_run-06_trial-08.wav	1	0.4125	0.5325
sub-01	6	8	naw	behav_sub-01_run-06_trial-08.wav	2	0.5325	0.7125
sub-01	6	8	naw	behav_sub-01_run-06_trial-08.wav	3	0.7125	0.8725
sub-01	6	8	naw	behav_sub-01_run-06_trial-08.wav	4	0.8725	1.0525
sub-01	6	8	naw	behav_sub-01_run-06_trial-08.wav	5	1.0525	1.2325
sub-01	6	8	naw	behav_sub-01_run-06_trial-08.wav	6	1.2325	1.4125
sub-01	6	8	naw	behav_sub-01_run-06_trial-08.wav	7	1.4125	1.5725
sub-01	6	8	naw	behav_sub-01_run-06_trial-08.wav	8	1.5725	1.7525
sub-01	6	8	naw	behav_sub-01_run-06_trial-08.wav	9	1.7525	1.9325
sub-01	6	8	naw	behav_sub-01_run-06_trial-08.wav	10	1.9325	2.1125
sub-01	6	8	naw	behav_sub-01_run-06_trial-08.wav	11	2.1125	2.3125
sub-01	6	8	naw	behav_sub-01_run-06_trial-08.wav	12	2.3125	2.4925
sub-01	6	8	naw	behav_sub-01_run-06_trial-08.wav	13	2.4925	2.6925
sub-01	6	8	naw	behav_sub-01_run-06_trial-08.wav	14	2.6925	2.8725
sub-01	6	8	naw	behav_sub-01_run-06_trial-08.wav	15	2.8725	3.0525
sub-01	6	8	naw	behav_sub-01_run-06_trial-08.wav	16	3.0525	3.2525
sub-01	6	8	naw	behav_sub-01_run-06_trial-08.wav	17	3.2525	3.4525
sub-01	6	8	naw	behav_sub-01_run-06_trial-08.wav	18	3.4525	3.6325
sub-01	6	8	naw	behav_sub-01_run-06_trial-08.wav	19	3.6325	3.8325
sub-01	6	8	naw	behav_sub-01_run-06_trial-08.wav	20	3.8325	4.0125
sub-01	6	8	naw	behav_sub-01_run-06_trial-08.wav	21	4.0125	4.2125
sub-01	6	8	naw	behav_sub-01_run-06_trial-08.wav	22	4.2125	4.3925
sub-01	6	8	naw	behav_sub-01_run-06_trial-08.wav	23	4.3925	4.5000
sub-01	6	9	naw	behav_sub-01_run-06_trial-09.wav	1	0.3925	0.5725
sub-01	6	9	naw	behav_sub-01_run-06_trial-09.wav	2	0.5725	0.7725
sub-01	6	9	naw	behav_sub-01_run-06_trial-09.wav	3	0.7725	0.9725
sub-01	6	9	naw	behav_sub-01_run-06_trial-09.wav	4	0.9725	1.1325
sub-01	6	9	naw	behav_sub-01_run-06_trial-09.wav	5	1.1325	1.3325
sub-01	6	9	naw	behav_sub-01_run-06_trial-09.wav	6	1.3325	1.5525
sub-01	6	9	naw	behav_sub-01_run-06_trial-09.wav	7	1.5525	1.7525
sub-01	6	9	naw	behav_sub-01_run-06_trial-09.wav	8	1.7525	1.9325
sub-01	6	9	naw	behav_sub-01_run-06_trial-09.wav	9	1.9325	2.1325
sub-01	6	9	naw	behav_sub-01_run-06_trial-09.wav	10	2.1325	2.3325
sub-01	6	9	naw	behav_sub-01_run-06_trial-09.wav	11	2.3325	2.5325
sub-01	6	9	naw	behav_sub-01_run-06_trial-09.wav	12	2.5325	2.7325
sub-01	6	9	naw	behav_sub-01_run-06_trial-09.wav	13	2.7325	2.9725
sub-01	6	9	naw	behav_sub-01_run-06_trial-09.wav	14	2.9725	3.1525
sub-01	6	9	naw	behav_sub-01_run-06_trial-09.wav	15	3.1525	3.3725
sub-01	6	9	naw	behav_sub-01_run-06_trial-09.wav	16	3.3725	3.5525
sub-01	6	9	naw	behav_sub-01_run-06_trial-09.wav	17	3.5525	3.7725
sub-01	6	9	naw	behav_sub-01_run-06_trial-09.wav	18	3.7725	3.9925
sub-01	6	9	naw	behav_sub-01_run-06_trial-09.wav	19	3.9925	4.1925
sub-01	6	9	naw	behav_sub-01_run-06_trial-09.wav	20	4.1925	4.4325
sub-01	6	10	pot	behav_sub-01_run-06_trial-10.wav	1	0.4725	0.6125
sub-01	6	10	pot	behav_sub-01_run-06_trial-10.wav	2	0.6925	0.8325
sub-01	6	10	pot	behav_sub-01_run-06_trial-10.wav	3	0.8925	1.0125
sub-01	6	10	pot	behav_sub-01_run-06_trial-10.wav	4	1.0725	1.2125
sub-01	6	10	pot	behav_sub-01_run-06_trial-10.wav	5	1.2925	1.4125
sub-01	6	10	pot	behav_sub-01_run-06_trial-10.wav	6	1.4925	1.6325
sub-01	6	10	pot	behav_sub-01_run-06_trial-10.wav	7	1.6925	1.8125
sub-01	6	10	pot	behav_sub-01_run-06_trial-10.wav	8	1.8925	2.0325
sub-01	6	10	pot	behav_sub-01_run-06_trial-10.wav	9	2.0925	2.2325
sub-01	6	10	pot	behav_sub-01_run-06_trial-10.wav	10	2.3125	2.4525
sub-01	6	10	pot	behav_sub-01_run-06_trial-10.wav	11	2.5125	2.6325
sub-01	6	10	pot	behav_sub-01_run-06_trial-10.wav	12	2.7125	2.8525
sub-01	6	10	pot	behav_sub-01_run-06_trial-10.wav	13	2.9325	3.0725
sub-01	6	10	pot	behav_sub-01_run-06_trial-10.wav	14	3.1525	3.2725
sub-01	6	10	pot	behav_sub-01_run-06_trial-10.wav	15	3.3525	3.4725
sub-01	6	10	pot	behav_sub-01_run-06_trial-10.wav	16	3.5525	3.6925
sub-01	6	10	pot	behav_sub-01_run-06_trial-10.wav	17	3.7725	3.9125
sub-01	6	10	pot	behav_sub-01_run-06_trial-10.wav	18	3.9925	4.1325
sub-01	6	10	pot	behav_sub-01_run-06_trial-10.wav	19	4.2325	4.3325
sub-01	6	10	pot	behav_sub-01_run-06_trial-10.wav	20	4.4325	4.5000
sub-01	6	11	thurs	behav_sub-01_run-06_trial-11.wav	1	0.3725	0.4925
sub-01	6	11	thurs	behav_sub-01_run-06_trial-11.wav	2	0.4925	0.6925
sub-01	6	11	thurs	behav_sub-01_run-06_trial-11.wav	3	0.6925	0.9125
sub-01	6	11	thurs	behav_sub-01_run-06_trial-11.wav	4	0.9125	1.1525
sub-01	6	11	thurs	behav_sub-01_run-06_trial-11.wav	5	1.1525	1.3725
sub-01	6	11	thurs	behav_sub-01_run-06_trial-11.wav	6	1.3725	1.6125
sub-01	6	11	thurs	behav_sub-01_run-06_trial-11.wav	7	1.6125	1.8525
sub-01	6	11	thurs	behav_sub-01_run-06_trial-11.wav	8	1.8525	2.0525
sub-01	6	11	thurs	behav_sub-01_run-06_trial-11.wav	9	2.0525	2.2925
sub-01	6	11	thurs	behav_sub-01_run-06_trial-11.wav	10	2.2925	2.5325
sub-01	6	11	thurs	behav_sub-01_run-06_trial-11.wav	11	2.5325	2.7325
sub-01	6	11	thurs	behav_sub-01_run-06_trial-11.wav	12	2.7325	2.9725
sub-01	6	11	thurs	behav_sub-01_run-06_trial-11.wav	13	2.9725	3.1725
sub-01	6	11	thurs	behav_sub-01_run-06_trial-11.wav	14	3.1725	3.4125
sub-01	6	11	thurs	behav_sub-01_run-06_trial-11.wav	15	3.4125	3.6325
sub-01	6	11	thurs	behav_sub-01_run-06_trial-11.wav	16	3.6325	3.8725
sub-01	6	11	thurs	behav_sub-01_run-06_trial-11.wav	17	3.8725	4.1525
sub-01	6	11	thurs	behav_sub-01_run-06_trial-11.wav	18	4.1525	4.5000
sub-01	6	12	ter	behav_sub-01_run-06_trial-12.wav	1	0.4325	0.5525
sub-01	6	12	ter	behav_sub-01_run-06_trial-12.wav	2	0.5525	0.7325
sub-01	6	12	ter	behav_sub-01_run-06_trial-12.wav	3	0.7325	0.9125
sub-01	6	12	ter	behav_sub-01_run-06_trial-12.wav	4	0.9525	1.1325
sub-01	6	12	ter	behav_sub-01_run-06_trial-12.wav	5	1.1325	1.3325
sub-01	6	12	ter	behav_sub-01_run-06_trial-12.wav	6	1.3325	1.4925
sub-01	6	12	ter	behav_sub-01_run-06_trial-12.wav	7	1.4925	1.6925
sub-01	6	12	ter	behav_sub-01_run-06_trial-12.wav	8	1.6925	1.8925
sub-01	6	12	ter	behav_sub-01_run-06_trial-12.wav	9	1.8925	2.0725
sub-01	6	12	ter	behav_sub-01_run-06_trial-12.wav	10	2.1325	2.2925
sub-01	6	12	ter	behav_sub-01_run-06_trial-12.wav	11	2.2925	2.4925
sub-01	6	12	ter	behav_sub-01_run-06_trial-12.wav	12	2.4925	2.6925
sub-01	6	12	ter	behav_sub-01_run-06_trial-12.wav	13	2.6925	2.8925
sub-01	6	12	ter	behav_sub-01_run-06_trial-12.wav	14	2.8925	3.0925
sub-01	6	12	ter	behav_sub-01_run-06_trial-12.wav	15	3.0925	3.2925
sub-01	6	12	ter	behav_sub-01_run-06_trial-12.wav	16	3.2925	3.4925
sub-01	6	12	ter	behav_sub-01_run-06_trial-12.wav	17	3.4925	3.6925
sub-01	6	12	ter	behav_sub-01_run-06_trial-12.wav	18	3.6925	3.8725
sub-01	6	12	ter	behav_sub-01_run-06_trial-12.wav	19	3.9325	4.0725
sub-01	6	12	ter	behav_sub-01_run-06_trial-12.wav	20	4.1525	4.2925
sub-01	6	12	ter	behav_sub-01_run-06_trial-12.wav	21	4.2925	4.5000
sub-01	6	13	per	behav_sub-01_run-06_trial-13.wav	1	0.5325	0.6525
sub-01	6	13	per	behav_sub-01_run-06_trial-13.wav	2	0.6525	0.8125
sub-01	6	13	per	behav_sub-01_run-06_trial-13.wav	3	0.8525	0.9525
sub-01	6	13	per	behav_sub-01_run-06_trial-13.wav	4	1.0125	1.1525
sub-01	6	13	per	behav_sub-01_run-06_trial-13.wav	5	1.2125	1.3125
sub-01	6	13	per	behav_sub-01_run-06_trial-13.wav	6	1.3725	1.5125
sub-01	6	13	per	behav_sub-01_run-06_trial-13.wav	7	1.5725	1.6725
sub-01	6	13	per	behav_sub-01_run-06_trial-13.wav	8	1.7325	1.8725
sub-01	6	13	per	behav_sub-01_run-06_trial-13.wav	9	1.9525	2.0525
sub-01	6	13	per	behav_sub-01_run-06_trial-13.wav	10	2.1325	2.2525
sub-01	6	13	per	behav_sub-01_run-06_trial-13.wav	11	2.3125	2.4325
sub-01	6	13	per	behav_sub-01_run-06_trial-13.wav	12	2.5125	2.6125
sub-01	6	13	per	behav_sub-01_run-06_trial-13.wav	13	2.6925	2.7925
sub-01	6	13	per	behav_sub-01_run-06_trial-13.wav	14	2.8725	2.9925
sub-01	6	13	per	behav_sub-01_run-06_trial-13.wav	15	3.0725	3.1725
sub-01	6	13	per	behav_sub-01_run-06_trial-13.wav	16	3.2725	3.3725
sub-01	6	13	per	behav_sub-01_run-06_trial-13.wav	17	3.4525	3.5525
sub-01	6	13	per	behav_sub-01_run-06_trial-13.wav	18	3.6525	3.7525
sub-01	6	13	per	behav_sub-01_run-06_trial-13.wav	19	3.8325	3.9525
sub-01	6	13	per	behav_sub-01_run-06_trial-13.wav	20	4.0325	4.1325
sub-01	6	13	per	behav_sub-01_run-06_trial-13.wav	21	4.2525	4.4125
sub-01	6	14	mih	behav_sub-01_run-06_trial-14.wav	1	0.5725	0.7325
sub-01	6	14	mih	behav_sub-01_run-06_trial-14.wav	2	0.7325	0.8925
sub-01	6	14	mih	behav_sub-01_run-06_trial-14.wav	3	0.8925	1.0725
sub-01	6	14	mih	behav_sub-01_run-06_trial-14.wav	4	1.0725	1.2525
sub-01	6	14	mih	behav_sub-01_run-06_trial-14.wav	5	1.2525	1.4325
sub-01	6	14	mih	behav_sub-01_run-06_trial-14.wav	6	1.4325	1.6125
sub-01	6	14	mih	behav_sub-01_run-06_trial-14.wav	7	1.6125	1.7925
sub-01	6	14	mih	behav_sub-01_run-06_trial-14.wav	8	1.7925	1.9725
sub-01	6	14	mih	behav_sub-01_run-06_trial-14.wav	9	1.9725	2.1525
sub-01	6	14	mih	behav_sub-01_run-06_trial-14.wav	10	2.1525	2.3325
sub-01	6	14	mih	behav_sub-01_run-06_trial-14.wav	11	2.3325	2.5325
sub-01	6	14	mih	behav_sub-01_run-06_trial-14.wav	12	2.5325	2.7125
sub-01	6	14	mih	behav_sub-01_run-06_trial-14.wav	13	2.7125	2.9125
sub-01	6	14	mih	behav_sub-01_run-06_trial-14.wav	14	2.9125	3.0925
sub-01	6	14	mih	behav_sub-01_run-06_trial-14.wav	15	3.0925	3.2525
sub-01	6	14	mih	behav_sub-01_run-06_trial-14.wav	16	3.2525	3.4525
sub-01	6	14	mih	behav_sub-01_run-06_trial-14.wav	17	3.4525	3.6325
sub-01	6	14	mih	behav_sub-01_run-06_trial-14.wav	18	3.6325	3.8325
sub-01	6	14	mih	behav_sub-01_run-06_trial-14.wav	19	3.8325	4.0125
sub-01	6	14	mih	behav_sub-01_run-06_trial-14.wav	20	4.0125	4.2125
sub-01	6	14	mih	behav_sub-01_run-06_trial-14.wav	21	4.2125	4.3725
sub-01	6	14	mih	behav_sub-01_run-06_trial-14.wav	22	4.3725	4.5000
sub-01	6	15	pie	behav_sub-01_run-06_trial-15.wav	1	0.5325	0.6525
sub-01	6	15	pie	behav_sub-01_run-06_trial-15.wav	2	0.6925	0.8325
sub-01	6	15	pie	behav_sub-01_run-06_trial-15.wav	3	0.8925	1.0525
sub-01	6	15	pie	behav_sub-01_run-06_trial-15.wav	4	1.0925	1.2325
sub-01	6	15	pie	behav_sub-01_run-06_trial-15.wav	5	1.2925	1.4125
sub-01	6	15	pie	behav_sub-01_run-06_trial-15.wav	6	1.4725	1.6125
sub-01	6	15	pie	behav_sub-01_run-06_trial-15.wav	7	1.6725	1.8125
sub-01	6	15	pie	behav_sub-01_run-06_trial-15.wav	8	1.8725	2.0125
sub-01	6	15	pie	behav_sub-01_run-06_trial-15.wav	9	2.0725	2.2125
sub-01	6	15	pie	behav_sub-01_run-06_trial-15.wav	10	2.2725	2.4125
sub-01	6	15	pie	behav_sub-01_run-06_trial-15.wav	11	2.4725	2.6325
sub-01	6	15	pie	behav_sub-01_run-06_trial-15.wav	12	2.6925	2.8525
sub-01	6	15	pie	behav_sub-01_run-06_trial-15.wav	13	2.8925	3.0525
sub-01	6	15	pie	behav_sub-01_run-06_trial-15.wav	14	3.0925	3.2725
sub-01	6	15	pie	behav_sub-01_run-06_trial-15.wav	15	3.3125	3.4725
sub-01	6	15	pie	behav_sub-01_run-06_trial-15.wav	16	3.5325	3.6725
sub-01	6	15	pie	behav_sub-01_run-06_trial-15.wav	17	3.7325	3.8925
sub-01	6	15	pie	behav_sub-01_run-06_trial-15.wav	18	3.8925	4.0925
sub-01	6	15	pie	behav_sub-01_run-06_trial-15.wav	19	4.0925	4.2925
sub-01	6	15	pie	behav_sub-01_run-06_trial-15.wav	20	4.3525	4.5000
sub-01	6	16	day	behav_sub-01_run-06_trial-16.wav	1	0.3725	0.4925
sub-01	6	16	day	behav_sub-01_run-06_trial-16.wav	2	0.5325	0.6925
sub-01	6	16	day	behav_sub-01_run-06_trial-16.wav	3	0.6925	0.8525
sub-01	6	16	day	behav_sub-01_run-06_trial-16.wav	4	0.8525	1.0525
sub-01	6	16	day	behav_sub-01_run-06_trial-16.wav	5	1.0525	1.2525
sub-01	6	16	day	behav_sub-01_run-06_trial-16.wav	6	1.2525	1.4125
sub-01	6	16	day	behav_sub-01_run-06_trial-16.wav	7	1.4525	1.6125
sub-01	6	16	day	behav_sub-01_run-06_trial-16.wav	8	1.6125	1.8125
sub-01	6	16	day	behav_sub-01_run-06_trial-16.wav	9	1.8125	1.9725
sub-01	6	16	day	behav_sub-01_run-06_trial-16.wav	10	2.0125	2.1725
sub-01	6	16	day	behav_sub-01_run-06_trial-16.wav	11	2.1725	2.3725
sub-01	6	16	day	behav_sub-01_run-06_trial-16.wav	12	2.3725	2.5525
sub-01	6	16	day	behav_sub-01_run-06_trial-16.wav	13	2.6325	2.7725
sub-01	6	16	day	behav_sub-01_run-06_trial-16.wav	14	2.8125	2.9525
sub-01	6	16	day	behav_sub-01_run-06_trial-16.wav	15	3.0125	3.1725
sub-01	6	16	day	behav_sub-01_run-06_trial-16.wav	16	3.1725	3.3525
sub-01	6	16	day	behav_sub-01_run-06_trial-16.wav	17	3.4125	3.5525
sub-01	6	16	day	behav_sub-01_run-06_trial-16.wav	18	3.6125	3.7725
sub-01	6	16	day	behav_sub-01_run-06_trial-16.wav	19	3.8125	3.9725
sub-01	6	16	day	behav_sub-01_run-06_trial-16.wav	20	4.0325	4.5000
sub-01	6	17	mih	behav_sub-01_run-06_trial-17.wav	1	0.4325	0.6125
sub-01	6	17	mih	behav_sub-01_run-06_trial-17.wav	2	0.6125	0.7725
sub-01	6	17	mih	behav_sub-01_run-06_trial-17.wav	3	0.7725	0.9325
sub-01	6	17	mih	behav_sub-01_run-06_trial-17.wav	4	0.9325	1.0925
sub-01	6	17	mih	behav_sub-01_run-06_trial-17.wav	5	1.0925	1.2525
sub-01	6	17	mih	behav_sub-01_run-06_trial-17.wav	6	1.2525	1.4125
sub-01	6	17	mih	behav_sub-01_run-06_trial-17.wav	7	1.4125	1.5725
sub-01	6	17	mih	behav_sub-01_run-06_trial-17.wav	8	1.5725	1.7325
sub-01	6	17	mih	behav_sub-01_run-06_trial-17.wav	9	1.7325	1.8925
sub-01	6	17	mih	behav_sub-01_run-06_trial-17.wav	10	1.8925	2.0525
sub-01	6	17	mih	behav_sub-01_run-06_trial-17.wav	11	2.0525	2.2125
sub-01	6	17	mih	behav_sub-01_run-06_trial-17.wav	12	2.2125	2.3925
sub-01	6	17	mih	behav_sub-01_run-06_trial-17.wav	13	2.3925	2.5525
sub-01	6	17	mih	behav_sub-01_run-06_trial-17.wav	14	2.5525	2.7125
sub-01	6	17	mih	behav_sub-01_run-06_trial-17.wav	15	2.7125	2.8925
sub-01	6	17	mih	behav_sub-01_run-06_trial-17.wav	16	2.8925	3.0525
sub-01	6	17	mih	behav_sub-01_run-06_trial-17.wav	17	3.0525	3.2125
sub-01	6	17	mih	behav_sub-01_run-06_trial-17.wav	18	3.2125	3.3925
sub-01	6	17	mih	behav_sub-01_run-06_trial-17.wav	19	3.3925	3.5525
sub-01	6	17	mih	behav_sub-01_run-06_trial-17.wav	20	3.5525	3.7125
sub-01	6	17	mih	behav_sub-01_run-06_trial-17.wav	21	3.7125	3.8925
sub-01	6	17	mih	behav_sub-01_run-06_trial-17.wav	22	3.8925	4.0525
sub-01	6	17	mih	behav_sub-01_run-06_trial-17.wav	23	4.0525	4.2325
sub-01	6	17	mih	behav_sub-01_run-06_trial-17.wav	24	4.2325	4.4125
sub-01	6	17	mih	behav_sub-01_run-06_trial-17.wav	25	4.4125	4.5000
sub-01	6	18	thought	behav_sub-01_run-06_trial-18.wav	1	0.5325	0.6525
sub-01	6	18	thought	behav_sub-01_run-06_trial-18.wav	2	0.7125	0.8325
sub-01	6	18	thought	behav_sub-01_run-06_trial-18.wav	3	0.8725	1.0125
sub-01	6	18	thought	behav_sub-01_run-06_trial-18.wav	4	1.0525	1.2125
sub-01	6	18	thought	behav_sub-01_run-06_trial-18.wav	5	1.2125	1.3725
sub-01	6	18	thought	behav_sub-01_run-06_trial-18.wav	6	1.4325	1.5725
sub-01	6	18	thought	behav_sub-01_run-06_trial-18.wav	7	1.6325	1.7725
sub-01	6	18	thought	behav_sub-01_run-06_trial-18.wav	8	1.8325	1.9525
sub-01	6	18	thought	behav_sub-01_run-06_trial-18.wav	9	2.0125	2.1525
sub-01	6	18	thought	behav_sub-01_run-06_trial-18.wav	10	2.2125	2.3325
sub-01	6	18	thought	behav_sub-01_run-06_trial-18.wav	11	2.3925	2.5525
sub-01	6	18	thought	behav_sub-01_run-06_trial-18.wav	12	2.6125	2.7325
sub-01	6	18	thought	behav_sub-01_run-06_trial-18.wav	13	2.7925	2.9125
sub-01	6	18	thought	behav_sub-01_run-06_trial-18.wav	14	2.9925	3.1125
sub-01	6	18	thought	behav_sub-01_run-06_trial-18.wav	15	3.1925	3.3125
sub-01	6	18	thought	behav_sub-01_run-06_trial-18.wav	16	3.3725	3.5125
sub-01	6	18	thought	behav_sub-01_run-06_trial-18.wav	17	3.5725	3.6925
sub-01	6	18	thought	behav_sub-01_run-06_trial-18.wav	18	3.7725	3.8925
sub-01	6	18	thought	behav_sub-01_run-06_trial-18.wav	19	3.9725	4.1125
sub-01	6	18	thought	behav_sub-01_run-06_trial-18.wav	20	4.1725	4.3125
sub-01	6	18	thought	behav_sub-01_run-06_trial-18.wav	21	4.3725	4.4725
sub-01	6	19	naw	behav_sub-01_run-06_trial-19.wav	1	0.2325	0.3925
sub-01	6	19	naw	behav_sub-01_run-06_trial-19.wav	2	0.3925	0.5525
sub-01	6	19	naw	behav_sub-01_run-06_trial-19.wav	3	0.5525	0.7325
sub-01	6	19	naw	behav_sub-01_run-06_trial-19.wav	4	0.7325	0.9125
sub-01	6	19	naw	behav_sub-01_run-06_trial-19.wav	5	0.9125	1.0925
sub-01	6	19	naw	behav_sub-01_run-06_trial-19.wav	6	1.0925	1.2725
sub-01	6	19	naw	behav_sub-01_run-06_trial-19.wav	7	1.2725	1.4525
sub-01	6	19	naw	behav_sub-01_run-06_trial-19.wav	8	1.4525	1.6525
sub-01	6	19	naw	behav_sub-01_run-06_trial-19.wav	9	1.6525	1.8525
sub-01	6	19	naw	behav_sub-01_run-06_trial-19.wav	10	1.8525	2.0525
sub-01	6	19	naw	behav_sub-01_run-06_trial-19.wav	11	2.0525	2.2525
sub-01	6	19	naw	behav_sub-01_run-06_trial-19.wav	12	2.2525	2.4725
sub-01	6	19	naw	behav_sub-01_run-06_trial-19.wav	13	2.4725	2.6725
sub-01	6	19	naw	behav_sub-01_run-06_trial-19.wav	14	2.6725	2.8725
sub-01	6	19	naw	behav_sub-01_run-06_trial-19.wav	15	2.8725	3.0925
sub-01	6	19	naw	behav_sub-01_run-06_trial-19.wav	16	3.0925	3.2925
sub-01	6	19	naw	behav_sub-01_run-06_trial-19.wav	17	3.2925	3.5125
sub-01	6	19	naw	behav_sub-01_run-06_trial-19.wav	18	3.5125	3.7125
sub-01	6	19	naw	behav_sub-01_run-06_trial-19.wav	19	3.7125	3.9325
sub-01	6	19	naw	behav_sub-01_run-06_trial-19.wav	20	3.9325	4.1525
sub-01	6	19	naw	behav_sub-01_run-06_trial-19.wav	21	4.1525	4.3525
sub-01	6	20	pie	behav_sub-01_run-06_trial-20.wav	1	0.2925	0.4125
sub-01	6	20	pie	behav_sub-01_run-06_trial-20.wav	2	0.4725	0.5925
sub-01	6	20	pie	behav_sub-01_run-06_trial-20.wav	3	0.6525	0.8125
sub-01	6	20	pie	behav_sub-01_run-06_trial-20.wav	4	0.8125	1.0125
sub-01	6	20	pie	behav_sub-01_run-06_trial-20.wav	5	1.0125	1.1925
sub-01	6	20	pie	behav_sub-01_run-06_trial-20.wav	6	1.2325	1.4125
sub-01	6	20	pie	behav_sub-01_run-06_trial-20.wav	7	1.4125	1.6125
sub-01	6	20	pie	behav_sub-01_run-06_trial-20.wav	8	1.6525	1.8125
sub-01	6	20	pie	behav_sub-01_run-06_trial-20.wav	9	1.8725	2.0525
sub-01	6	20	pie	behav_sub-01_run-06_trial-20.wav	10	2.0525	2.2525
sub-01	6	20	pie	behav_sub-01_run-06_trial-20.wav	11	2.2925	2.4525
sub-01	6	20	pie	behav_sub-01_run-06_trial-20.wav	12	2.5125	2.6525
sub-01	6	20	pie	behav_sub-01_run-06_trial-20.wav	13	2.7125	2.8925
sub-01	6	20	pie	behav_sub-01_run-06_trial-20.wav	14	2.8925	3.0725
sub-01	6	20	pie	behav_sub-01_run-06_trial-20.wav	15	3.1325	3.2925
sub-01	6	20	pie	behav_sub-01_run-06_trial-20.wav	16	3.3525	3.4925
sub-01	6	20	pie	behav_sub-01_run-06_trial-20.wav	17	3.5525	3.7325
sub-01	6	20	pie	behav_sub-01_run-06_trial-20.wav	18	3.7925	4.0125
sub-01	6	21	thurs	behav_sub-01_run-06_trial-21.wav	1	0.4325	0.5725
sub-01	6	21	thurs	behav_sub-01_run-06_trial-21.wav	2	0.5725	0.7925
sub-01	6	21	thurs	behav_sub-01_run-06_trial-21.wav	3	0.7925	1.0125
sub-01	6	21	thurs	behav_sub-01_run-06_trial-21.wav	4	1.0125	1.2325
sub-01	6	21	thurs	behav_sub-01_run-06_trial-21.wav	5	1.2325	1.4525
sub-01	6	21	thurs	behav_sub-01_run-06_trial-21.wav	6	1.4525	1.6725
sub-01	6	21	thurs	behav_sub-01_run-06_trial-21.wav	7	1.6725	1.8925
sub-01	6	21	thurs	behav_sub-01_run-06_trial-21.wav	8	1.8925	2.0925
sub-01	6	21	thurs	behav_sub-01_run-06_trial-21.wav	9	2.0925	2.3325
sub-01	6	21	thurs	behav_sub-01_run-06_trial-21.wav	10	2.3325	2.5725
sub-01	6	21	thurs	behav_sub-01_run-06_trial-21.wav	11	2.5725	2.8125
sub-01	6	21	thurs	behav_sub-01_run-06_trial-21.wav	12	2.8125	3.0325
sub-01	6	21	thurs	behav_sub-01_run-06_trial-21.wav	13	3.0325	3.2725
sub-01	6	21	thurs	behav_sub-01_run-06_trial-21.wav	14	3.2725	3.5125
sub-01	6	21	thurs	behav_sub-01_run-06_trial-21.wav	15	3.5125	3.7325
sub-01	6	21	thurs	behav_sub-01_run-06_trial-21.wav	16	3.7325	3.9725
sub-01	6	21	thurs	behav_sub-01_run-06_trial-21.wav	17	3.9725	4.2325
sub-01	6	21	thurs	behav_sub-01_run-06_trial-21.wav	18	4.2325	4.5000
sub-01	6	22	ter	behav_sub-01_run-06_trial-22.wav	1	0.3125	0.4125
sub-01	6	22	ter	behav_sub-01_run-06_trial-22.wav	2	0.4125	0.6125
sub-01	6	22	ter	behav_sub-01_run-06_trial-22.wav	3	0.6125	0.7925
sub-01	6	22	ter	behav_sub-01_run-06_trial-22.wav	4	0.8525	1.0125
sub-01	6	22	ter	behav_sub-01_run-06_trial-22.wav	5	1.0125	1.2125
sub-01	6	22	ter	behav_sub-01_run-06_trial-22.wav	6	1.2125	1.4125
sub-01	6	22	ter	behav_sub-01_run-06_trial-22.wav	7	1.4125	1.6125
sub-01	6	22	ter	behav_sub-01_run-06_trial-22.wav	8	1.6125	1.8125
sub-01	6	22	ter	behav_sub-01_run-06_trial-22.wav	9	1.8725	2.0325
sub-01	6	22	ter	behav_sub-01_run-06_trial-22.wav	10	2.0925	2.2725
sub-01	6	22	ter	behav_sub-01_run-06_trial-22.wav	11	2.3125	2.4925
sub-01	6	22	ter	behav_sub-01_run-06_trial-22.wav	12	2.4925	2.6925
sub-01	6	22	ter	behav_sub-01_run-06_trial-22.wav	13	2.6925	2.8925
sub-01	6	22	ter	behav_sub-01_run-06_trial-22.wav	14	2.9525	3.0725
sub-01	6	22	ter	behav_sub-01_run-06_trial-22.wav	15	3.1325	3.2925
sub-01	6	22	ter	behav_sub-01_run-06_trial-22.wav	16	3.3525	3.4925
sub-01	6	22	ter	behav_sub-01_run-06_trial-22.wav	17	3.4925	3.7325
sub-01	6	22	ter	behav_sub-01_run-06_trial-22.wav	18	3.7325	3.9325
sub-01	6	22	ter	behav_sub-01_run-06_trial-22.wav	19	3.9325	4.1325
sub-01	6	22	ter	behav_sub-01_run-06_trial-22.wav	20	4.1725	4.3725
sub-01	6	23	ser	behav_sub-01_run-06_trial-23.wav	1	0.3325	0.5525
sub-01	6	23	ser	behav_sub-01_run-06_trial-23.wav	2	0.5525	0.7725
sub-01	6	23	ser	behav_sub-01_run-06_trial-23.wav	3	0.7725	1.0125
sub-01	6	23	ser	behav_sub-01_run-06_trial-23.wav	4	1.0125	1.2125
sub-01	6	23	ser	behav_sub-01_run-06_trial-23.wav	5	1.2125	1.3125
sub-01	6	23	ser	behav_sub-01_run-06_trial-23.wav	6	1.3125	1.4525
sub-01	6	23	ser	behav_sub-01_run-06_trial-23.wav	7	1.4525	1.5525
sub-01	6	23	ser	behav_sub-01_run-06_trial-23.wav	8	1.5525	1.6725
sub-01	6	23	ser	behav_sub-01_run-06_trial-23.wav	9	1.6725	1.9125
sub-01	6	23	ser	behav_sub-01_run-06_trial-23.wav	10	1.9125	2.1325
sub-01	6	23	ser	behav_sub-01_run-06_trial-23.wav	11	2.1325	2.3725
sub-01	6	23	ser	behav_sub-01_run-06_trial-23.wav	12	2.3725	2.4725
sub-01	6	23	ser	behav_sub-01_run-06_trial-23.wav	13	2.4725	2.6325
sub-01	6	23	ser	behav_sub-01_run-06_trial-23.wav	14	2.6325	2.7725
sub-01	6	23	ser	behav_sub-01_run-06_trial-23.wav	15	2.7725	2.8725
sub-01	6	23	ser	behav_sub-01_run-06_trial-23.wav	16	2.8725	3.1125
sub-01	6	23	ser	behav_sub-01_run-06_trial-23.wav	17	3.1125	3.2525
sub-01	6	23	ser	behav_sub-01_run-06_trial-23.wav	18	3.2525	3.3925
sub-01	6	23	ser	behav_sub-01_run-06_trial-23.wav	19	3.3925	3.5325
sub-01	6	23	ser	behav_sub-01_run-06_trial-23.wav	20	3.5325	3.6525
sub-01	6	23	ser	behav_sub-01_run-06_trial-23.wav	21	3.6525	3.8925
sub-01	6	23	ser	behav_sub-01_run-06_trial-23.wav	22	3.8925	4.1725
sub-01	6	24	per	behav_sub-01_run-06_trial-24.wav	1	0.3525	0.4925
sub-01	6	24	per	behav_sub-01_run-06_trial-24.wav	2	0.5525	0.7125
sub-01	6	24	per	behav_sub-01_run-06_trial-24.wav	3	0.7525	0.8925
sub-01	6	24	per	behav_sub-01_run-06_trial-24.wav	4	0.9525	1.1125
sub-01	6	24	per	behav_sub-01_run-06_trial-24.wav	5	1.1925	1.3325
sub-01	6	24	per	behav_sub-01_run-06_trial-24.wav	6	1.3925	1.5325
sub-01	6	24	per	behav_sub-01_run-06_trial-24.wav	7	1.5925	1.7125
sub-01	6	24	per	behav_sub-01_run-06_trial-24.wav	8	1.8125	1.9525
sub-01	6	24	per	behav_sub-01_run-06_trial-24.wav	9	2.0125	2.1525
sub-01	6	24	per	behav_sub-01_run-06_trial-24.wav	10	2.2125	2.3325
sub-01	6	24	per	behav_sub-01_run-06_trial-24.wav	11	2.4325	2.5525
sub-01	6	24	per	behav_sub-01_run-06_trial-24.wav	12	2.6325	2.7525
sub-01	6	24	per	behav_sub-01_run-06_trial-24.wav	13	2.8325	2.9525
sub-01	6	24	per	behav_sub-01_run-06_trial-24.wav	14	3.0325	3.1725
sub-01	6	24	per	behav_sub-01_run-06_trial-24.wav	15	3.2525	3.3925
sub-01	6	24	per	behav_sub-01_run-06_trial-24.wav	16	3.4725	3.6125
sub-01	6	24	per	behav_sub-01_run-06_trial-24.wav	17	3.6925	3.8325
sub-01	6	24	per	behav_sub-01_run-06_trial-24.wav	18	3.9325	4.0725
sub-01	6	24	per	behav_sub-01_run-06_trial-24.wav	19	4.1525	4.2925
sub-01	6	24	per	behav_sub-01_run-06_trial-24.wav	20	4.3525	4.5000
sub-01	6	25	mih	behav_sub-01_run-06_trial-25.wav	1	0.3325	0.4925
sub-01	6	25	mih	behav_sub-01_run-06_trial-25.wav	2	0.4925	0.6725
sub-01	6	25	mih	behav_sub-01_run-06_trial-25.wav	3	0.6725	0.8525
sub-01	6	25	mih	behav_sub-01_run-06_trial-25.wav	4	0.8525	1.0325
sub-01	6	25	mih	behav_sub-01_run-06_trial-25.wav	5	1.0325	1.2125
sub-01	6	25	mih	behav_sub-01_run-06_trial-25.wav	6	1.2125	1.3925
sub-01	6	25	mih	behav_sub-01_run-06_trial-25.wav	7	1.3925	1.5725
sub-01	6	25	mih	behav_sub-01_run-06_trial-25.wav	8	1.5725	1.7525
sub-01	6	25	mih	behav_sub-01_run-06_trial-25.wav	9	1.7525	1.9325
sub-01	6	25	mih	behav_sub-01_run-06_trial-25.wav	10	1.9325	2.1325
sub-01	6	25	mih	behav_sub-01_run-06_trial-25.wav	11	2.1325	2.3325
sub-01	6	25	mih	behav_sub-01_run-06_trial-25.wav	12	2.3325	2.4925
sub-01	6	25	mih	behav_sub-01_run-06_trial-25.wav	13	2.4925	2.6925
sub-01	6	25	mih	behav_sub-01_run-06_trial-25.wav	14	2.6925	2.8525
sub-01	6	25	mih	behav_sub-01_run-06_trial-25.wav	15	2.8525	3.0525
sub-01	6	25	mih	behav_sub-01_run-06_trial-25.wav	16	3.0525	3.2525
sub-01	6	25	mih	behav_sub-01_run-06_trial-25.wav	17	3.2525	3.4325
sub-01	6	25	mih	behav_sub-01_run-06_trial-25.wav	18	3.4325	3.6125
sub-01	6	25	mih	behav_sub-01_run-06_trial-25.wav	19	3.6125	3.8125
sub-01	6	25	mih	behav_sub-01_run-06_trial-25.wav	20	3.8125	4.0125
sub-01	6	25	mih	behav_sub-01_run-06_trial-25.wav	21	4.0125	4.1925
sub-01	6	25	mih	behav_sub-01_run-06_trial-25.wav	22	4.1925	4.4125
sub-01	6	26	day	behav_sub-01_run-06_trial-26.wav	1	0.3725	0.5125
sub-01	6	26	day	behav_sub-01_run-06_trial-26.wav	2	0.5725	0.7325
sub-01	6	26	day	behav_sub-01_run-06_trial-26.wav	3	0.7325	0.9125
sub-01	6	26	day	behav_sub-01_run-06_trial-26.wav	4	0.9725	1.1325
sub-01	6	26	day	behav_sub-01_run-06_trial-26.wav	5	1.1325	1.3325
sub-01	6	26	day	behav_sub-01_run-06_trial-26.wav	6	1.3325	1.5325
sub-01	6	26	day	behav_sub-01_run-06_trial-26.wav	7	1.5325	1.7325
sub-01	6	26	day	behav_sub-01_run-06_trial-26.wav	8	1.7925	1.9725
sub-01	6	26	day	behav_sub-01_run-06_trial-26.wav	9	1.9725	2.1525
sub-01	6	26	day	behav_sub-01_run-06_trial-26.wav	10	2.1925	2.3725
sub-01	6	26	day	behav_sub-01_run-06_trial-26.wav	11	2.3725	2.5725
sub-01	6	26	day	behav_sub-01_run-06_trial-26.wav	12	2.5725	2.7725
sub-01	6	26	day	behav_sub-01_run-06_trial-26.wav	13	2.7725	2.9725
sub-01	6	26	day	behav_sub-01_run-06_trial-26.wav	14	2.9725	3.1325
sub-01	6	26	day	behav_sub-01_run-06_trial-26.wav	15	3.1325	3.3325
sub-01	6	26	day	behav_sub-01_run-06_trial-26.wav	16	3.4125	3.5525
sub-01	6	26	day	behav_sub-01_run-06_trial-26.wav	17	3.6125	3.7525
sub-01	6	26	day	behav_sub-01_run-06_trial-26.wav	18	3.8125	3.9725
sub-01	6	26	day	behav_sub-01_run-06_trial-26.wav	19	4.0325	4.1925
sub-01	6	26	day	behav_sub-01_run-06_trial-26.wav	20	4.2525	4.3925
sub-01	6	27	ter	behav_sub-01_run-06_trial-27.wav	1	0.4125	0.5725
sub-01	6	27	ter	behav_sub-01_run-06_trial-27.wav	2	0.5725	0.8125
sub-01	6	27	ter	behav_sub-01_run-06_trial-27.wav	3	0.8125	1.0125
sub-01	6	27	ter	behav_sub-01_run-06_trial-27.wav	4	1.0725	1.2525
sub-01	6	27	ter	behav_sub-01_run-06_trial-27.wav	5	1.2525	1.4925
sub-01	6	27	ter	behav_sub-01_run-06_trial-27.wav	6	1.4925	1.6925
sub-01	6	27	ter	behav_sub-01_run-06_trial-27.wav	7	1.6925	1.9325
sub-01	6	27	ter	behav_sub-01_run-06_trial-27.wav	8	1.9325	2.1725
sub-01	6	27	ter	behav_sub-01_run-06_trial-27.wav	9	2.1725	2.4125
sub-01	6	27	ter	behav_sub-01_run-06_trial-27.wav	10	2.4125	2.6125
sub-01	6	27	ter	behav_sub-01_run-06_trial-27.wav	11	2.6125	2.8125
sub-01	6	27	ter	behav_sub-01_run-06_trial-27.wav	12	2.8125	3.0525
sub-01	6	27	ter	behav_sub-01_run-06_trial-27.wav	13	3.0525	3.2525
sub-01	6	27	ter	behav_sub-01_run-06_trial-27.wav	14	3.2525	3.4925
sub-01	6	27	ter	behav_sub-01_run-06_trial-27.wav	15	3.4925	3.6925
sub-01	6	27	ter	behav_sub-01_run-06_trial-27.wav	16	3.6925	3.8925
sub-01	6	27	ter	behav_sub-01_run-06_trial-27.wav	17	3.8925	4.1325
sub-01	6	27	ter	behav_sub-01_run-06_trial-27.wav	18	4.1325	4.3325
sub-01	6	28	pie	behav_sub-01_run-06_trial-28.wav	1	0.3325	0.4925
sub-01	6	28	pie	behav_sub-01_run-06_trial-28.wav	2	0.4925	0.6725
sub-01	6	28	pie	behav_sub-01_run-06_trial-28.wav	3	0.7125	0.8925
sub-01	6	28	pie	behav_sub-01_run-06_trial-28.wav	4	0.8925	1.1125
sub-01	6	28	pie	behav_sub-01_run-06_trial-28.wav	5	1.1525	1.3325
sub-01	6	28	pie	behav_sub-01_run-06_trial-28.wav	6	1.3725	1.5125
sub-01	6	28	pie	behav_sub-01_run-06_trial-28.wav	7	1.5725	1.7525
sub-01	6	28	pie	behav_sub-01_run-06_trial-28.wav	8	1.8125	1.9725
sub-01	6	28	pie	behav_sub-01_run-06_trial-28.wav	9	1.9725	2.2125
sub-01	6	28	pie	behav_sub-01_run-06_trial-28.wav	10	2.2525	2.4125
sub-01	6	28	pie	behav_sub-01_run-06_trial-28.wav	11	2.4725	2.6525
sub-01	6	28	pie	behav_sub-01_run-06_trial-28.wav	12	2.6525	2.8725
sub-01	6	28	pie	behav_sub-01_run-06_trial-28.wav	13	2.9325	3.0925
sub-01	6	28	pie	behav_sub-01_run-06_trial-28.wav	14	3.1525	3.3325
sub-01	6	28	pie	behav_sub-01_run-06_trial-28.wav	15	3.3325	3.5325
sub-01	6	28	pie	behav_sub-01_run-06_trial-28.wav	16	3.5925	3.7525
sub-01	6	28	pie	behav_sub-01_run-06_trial-28.wav	17	3.8125	4.0125
sub-01	6	28	pie	behav_sub-01_run-06_trial-28.wav	18	4.0125	4.2325
sub-01	6	29	naw	behav_sub-01_run-06_trial-29.wav	1	0.3925	0.5325
sub-01	6	29	naw	behav_sub-01_run-06_trial-29.wav	2	0.5325	0.7125
sub-01	6	29	naw	behav_sub-01_run-06_trial-29.wav	3	0.7125	0.8925
sub-01	6	29	naw	behav_sub-01_run-06_trial-29.wav	4	0.8925	1.0525
sub-01	6	29	naw	behav_sub-01_run-06_trial-29.wav	5	1.0525	1.2525
sub-01	6	29	naw	behav_sub-01_run-06_trial-29.wav	6	1.2525	1.4325
sub-01	6	29	naw	behav_sub-01_run-06_trial-29.wav	7	1.4325	1.6125
sub-01	6	29	naw	behav_sub-01_run-06_trial-29.wav	8	1.6125	1.7925
sub-01	6	29	naw	behav_sub-01_run-06_trial-29.wav	9	1.7925	1.9725
sub-01	6	29	naw	behav_sub-01_run-06_trial-29.wav	10	1.9725	2.1725
sub-01	6	29	naw	behav_sub-01_run-06_trial-29.wav	11	2.1725	2.3525
sub-01	6	29	naw	behav_sub-01_run-06_trial-29.wav	12	2.3525	2.5325
sub-01	6	29	naw	behav_sub-01_run-06_trial-29.wav	13	2.5325	2.7325
sub-01	6	29	naw	behav_sub-01_run-06_trial-29.wav	14	2.7325	2.9125
sub-01	6	29	naw	behav_sub-01_run-06_trial-29.wav	15	2.9125	3.1125
sub-01	6	29	naw	behav_sub-01_run-06_trial-29.wav	16	3.1125	3.3125
sub-01	6	29	naw	behav_sub-01_run-06_trial-29.wav	17	3.3125	3.4925
sub-01	6	29	naw	behav_sub-01_run-06_trial-29.wav	18	3.4925	3.6925
sub-01	6	29	naw	behav_sub-01_run-06_trial-29.wav	19	3.6925	3.8925
sub-01	6	29	naw	behav_sub-01_run-06_trial-29.wav	20	3.8925	4.1125
sub-01	6	29	naw	behav_sub-01_run-06_trial-29.wav	21	4.1125	4.3125
sub-01	6	30	ser	behav_sub-01_run-06_trial-30.wav	1	0.3525	0.5325
sub-01	6	30	ser	behav_sub-01_run-06_trial-30.wav	2	0.5325	0.7525
sub-01	6	30	ser	behav_sub-01_run-06_trial-30.wav	3	0.7525	0.9725
sub-01	6	30	ser	behav_sub-01_run-06_trial-30.wav	4	0.9725	1.0925
sub-01	6	30	ser	behav_sub-01_run-06_trial-30.wav	5	1.0925	1.2325
sub-01	6	30	ser	behav_sub-01_run-06_trial-30.wav	6	1.2325	1.4925
sub-01	6	30	ser	behav_sub-01_run-06_trial-30.wav	7	1.4925	1.7525
sub-01	6	30	ser	behav_sub-01_run-06_trial-30.wav	8	1.7525	2.0125
sub-01	6	30	ser	behav_sub-01_run-06_trial-30.wav	9	2.0125	2.2925
sub-01	6	30	ser	behav_sub-01_run-06_trial-30.wav	10	2.2925	2.5325
sub-01	6	30	ser	behav_sub-01_run-06_trial-30.wav	11	2.5325	2.7925
sub-01	6	30	ser	behav_sub-01_run-06_trial-30.wav	12	2.7925	2.9325
sub-01	6	30	ser	behav_sub-01_run-06_trial-30.wav	13	2.9325	3.0525
sub-01	6	30	ser	behav_sub-01_run-06_trial-30.wav	14	3.0525	3.2925
sub-01	6	30	ser	behav_sub-01_run-06_trial-30.wav	15	3.2925	3.5325
sub-01	6	30	ser	behav_sub-01_run-06_trial-30.wav	16	3.5325	3.7525
sub-01	6	30	ser	behav_sub-01_run-06_trial-30.wav	17	3.7525	3.9925
sub-01	6	30	ser	behav_sub-01_run-06_trial-30.wav	18	3.9925	4.2325
sub-01	6	30	ser	behav_sub-01_run-06_trial-30.wav	19	4.2325	4.5000
sub-01	6	31	per	behav_sub-01_run-06_trial-31.wav	1	0.1925	0.2725
sub-01	6	31	per	behav_sub-01_run-06_trial-31.wav	2	0.3525	0.4925
sub-01	6	31	per	behav_sub-01_run-06_trial-31.wav	3	0.5525	0.6525
sub-01	6	31	per	behav_sub-01_run-06_trial-31.wav	4	0.7125	0.8325
sub-01	6	31	per	behav_sub-01_run-06_trial-31.wav	5	0.8925	0.9925
sub-01	6	31	per	behav_sub-01_run-06_trial-31.wav	6	1.0725	1.1925
sub-01	6	31	per	behav_sub-01_run-06_trial-31.wav	7	1.2725	1.3725
sub-01	6	31	per	behav_sub-01_run-06_trial-31.wav	8	1.4325	1.5725
sub-01	6	31	per	behav_sub-01_run-06_trial-31.wav	9	1.6525	1.7325
sub-01	6	31	per	behav_sub-01_run-06_trial-31.wav	10	1.8325	1.9325
sub-01	6	31	per	behav_sub-01_run-06_trial-31.wav	11	2.0125	2.1325
sub-01	6	31	per	behav_sub-01_run-06_trial-31.wav	12	2.2125	2.3325
sub-01	6	31	per	behav_sub-01_run-06_trial-31.wav	13	2.4125	2.5325
sub-01	6	31	per	behav_sub-01_run-06_trial-31.wav	14	2.6125	2.7125
sub-01	6	31	per	behav_sub-01_run-06_trial-31.wav	15	2.8125	2.9325
sub-01	6	31	per	behav_sub-01_run-06_trial-31.wav	16	3.0325	3.1325
sub-01	6	31	per	behav_sub-01_run-06_trial-31.wav	17	3.1925	3.3125
sub-01	6	31	per	behav_sub-01_run-06_trial-31.wav	18	3.4125	3.6125
sub-01	6	32	thought	behav_sub-01_run-06_trial-32.wav	1	0.5525	0.6925
sub-01	6	32	thought	behav_sub-01_run-06_trial-32.wav	2	0.7525	0.8725
sub-01	6	32	thought	behav_sub-01_run-06_trial-32.wav	3	0.9325	1.0725
sub-01	6	32	thought	behav_sub-01_run-06_trial-32.wav	4	1.1325	1.2725
sub-01	6	32	thought	behav_sub-01_run-06_trial-32.wav	5	1.3325	1.4725
sub-01	6	32	thought	behav_sub-01_run-06_trial-32.wav	6	1.5125	1.6725
sub-01	6	32	thought	behav_sub-01_run-06_trial-32.wav	7	1.7325	1.8725
sub-01	6	32	thought	behav_sub-01_run-06_trial-32.wav	8	1.9325	2.0725
sub-01	6	32	thought	behav_sub-01_run-06_trial-32.wav	9	2.1325	2.2525
sub-01	6	32	thought	behav_sub-01_run-06_trial-32.wav	10	2.3525	2.4725
sub-01	6	32	thought	behav_sub-01_run-06_trial-32.wav	11	2.5525	2.6725
sub-01	6	32	thought	behav_sub-01_run-06_trial-32.wav	12	2.7525	2.8725
sub-01	6	32	thought	behav_sub-01_run-06_trial-32.wav	13	2.9325	3.0725
sub-01	6	32	thought	behav_sub-01_run-06_trial-32.wav	14	3.1325	3.2925
sub-01	6	32	thought	behav_sub-01_run-06_trial-32.wav	15	3.3525	3.4925
sub-01	6	32	thought	behav_sub-01_run-06_trial-32.wav	16	3.5525	3.7125
sub-01	6	32	thought	behav_sub-01_run-06_trial-32.wav	17	3.7525	3.8925
sub-01	6	32	thought	behav_sub-01_run-06_trial-32.wav	18	3.9725	4.0925
sub-01	6	32	thought	behav_sub-01_run-06_trial-32.wav	19	4.1725	4.2925
sub-01	6	32	thought	behav_sub-01_run-06_trial-32.wav	20	4.3725	4.5000
sub-01	6	33	mih	behav_sub-01_run-06_trial-33.wav	1	0.8725	1.0725
sub-01	6	33	mih	behav_sub-01_run-06_trial-33.wav	2	1.0725	1.2125
sub-01	6	33	mih	behav_sub-01_run-06_trial-33.wav	3	1.2125	1.3725
sub-01	6	33	mih	behav_sub-01_run-06_trial-33.wav	4	1.3725	1.5325
sub-01	6	33	mih	behav_sub-01_run-06_trial-33.wav	5	1.5325	1.6925
sub-01	6	33	mih	behav_sub-01_run-06_trial-33.wav	6	1.6925	1.8525
sub-01	6	33	mih	behav_sub-01_run-06_trial-33.wav	7	1.8525	2.0125
sub-01	6	33	mih	behav_sub-01_run-06_trial-33.wav	8	2.0125	2.1725
sub-01	6	33	mih	behav_sub-01_run-06_trial-33.wav	9	2.1725	2.3525
sub-01	6	33	mih	behav_sub-01_run-06_trial-33.wav	10	2.3525	2.4925
sub-01	6	33	mih	behav_sub-01_run-06_trial-33.wav	11	2.4925	2.6525
sub-01	6	33	mih	behav_sub-01_run-06_trial-33.wav	12	2.6525	2.8325
sub-01	6	33	mih	behav_sub-01_run-06_trial-33.wav	13	2.8325	2.9925
sub-01	6	33	mih	behav_sub-01_run-06_trial-33.wav	14	2.9925	3.1725
sub-01	6	33	mih	behav_sub-01_run-06_trial-33.wav	15	3.1725	3.3325
sub-01	6	33	mih	behav_sub-01_run-06_trial-33.wav	16	3.3325	3.4925
sub-01	6	33	mih	behav_sub-01_run-06_trial-33.wav	17	3.4925	3.6525
sub-01	6	33	mih	behav_sub-01_run-06_trial-33.wav	18	3.6525	3.8125
sub-01	6	33	mih	behav_sub-01_run-06_trial-33.wav	19	3.8125	3.9725
sub-01	6	33	mih	behav_sub-01_run-06_trial-33.wav	20	3.9725	4.1525
sub-01	6	33	mih	behav_sub-01_run-06_trial-33.wav	21	4.1525	4.3125
sub-01	6	33	mih	behav_sub-01_run-06_trial-33.wav	22	4.3125	4.5000
sub-01	6	34	ser	behav_sub-01_run-06_trial-34.wav	1	0.3925	0.5725
sub-01	6	34	ser	behav_sub-01_run-06_trial-34.wav	2	0.5725	0.7725
sub-01	6	34	ser	behav_sub-01_run-06_trial-34.wav	3	0.7725	0.9725
sub-01	6	34	ser	behav_sub-01_run-06_trial-34.wav	4	0.9725	1.1525
sub-01	6	34	ser	behav_sub-01_run-06_trial-34.wav	5	1.1525	1.2525
sub-01	6	34	ser	behav_sub-01_run-06_trial-34.wav	6	1.2525	1.3725
sub-01	6	34	ser	behav_sub-01_run-06_trial-34.wav	7	1.3725	1.5925
sub-01	6	34	ser	behav_sub-01_run-06_trial-34.wav	8	1.5925	1.8125
sub-01	6	34	ser	behav_sub-01_run-06_trial-34.wav	9	1.8125	2.0125
sub-01	6	34	ser	behav_sub-01_run-06_trial-34.wav	10	2.0125	2.2125
sub-01	6	34	ser	behav_sub-01_run-06_trial-34.wav	11	2.2725	2.4525
sub-01	6	34	ser	behav_sub-01_run-06_trial-34.wav	12	2.4525	2.6725
sub-01	6	34	ser	behav_sub-01_run-06_trial-34.wav	13	2.6725	2.8925
sub-01	6	34	ser	behav_sub-01_run-06_trial-34.wav	14	2.8925	3.0925
sub-01	6	34	ser	behav_sub-01_run-06_trial-34.wav	15	3.0925	3.2925
sub-01	6	34	ser	behav_sub-01_run-06_trial-34.wav	16	3.2925	3.5125
sub-01	6	34	ser	behav_sub-01_run-06_trial-34.wav	17	3.5125	3.7325
sub-01	6	34	ser	behav_sub-01_run-06_trial-34.wav	18	3.7325	3.9525
sub-01	6	34	ser	behav_sub-01_run-06_trial-34.wav	19	3.9525	4.1725
sub-01	6	34	ser	behav_sub-01_run-06_trial-34.wav	20	4.1725	4.3925
sub-01	6	34	ser	behav_sub-01_run-06_trial-34.wav	21	4.3925	4.5000
sub-01	6	35	fee	behav_sub-01_run-06_trial-35.wav	1	0.3925	0.5125
sub-01	6	35	fee	behav_sub-01_run-06_trial-35.wav	2	0.5725	0.7325
sub-01	6	35	fee	behav_sub-01_run-06_trial-35.wav	3	0.7325	0.8725
sub-01	6	35	fee	behav_sub-01_run-06_trial-35.wav	4	0.9325	1.0525
sub-01	6	35	fee	behav_sub-01_run-06_trial-35.wav	5	1.0525	1.2325
sub-01	6	35	fee	behav_sub-01_run-06_trial-35.wav	6	1.2925	1.4125
sub-01	6	35	fee	behav_sub-01_run-06_trial-35.wav	7	1.4725	1.5925
sub-01	6	35	fee	behav_sub-01_run-06_trial-35.wav	8	1.6525	1.7725
sub-01	6	35	fee	behav_sub-01_run-06_trial-35.wav	9	1.8325	1.9925
sub-01	6	35	fee	behav_sub-01_run-06_trial-35.wav	10	1.9925	2.1925
sub-01	6	35	fee	behav_sub-01_run-06_trial-35.wav	11	2.2325	2.3725
sub-01	6	35	fee	behav_sub-01_run-06_trial-35.wav	12	2.4325	2.5725
sub-01	6	35	fee	behav_sub-01_run-06_trial-35.wav	13	2.6325	2.7725
sub-01	6	35	fee	behav_sub-01_run-06_trial-35.wav	14	2.8325	2.9725
sub-01	6	35	fee	behav_sub-01_run-06_trial-35.wav	15	3.0325	3.1525
sub-01	6	35	fee	behav_sub-01_run-06_trial-35.wav	16	3.2325	3.3525
sub-01	6	35	fee	behav_sub-01_run-06_trial-35.wav	17	3.4125	3.5525
sub-01	6	35	fee	behav_sub-01_run-06_trial-35.wav	18	3.5525	3.7325
sub-01	6	35	fee	behav_sub-01_run-06_trial-35.wav	19	3.7925	3.9325
sub-01	6	35	fee	behav_sub-01_run-06_trial-35.wav	20	3.9925	4.1325
sub-01	6	35	fee	behav_sub-01_run-06_trial-35.wav	21	4.1325	4.3325
sub-01	6	35	fee	behav_sub-01_run-06_trial-35.wav	22	4.3325	4.5000
sub-01	6	36	day	behav_sub-01_run-06_trial-36.wav	1	0.2325	0.3525
sub-01	6	36	day	behav_sub-01_run-06_trial-36.wav	2	0.3925	0.5725
sub-01	6	36	day	behav_sub-01_run-06_trial-36.wav	3	0.5725	0.7725
sub-01	6	36	day	behav_sub-01_run-06_trial-36.wav	4	0.7725	0.9725
sub-01	6	36	day	behav_sub-01_run-06_trial-36.wav	5	0.9725	1.1725
sub-01	6	36	day	behav_sub-01_run-06_trial-36.wav	6	1.1725	1.3725
sub-01	6	36	day	behav_sub-01_run-06_trial-36.wav	7	1.3725	1.5325
sub-01	6	36	day	behav_sub-01_run-06_trial-36.wav	8	1.5725	1.7325
sub-01	6	36	day	behav_sub-01_run-06_trial-36.wav	9	1.7325	1.9325
sub-01	6	36	day	behav_sub-01_run-06_trial-36.wav	10	1.9325	2.0925
sub-01	6	36	day	behav_sub-01_run-06_trial-36.wav	11	2.1325	2.3325
sub-01	6	36	day	behav_sub-01_run-06_trial-36.wav	12	2.3325	2.4925
sub-01	6	36	day	behav_sub-01_run-06_trial-36.wav	13	2.5325	2.7325
sub-01	6	36	day	behav_sub-01_run-06_trial-36.wav	14	2.7325	2.8925
sub-01	6	36	day	behav_sub-01_run-06_trial-36.wav	15	2.9525	3.0925
sub-01	6	36	day	behav_sub-01_run-06_trial-36.wav	16	3.0925	3.2925
sub-01	6	36	day	behav_sub-01_run-06_trial-36.wav	17	3.3525	3.4925
sub-01	6	36	day	behav_sub-01_run-06_trial-36.wav	18	3.5325	3.6925
sub-01	6	36	day	behav_sub-01_run-06_trial-36.wav	19	3.7525	3.9725
sub-01	6	37	naw	behav_sub-01_run-06_trial-37.wav	1	0.3325	0.5125
sub-01	6	37	naw	behav_sub-01_run-06_trial-37.wav	2	0.5125	0.6925
sub-01	6	37	naw	behav_sub-01_run-06_trial-37.wav	3	0.6925	0.8925
sub-01	6	37	naw	behav_sub-01_run-06_trial-37.wav	4	0.8925	1.0725
sub-01	6	37	naw	behav_sub-01_run-06_trial-37.wav	5	1.0725	1.2525
sub-01	6	37	naw	behav_sub-01_run-06_trial-37.wav	6	1.2525	1.4325
sub-01	6	37	naw	behav_sub-01_run-06_trial-37.wav	7	1.4325	1.6325
sub-01	6	37	naw	behav_sub-01_run-06_trial-37.wav	8	1.6325	1.8325
sub-01	6	37	naw	behav_sub-01_run-06_trial-37.wav	9	1.8325	2.0125
sub-01	6	37	naw	behav_sub-01_run-06_trial-37.wav	10	2.0125	2.2125
sub-01	6	37	naw	behav_sub-01_run-06_trial-37.wav	11	2.2125	2.4325
sub-01	6	37	naw	behav_sub-01_run-06_trial-37.wav	12	2.4325	2.6325
sub-01	6	37	naw	behav_sub-01_run-06_trial-37.wav	13	2.6325	2.8325
sub-01	6	37	naw	behav_sub-01_run-06_trial-37.wav	14	2.8325	3.0125
sub-01	6	37	naw	behav_sub-01_run-06_trial-37.wav	15	3.0125	3.2525
sub-01	6	37	naw	behav_sub-01_run-06_trial-37.wav	16	3.2525	3.4325
sub-01	6	37	naw	behav_sub-01_run-06_trial-37.wav	17	3.4325	3.6525
sub-01	6	37	naw	behav_sub-01_run-06_trial-37.wav	18	3.6525	3.8325
sub-01	6	37	naw	behav_sub-01_run-06_trial-37.wav	19	3.8325	4.0325
sub-01	6	37	naw	behav_sub-01_run-06_trial-37.wav	20	4.0325	4.2525
sub-01	6	37	naw	behav_sub-01_run-06_trial-37.wav	21	4.2525	4.4325
sub-01	6	37	naw	behav_sub-01_run-06_trial-37.wav	22	4.4325	4.5000
sub-01	6	38	thought	behav_sub-01_run-06_trial-38.wav	1	0.4125	0.4725
sub-01	6	38	thought	behav_sub-01_run-06_trial-38.wav	2	0.5525	0.6925
sub-01	6	38	thought	behav_sub-01_run-06_trial-38.wav	3	0.7525	0.8725
sub-01	6	38	thought	behav_sub-01_run-06_trial-38.wav	4	0.9525	1.0725
sub-01	6	38	thought	behav_sub-01_run-06_trial-38.wav	5	1.1525	1.2725
sub-01	6	38	thought	behav_sub-01_run-06_trial-38.wav	6	1.3525	1.4925
sub-01	6	38	thought	behav_sub-01_run-06_trial-38.wav	7	1.5725	1.7125
sub-01	6	38	thought	behav_sub-01_run-06_trial-38.wav	8	1.7725	1.9125
sub-01	6	38	thought	behav_sub-01_run-06_trial-38.wav	9	1.9925	2.1125
sub-01	6	38	thought	behav_sub-01_run-06_trial-38.wav	10	2.1925	2.3325
sub-01	6	38	thought	behav_sub-01_run-06_trial-38.wav	11	2.3925	2.5325
sub-01	6	38	thought	behav_sub-01_run-06_trial-38.wav	12	2.6125	2.7525
sub-01	6	38	thought	behav_sub-01_run-06_trial-38.wav	13	2.8125	2.9725
sub-01	6	38	thought	behav_sub-01_run-06_trial-38.wav	14	3.0325	3.1725
sub-01	6	38	thought	behav_sub-01_run-06_trial-38.wav	15	3.2525	3.3925
sub-01	6	38	thought	behav_sub-01_run-06_trial-38.wav	16	3.4725	3.5925
sub-01	6	38	thought	behav_sub-01_run-06_trial-38.wav	17	3.6725	3.8125
sub-01	6	38	thought	behav_sub-01_run-06_trial-38.wav	18	3.8725	4.0325
sub-01	6	38	thought	behav_sub-01_run-06_trial-38.wav	19	4.0925	4.2325
sub-01	6	38	thought	behav_sub-01_run-06_trial-38.wav	20	4.3125	4.4525
sub-01	6	39	thurs	behav_sub-01_run-06_trial-39.wav	1	0.4925	0.6125
sub-01	6	39	thurs	behav_sub-01_run-06_trial-39.wav	2	0.6125	0.8325
sub-01	6	39	thurs	behav_sub-01_run-06_trial-39.wav	3	0.8325	1.0725
sub-01	6	39	thurs	behav_sub-01_run-06_trial-39.wav	4	1.0725	1.2925
sub-01	6	39	thurs	behav_sub-01_run-06_trial-39.wav	5	1.2925	1.5125
sub-01	6	39	thurs	behav_sub-01_run-06_trial-39.wav	6	1.5125	1.7125
sub-01	6	39	thurs	behav_sub-01_run-06_trial-39.wav	7	1.7125	1.9525
sub-01	6	39	thurs	behav_sub-01_run-06_trial-39.wav	8	1.9525	2.1725
sub-01	6	39	thurs	behav_sub-01_run-06_trial-39.wav	9	2.1725	2.4125
sub-01	6	39	thurs	behav_sub-01_run-06_trial-39.wav	10	2.4125	2.6525
sub-01	6	39	thurs	behav_sub-01_run-06_trial-39.wav	11	2.6525	2.8725
sub-01	6	39	thurs	behav_sub-01_run-06_trial-39.wav	12	2.8725	3.1125
sub-01	6	39	thurs	behav_sub-01_run-06_trial-39.wav	13	3.1125	3.3525
sub-01	6	39	thurs	behav_sub-01_run-06_trial-39.wav	14	3.3525	3.5725
sub-01	6	39	thurs	behav_sub-01_run-06_trial-39.wav	15	3.5725	3.8125
sub-01	6	39	thurs	behav_sub-01_run-06_trial-39.wav	16	3.8125	4.0525
sub-01	6	39	thurs	behav_sub-01_run-06_trial-39.wav	17	4.0525	4.2725
sub-01	6	39	thurs	behav_sub-01_run-06_trial-39.wav	18	4.2725	4.5000
sub-01	6	40	pie	behav_sub-01_run-06_trial-40.wav	1	0.3325	0.4925
sub-01	6	40	pie	behav_sub-01_run-06_trial-40.wav	2	0.4925	0.6925
sub-01	6	40	pie	behav_sub-01_run-06_trial-40.wav	3	0.6925	0.8925
sub-01	6	40	pie	behav_sub-01_run-06_trial-40.wav	4	0.8925	1.0925
sub-01	6	40	pie	behav_sub-01_run-06_trial-40.wav	5	1.0925	1.2925
sub-01	6	40	pie	behav_sub-01_run-06_trial-40.wav	6	1.2925	1.4925
sub-01	6	40	pie	behav_sub-01_run-06_trial-40.wav	7	1.4925	1.6725
sub-01	6	40	pie	behav_sub-01_run-06_trial-40.wav	8	1.7325	1.8925
sub-01	6	40	pie	behav_sub-01_run-06_trial-40.wav	9	1.8925	2.0925
sub-01	6	40	pie	behav_sub-01_run-06_trial-40.wav	10	2.0925	2.2925
sub-01	6	40	pie	behav_sub-01_run-06_trial-40.wav	11	2.3525	2.5125
sub-01	6	40	pie	behav_sub-01_run-06_trial-40.wav	12	2.5525	2.7325
sub-01	6	40	pie	behav_sub-01_run-06_trial-40.wav	13	2.7325	2.9325
sub-01	6	40	pie	behav_sub-01_run-06_trial-40.wav	14	2.9725	3.1325
sub-01	6	40	pie	behav_sub-01_run-06_trial-40.wav	15	3.1925	3.3725
sub-01	6	40	pie	behav_sub-01_run-06_trial-40.wav	16	3.3725	3.5525
sub-01	6	40	pie	behav_sub-01_run-06_trial-40.wav	17	3.6125	3.7525
sub-01	6	40	pie	behav_sub-01_run-06_trial-40.wav	18	3.8125	3.9925
sub-01	6	40	pie	behav_sub-01_run-06_trial-40.wav	19	4.0925	4.2325
sub-01	6	40	pie	behav_sub-01_run-06_trial-40.wav	20	4.2925	4.4525
sub-01	6	41	fee	behav_sub-01_run-06_trial-41.wav	1	0.3925	0.5325
sub-01	6	41	fee	behav_sub-01_run-06_trial-41.wav	2	0.5325	0.7125
sub-01	6	41	fee	behav_sub-01_run-06_trial-41.wav	3	0.7125	0.9125
sub-01	6	41	fee	behav_sub-01_run-06_trial-41.wav	4	0.9725	1.0925
sub-01	6	41	fee	behav_sub-01_run-06_trial-41.wav	5	1.1725	1.2925
sub-01	6	41	fee	behav_sub-01_run-06_trial-41.wav	6	1.2925	1.4925
sub-01	6	41	fee	behav_sub-01_run-06_trial-41.wav	7	1.4925	1.6725
sub-01	6	41	fee	behav_sub-01_run-06_trial-41.wav	8	1.7525	1.8925
sub-01	6	41	fee	behav_sub-01_run-06_trial-41.wav	9	1.8925	2.0925
sub-01	6	41	fee	behav_sub-01_run-06_trial-41.wav	10	2.1525	2.2725
sub-01	6	41	fee	behav_sub-01_run-06_trial-41.wav	11	2.3525	2.4725
sub-01	6	41	fee	behav_sub-01_run-06_trial-41.wav	12	2.5525	2.6725
sub-01	6	41	fee	behav_sub-01_run-06_trial-41.wav	13	2.7525	2.8925
sub-01	6	41	fee	behav_sub-01_run-06_trial-41.wav	14	2.8925	3.0925
sub-01	6	41	fee	behav_sub-01_run-06_trial-41.wav	15	3.0925	3.2925
sub-01	6	41	fee	behav_sub-01_run-06_trial-41.wav	16	3.3525	3.4925
sub-01	6	41	fee	behav_sub-01_run-06_trial-41.wav	17	3.5525	3.6925
sub-01	6	41	fee	behav_sub-01_run-06_trial-41.wav	18	3.6925	3.8925
sub-01	6	41	fee	behav_sub-01_run-06_trial-41.wav	19	3.9925	4.0925
sub-01	6	41	fee	behav_sub-01_run-06_trial-41.wav	20	4.1725	4.2925
sub-01	6	41	fee	behav_sub-01_run-06_trial-41.wav	21	4.3525	4.4725
sub-01	6	41	fee	behav_sub-01_run-06_trial-41.wav	22	4.4725	4.5000
sub-01	6	42	thought	behav_sub-01_run-06_trial-42.wav	1	0.8325	0.9525
sub-01	6	42	thought	behav_sub-01_run-06_trial-42.wav	2	0.9925	1.1125
sub-01	6	42	thought	behav_sub-01_run-06_trial-42.wav	3	1.1725	1.3125
sub-01	6	42	thought	behav_sub-01_run-06_trial-42.wav	4	1.3725	1.4925
sub-01	6	42	thought	behav_sub-01_run-06_trial-42.wav	5	1.5525	1.6925
sub-01	6	42	thought	behav_sub-01_run-06_trial-42.wav	6	1.7325	1.8725
sub-01	6	42	thought	behav_sub-01_run-06_trial-42.wav	7	1.9325	2.0525
sub-01	6	42	thought	behav_sub-01_run-06_trial-42.wav	8	2.1325	2.2525
sub-01	6	42	thought	behav_sub-01_run-06_trial-42.wav	9	2.3125	2.4325
sub-01	6	42	thought	behav_sub-01_run-06_trial-42.wav	10	2.4925	2.6125
sub-01	6	42	thought	behav_sub-01_run-06_trial-42.wav	11	2.6925	2.8125
sub-01	6	42	thought	behav_sub-01_run-06_trial-42.wav	12	2.8925	2.9925
sub-01	6	42	thought	behav_sub-01_run-06_trial-42.wav	13	3.0725	3.1725
sub-01	6	42	thought	behav_sub-01_run-06_trial-42.wav	14	3.2525	3.3525
sub-01	6	42	thought	behav_sub-01_run-06_trial-42.wav	15	3.4325	3.5525
sub-01	6	42	thought	behav_sub-01_run-06_trial-42.wav	16	3.6125	3.7325
sub-01	6	42	thought	behav_sub-01_run-06_trial-42.wav	17	3.8125	3.9325
sub-01	6	42	thought	behav_sub-01_run-06_trial-42.wav	18	3.9925	4.1125
sub-01	6	42	thought	behav_sub-01_run-06_trial-42.wav	19	4.1925	4.2925
sub-01	6	42	thought	behav_sub-01_run-06_trial-42.wav	20	4.3725	4.5000
sub-01	6	43	mih	behav_sub-01_run-06_trial-43.wav	1	0.2925	0.4125
sub-01	6	43	mih	behav_sub-01_run-06_trial-43.wav	2	0.4125	0.5925
sub-01	6	43	mih	behav_sub-01_run-06_trial-43.wav	3	0.5925	0.7725
sub-01	6	43	mih	behav_sub-01_run-06_trial-43.wav	4	0.7725	0.9525
sub-01	6	43	mih	behav_sub-01_run-06_trial-43.wav	5	0.9525	1.1125
sub-01	6	43	mih	behav_sub-01_run-06_trial-43.wav	6	1.1125	1.3125
sub-01	6	43	mih	behav_sub-01_run-06_trial-43.wav	7	1.3125	1.4925
sub-01	6	43	mih	behav_sub-01_run-06_trial-43.wav	8	1.4925	1.6525
sub-01	6	43	mih	behav_sub-01_run-06_trial-43.wav	9	1.6525	1.8325
sub-01	6	43	mih	behav_sub-01_run-06_trial-43.wav	10	1.8325	1.9925
sub-01	6	43	mih	behav_sub-01_run-06_trial-43.wav	11	1.9925	2.1725
sub-01	6	43	mih	behav_sub-01_run-06_trial-43.wav	12	2.1725	2.3725
sub-01	6	43	mih	behav_sub-01_run-06_trial-43.wav	13	2.3725	2.5125
sub-01	6	43	mih	behav_sub-01_run-06_trial-43.wav	14	2.5125	2.6925
sub-01	6	43	mih	behav_sub-01_run-06_trial-43.wav	15	2.6925	2.8725
sub-01	6	43	mih	behav_sub-01_run-06_trial-43.wav	16	2.8725	3.0325
sub-01	6	43	mih	behav_sub-01_run-06_trial-43.wav	17	3.0325	3.2125
sub-01	6	43	mih	behav_sub-01_run-06_trial-43.wav	18	3.2125	3.3925
sub-01	6	43	mih	behav_sub-01_run-06_trial-43.wav	19	3.3925	3.5725
sub-01	6	43	mih	behav_sub-01_run-06_trial-43.wav	20	3.5725	3.7325
sub-01	6	43	mih	behav_sub-01_run-06_trial-43.wav	21	3.7325	3.9125
sub-01	6	43	mih	behav_sub-01_run-06_trial-43.wav	22	3.9125	4.0925
sub-01	6	43	mih	behav_sub-01_run-06_trial-43.wav	23	4.0925	4.2725
sub-01	6	43	mih	behav_sub-01_run-06_trial-43.wav	24	4.2725	4.4725
sub-01	6	44	ser	behav_sub-01_run-06_trial-44.wav	1	0.5725	0.7525
sub-01	6	44	ser	behav_sub-01_run-06_trial-44.wav	2	0.7525	0.9325
sub-01	6	44	ser	behav_sub-01_run-06_trial-44.wav	3	0.9325	1.1325
sub-01	6	44	ser	behav_sub-01_run-06_trial-44.wav	4	1.1325	1.2925
sub-01	6	44	ser	behav_sub-01_run-06_trial-44.wav	5	1.2925	1.4925
sub-01	6	44	ser	behav_sub-01_run-06_trial-44.wav	6	1.4925	1.6725
sub-01	6	44	ser	behav_sub-01_run-06_trial-44.wav	7	1.6725	1.8525
sub-01	6	44	ser	behav_sub-01_run-06_trial-44.wav	8	1.8525	2.0525
sub-01	6	44	ser	behav_sub-01_run-06_trial-44.wav	9	2.0525	2.2325
sub-01	6	44	ser	behav_sub-01_run-06_trial-44.wav	10	2.2325	2.4125
sub-01	6	44	ser	behav_sub-01_run-06_trial-44.wav	11	2.4125	2.6125
sub-01	6	44	ser	behav_sub-01_run-06_trial-44.wav	12	2.6125	2.8125
sub-01	6	44	ser	behav_sub-01_run-06_trial-44.wav	13	2.8125	3.0125
sub-01	6	44	ser	behav_sub-01_run-06_trial-44.wav	14	3.0125	3.2125
sub-01	6	44	ser	behav_sub-01_run-06_trial-44.wav	15	3.2125	3.4125
sub-01	6	44	ser	behav_sub-01_run-06_trial-44.wav	16	3.4125	3.6125
sub-01	6	44	ser	behav_sub-01_run-06_trial-44.wav	17	3.6125	3.8125
sub-01	6	44	ser	behav_sub-01_run-06_trial-44.wav	18	3.8125	4.0125
sub-01	6	44	ser	behav_sub-01_run-06_trial-44.wav	19	4.0125	4.2325
sub-01	6	44	ser	behav_sub-01_run-06_trial-44.wav	20	4.2325	4.4325
sub-01	6	44	ser	behav_sub-01_run-06_trial-44.wav	21	4.4325	4.5000
sub-01	6	45	per	behav_sub-01_run-06_trial-45.wav	1	0.7925	0.9325
sub-01	6	45	per	behav_sub-01_run-06_trial-45.wav	2	0.9325	1.0725
sub-01	6	45	per	behav_sub-01_run-06_trial-45.wav	3	1.1325	1.2525
sub-01	6	45	per	behav_sub-01_run-06_trial-45.wav	4	1.2925	1.4125
sub-01	6	45	per	behav_sub-01_run-06_trial-45.wav	5	1.4925	1.6125
sub-01	6	45	per	behav_sub-01_run-06_trial-45.wav	6	1.6725	1.7725
sub-01	6	45	per	behav_sub-01_run-06_trial-45.wav	7	1.8325	1.9525
sub-01	6	45	per	behav_sub-01_run-06_trial-45.wav	8	2.0125	2.1325
sub-01	6	45	per	behav_sub-01_run-06_trial-45.wav	9	2.1925	2.3125
sub-01	6	45	per	behav_sub-01_run-06_trial-45.wav	10	2.3725	2.4725
sub-01	6	45	per	behav_sub-01_run-06_trial-45.wav	11	2.5325	2.6525
sub-01	6	45	per	behav_sub-01_run-06_trial-45.wav	12	2.6925	2.8125
sub-01	6	45	per	behav_sub-01_run-06_trial-45.wav	13	2.8925	3.0125
sub-01	6	45	per	behav_sub-01_run-06_trial-45.wav	14	3.0125	3.1925
sub-01	6	45	per	behav_sub-01_run-06_trial-45.wav	15	3.2525	3.3725
sub-01	6	45	per	behav_sub-01_run-06_trial-45.wav	16	3.4325	3.5325
sub-01	6	45	per	behav_sub-01_run-06_trial-45.wav	17	3.6125	3.7125
sub-01	6	45	per	behav_sub-01_run-06_trial-45.wav	18	3.7925	3.9325
sub-01	6	45	per	behav_sub-01_run-06_trial-45.wav	19	3.9325	4.0725
sub-01	6	45	per	behav_sub-01_run-06_trial-45.wav	20	4.1525	4.2525
sub-01	6	45	per	behav_sub-01_run-06_trial-45.wav	21	4.3125	4.4325
sub-01	6	46	pot	behav_sub-01_run-06_trial-46.wav	1	0.3125	0.4125
sub-01	6	46	pot	behav_sub-01_run-06_trial-46.wav	2	0.4725	0.5925
sub-01	6	46	pot	behav_sub-01_run-06_trial-46.wav	3	0.6525	0.7725
sub-01	6	46	pot	behav_sub-01_run-06_trial-46.wav	4	0.8525	0.9725
sub-01	6	46	pot	behav_sub-01_run-06_trial-46.wav	5	1.0325	1.1525
sub-01	6	46	pot	behav_sub-01_run-06_trial-46.wav	6	1.2325	1.3525
sub-01	6	46	pot	behav_sub-01_run-06_trial-46.wav	7	1.4325	1.5525
sub-01	6	46	pot	behav_sub-01_run-06_trial-46.wav	8	1.6125	1.7325
sub-01	6	46	pot	behav_sub-01_run-06_trial-46.wav	9	1.8125	1.9125
sub-01	6	46	pot	behav_sub-01_run-06_trial-46.wav	10	1.9925	2.1125
sub-01	6	46	pot	behav_sub-01_run-06_trial-46.wav	11	2.1925	2.3125
sub-01	6	46	pot	behav_sub-01_run-06_trial-46.wav	12	2.3725	2.4925
sub-01	6	46	pot	behav_sub-01_run-06_trial-46.wav	13	2.5725	2.6925
sub-01	6	46	pot	behav_sub-01_run-06_trial-46.wav	14	2.7725	2.8925
sub-01	6	46	pot	behav_sub-01_run-06_trial-46.wav	15	2.9525	3.0925
sub-01	6	46	pot	behav_sub-01_run-06_trial-46.wav	16	3.1525	3.2925
sub-01	6	46	pot	behav_sub-01_run-06_trial-46.wav	17	3.3525	3.4725
sub-01	6	46	pot	behav_sub-01_run-06_trial-46.wav	18	3.5525	3.6725
sub-01	6	46	pot	behav_sub-01_run-06_trial-46.wav	19	3.7525	3.8525
sub-01	6	46	pot	behav_sub-01_run-06_trial-46.wav	20	3.9325	4.0525
sub-01	6	46	pot	behav_sub-01_run-06_trial-46.wav	21	4.1325	4.2925
sub-01	6	47	pie	behav_sub-01_run-06_trial-47.wav	1	0.3525	0.4725
sub-01	6	47	pie	behav_sub-01_run-06_trial-47.wav	2	0.5325	0.6725
sub-01	6	47	pie	behav_sub-01_run-06_trial-47.wav	3	0.7325	0.8925
sub-01	6	47	pie	behav_sub-01_run-06_trial-47.wav	4	0.8925	1.0725
sub-01	6	47	pie	behav_sub-01_run-06_trial-47.wav	5	1.1125	1.2725
sub-01	6	47	pie	behav_sub-01_run-06_trial-47.wav	6	1.3325	1.4725
sub-01	6	47	pie	behav_sub-01_run-06_trial-47.wav	7	1.5325	1.6925
sub-01	6	47	pie	behav_sub-01_run-06_trial-47.wav	8	1.6925	1.8925
sub-01	6	47	pie	behav_sub-01_run-06_trial-47.wav	9	1.8925	2.0725
sub-01	6	47	pie	behav_sub-01_run-06_trial-47.wav	10	2.1325	2.2725
sub-01	6	47	pie	behav_sub-01_run-06_trial-47.wav	11	2.3325	2.4525
sub-01	6	47	pie	behav_sub-01_run-06_trial-47.wav	12	2.5125	2.6525
sub-01	6	47	pie	behav_sub-01_run-06_trial-47.wav	13	2.7125	2.8725
sub-01	6	47	pie	behav_sub-01_run-06_trial-47.wav	14	2.9125	3.0725
sub-01	6	47	pie	behav_sub-01_run-06_trial-47.wav	15	3.1325	3.2725
sub-01	6	47	pie	behav_sub-01_run-06_trial-47.wav	16	3.3325	3.4725
sub-01	6	47	pie	behav_sub-01_run-06_trial-47.wav	17	3.5325	3.6925
sub-01	6	47	pie	behav_sub-01_run-06_trial-47.wav	18	3.7525	3.8925
sub-01	6	47	pie	behav_sub-01_run-06_trial-47.wav	19	3.9525	4.1125
sub-01	6	47	pie	behav_sub-01_run-06_trial-47.wav	20	4.1525	4.3125
sub-01	6	47	pie	behav_sub-01_run-06_trial-47.wav	21	4.3525	4.5000
sub-01	6	48	day	behav_sub-01_run-06_trial-48.wav	1	0.3725	0.5325
sub-01	6	48	day	behav_sub-01_run-06_trial-48.wav	2	0.5325	0.7325
sub-01	6	48	day	behav_sub-01_run-06_trial-48.wav	3	0.7325	0.9325
sub-01	6	48	day	behav_sub-01_run-06_trial-48.wav	4	0.9725	1.1325
sub-01	6	48	day	behav_sub-01_run-06_trial-48.wav	5	1.1325	1.3325
sub-01	6	48	day	behav_sub-01_run-06_trial-48.wav	6	1.3325	1.5125
sub-01	6	48	day	behav_sub-01_run-06_trial-48.wav	7	1.5525	1.7325
sub-01	6	48	day	behav_sub-01_run-06_trial-48.wav	8	1.7325	1.9125
sub-01	6	48	day	behav_sub-01_run-06_trial-48.wav	9	1.9725	2.1325
sub-01	6	48	day	behav_sub-01_run-06_trial-48.wav	10	2.1925	2.3725
sub-01	6	48	day	behav_sub-01_run-06_trial-48.wav	11	2.3725	2.5725
sub-01	6	48	day	behav_sub-01_run-06_trial-48.wav	12	2.5725	2.7525
sub-01	6	48	day	behav_sub-01_run-06_trial-48.wav	13	2.8125	2.9525
sub-01	6	48	day	behav_sub-01_run-06_trial-48.wav	14	3.0125	3.1725
sub-01	6	48	day	behav_sub-01_run-06_trial-48.wav	15	3.1725	3.3725
sub-01	6	48	day	behav_sub-01_run-06_trial-48.wav	16	3.3725	3.5725
sub-01	6	48	day	behav_sub-01_run-06_trial-48.wav	17	3.6325	3.7525
sub-01	6	48	day	behav_sub-01_run-06_trial-48.wav	18	3.8325	3.9925
sub-01	6	48	day	behav_sub-01_run-06_trial-48.wav	19	4.0725	4.2125
sub-01	6	48	day	behav_sub-01_run-06_trial-48.wav	20	4.2525	4.4525
sub-01	6	49	fee	behav_sub-01_run-06_trial-49.wav	1	0.3525	0.4725
sub-01	6	49	fee	behav_sub-01_run-06_trial-49.wav	2	0.5325	0.6725
sub-01	6	49	fee	behav_sub-01_run-06_trial-49.wav	3	0.6725	0.8525
sub-01	6	49	fee	behav_sub-01_run-06_trial-49.wav	4	0.8525	1.0125
sub-01	6	49	fee	behav_sub-01_run-06_trial-49.wav	5	1.0125	1.1925
sub-01	6	49	fee	behav_sub-01_run-06_trial-49.wav	6	1.1925	1.3525
sub-01	6	49	fee	behav_sub-01_run-06_trial-49.wav	7	1.3525	1.5525
sub-01	6	49	fee	behav_sub-01_run-06_trial-49.wav	8	1.6125	1.7325
sub-01	6	49	fee	behav_sub-01_run-06_trial-49.wav	9	1.7925	1.9125
sub-01	6	49	fee	behav_sub-01_run-06_trial-49.wav	10	1.9925	2.1125
sub-01	6	49	fee	behav_sub-01_run-06_trial-49.wav	11	2.1725	2.2925
sub-01	6	49	fee	behav_sub-01_run-06_trial-49.wav	12	2.3525	2.4725
sub-01	6	49	fee	behav_sub-01_run-06_trial-49.wav	13	2.5525	2.6925
sub-01	6	49	fee	behav_sub-01_run-06_trial-49.wav	14	2.7525	2.8525
sub-01	6	49	fee	behav_sub-01_run-06_trial-49.wav	15	2.9325	3.0725
sub-01	6	49	fee	behav_sub-01_run-06_trial-49.wav	16	3.1525	3.2725
sub-01	6	49	fee	behav_sub-01_run-06_trial-49.wav	17	3.3325	3.4725
sub-01	6	49	fee	behav_sub-01_run-06_trial-49.wav	18	3.5325	3.6525
sub-01	6	49	fee	behav_sub-01_run-06_trial-49.wav	19	3.7325	3.8325
sub-01	6	49	fee	behav_sub-01_run-06_trial-49.wav	20	3.9125	4.0125
sub-01	6	49	fee	behav_sub-01_run-06_trial-49.wav	21	4.0925	4.2125
sub-01	6	49	fee	behav_sub-01_run-06_trial-49.wav	22	4.2125	4.3925
sub-01	6	49	fee	behav_sub-01_run-06_trial-49.wav	23	4.3925	4.5000
sub-01	6	50	naw	behav_sub-01_run-06_trial-50.wav	1	0.3525	0.5125
sub-01	6	50	naw	behav_sub-01_run-06_trial-50.wav	2	0.5125	0.7325
sub-01	6	50	naw	behav_sub-01_run-06_trial-50.wav	3	0.7325	0.9125
sub-01	6	50	naw	behav_sub-01_run-06_trial-50.wav	4	0.9125	1.0925
sub-01	6	50	naw	behav_sub-01_run-06_trial-50.wav	5	1.0925	1.3125
sub-01	6	50	naw	behav_sub-01_run-06_trial-50.wav	6	1.3125	1.4725
sub-01	6	50	naw	behav_sub-01_run-06_trial-50.wav	7	1.4725	1.6725
sub-01	6	50	naw	behav_sub-01_run-06_trial-50.wav	8	1.6725	1.8925
sub-01	6	50	naw	behav_sub-01_run-06_trial-50.wav	9	1.8925	2.0525
sub-01	6	50	naw	behav_sub-01_run-06_trial-50.wav	10	2.0525	2.2525
sub-01	6	50	naw	behav_sub-01_run-06_trial-50.wav	11	2.2525	2.4525
sub-01	6	50	naw	behav_sub-01_run-06_trial-50.wav	12	2.4525	2.6325
sub-01	6	50	naw	behav_sub-01_run-06_trial-50.wav	13	2.6325	2.8325
sub-01	6	50	naw	behav_sub-01_run-06_trial-50.wav	14	2.8325	2.9325
sub-01	6	50	naw	behav_sub-01_run-06_trial-50.wav	15	2.9325	3.0125
sub-01	6	50	naw	behav_sub-01_run-06_trial-50.wav	16	3.0125	3.1925
sub-01	6	50	naw	behav_sub-01_run-06_trial-50.wav	17	3.1925	3.2925
sub-01	6	50	naw	behav_sub-01_run-06_trial-50.wav	18	3.2925	3.3925
sub-01	6	50	naw	behav_sub-01_run-06_trial-50.wav	19	3.3925	3.5925
sub-01	6	50	naw	behav_sub-01_run-06_trial-50.wav	20	3.5925	3.7925
sub-01	6	50	naw	behav_sub-01_run-06_trial-50.wav	21	3.7925	3.9725
sub-01	6	50	naw	behav_sub-01_run-06_trial-50.wav	22	3.9725	4.1725
sub-01	6	50	naw	behav_sub-01_run-06_trial-50.wav	23	4.1725	4.3525
sub-01	6	50	naw	behav_sub-01_run-06_trial-50.wav	24	4.3525	4.5000
sub-01	6	51	pot	behav_sub-01_run-06_trial-51.wav	1	0.3725	0.5125
sub-01	6	51	pot	behav_sub-01_run-06_trial-51.wav	2	0.5725	0.7125
sub-01	6	51	pot	behav_sub-01_run-06_trial-51.wav	3	0.7725	0.9325
sub-01	6	51	pot	behav_sub-01_run-06_trial-51.wav	4	0.9325	1.1125
sub-01	6	51	pot	behav_sub-01_run-06_trial-51.wav	5	1.1725	1.3125
sub-01	6	51	pot	behav_sub-01_run-06_trial-51.wav	6	1.3725	1.4925
sub-01	6	51	pot	behav_sub-01_run-06_trial-51.wav	7	1.5525	1.6925
sub-01	6	51	pot	behav_sub-01_run-06_trial-51.wav	8	1.7725	1.9125
sub-01	6	51	pot	behav_sub-01_run-06_trial-51.wav	9	1.9725	2.1125
sub-01	6	51	pot	behav_sub-01_run-06_trial-51.wav	10	2.1725	2.2925
sub-01	6	51	pot	behav_sub-01_run-06_trial-51.wav	11	2.3725	2.4925
sub-01	6	51	pot	behav_sub-01_run-06_trial-51.wav	12	2.5725	2.7125
sub-01	6	51	pot	behav_sub-01_run-06_trial-51.wav	13	2.7925	2.8925
sub-01	6	51	pot	behav_sub-01_run-06_trial-51.wav	14	2.9525	3.0725
sub-01	6	51	pot	behav_sub-01_run-06_trial-51.wav	15	3.1725	3.2725
sub-01	6	51	pot	behav_sub-01_run-06_trial-51.wav	16	3.3525	3.4525
sub-01	6	51	pot	behav_sub-01_run-06_trial-51.wav	17	3.5525	3.6725
sub-01	6	51	pot	behav_sub-01_run-06_trial-51.wav	18	3.7725	3.8725
sub-01	6	51	pot	behav_sub-01_run-06_trial-51.wav	19	3.9725	4.0725
sub-01	6	51	pot	behav_sub-01_run-06_trial-51.wav	20	4.1725	4.3125
sub-01	6	51	pot	behav_sub-01_run-06_trial-51.wav	21	4.3925	4.5000
sub-01	6	52	ter	behav_sub-01_run-06_trial-52.wav	1	0.2325	0.3725
sub-01	6	52	ter	behav_sub-01_run-06_trial-52.wav	2	0.3725	0.6125
sub-01	6	52	ter	behav_sub-01_run-06_trial-52.wav	3	0.6125	0.8125
sub-01	6	52	ter	behav_sub-01_run-06_trial-52.wav	4	0.8125	0.9725
sub-01	6	52	ter	behav_sub-01_run-06_trial-52.wav	5	1.0125	1.1725
sub-01	6	52	ter	behav_sub-01_run-06_trial-52.wav	6	1.1725	1.3725
sub-01	6	52	ter	behav_sub-01_run-06_trial-52.wav	7	1.3725	1.5725
sub-01	6	52	ter	behav_sub-01_run-06_trial-52.wav	8	1.5725	1.7725
sub-01	6	52	ter	behav_sub-01_run-06_trial-52.wav	9	1.7725	1.9725
sub-01	6	52	ter	behav_sub-01_run-06_trial-52.wav	10	1.9725	2.1725
sub-01	6	52	ter	behav_sub-01_run-06_trial-52.wav	11	2.2325	2.4125
sub-01	6	52	ter	behav_sub-01_run-06_trial-52.wav	12	2.4125	2.6125
sub-01	6	52	ter	behav_sub-01_run-06_trial-52.wav	13	2.6125	2.8125
sub-01	6	52	ter	behav_sub-01_run-06_trial-52.wav	14	2.8125	3.0125
sub-01	6	52	ter	behav_sub-01_run-06_trial-52.wav	15	3.0125	3.2125
sub-01	6	52	ter	behav_sub-01_run-06_trial-52.wav	16	3.2125	3.4125
sub-01	6	52	ter	behav_sub-01_run-06_trial-52.wav	17	3.4125	3.6125
sub-01	6	52	ter	behav_sub-01_run-06_trial-52.wav	18	3.6125	3.8125
sub-01	6	52	ter	behav_sub-01_run-06_trial-52.wav	19	3.8125	4.0125
sub-01	6	52	ter	behav_sub-01_run-06_trial-52.wav	20	4.0125	4.2325
sub-01	6	53	thurs	behav_sub-01_run-06_trial-53.wav	1	0.3525	0.4725
sub-01	6	53	thurs	behav_sub-01_run-06_trial-53.wav	2	0.4725	0.7325
sub-01	6	53	thurs	behav_sub-01_run-06_trial-53.wav	3	0.7325	0.9725
sub-01	6	53	thurs	behav_sub-01_run-06_trial-53.wav	4	0.9725	1.1925
sub-01	6	53	thurs	behav_sub-01_run-06_trial-53.wav	5	1.1925	1.4325
sub-01	6	53	thurs	behav_sub-01_run-06_trial-53.wav	6	1.4325	1.6525
sub-01	6	53	thurs	behav_sub-01_run-06_trial-53.wav	7	1.6525	1.8925
sub-01	6	53	thurs	behav_sub-01_run-06_trial-53.wav	8	1.8925	2.1325
sub-01	6	53	thurs	behav_sub-01_run-06_trial-53.wav	9	2.1325	2.3725
sub-01	6	53	thurs	behav_sub-01_run-06_trial-53.wav	10	2.3725	2.6125
sub-01	6	53	thurs	behav_sub-01_run-06_trial-53.wav	11	2.6125	2.8725
sub-01	6	53	thurs	behav_sub-01_run-06_trial-53.wav	12	2.8725	3.1325
sub-01	6	53	thurs	behav_sub-01_run-06_trial-53.wav	13	3.1325	3.3525
sub-01	6	53	thurs	behav_sub-01_run-06_trial-53.wav	14	3.3525	3.6125
sub-01	6	53	thurs	behav_sub-01_run-06_trial-53.wav	15	3.6125	3.8525
sub-01	6	53	thurs	behav_sub-01_run-06_trial-53.wav	16	3.8525	4.0925
sub-01	6	53	thurs	behav_sub-01_run-06_trial-53.wav	17	4.0925	4.3325
sub-01	6	53	thurs	behav_sub-01_run-06_trial-53.wav	18	4.3325	4.5000
sub-01	6	54	ser	behav_sub-01_run-06_trial-54.wav	1	0.3125	0.4325
sub-01	6	54	ser	behav_sub-01_run-06_trial-54.wav	2	0.4325	0.6525
sub-01	6	54	ser	behav_sub-01_run-06_trial-54.wav	3	0.6525	0.8925
sub-01	6	54	ser	behav_sub-01_run-06_trial-54.wav	4	0.8925	1.1325
sub-01	6	54	ser	behav_sub-01_run-06_trial-54.wav	5	1.1325	1.3725
sub-01	6	54	ser	behav_sub-01_run-06_trial-54.wav	6	1.3725	1.6125
sub-01	6	54	ser	behav_sub-01_run-06_trial-54.wav	7	1.6125	1.7125
sub-01	6	54	ser	behav_sub-01_run-06_trial-54.wav	8	1.7125	1.8525
sub-01	6	54	ser	behav_sub-01_run-06_trial-54.wav	9	1.8525	2.0925
sub-01	6	54	ser	behav_sub-01_run-06_trial-54.wav	10	2.0925	2.3125
sub-01	6	54	ser	behav_sub-01_run-06_trial-54.wav	11	2.3125	2.5325
sub-01	6	54	ser	behav_sub-01_run-06_trial-54.wav	12	2.5325	2.6725
sub-01	6	54	ser	behav_sub-01_run-06_trial-54.wav	13	2.6725	2.7525
sub-01	6	54	ser	behav_sub-01_run-06_trial-54.wav	14	2.7525	2.9725
sub-01	6	54	ser	behav_sub-01_run-06_trial-54.wav	15	2.9725	3.1125
sub-01	6	54	ser	behav_sub-01_run-06_trial-54.wav	16	3.1125	3.2325
sub-01	6	54	ser	behav_sub-01_run-06_trial-54.wav	17	3.2325	3.4525
sub-01	6	54	ser	behav_sub-01_run-06_trial-54.wav	18	3.4525	3.6725
sub-01	6	54	ser	behav_sub-01_run-06_trial-54.wav	19	3.6725	3.8925
sub-01	6	54	ser	behav_sub-01_run-06_trial-54.wav	20	3.8925	4.0125
sub-01	6	54	ser	behav_sub-01_run-06_trial-54.wav	21	4.0125	4.1325
sub-01	6	54	ser	behav_sub-01_run-06_trial-54.wav	22	4.1325	4.3925
sub-01	6	54	ser	behav_sub-01_run-06_trial-54.wav	23	4.3925	4.5000
sub-01	6	55	pie	behav_sub-01_run-06_trial-55.wav	1	0.2925	0.3725
sub-01	6	55	pie	behav_sub-01_run-06_trial-55.wav	2	0.4525	0.5725
sub-01	6	55	pie	behav_sub-01_run-06_trial-55.wav	3	0.6325	0.7725
sub-01	6	55	pie	behav_sub-01_run-06_trial-55.wav	4	0.8325	0.9525
sub-01	6	55	pie	behav_sub-01_run-06_trial-55.wav	5	1.0125	1.1525
sub-01	6	55	pie	behav_sub-01_run-06_trial-55.wav	6	1.2125	1.3725
sub-01	6	55	pie	behav_sub-01_run-06_trial-55.wav	7	1.3725	1.5525
sub-01	6	55	pie	behav_sub-01_run-06_trial-55.wav	8	1.6125	1.7525
sub-01	6	55	pie	behav_sub-01_run-06_trial-55.wav	9	1.8125	1.9725
sub-01	6	55	pie	behav_sub-01_run-06_trial-55.wav	10	1.9725	2.1525
sub-01	6	55	pie	behav_sub-01_run-06_trial-55.wav	11	2.2125	2.3925
sub-01	6	55	pie	behav_sub-01_run-06_trial-55.wav	12	2.4525	2.6125
sub-01	6	55	pie	behav_sub-01_run-06_trial-55.wav	13	2.6725	2.8125
sub-01	6	55	pie	behav_sub-01_run-06_trial-55.wav	14	2.8725	2.9925
sub-01	6	55	pie	behav_sub-01_run-06_trial-55.wav	15	3.0525	3.2125
sub-01	6	55	pie	behav_sub-01_run-06_trial-55.wav	16	3.2725	3.4125
sub-01	6	55	pie	behav_sub-01_run-06_trial-55.wav	17	3.4725	3.6525
sub-01	6	55	pie	behav_sub-01_run-06_trial-55.wav	18	3.6925	3.8525
sub-01	6	55	pie	behav_sub-01_run-06_trial-55.wav	19	3.9125	4.0725
sub-01	6	55	pie	behav_sub-01_run-06_trial-55.wav	20	4.1325	4.3125
sub-01	6	56	thought	behav_sub-01_run-06_trial-56.wav	1	0.4125	0.5725
sub-01	6	56	thought	behav_sub-01_run-06_trial-56.wav	2	0.5725	0.7325
sub-01	6	56	thought	behav_sub-01_run-06_trial-56.wav	3	0.7925	0.9325
sub-01	6	56	thought	behav_sub-01_run-06_trial-56.wav	4	0.9325	1.1325
sub-01	6	56	thought	behav_sub-01_run-06_trial-56.wav	5	1.1325	1.3325
sub-01	6	56	thought	behav_sub-01_run-06_trial-56.wav	6	1.3325	1.5125
sub-01	6	56	thought	behav_sub-01_run-06_trial-56.wav	7	1.5725	1.7125
sub-01	6	56	thought	behav_sub-01_run-06_trial-56.wav	8	1.7725	1.9325
sub-01	6	56	thought	behav_sub-01_run-06_trial-56.wav	9	1.9325	2.1325
sub-01	6	56	thought	behav_sub-01_run-06_trial-56.wav	10	2.1925	2.3125
sub-01	6	56	thought	behav_sub-01_run-06_trial-56.wav	11	2.3925	2.5125
sub-01	6	56	thought	behav_sub-01_run-06_trial-56.wav	12	2.5725	2.7325
sub-01	6	56	thought	behav_sub-01_run-06_trial-56.wav	13	2.7325	2.9125
sub-01	6	56	thought	behav_sub-01_run-06_trial-56.wav	14	2.9725	3.1125
sub-01	6	56	thought	behav_sub-01_run-06_trial-56.wav	15	3.1725	3.3125
sub-01	6	56	thought	behav_sub-01_run-06_trial-56.wav	16	3.3725	3.4925
sub-01	6	56	thought	behav_sub-01_run-06_trial-56.wav	17	3.5525	3.6725
sub-01	6	56	thought	behav_sub-01_run-06_trial-56.wav	18	3.7525	3.8725
sub-01	6	56	thought	behav_sub-01_run-06_trial-56.wav	19	3.9525	4.0925
sub-01	6	56	thought	behav_sub-01_run-06_trial-56.wav	20	4.1525	4.2925
sub-01	6	56	thought	behav_sub-01_run-06_trial-56.wav	21	4.3525	4.5000
sub-01	6	57	per	behav_sub-01_run-06_trial-57.wav	1	0.6525	0.7725
sub-01	6	57	per	behav_sub-01_run-06_trial-57.wav	2	0.8325	0.9525
sub-01	6	57	per	behav_sub-01_run-06_trial-57.wav	3	1.0125	1.1525
sub-01	6	57	per	behav_sub-01_run-06_trial-57.wav	4	1.2125	1.3525
sub-01	6	57	per	behav_sub-01_run-06_trial-57.wav	5	1.4125	1.5525
sub-01	6	57	per	behav_sub-01_run-06_trial-57.wav	6	1.6125	1.7325
sub-01	6	57	per	behav_sub-01_run-06_trial-57.wav	7	1.7925	1.9325
sub-01	6	57	per	behav_sub-01_run-06_trial-57.wav	8	1.9925	2.1325
sub-01	6	57	per	behav_sub-01_run-06_trial-57.wav	9	2.2125	2.3325
sub-01	6	57	per	behav_sub-01_run-06_trial-57.wav	10	2.4125	2.5325
sub-01	6	57	per	behav_sub-01_run-06_trial-57.wav	11	2.6125	2.7125
sub-01	6	57	per	behav_sub-01_run-06_trial-57.wav	12	2.7925	2.8925
sub-01	6	57	per	behav_sub-01_run-06_trial-57.wav	13	2.9925	3.0925
sub-01	6	57	per	behav_sub-01_run-06_trial-57.wav	14	3.1925	3.2725
sub-01	6	57	per	behav_sub-01_run-06_trial-57.wav	15	3.3725	3.4725
sub-01	6	57	per	behav_sub-01_run-06_trial-57.wav	16	3.5525	3.6725
sub-01	6	57	per	behav_sub-01_run-06_trial-57.wav	17	3.7325	3.8525
sub-01	6	57	per	behav_sub-01_run-06_trial-57.wav	18	3.9325	4.0325
sub-01	6	57	per	behav_sub-01_run-06_trial-57.wav	19	4.1125	4.2325
sub-01	6	57	per	behav_sub-01_run-06_trial-57.wav	20	4.3125	4.4525
sub-01	6	58	fee	behav_sub-01_run-06_trial-58.wav	1	0.3925	0.5325
sub-01	6	58	fee	behav_sub-01_run-06_trial-58.wav	2	0.5325	0.7325
sub-01	6	58	fee	behav_sub-01_run-06_trial-58.wav	3	0.7325	0.9125
sub-01	6	58	fee	behav_sub-01_run-06_trial-58.wav	4	0.9125	1.1325
sub-01	6	58	fee	behav_sub-01_run-06_trial-58.wav	5	1.1325	1.3325
sub-01	6	58	fee	behav_sub-01_run-06_trial-58.wav	6	1.3325	1.5125
sub-01	6	58	fee	behav_sub-01_run-06_trial-58.wav	7	1.5125	1.7125
sub-01	6	58	fee	behav_sub-01_run-06_trial-58.wav	8	1.7925	1.9325
sub-01	6	58	fee	behav_sub-01_run-06_trial-58.wav	9	1.9925	2.1125
sub-01	6	58	fee	behav_sub-01_run-06_trial-58.wav	10	2.1925	2.3125
sub-01	6	58	fee	behav_sub-01_run-06_trial-58.wav	11	2.3725	2.5125
sub-01	6	58	fee	behav_sub-01_run-06_trial-58.wav	12	2.5725	2.7325
sub-01	6	58	fee	behav_sub-01_run-06_trial-58.wav	13	2.7325	2.9125
sub-01	6	58	fee	behav_sub-01_run-06_trial-58.wav	14	2.9925	3.1125
sub-01	6	58	fee	behav_sub-01_run-06_trial-58.wav	15	3.1125	3.3125
sub-01	6	58	fee	behav_sub-01_run-06_trial-58.wav	16	3.3125	3.5325
sub-01	6	58	fee	behav_sub-01_run-06_trial-58.wav	17	3.5325	3.7525
sub-01	6	58	fee	behav_sub-01_run-06_trial-58.wav	18	3.7525	3.9725
sub-01	6	58	fee	behav_sub-01_run-06_trial-58.wav	19	4.0525	4.1925
sub-01	6	58	fee	behav_sub-01_run-06_trial-58.wav	20	4.1925	4.4325
sub-01	6	59	mih	behav_sub-01_run-06_trial-59.wav	1	0.3325	0.4525
sub-01	6	59	mih	behav_sub-01_run-06_trial-59.wav	2	0.4525	0.6125
sub-01	6	59	mih	behav_sub-01_run-06_trial-59.wav	3	0.6125	0.7725
sub-01	6	59	mih	behav_sub-01_run-06_trial-59.wav	4	0.7725	0.9325
sub-01	6	59	mih	behav_sub-01_run-06_trial-59.wav	5	0.9325	1.0925
sub-01	6	59	mih	behav_sub-01_run-06_trial-59.wav	6	1.0925	1.2525
sub-01	6	59	mih	behav_sub-01_run-06_trial-59.wav	7	1.2525	1.4125
sub-01	6	59	mih	behav_sub-01_run-06_trial-59.wav	8	1.4125	1.5925
sub-01	6	59	mih	behav_sub-01_run-06_trial-59.wav	9	1.5925	1.7525
sub-01	6	59	mih	behav_sub-01_run-06_trial-59.wav	10	1.7525	1.9125
sub-01	6	59	mih	behav_sub-01_run-06_trial-59.wav	11	1.9125	2.0925
sub-01	6	59	mih	behav_sub-01_run-06_trial-59.wav	12	2.0925	2.2525
sub-01	6	59	mih	behav_sub-01_run-06_trial-59.wav	13	2.2525	2.4325
sub-01	6	59	mih	behav_sub-01_run-06_trial-59.wav	14	2.4325	2.5925
sub-01	6	59	mih	behav_sub-01_run-06_trial-59.wav	15	2.5925	2.7725
sub-01	6	59	mih	behav_sub-01_run-06_trial-59.wav	16	2.7725	2.9325
sub-01	6	59	mih	behav_sub-01_run-06_trial-59.wav	17	2.9325	3.1125
sub-01	6	59	mih	behav_sub-01_run-06_trial-59.wav	18	3.1125	3.2725
sub-01	6	59	mih	behav_sub-01_run-06_trial-59.wav	19	3.2725	3.4525
sub-01	6	59	mih	behav_sub-01_run-06_trial-59.wav	20	3.4525	3.6125
sub-01	6	59	mih	behav_sub-01_run-06_trial-59.wav	21	3.6125	3.7925
sub-01	6	59	mih	behav_sub-01_run-06_trial-59.wav	22	3.7925	3.9925
sub-01	6	60	pie	behav_sub-01_run-06_trial-60.wav	1	0.5925	0.7325
sub-01	6	60	pie	behav_sub-01_run-06_trial-60.wav	2	0.7725	0.9325
sub-01	6	60	pie	behav_sub-01_run-06_trial-60.wav	3	0.9325	1.1325
sub-01	6	60	pie	behav_sub-01_run-06_trial-60.wav	4	1.1325	1.3325
sub-01	6	60	pie	behav_sub-01_run-06_trial-60.wav	5	1.3325	1.5325
sub-01	6	60	pie	behav_sub-01_run-06_trial-60.wav	6	1.5925	1.7125
sub-01	6	60	pie	behav_sub-01_run-06_trial-60.wav	7	1.7725	1.9125
sub-01	6	60	pie	behav_sub-01_run-06_trial-60.wav	8	1.9725	2.0925
sub-01	6	60	pie	behav_sub-01_run-06_trial-60.wav	9	2.1725	2.2925
sub-01	6	60	pie	behav_sub-01_run-06_trial-60.wav	10	2.3525	2.5325
sub-01	6	60	pie	behav_sub-01_run-06_trial-60.wav	11	2.5725	2.7325
sub-01	6	60	pie	behav_sub-01_run-06_trial-60.wav	12	2.7925	2.9725
sub-01	6	60	pie	behav_sub-01_run-06_trial-60.wav	13	2.9725	3.1525
sub-01	6	60	pie	behav_sub-01_run-06_trial-60.wav	14	3.2125	3.3725
sub-01	6	60	pie	behav_sub-01_run-06_trial-60.wav	15	3.3725	3.5525
sub-01	6	60	pie	behav_sub-01_run-06_trial-60.wav	16	3.6125	3.7525
sub-01	6	60	pie	behav_sub-01_run-06_trial-60.wav	17	3.8125	3.9725
sub-01	6	60	pie	behav_sub-01_run-06_trial-60.wav	18	4.0325	4.1725
sub-01	6	60	pie	behav_sub-01_run-06_trial-60.wav	19	4.1725	4.3925
sub-01	6	60	pie	behav_sub-01_run-06_trial-60.wav	20	4.4525	4.5000
sub-01	6	61	ter	behav_sub-01_run-06_trial-61.wav	1	0.5725	0.6925
sub-01	6	61	ter	behav_sub-01_run-06_trial-61.wav	2	0.6925	0.8925
sub-01	6	61	ter	behav_sub-01_run-06_trial-61.wav	3	0.8925	1.0525
sub-01	6	61	ter	behav_sub-01_run-06_trial-61.wav	4	1.0525	1.2525
sub-01	6	61	ter	behav_sub-01_run-06_trial-61.wav	5	1.2525	1.4125
sub-01	6	61	ter	behav_sub-01_run-06_trial-61.wav	6	1.4525	1.6125
sub-01	6	61	ter	behav_sub-01_run-06_trial-61.wav	7	1.6125	1.8125
sub-01	6	61	ter	behav_sub-01_run-06_trial-61.wav	8	1.8125	1.9725
sub-01	6	61	ter	behav_sub-01_run-06_trial-61.wav	9	2.0125	2.1725
sub-01	6	61	ter	behav_sub-01_run-06_trial-61.wav	10	2.1725	2.3325
sub-01	6	61	ter	behav_sub-01_run-06_trial-61.wav	11	2.3725	2.5325
sub-01	6	61	ter	behav_sub-01_run-06_trial-61.wav	12	2.5325	2.7125
sub-01	6	61	ter	behav_sub-01_run-06_trial-61.wav	13	2.7725	2.9325
sub-01	6	61	ter	behav_sub-01_run-06_trial-61.wav	14	2.9325	3.1325
sub-01	6	61	ter	behav_sub-01_run-06_trial-61.wav	15	3.1325	3.2925
sub-01	6	61	ter	behav_sub-01_run-06_trial-61.wav	16	3.3525	3.4925
sub-01	6	61	ter	behav_sub-01_run-06_trial-61.wav	17	3.4925	3.6925
sub-01	6	61	ter	behav_sub-01_run-06_trial-61.wav	18	3.7525	3.8925
sub-01	6	61	ter	behav_sub-01_run-06_trial-61.wav	19	3.8925	4.1125
sub-01	6	61	ter	behav_sub-01_run-06_trial-61.wav	20	4.1725	4.3325
sub-01	6	62	ser	behav_sub-01_run-06_trial-62.wav	1	0.2125	0.3125
sub-01	6	62	ser	behav_sub-01_run-06_trial-62.wav	2	0.3125	0.5325
sub-01	6	62	ser	behav_sub-01_run-06_trial-62.wav	3	0.5325	0.7325
sub-01	6	62	ser	behav_sub-01_run-06_trial-62.wav	4	0.7325	0.9525
sub-01	6	62	ser	behav_sub-01_run-06_trial-62.wav	5	0.9525	1.1725
sub-01	6	62	ser	behav_sub-01_run-06_trial-62.wav	6	1.1725	1.4125
sub-01	6	62	ser	behav_sub-01_run-06_trial-62.wav	7	1.4125	1.6525
sub-01	6	62	ser	behav_sub-01_run-06_trial-62.wav	8	1.6525	1.8525
sub-01	6	62	ser	behav_sub-01_run-06_trial-62.wav	9	1.8525	2.0525
sub-01	6	62	ser	behav_sub-01_run-06_trial-62.wav	10	2.0525	2.2725
sub-01	6	62	ser	behav_sub-01_run-06_trial-62.wav	11	2.2725	2.4925
sub-01	6	62	ser	behav_sub-01_run-06_trial-62.wav	12	2.4925	2.6925
sub-01	6	62	ser	behav_sub-01_run-06_trial-62.wav	13	2.6925	2.9125
sub-01	6	62	ser	behav_sub-01_run-06_trial-62.wav	14	2.9125	3.1325
sub-01	6	62	ser	behav_sub-01_run-06_trial-62.wav	15	3.1325	3.3325
sub-01	6	62	ser	behav_sub-01_run-06_trial-62.wav	16	3.3325	3.5525
sub-01	6	62	ser	behav_sub-01_run-06_trial-62.wav	17	3.5525	3.7725
sub-01	6	62	ser	behav_sub-01_run-06_trial-62.wav	18	3.7725	3.9725
sub-01	6	62	ser	behav_sub-01_run-06_trial-62.wav	19	3.9725	4.1925
sub-01	6	62	ser	behav_sub-01_run-06_trial-62.wav	20	4.1925	4.3925
sub-01	6	63	thought	behav_sub-01_run-06_trial-63.wav	1	0.3725	0.4725
sub-01	6	63	thought	behav_sub-01_run-06_trial-63.wav	2	0.5325	0.6725
sub-01	6	63	thought	behav_sub-01_run-06_trial-63.wav	3	0.7325	0.8525
sub-01	6	63	thought	behav_sub-01_run-06_trial-63.wav	4	0.9125	1.0325
sub-01	6	63	thought	behav_sub-01_run-06_trial-63.wav	5	1.1125	1.2325
sub-01	6	63	thought	behav_sub-01_run-06_trial-63.wav	6	1.3125	1.4325
sub-01	6	63	thought	behav_sub-01_run-06_trial-63.wav	7	1.5125	1.6325
sub-01	6	63	thought	behav_sub-01_run-06_trial-63.wav	8	1.7125	1.8325
sub-01	6	63	thought	behav_sub-01_run-06_trial-63.wav	9	1.9125	2.1125
sub-01	6	63	thought	behav_sub-01_run-06_trial-63.wav	10	2.1125	2.2325
sub-01	6	63	thought	behav_sub-01_run-06_trial-63.wav	11	2.3125	2.4525
sub-01	6	63	thought	behav_sub-01_run-06_trial-63.wav	12	2.5325	2.6725
sub-01	6	63	thought	behav_sub-01_run-06_trial-63.wav	13	2.7325	2.9325
sub-01	6	63	thought	behav_sub-01_run-06_trial-63.wav	14	2.9325	3.0725
sub-01	6	63	thought	behav_sub-01_run-06_trial-63.wav	15	3.1525	3.2725
sub-01	6	63	thought	behav_sub-01_run-06_trial-63.wav	16	3.3525	3.4925
sub-01	6	63	thought	behav_sub-01_run-06_trial-63.wav	17	3.5525	3.6725
sub-01	6	63	thought	behav_sub-01_run-06_trial-63.wav	18	3.7525	3.8725
sub-01	6	63	thought	behav_sub-01_run-06_trial-63.wav	19	3.9725	4.0725
sub-01	6	63	thought	behav_sub-01_run-06_trial-63.wav	20	4.1525	4.2725
sub-01	6	63	thought	behav_sub-01_run-06_trial-63.wav	21	4.3525	4.5000
sub-01	6	64	thurs	behav_sub-01_run-06_trial-64.wav	1	0.3725	0.5125
sub-01	6	64	thurs	behav_sub-01_run-06_trial-64.wav	2	0.5125	0.7325
sub-01	6	64	thurs	behav_sub-01_run-06_trial-64.wav	3	0.7325	0.9725
sub-01	6	64	thurs	behav_sub-01_run-06_trial-64.wav	4	0.9725	1.1925
sub-01	6	64	thurs	behav_sub-01_run-06_trial-64.wav	5	1.1925	1.4125
sub-01	6	64	thurs	behav_sub-01_run-06_trial-64.wav	6	1.4125	1.6525
sub-01	6	64	thurs	behav_sub-01_run-06_trial-64.wav	7	1.6525	1.8925
sub-01	6	64	thurs	behav_sub-01_run-06_trial-64.wav	8	1.8925	2.1125
sub-01	6	64	thurs	behav_sub-01_run-06_trial-64.wav	9	2.1125	2.3525
sub-01	6	64	thurs	behav_sub-01_run-06_trial-64.wav	10	2.3525	2.5525
sub-01	6	64	thurs	behav_sub-01_run-06_trial-64.wav	11	2.5525	2.7925
sub-01	6	64	thurs	behav_sub-01_run-06_trial-64.wav	12	2.7925	3.0325
sub-01	6	64	thurs	behav_sub-01_run-06_trial-64.wav	13	3.0325	3.2325
sub-01	6	64	thurs	behav_sub-01_run-06_trial-64.wav	14	3.2325	3.4525
sub-01	6	64	thurs	behav_sub-01_run-06_trial-64.wav	15	3.4525	3.7125
sub-01	6	64	thurs	behav_sub-01_run-06_trial-64.wav	16	3.7125	3.9725
sub-01	6	64	thurs	behav_sub-01_run-06_trial-64.wav	17	3.9725	4.1725
sub-01	6	64	thurs	behav_sub-01_run-06_trial-64.wav	18	4.1725	4.5000
